event_id,origin_time,latitude,longitude,depth_km,magnitude,mag_type,p_pick_time,s_pick_time,catalog_source
quakeml:eu.emsc/event/20230219_0000308,2023-02-19T23:57:01.700000Z,38.254,37.2828,5.0,3.4,ml,,,EMSC_FDSN
quakeml:eu.emsc/event/20230219_0000301,2023-02-19T23:42:23.600000Z,37.11,36.76,5.0,3.3,ml,,,EMSC_FDSN
quakeml:eu.emsc/event/20230219_0000298,2023-02-19T23:17:54.700000Z,38.08,36.65,6.0,3.1,ml,,,EMSC_FDSN
quakeml:eu.emsc/event/20230219_0000289,2023-02-19T22:42:01.200000Z,38.12,37.24,6.0,3.1,ml,,,EMSC_FDSN
quakeml:eu.emsc/event/20230219_0000282,2023-02-19T21:54:59.400000Z,37.8,36.53,5.0,2.7,ml,,,EMSC_FDSN
quakeml:eu.emsc/event/20230219_0000278,2023-02-19T21:32:33.300000Z,37.38,36.88,5.0,3.1,ml,,,EMSC_FDSN
quakeml:eu.emsc/event/20230219_0000275,2023-02-19T21:30:31.600000Z,37.35,36.91,5.0,3.9,mw,,,EMSC_FDSN
quakeml:eu.emsc/event/20230219_0000272,2023-02-19T21:03:17.100000Z,38.18,37.92,5.0,2.8,ml,,,EMSC_FDSN
quakeml:eu.emsc/event/20230219_0000269,2023-02-19T20:28:43.200000Z,38.24,38.37,5.0,2.6,ml,,,EMSC_FDSN
quakeml:eu.emsc/event/20230219_0000268,2023-02-19T20:19:28.200000Z,38.07,37.19,5.0,2.7,ml,,,EMSC_FDSN
quakeml:eu.emsc/event/20230219_0000258,2023-02-19T20:02:41.800000Z,37.88,37.77,6.0,2.5,ml,,,EMSC_FDSN
quakeml:eu.emsc/event/20230219_0000256,2023-02-19T19:20:50.500000Z,37.85,36.64,2.0,3.4,ml,,,EMSC_FDSN
quakeml:eu.emsc/event/20230219_0000254,2023-02-19T19:17:20.900000Z,36.71,36.22,10.0,3.1,ml,,,EMSC_FDSN
quakeml:eu.emsc/event/20230219_0000246,2023-02-19T18:45:25.800000Z,37.91,37.8,7.0,2.6,ml,,,EMSC_FDSN
quakeml:eu.emsc/event/20230219_0000247,2023-02-19T18:34:05.000000Z,38.1,36.77,4.0,2.6,ml,,,EMSC_FDSN
quakeml:eu.emsc/event/20230219_0000243,2023-02-19T18:15:43.700000Z,38.13,37.81,5.0,3.6,ml,,,EMSC_FDSN
quakeml:eu.emsc/event/20230219_0000239,2023-02-19T17:59:37.700000Z,38.05,36.73,5.0,3.9,ml,,,EMSC_FDSN
quakeml:eu.emsc/event/20230219_0000237,2023-02-19T17:51:48.900000Z,38.05,37.74,5.0,3.7,ml,,,EMSC_FDSN
quakeml:eu.emsc/event/20230219_0000242,2023-02-19T17:45:16.900000Z,37.24,36.7,5.0,2.7,ml,,,EMSC_FDSN
quakeml:eu.emsc/event/20230219_0000229,2023-02-19T17:11:21.500000Z,37.83,36.61,4.0,3.2,ml,,,EMSC_FDSN
quakeml:eu.emsc/event/20230219_0000223,2023-02-19T16:51:18.400000Z,38.08,36.87,6.0,3.0,ml,,,EMSC_FDSN
quakeml:eu.emsc/event/20230219_0000220,2023-02-19T16:46:54.200000Z,37.91,36.28,5.0,2.8,ml,,,EMSC_FDSN
quakeml:eu.emsc/event/20230219_0000214,2023-02-19T16:28:47.400000Z,38.16,37.3,8.0,3.0,ml,,,EMSC_FDSN
quakeml:eu.emsc/event/20230219_0000215,2023-02-19T16:21:44.200000Z,38.19,37.85,6.0,2.5,ml,,,EMSC_FDSN
quakeml:eu.emsc/event/20230219_0000209,2023-02-19T16:03:40.200000Z,38.02,37.48,5.0,2.6,ml,,,EMSC_FDSN
quakeml:eu.emsc/event/20230219_0000208,2023-02-19T16:01:15.500000Z,37.1932,37.0192,6.0,2.6,ml,,,EMSC_FDSN
quakeml:eu.emsc/event/20230219_0000206,2023-02-19T15:42:25.300000Z,38.32,38.19,5.0,3.2,ml,,,EMSC_FDSN
quakeml:eu.emsc/event/20230219_0000203,2023-02-19T15:33:08.000000Z,38.07,37.89,3.0,3.3,ml,,,EMSC_FDSN
quakeml:eu.emsc/event/20230219_0000198,2023-02-19T15:09:56.300000Z,37.4,36.95,4.0,3.0,ml,,,EMSC_FDSN
quakeml:eu.emsc/event/20230219_0000199,2023-02-19T14:56:34.600000Z,38.3,37.82,5.0,2.7,ml,,,EMSC_FDSN
quakeml:eu.emsc/event/20230219_0000196,2023-02-19T14:51:28.900000Z,37.42,37.01,7.0,2.6,ml,,,EMSC_FDSN
quakeml:eu.emsc/event/20230219_0000195,2023-02-19T14:46:02.500000Z,37.89,36.68,6.0,2.8,ml,,,EMSC_FDSN
quakeml:eu.emsc/event/20230219_0000194,2023-02-19T14:29:18.900000Z,38.02,37.42,5.0,2.5,ml,,,EMSC_FDSN
quakeml:eu.emsc/event/20230219_0000193,2023-02-19T14:22:09.900000Z,37.83,37.83,5.0,2.6,ml,,,EMSC_FDSN
quakeml:eu.emsc/event/20230219_0000184,2023-02-19T14:18:43.700000Z,37.86,37.38,4.0,3.9,ml,,,EMSC_FDSN
quakeml:eu.emsc/event/20230219_0000187,2023-02-19T14:08:14.200000Z,36.91,36.62,5.0,2.5,ml,,,EMSC_FDSN
quakeml:eu.emsc/event/20230219_0000182,2023-02-19T14:01:41.700000Z,38.1,37.79,10.0,2.5,ml,,,EMSC_FDSN
quakeml:eu.emsc/event/20230219_0000164,2023-02-19T13:58:43.000000Z,38.01,37.53,5.0,3.4,ml,,,EMSC_FDSN
quakeml:eu.emsc/event/20230219_0000163,2023-02-19T13:44:09.800000Z,36.95,37.09,26.0,2.8,ml,,,EMSC_FDSN
quakeml:eu.emsc/event/20230219_0000161,2023-02-19T13:41:51.700000Z,38.48,36.86,3.0,3.0,ml,,,EMSC_FDSN
quakeml:eu.emsc/event/20230219_0000159,2023-02-19T13:38:09.300000Z,38.13,38.48,1.0,3.6,ml,,,EMSC_FDSN
quakeml:eu.emsc/event/20230219_0000158,2023-02-19T13:25:08.700000Z,37.84,36.53,8.0,2.5,ml,,,EMSC_FDSN
quakeml:eu.emsc/event/20230219_0000152,2023-02-19T12:44:03.500000Z,38.26,37.3,21.0,2.5,ml,,,EMSC_FDSN
quakeml:eu.emsc/event/20230219_0000150,2023-02-19T12:42:08.900000Z,37.5,37.07,5.0,2.8,ml,,,EMSC_FDSN
quakeml:eu.emsc/event/20230219_0000146,2023-02-19T12:16:02.300000Z,37.3,37.02,5.0,2.7,ml,,,EMSC_FDSN
quakeml:eu.emsc/event/20230219_0000143,2023-02-19T12:13:25.200000Z,38.14,36.46,11.0,2.5,ml,,,EMSC_FDSN
quakeml:eu.emsc/event/20230219_0000142,2023-02-19T12:04:33.700000Z,38.26,38.2,5.0,4.6,mw,,,EMSC_FDSN
quakeml:eu.emsc/event/20230219_0000141,2023-02-19T12:02:25.300000Z,37.81,36.46,3.0,3.6,ml,,,EMSC_FDSN
quakeml:eu.emsc/event/20230219_0000136,2023-02-19T11:54:35.700000Z,37.19,36.79,5.0,3.5,m,,,EMSC_FDSN
quakeml:eu.emsc/event/20230219_0000134,2023-02-19T11:40:13.900000Z,37.91,36.26,5.0,2.8,ml,,,EMSC_FDSN
quakeml:eu.emsc/event/20230219_0000132,2023-02-19T11:15:57.200000Z,38.06,36.61,8.0,2.5,ml,,,EMSC_FDSN
quakeml:eu.emsc/event/20230219_0000126,2023-02-19T10:51:54.000000Z,38.35,37.91,10.0,3.3,ml,,,EMSC_FDSN
quakeml:eu.emsc/event/20230219_0000115,2023-02-19T09:43:44.600000Z,37.99,38.08,8.0,2.6,ml,,,EMSC_FDSN
quakeml:eu.emsc/event/20230219_0000110,2023-02-19T09:34:47.100000Z,38.01,36.64,6.0,3.5,ml,,,EMSC_FDSN
quakeml:eu.emsc/event/20230219_0000116,2023-02-19T09:30:51.500000Z,38.3,38.21,6.0,2.6,ml,,,EMSC_FDSN
quakeml:eu.emsc/event/20230219_0000107,2023-02-19T08:59:22.100000Z,37.84,36.67,7.0,3.0,ml,,,EMSC_FDSN
quakeml:eu.emsc/event/20230219_0000106,2023-02-19T08:57:24.000000Z,37.26,36.77,5.0,2.8,ml,,,EMSC_FDSN
quakeml:eu.emsc/event/20230219_0000104,2023-02-19T08:56:04.200000Z,37.87,36.72,2.0,3.1,ml,,,EMSC_FDSN
quakeml:eu.emsc/event/20230219_0000102,2023-02-19T08:48:17.200000Z,37.88,36.24,5.0,3.4,ml,,,EMSC_FDSN
quakeml:eu.emsc/event/20230219_0000100,2023-02-19T08:43:17.900000Z,37.68,37.43,5.0,3.3,ml,,,EMSC_FDSN
quakeml:eu.emsc/event/20230219_0000098,2023-02-19T08:27:35.200000Z,38.33,38.26,5.0,2.6,ml,,,EMSC_FDSN
quakeml:eu.emsc/event/20230219_0000097,2023-02-19T08:26:09.300000Z,38.07,37.31,13.0,2.8,ml,,,EMSC_FDSN
quakeml:eu.emsc/event/20230219_0000092,2023-02-19T08:08:37.700000Z,38.01,37.45,5.0,3.9,ml,,,EMSC_FDSN
quakeml:eu.emsc/event/20230219_0000088,2023-02-19T07:58:09.800000Z,38.06,36.57,5.0,3.1,ml,,,EMSC_FDSN
quakeml:eu.emsc/event/20230219_0000089,2023-02-19T07:52:15.100000Z,37.9,36.7,9.0,2.5,ml,,,EMSC_FDSN
quakeml:eu.emsc/event/20230219_0000086,2023-02-19T07:39:39.400000Z,38.09,36.74,5.0,3.0,ml,,,EMSC_FDSN
quakeml:eu.emsc/event/20230219_0000081,2023-02-19T07:16:30.100000Z,36.77,36.36,8.0,3.0,ml,,,EMSC_FDSN
quakeml:eu.emsc/event/20230219_0000080,2023-02-19T07:13:48.300000Z,37.99,36.6,5.0,2.6,ml,,,EMSC_FDSN
quakeml:eu.emsc/event/20230219_0000077,2023-02-19T07:07:16.200000Z,38.02,38.45,4.0,2.5,ml,,,EMSC_FDSN
quakeml:eu.emsc/event/20230219_0000074,2023-02-19T06:55:39.500000Z,37.54,37.16,7.0,4.1,ml,,,EMSC_FDSN
quakeml:eu.emsc/event/20230219_0000068,2023-02-19T06:03:25.500000Z,37.83,36.61,6.0,2.7,ml,,,EMSC_FDSN
quakeml:eu.emsc/event/20230219_0000066,2023-02-19T05:55:25.000000Z,38.06,37.62,9.0,3.2,ml,,,EMSC_FDSN
quakeml:eu.emsc/event/20230219_0000063,2023-02-19T05:46:35.100000Z,37.49,37.22,5.0,4.1,ml,,,EMSC_FDSN
quakeml:eu.emsc/event/20230219_0000064,2023-02-19T05:43:27.800000Z,38.05,37.23,4.0,2.5,ml,,,EMSC_FDSN
quakeml:eu.emsc/event/20230219_0000062,2023-02-19T05:30:13.200000Z,38.05,36.58,5.0,2.5,ml,,,EMSC_FDSN
quakeml:eu.emsc/event/20230219_0000047,2023-02-19T04:17:05.400000Z,37.22,36.88,5.0,3.5,ml,,,EMSC_FDSN
quakeml:eu.emsc/event/20230219_0000046,2023-02-19T04:07:41.400000Z,37.27,36.86,8.0,4.6,mb,,,EMSC_FDSN
quakeml:eu.emsc/event/20230219_0000044,2023-02-19T04:06:19.300000Z,37.2,36.92,5.0,4.8,m,,,EMSC_FDSN
quakeml:eu.emsc/event/20230219_0000045,2023-02-19T04:03:40.300000Z,37.26,36.85,6.0,3.3,ml,,,EMSC_FDSN
quakeml:eu.emsc/event/20230219_0000043,2023-02-19T03:59:10.800000Z,37.27,36.85,10.0,4.1,mb,,,EMSC_FDSN
quakeml:eu.emsc/event/20230219_0000041,2023-02-19T03:27:43.000000Z,37.14,36.67,7.0,2.5,ml,,,EMSC_FDSN
quakeml:eu.emsc/event/20230219_0000037,2023-02-19T03:25:27.700000Z,38.07,36.56,5.0,2.8,ml,,,EMSC_FDSN
quakeml:eu.emsc/event/20230219_0000035,2023-02-19T02:56:49.800000Z,38.18,37.87,5.0,3.2,ml,,,EMSC_FDSN
quakeml:eu.emsc/event/20230219_0000031,2023-02-19T02:54:06.600000Z,38.1,36.87,5.0,3.6,ml,,,EMSC_FDSN
quakeml:eu.emsc/event/20230219_0000030,2023-02-19T02:50:02.600000Z,38.12,38.42,4.0,2.7,ml,,,EMSC_FDSN
quakeml:eu.emsc/event/20230219_0000033,2023-02-19T02:40:06.000000Z,38.03,38.2,5.0,2.6,ml,,,EMSC_FDSN
quakeml:eu.emsc/event/20230219_0000032,2023-02-19T02:37:57.700000Z,38.09,36.59,5.0,2.6,ml,,,EMSC_FDSN
quakeml:eu.emsc/event/20230219_0000024,2023-02-19T02:22:26.400000Z,38.27,38.26,5.0,3.0,ml,,,EMSC_FDSN
quakeml:eu.emsc/event/20230219_0000023,2023-02-19T01:48:08.800000Z,37.89,36.67,2.0,2.5,ml,,,EMSC_FDSN
quakeml:eu.emsc/event/20230219_0000018,2023-02-19T01:36:27.300000Z,38.09,36.63,5.0,3.2,ml,,,EMSC_FDSN
quakeml:eu.emsc/event/20230219_0000017,2023-02-19T01:26:40.000000Z,37.89,36.49,3.0,2.9,ml,,,EMSC_FDSN
quakeml:eu.emsc/event/20230219_0000016,2023-02-19T01:23:21.400000Z,37.27,36.85,10.0,2.9,ml,,,EMSC_FDSN
quakeml:eu.emsc/event/20230219_0000014,2023-02-19T01:16:49.800000Z,38.14,38.06,5.0,2.9,ml,,,EMSC_FDSN
quakeml:eu.emsc/event/20230219_0000010,2023-02-19T00:59:36.200000Z,37.88,36.31,3.0,2.7,ml,,,EMSC_FDSN
quakeml:eu.emsc/event/20230219_0000008,2023-02-19T00:56:10.500000Z,38.09,36.24,5.0,4.3,mw,,,EMSC_FDSN
quakeml:eu.emsc/event/20230219_0000007,2023-02-19T00:53:34.200000Z,38.01,36.67,10.0,3.6,m,,,EMSC_FDSN
quakeml:eu.emsc/event/20230219_0000005,2023-02-19T00:33:24.700000Z,38.24,37.58,5.0,2.9,ml,,,EMSC_FDSN
quakeml:eu.emsc/event/20230219_0000004,2023-02-19T00:32:02.000000Z,37.97,36.64,5.0,2.8,ml,,,EMSC_FDSN
quakeml:eu.emsc/event/20230219_0000002,2023-02-19T00:11:16.500000Z,38.3,38.21,5.0,2.5,ml,,,EMSC_FDSN
quakeml:eu.emsc/event/20230219_0000003,2023-02-19T00:07:49.700000Z,38.03,37.7,14.0,2.5,ml,,,EMSC_FDSN
quakeml:eu.emsc/event/20230218_0000301,2023-02-18T22:37:33.400000Z,38.1,38.47,5.0,2.8,ml,,,EMSC_FDSN
quakeml:eu.emsc/event/20230218_0000307,2023-02-18T22:19:08.400000Z,38.13,36.47,5.0,2.5,ml,,,EMSC_FDSN
quakeml:eu.emsc/event/20230218_0000290,2023-02-18T21:52:06.000000Z,37.89,36.57,10.0,3.0,ml,,,EMSC_FDSN
quakeml:eu.emsc/event/20230218_0000288,2023-02-18T21:43:30.000000Z,38.08,36.61,6.0,2.9,ml,,,EMSC_FDSN
quakeml:eu.emsc/event/20230218_0000282,2023-02-18T21:19:41.500000Z,38.07,37.43,6.0,2.9,ml,,,EMSC_FDSN
quakeml:eu.emsc/event/20230218_0000285,2023-02-18T21:14:49.300000Z,37.87,36.28,16.0,2.5,ml,,,EMSC_FDSN
quakeml:eu.emsc/event/20230218_0000278,2023-02-18T20:56:09.300000Z,36.82,36.64,5.0,4.2,ml,,,EMSC_FDSN
quakeml:eu.emsc/event/20230218_0000276,2023-02-18T20:51:50.400000Z,37.87,36.31,3.0,3.8,ml,,,EMSC_FDSN
quakeml:eu.emsc/event/20230218_0000281,2023-02-18T20:50:16.100000Z,37.83,36.57,15.0,2.5,ml,,,EMSC_FDSN
quakeml:eu.emsc/event/20230218_0000265,2023-02-18T19:52:46.100000Z,38.07,36.6,6.0,2.5,ml,,,EMSC_FDSN
quakeml:eu.emsc/event/20230218_0000259,2023-02-18T19:47:08.700000Z,38.08,36.63,5.0,3.8,ml,,,EMSC_FDSN
quakeml:eu.emsc/event/20230218_0000258,2023-02-18T19:37:23.300000Z,38.12,38.5,4.0,3.3,ml,,,EMSC_FDSN
quakeml:eu.emsc/event/20230218_0000257,2023-02-18T19:31:32.100000Z,38.08,36.61,7.0,5.0,mw,,,EMSC_FDSN
quakeml:eu.emsc/event/20230218_0000251,2023-02-18T19:10:20.700000Z,37.21,36.76,5.0,3.0,ml,,,EMSC_FDSN
quakeml:eu.emsc/event/20230218_0000255,2023-02-18T19:06:29.900000Z,38.1,37.71,5.0,2.6,ml,,,EMSC_FDSN
quakeml:eu.emsc/event/20230218_0000248,2023-02-18T18:57:49.800000Z,38.12,37.56,5.0,3.2,ml,,,EMSC_FDSN
quakeml:eu.emsc/event/20230218_0000247,2023-02-18T18:50:01.400000Z,38.13,36.86,6.0,2.7,ml,,,EMSC_FDSN
quakeml:eu.emsc/event/20230218_0000243,2023-02-18T18:40:27.000000Z,37.25,35.53,5.0,2.8,ml,,,EMSC_FDSN
quakeml:eu.emsc/event/20230218_0000242,2023-02-18T18:25:06.100000Z,37.29,36.76,9.0,2.6,ml,,,EMSC_FDSN
quakeml:eu.emsc/event/20230218_0000238,2023-02-18T18:15:12.500000Z,38.09,37.77,5.0,3.6,ml,,,EMSC_FDSN
quakeml:eu.emsc/event/20230218_0000236,2023-02-18T18:00:20.200000Z,38.13,38.48,3.0,3.5,ml,,,EMSC_FDSN
quakeml:eu.emsc/event/20230218_0000232,2023-02-18T17:34:33.900000Z,37.87,37.74,8.0,3.0,ml,,,EMSC_FDSN
quakeml:eu.emsc/event/20230218_0000230,2023-02-18T17:27:18.200000Z,38.1,37.18,5.0,2.5,ml,,,EMSC_FDSN
quakeml:eu.emsc/event/20230218_0000228,2023-02-18T17:10:25.300000Z,38.2,38.18,5.0,2.5,ml,,,EMSC_FDSN
quakeml:eu.emsc/event/20230218_0000222,2023-02-18T16:57:41.800000Z,38.0,37.36,5.0,3.7,ml,,,EMSC_FDSN
quakeml:eu.emsc/event/20230218_0000220,2023-02-18T16:53:33.900000Z,37.15,37.05,10.0,3.6,ml,,,EMSC_FDSN
quakeml:eu.emsc/event/20230218_0000223,2023-02-18T16:40:37.900000Z,37.07,36.89,7.0,2.5,ml,,,EMSC_FDSN
quakeml:eu.emsc/event/20230218_0000219,2023-02-18T16:27:58.400000Z,38.01,37.37,5.0,2.9,ml,,,EMSC_FDSN
quakeml:eu.emsc/event/20230218_0000215,2023-02-18T16:25:04.600000Z,37.95,36.28,4.0,2.8,ml,,,EMSC_FDSN
quakeml:eu.emsc/event/20230218_0000208,2023-02-18T16:14:40.300000Z,38.02,38.16,4.0,4.2,mb,,,EMSC_FDSN
quakeml:eu.emsc/event/20230218_0000205,2023-02-18T16:06:55.500000Z,37.82,36.27,10.0,4.0,m,,,EMSC_FDSN
quakeml:eu.emsc/event/20230218_0000199,2023-02-18T15:18:47.000000Z,38.19,37.77,15.0,2.5,ml,,,EMSC_FDSN
quakeml:eu.emsc/event/20230218_0000196,2023-02-18T14:45:53.000000Z,37.95,36.61,5.0,2.7,ml,,,EMSC_FDSN
quakeml:eu.emsc/event/20230218_0000191,2023-02-18T14:12:01.600000Z,36.68,36.56,10.0,3.4,ml,,,EMSC_FDSN
quakeml:eu.emsc/event/20230218_0000178,2023-02-18T13:55:25.700000Z,37.95,36.38,8.0,2.6,ml,,,EMSC_FDSN
quakeml:eu.emsc/event/20230218_0000175,2023-02-18T13:15:36.200000Z,38.1,37.03,11.0,2.5,ml,,,EMSC_FDSN
quakeml:eu.emsc/event/20230218_0000172,2023-02-18T13:09:26.500000Z,37.61,37.35,5.0,2.9,ml,,,EMSC_FDSN
quakeml:eu.emsc/event/20230218_0000173,2023-02-18T13:08:00.300000Z,38.33,38.22,5.0,2.5,ml,,,EMSC_FDSN
quakeml:eu.emsc/event/20230218_0000171,2023-02-18T13:00:40.500000Z,38.02,38.27,4.0,2.6,ml,,,EMSC_FDSN
quakeml:eu.emsc/event/20230218_0000158,2023-02-18T11:48:53.700000Z,38.02,37.45,5.0,3.3,ml,,,EMSC_FDSN
quakeml:eu.emsc/event/20230218_0000154,2023-02-18T11:28:59.600000Z,37.73,37.74,5.0,3.0,ml,,,EMSC_FDSN
quakeml:eu.emsc/event/20230218_0000151,2023-02-18T11:12:18.800000Z,37.29,37.09,5.0,2.6,ml,,,EMSC_FDSN
quakeml:eu.emsc/event/20230218_0000141,2023-02-18T10:41:17.500000Z,38.12,38.49,5.0,3.7,ml,,,EMSC_FDSN
quakeml:eu.emsc/event/20230218_0000127,2023-02-18T10:21:34.700000Z,38.01,36.59,5.0,3.3,ml,,,EMSC_FDSN
quakeml:eu.emsc/event/20230218_0000128,2023-02-18T10:14:19.500000Z,38.03,37.48,5.0,2.7,ml,,,EMSC_FDSN
quakeml:eu.emsc/event/20230218_0000124,2023-02-18T10:08:22.200000Z,37.87,36.64,6.0,3.0,ml,,,EMSC_FDSN
quakeml:eu.emsc/event/20230218_0000120,2023-02-18T09:33:17.100000Z,38.25,36.32,5.0,3.1,ml,,,EMSC_FDSN
quakeml:eu.emsc/event/20230218_0000114,2023-02-18T09:01:11.600000Z,38.1,38.24,5.0,3.0,ml,,,EMSC_FDSN
quakeml:eu.emsc/event/20230218_0000109,2023-02-18T08:45:13.300000Z,38.1,36.57,3.0,3.2,ml,,,EMSC_FDSN
quakeml:eu.emsc/event/20230218_0000105,2023-02-18T08:30:52.000000Z,38.02,36.43,1.0,3.2,ml,,,EMSC_FDSN
quakeml:eu.emsc/event/20230218_0000103,2023-02-18T08:24:05.300000Z,38.15,36.7,4.0,2.8,ml,,,EMSC_FDSN
quakeml:eu.emsc/event/20230218_0000100,2023-02-18T08:06:33.400000Z,38.08,37.76,3.0,2.8,ml,,,EMSC_FDSN
quakeml:eu.emsc/event/20230218_0000098,2023-02-18T08:02:35.400000Z,37.93,37.66,10.0,2.8,ml,,,EMSC_FDSN
quakeml:eu.emsc/event/20230218_0000094,2023-02-18T07:51:38.700000Z,37.91,37.49,5.0,2.8,m,,,EMSC_FDSN
quakeml:eu.emsc/event/20230218_0000089,2023-02-18T07:24:59.400000Z,37.98,36.55,8.0,3.4,ml,,,EMSC_FDSN
quakeml:eu.emsc/event/20230218_0000088,2023-02-18T07:23:34.600000Z,38.11,36.88,15.0,2.8,ml,,,EMSC_FDSN
quakeml:eu.emsc/event/20230218_0000086,2023-02-18T07:21:34.200000Z,38.01,37.42,4.0,3.9,ml,,,EMSC_FDSN
quakeml:eu.emsc/event/20230218_0000087,2023-02-18T07:19:54.200000Z,36.56,36.33,9.0,3.0,ml,,,EMSC_FDSN
quakeml:eu.emsc/event/20230218_0000076,2023-02-18T06:37:34.900000Z,37.69,37.43,5.0,2.6,ml,,,EMSC_FDSN
quakeml:eu.emsc/event/20230218_0000075,2023-02-18T06:29:50.600000Z,38.06,36.58,6.0,4.2,ml,,,EMSC_FDSN
quakeml:eu.emsc/event/20230218_0000069,2023-02-18T06:03:08.400000Z,37.25,37.0,5.0,2.9,ml,,,EMSC_FDSN
quakeml:eu.emsc/event/20230218_0000067,2023-02-18T05:55:48.200000Z,38.31,38.25,6.0,2.5,ml,,,EMSC_FDSN
quakeml:eu.emsc/event/20230218_0000065,2023-02-18T05:44:33.100000Z,37.96,36.37,5.0,3.1,ml,,,EMSC_FDSN
quakeml:eu.emsc/event/20230218_0000063,2023-02-18T05:40:42.400000Z,38.07,37.96,10.0,3.4,ml,,,EMSC_FDSN
quakeml:eu.emsc/event/20230218_0000062,2023-02-18T05:39:32.500000Z,38.05,37.71,5.0,2.7,ml,,,EMSC_FDSN
quakeml:eu.emsc/event/20230218_0000059,2023-02-18T05:26:04.800000Z,38.08,37.2,5.0,4.2,ml,,,EMSC_FDSN
quakeml:eu.emsc/event/20230218_0000052,2023-02-18T04:38:42.300000Z,37.94,36.29,5.0,2.9,ml,,,EMSC_FDSN
quakeml:eu.emsc/event/20230218_0000050,2023-02-18T04:35:56.300000Z,36.76,36.56,10.0,3.2,ml,,,EMSC_FDSN
quakeml:eu.emsc/event/20230218_0000047,2023-02-18T04:25:20.500000Z,37.27,36.83,5.0,3.2,ml,,,EMSC_FDSN
quakeml:eu.emsc/event/20230218_0000048,2023-02-18T04:20:50.400000Z,37.99,36.14,2.0,2.7,ml,,,EMSC_FDSN
quakeml:eu.emsc/event/20230218_0000045,2023-02-18T04:02:24.600000Z,37.53,37.25,10.0,2.5,ml,,,EMSC_FDSN
quakeml:eu.emsc/event/20230218_0000043,2023-02-18T03:50:03.700000Z,37.79,36.48,10.0,3.8,ml,,,EMSC_FDSN
quakeml:eu.emsc/event/20230218_0000039,2023-02-18T03:27:11.700000Z,38.09,37.22,5.0,3.1,ml,,,EMSC_FDSN
quakeml:eu.emsc/event/20230218_0000036,2023-02-18T03:16:29.800000Z,38.0,36.6,9.0,3.3,ml,,,EMSC_FDSN
quakeml:eu.emsc/event/20230218_0000037,2023-02-18T03:12:21.100000Z,38.08,36.51,5.0,2.5,ml,,,EMSC_FDSN
quakeml:eu.emsc/event/20230218_0000033,2023-02-18T02:55:42.400000Z,38.47,37.24,6.0,2.5,ml,,,EMSC_FDSN
quakeml:eu.emsc/event/20230218_0000031,2023-02-18T02:51:36.200000Z,37.87,36.68,6.0,3.0,ml,,,EMSC_FDSN
quakeml:eu.emsc/event/20230218_0000030,2023-02-18T02:28:50.800000Z,38.09,38.42,5.0,2.7,ml,,,EMSC_FDSN
quakeml:eu.emsc/event/20230218_0000027,2023-02-18T02:19:50.700000Z,38.17,36.77,11.0,3.5,ml,,,EMSC_FDSN
quakeml:eu.emsc/event/20230218_0000021,2023-02-18T02:16:38.900000Z,37.94,36.34,5.0,3.2,ml,,,EMSC_FDSN
quakeml:eu.emsc/event/20230218_0000018,2023-02-18T01:45:41.800000Z,37.92,36.6,14.0,2.7,ml,,,EMSC_FDSN
quakeml:eu.emsc/event/20230218_0000015,2023-02-18T01:36:57.300000Z,37.95,36.68,5.0,3.7,ml,,,EMSC_FDSN
quakeml:eu.emsc/event/20230218_0000016,2023-02-18T01:34:02.900000Z,38.23,38.03,5.0,2.5,ml,,,EMSC_FDSN
quakeml:eu.emsc/event/20230218_0000009,2023-02-18T00:50:45.500000Z,37.96,36.66,5.0,2.8,ml,,,EMSC_FDSN
quakeml:eu.emsc/event/20230218_0000005,2023-02-18T00:12:33.700000Z,38.08,36.48,8.0,2.8,ml,,,EMSC_FDSN
quakeml:eu.emsc/event/20230218_0000004,2023-02-18T00:02:47.100000Z,37.54,37.24,11.0,3.0,ml,,,EMSC_FDSN
quakeml:eu.emsc/event/20230217_0000292,2023-02-17T23:46:57.600000Z,38.12,36.72,10.0,2.5,ml,,,EMSC_FDSN
quakeml:eu.emsc/event/20230217_0000286,2023-02-17T23:34:34.200000Z,38.0,37.89,10.0,3.2,m,,,EMSC_FDSN
quakeml:eu.emsc/event/20230217_0000280,2023-02-17T22:48:37.200000Z,37.83,36.65,5.0,2.7,ml,,,EMSC_FDSN
quakeml:eu.emsc/event/20230217_0000274,2023-02-17T22:28:51.000000Z,37.9,36.49,5.0,3.1,ml,,,EMSC_FDSN
quakeml:eu.emsc/event/20230217_0000273,2023-02-17T22:19:36.400000Z,38.39,37.53,5.0,3.0,ml,,,EMSC_FDSN
quakeml:eu.emsc/event/20230217_0000269,2023-02-17T22:10:49.200000Z,37.88,36.75,4.0,3.5,ml,,,EMSC_FDSN
quakeml:eu.emsc/event/20230217_0000268,2023-02-17T22:08:07.800000Z,38.1,37.66,5.0,3.0,ml,,,EMSC_FDSN
quakeml:eu.emsc/event/20230217_0000264,2023-02-17T21:52:29.800000Z,38.06,36.76,5.0,3.5,ml,,,EMSC_FDSN
quakeml:eu.emsc/event/20230217_0000265,2023-02-17T21:47:37.400000Z,36.56,36.29,8.0,2.7,ml,,,EMSC_FDSN
quakeml:eu.emsc/event/20230217_0000263,2023-02-17T21:41:19.600000Z,38.03,38.16,5.0,2.9,ml,,,EMSC_FDSN
quakeml:eu.emsc/event/20230217_0000262,2023-02-17T21:30:12.300000Z,38.02,37.61,5.0,3.1,ml,,,EMSC_FDSN
quakeml:eu.emsc/event/20230217_0000256,2023-02-17T20:59:46.500000Z,38.06,36.69,5.0,3.3,ml,,,EMSC_FDSN
quakeml:eu.emsc/event/20230217_0000250,2023-02-17T20:45:24.200000Z,37.88,36.33,6.0,3.3,ml,,,EMSC_FDSN
quakeml:eu.emsc/event/20230217_0000254,2023-02-17T20:43:03.800000Z,38.1,37.39,8.0,2.6,ml,,,EMSC_FDSN
quakeml:eu.emsc/event/20230217_0000251,2023-02-17T20:39:51.900000Z,37.4,37.14,5.0,2.6,ml,,,EMSC_FDSN
quakeml:eu.emsc/event/20230217_0000248,2023-02-17T20:35:44.700000Z,38.14,37.84,5.0,2.8,ml,,,EMSC_FDSN
quakeml:eu.emsc/event/20230217_0000247,2023-02-17T20:22:54.800000Z,37.89,36.53,5.0,2.6,ml,,,EMSC_FDSN
quakeml:eu.emsc/event/20230217_0000240,2023-02-17T19:43:34.500000Z,38.07,36.54,4.0,3.2,ml,,,EMSC_FDSN
quakeml:eu.emsc/event/20230217_0000237,2023-02-17T19:42:10.100000Z,38.02,36.66,5.0,3.2,ml,,,EMSC_FDSN
quakeml:eu.emsc/event/20230217_0000236,2023-02-17T19:31:32.400000Z,37.9,36.6,5.0,3.5,ml,,,EMSC_FDSN
quakeml:eu.emsc/event/20230217_0000233,2023-02-17T19:10:38.500000Z,38.23,38.22,5.0,4.2,mb,,,EMSC_FDSN
quakeml:eu.emsc/event/20230217_0000234,2023-02-17T19:08:21.800000Z,38.05,38.28,4.0,2.5,ml,,,EMSC_FDSN
quakeml:eu.emsc/event/20230217_0000230,2023-02-17T18:58:43.300000Z,37.19,36.72,5.0,3.0,ml,,,EMSC_FDSN
quakeml:eu.emsc/event/20230217_0000222,2023-02-17T18:28:26.000000Z,37.62,37.26,13.0,3.9,ml,,,EMSC_FDSN
quakeml:eu.emsc/event/20230217_0000227,2023-02-17T18:25:47.700000Z,38.44,37.51,5.0,2.5,ml,,,EMSC_FDSN
quakeml:eu.emsc/event/20230217_0000224,2023-02-17T18:17:26.100000Z,37.8,37.75,5.0,2.5,ml,,,EMSC_FDSN
quakeml:eu.emsc/event/20230217_0000223,2023-02-17T18:15:48.300000Z,37.89,36.3,5.0,2.9,ml,,,EMSC_FDSN
quakeml:eu.emsc/event/20230217_0000220,2023-02-17T18:07:35.300000Z,38.38,37.44,3.0,2.6,ml,,,EMSC_FDSN
quakeml:eu.emsc/event/20230217_0000218,2023-02-17T18:06:04.200000Z,36.83,36.53,5.0,2.8,ml,,,EMSC_FDSN
quakeml:eu.emsc/event/20230217_0000213,2023-02-17T17:43:37.500000Z,37.28,37.07,6.0,2.5,ml,,,EMSC_FDSN
quakeml:eu.emsc/event/20230217_0000206,2023-02-17T17:03:37.200000Z,37.84,37.96,5.0,2.9,ml,,,EMSC_FDSN
quakeml:eu.emsc/event/20230217_0000207,2023-02-17T16:53:45.700000Z,38.07,37.15,10.0,2.5,ml,,,EMSC_FDSN
quakeml:eu.emsc/event/20230217_0000201,2023-02-17T16:38:22.600000Z,37.94,36.64,11.0,3.1,ml,,,EMSC_FDSN
quakeml:eu.emsc/event/20230217_0000198,2023-02-17T16:33:58.900000Z,37.86,36.36,5.0,4.0,ml,,,EMSC_FDSN
quakeml:eu.emsc/event/20230217_0000199,2023-02-17T16:24:28.500000Z,37.34,36.88,7.0,3.0,ml,,,EMSC_FDSN
quakeml:eu.emsc/event/20230217_0000192,2023-02-17T16:20:40.300000Z,37.94,36.36,5.0,3.5,ml,,,EMSC_FDSN
quakeml:eu.emsc/event/20230217_0000196,2023-02-17T15:57:44.700000Z,37.93,36.37,5.0,2.6,ml,,,EMSC_FDSN
quakeml:eu.emsc/event/20230217_0000195,2023-02-17T15:53:56.500000Z,37.93,36.31,5.0,2.5,ml,,,EMSC_FDSN
quakeml:eu.emsc/event/20230217_0000183,2023-02-17T15:31:40.700000Z,37.33,36.85,5.0,2.5,ml,,,EMSC_FDSN
quakeml:eu.emsc/event/20230217_0000181,2023-02-17T15:13:32.400000Z,37.36,36.89,7.0,2.5,ml,,,EMSC_FDSN
quakeml:eu.emsc/event/20230217_0000180,2023-02-17T15:12:14.400000Z,37.97,36.36,5.0,2.7,ml,,,EMSC_FDSN
quakeml:eu.emsc/event/20230217_0000179,2023-02-17T15:01:27.200000Z,37.78,37.67,9.0,3.3,ml,,,EMSC_FDSN
quakeml:eu.emsc/event/20230217_0000178,2023-02-17T14:58:57.500000Z,37.93,36.32,5.0,4.4,ml,,,EMSC_FDSN
quakeml:eu.emsc/event/20230217_0000177,2023-02-17T14:48:38.900000Z,37.56,37.34,10.0,2.6,ml,,,EMSC_FDSN
quakeml:eu.emsc/event/20230217_0000176,2023-02-17T14:30:05.200000Z,38.13,36.5,5.0,2.5,ml,,,EMSC_FDSN
quakeml:eu.emsc/event/20230217_0000169,2023-02-17T14:18:54.500000Z,37.83,36.63,12.0,3.0,ml,,,EMSC_FDSN
quakeml:eu.emsc/event/20230217_0000167,2023-02-17T14:15:41.900000Z,38.06,37.12,5.0,2.9,ml,,,EMSC_FDSN
quakeml:eu.emsc/event/20230217_0000170,2023-02-17T13:28:24.900000Z,37.92,37.54,5.0,2.7,m,,,EMSC_FDSN
quakeml:eu.emsc/event/20230217_0000144,2023-02-17T12:41:16.600000Z,37.89,36.69,5.0,2.8,ml,,,EMSC_FDSN
quakeml:eu.emsc/event/20230217_0000142,2023-02-17T12:27:17.000000Z,38.04,38.23,5.0,2.5,ml,,,EMSC_FDSN
quakeml:eu.emsc/event/20230217_0000141,2023-02-17T12:16:58.900000Z,38.19,36.88,4.0,2.5,ml,,,EMSC_FDSN
quakeml:eu.emsc/event/20230217_0000136,2023-02-17T12:05:29.700000Z,37.99,36.62,6.0,2.7,ml,,,EMSC_FDSN
quakeml:eu.emsc/event/20230217_0000140,2023-02-17T11:56:23.400000Z,36.75,35.99,5.0,2.6,ml,,,EMSC_FDSN
quakeml:eu.emsc/event/20230217_0000129,2023-02-17T11:16:53.000000Z,37.88,36.26,5.0,2.6,ml,,,EMSC_FDSN
quakeml:eu.emsc/event/20230217_0000122,2023-02-17T10:57:04.800000Z,37.88,36.28,5.0,3.5,ml,,,EMSC_FDSN
quakeml:eu.emsc/event/20230217_0000123,2023-02-17T10:52:04.300000Z,38.07,36.57,5.0,2.7,ml,,,EMSC_FDSN
quakeml:eu.emsc/event/20230217_0000120,2023-02-17T10:48:08.200000Z,37.88,36.31,4.0,3.3,ml,,,EMSC_FDSN
quakeml:eu.emsc/event/20230217_0000114,2023-02-17T09:48:23.000000Z,37.42,37.12,5.0,2.7,ml,,,EMSC_FDSN
quakeml:eu.emsc/event/20230217_0000107,2023-02-17T09:30:07.800000Z,38.11,36.69,7.0,2.6,ml,,,EMSC_FDSN
quakeml:eu.emsc/event/20230217_0000104,2023-02-17T09:16:56.200000Z,38.05,37.46,4.0,2.9,ml,,,EMSC_FDSN
quakeml:eu.emsc/event/20230217_0000095,2023-02-17T08:29:25.700000Z,38.23,38.08,4.0,2.7,ml,,,EMSC_FDSN
quakeml:eu.emsc/event/20230217_0000086,2023-02-17T07:38:01.000000Z,38.23,38.11,12.0,2.6,ml,,,EMSC_FDSN
quakeml:eu.emsc/event/20230217_0000081,2023-02-17T06:45:13.200000Z,37.97,36.24,31.0,2.5,ml,,,EMSC_FDSN
quakeml:eu.emsc/event/20230217_0000079,2023-02-17T06:39:11.400000Z,37.83,36.63,17.0,2.7,ml,,,EMSC_FDSN
quakeml:eu.emsc/event/20230217_0000076,2023-02-17T06:06:10.800000Z,38.22,38.02,8.0,4.1,ml,,,EMSC_FDSN
quakeml:eu.emsc/event/20230217_0000067,2023-02-17T05:35:31.200000Z,38.26,38.22,4.0,2.8,ml,,,EMSC_FDSN
quakeml:eu.emsc/event/20230217_0000066,2023-02-17T05:19:14.700000Z,38.15,38.43,5.0,2.6,ml,,,EMSC_FDSN
quakeml:eu.emsc/event/20230217_0000064,2023-02-17T05:14:42.400000Z,38.2,37.86,1.0,2.9,ml,,,EMSC_FDSN
quakeml:eu.emsc/event/20230217_0000063,2023-02-17T05:09:17.200000Z,38.09,37.5,5.0,2.9,ml,,,EMSC_FDSN
quakeml:eu.emsc/event/20230217_0000060,2023-02-17T04:53:32.900000Z,38.08,37.33,11.0,2.7,ml,,,EMSC_FDSN
quakeml:eu.emsc/event/20230217_0000058,2023-02-17T04:49:00.300000Z,37.75,37.49,5.0,3.4,ml,,,EMSC_FDSN
quakeml:eu.emsc/event/20230217_0000053,2023-02-17T04:35:45.900000Z,37.38,37.02,4.0,3.0,ml,,,EMSC_FDSN
quakeml:eu.emsc/event/20230217_0000048,2023-02-17T03:46:39.700000Z,37.08,36.02,19.0,2.5,ml,,,EMSC_FDSN
quakeml:eu.emsc/event/20230217_0000036,2023-02-17T02:47:34.900000Z,38.14,37.37,8.0,3.4,ml,,,EMSC_FDSN
quakeml:eu.emsc/event/20230217_0000034,2023-02-17T02:33:37.900000Z,37.94,36.33,3.0,3.3,ml,,,EMSC_FDSN
quakeml:eu.emsc/event/20230217_0000033,2023-02-17T02:27:34.000000Z,37.94,36.37,7.0,2.8,ml,,,EMSC_FDSN
quakeml:eu.emsc/event/20230217_0000027,2023-02-17T02:19:49.500000Z,38.12,38.28,5.0,2.7,ml,,,EMSC_FDSN
quakeml:eu.emsc/event/20230217_0000025,2023-02-17T02:15:12.100000Z,37.96,38.06,5.0,2.7,ml,,,EMSC_FDSN
quakeml:eu.emsc/event/20230217_0000021,2023-02-17T02:11:01.800000Z,37.93,36.38,6.0,2.7,ml,,,EMSC_FDSN
quakeml:eu.emsc/event/20230217_0000015,2023-02-17T01:42:22.000000Z,38.06,36.46,3.0,3.2,ml,,,EMSC_FDSN
quakeml:eu.emsc/event/20230217_0000014,2023-02-17T01:31:52.900000Z,38.13,36.65,5.0,2.7,ml,,,EMSC_FDSN
quakeml:eu.emsc/event/20230217_0000013,2023-02-17T01:27:27.000000Z,37.89,36.36,2.0,3.2,ml,,,EMSC_FDSN
quakeml:eu.emsc/event/20230217_0000010,2023-02-17T01:09:23.700000Z,37.42,37.05,7.0,2.9,ml,,,EMSC_FDSN
quakeml:eu.emsc/event/20230217_0000011,2023-02-17T01:02:08.200000Z,37.62,37.37,4.0,2.7,ml,,,EMSC_FDSN
quakeml:eu.emsc/event/20230217_0000007,2023-02-17T00:49:19.100000Z,37.51,37.21,10.0,3.9,ml,,,EMSC_FDSN
quakeml:eu.emsc/event/20230217_0000004,2023-02-17T00:35:04.800000Z,38.11,36.65,7.0,2.6,ml,,,EMSC_FDSN
quakeml:eu.emsc/event/20230217_0000005,2023-02-17T00:33:22.900000Z,37.88,36.52,2.0,2.9,ml,,,EMSC_FDSN
quakeml:eu.emsc/event/20230217_0000002,2023-02-17T00:06:16.700000Z,38.07,37.7,4.0,2.5,ml,,,EMSC_FDSN
quakeml:eu.emsc/event/20230216_0000370,2023-02-16T23:53:24.400000Z,37.91,37.92,1.0,4.0,ml,,,EMSC_FDSN
quakeml:eu.emsc/event/20230216_0000367,2023-02-16T23:45:22.500000Z,38.03,37.66,5.0,2.5,ml,,,EMSC_FDSN
quakeml:eu.emsc/event/20230216_0000363,2023-02-16T23:41:48.700000Z,37.88,36.34,5.0,2.9,ml,,,EMSC_FDSN
quakeml:eu.emsc/event/20230216_0000360,2023-02-16T23:30:46.000000Z,38.14,37.86,5.0,2.5,ml,,,EMSC_FDSN
quakeml:eu.emsc/event/20230216_0000356,2023-02-16T23:23:37.700000Z,37.5,37.24,6.0,3.2,ml,,,EMSC_FDSN
quakeml:eu.emsc/event/20230216_0000357,2023-02-16T23:18:38.700000Z,38.11,36.55,5.0,3.1,ml,,,EMSC_FDSN
quakeml:eu.emsc/event/20230216_0000352,2023-02-16T22:53:22.400000Z,38.01,36.55,5.0,3.3,ml,,,EMSC_FDSN
quakeml:eu.emsc/event/20230216_0000349,2023-02-16T22:42:52.200000Z,38.18,37.88,6.0,2.7,ml,,,EMSC_FDSN
quakeml:eu.emsc/event/20230216_0000344,2023-02-16T22:25:27.400000Z,38.1,37.77,5.0,2.9,ml,,,EMSC_FDSN
quakeml:eu.emsc/event/20230216_0000342,2023-02-16T22:20:26.900000Z,38.11,37.48,2.0,3.2,ml,,,EMSC_FDSN
quakeml:eu.emsc/event/20230216_0000350,2023-02-16T22:14:50.300000Z,38.25,38.25,5.0,3.5,ml,,,EMSC_FDSN
quakeml:eu.emsc/event/20230216_0000343,2023-02-16T22:13:10.900000Z,38.04,36.48,5.0,2.6,ml,,,EMSC_FDSN
quakeml:eu.emsc/event/20230216_0000339,2023-02-16T22:10:44.800000Z,37.41,36.93,3.0,2.9,ml,,,EMSC_FDSN
quakeml:eu.emsc/event/20230216_0000335,2023-02-16T22:06:38.100000Z,37.8,36.12,5.0,3.1,ml,,,EMSC_FDSN
quakeml:eu.emsc/event/20230216_0000334,2023-02-16T22:01:32.800000Z,38.14,37.35,3.0,3.0,ml,,,EMSC_FDSN
quakeml:eu.emsc/event/20230216_0000326,2023-02-16T21:36:02.600000Z,36.66,36.52,10.0,3.4,ml,,,EMSC_FDSN
quakeml:eu.emsc/event/20230216_0000319,2023-02-16T20:48:23.800000Z,38.04,36.52,1.0,2.5,ml,,,EMSC_FDSN
quakeml:eu.emsc/event/20230216_0000307,2023-02-16T20:19:51.500000Z,38.06,36.53,1.0,2.6,ml,,,EMSC_FDSN
quakeml:eu.emsc/event/20230216_0000301,2023-02-16T19:56:19.800000Z,37.81,37.27,6.0,2.7,ml,,,EMSC_FDSN
quakeml:eu.emsc/event/20230216_0000296,2023-02-16T19:42:58.200000Z,38.03,37.71,5.0,2.9,ml,,,EMSC_FDSN
quakeml:eu.emsc/event/20230216_0000295,2023-02-16T19:41:31.700000Z,38.08,37.79,5.0,3.0,ml,,,EMSC_FDSN
quakeml:eu.emsc/event/20230216_0000291,2023-02-16T19:07:28.300000Z,38.4,37.93,10.0,2.9,ml,,,EMSC_FDSN
quakeml:eu.emsc/event/20230216_0000287,2023-02-16T18:49:27.400000Z,38.05,37.46,9.0,2.8,ml,,,EMSC_FDSN
quakeml:eu.emsc/event/20230216_0000288,2023-02-16T18:34:33.900000Z,37.41,37.19,10.0,2.6,ml,,,EMSC_FDSN
quakeml:eu.emsc/event/20230216_0000281,2023-02-16T18:26:29.200000Z,38.19,37.24,10.0,3.1,ml,,,EMSC_FDSN
quakeml:eu.emsc/event/20230216_0000277,2023-02-16T18:08:53.400000Z,38.07,38.33,5.0,2.8,ml,,,EMSC_FDSN
quakeml:eu.emsc/event/20230216_0000275,2023-02-16T18:00:36.500000Z,38.1,37.93,5.0,3.2,ml,,,EMSC_FDSN
quakeml:eu.emsc/event/20230216_0000273,2023-02-16T17:53:55.000000Z,37.97,36.62,1.0,2.6,ml,,,EMSC_FDSN
quakeml:eu.emsc/event/20230216_0000271,2023-02-16T17:48:18.200000Z,38.09,37.89,1.0,2.6,ml,,,EMSC_FDSN
quakeml:eu.emsc/event/20230216_0000269,2023-02-16T17:21:35.600000Z,37.96,37.46,5.0,3.2,ml,,,EMSC_FDSN
quakeml:eu.emsc/event/20230216_0000267,2023-02-16T17:16:50.200000Z,37.99,37.48,5.0,3.0,ml,,,EMSC_FDSN
quakeml:eu.emsc/event/20230216_0000266,2023-02-16T17:04:32.100000Z,38.16,38.38,16.0,2.5,ml,,,EMSC_FDSN
quakeml:eu.emsc/event/20230216_0000264,2023-02-16T16:51:46.400000Z,38.02,36.63,5.0,3.8,ml,,,EMSC_FDSN
quakeml:eu.emsc/event/20230216_0000263,2023-02-16T16:38:33.700000Z,37.9,37.41,10.0,4.1,mb,,,EMSC_FDSN
quakeml:eu.emsc/event/20230216_0000262,2023-02-16T16:34:46.800000Z,36.72,36.53,5.0,2.5,ml,,,EMSC_FDSN
quakeml:eu.emsc/event/20230216_0000256,2023-02-16T16:15:14.200000Z,38.22,37.9,3.0,2.5,ml,,,EMSC_FDSN
quakeml:eu.emsc/event/20230216_0000253,2023-02-16T15:53:02.800000Z,38.06,37.71,1.0,2.9,ml,,,EMSC_FDSN
quakeml:eu.emsc/event/20230216_0000247,2023-02-16T15:31:17.200000Z,38.21,37.88,5.0,2.7,ml,,,EMSC_FDSN
quakeml:eu.emsc/event/20230216_0000243,2023-02-16T15:26:20.400000Z,38.1,36.88,5.0,2.6,ml,,,EMSC_FDSN
quakeml:eu.emsc/event/20230216_0000242,2023-02-16T15:20:10.200000Z,38.18,37.85,1.0,3.6,ml,,,EMSC_FDSN
quakeml:eu.emsc/event/20230216_0000240,2023-02-16T15:17:05.700000Z,38.09,36.6,2.0,2.5,ml,,,EMSC_FDSN
quakeml:eu.emsc/event/20230216_0000234,2023-02-16T15:01:15.800000Z,38.4,37.71,5.0,3.0,ml,,,EMSC_FDSN
quakeml:eu.emsc/event/20230216_0000228,2023-02-16T14:45:40.800000Z,38.21,37.86,10.0,4.7,mb,,,EMSC_FDSN
quakeml:eu.emsc/event/20230216_0000227,2023-02-16T14:41:27.300000Z,37.49,37.01,5.0,2.5,ml,,,EMSC_FDSN
quakeml:eu.emsc/event/20230216_0000221,2023-02-16T14:22:44.800000Z,38.16,37.78,9.0,2.6,ml,,,EMSC_FDSN
quakeml:eu.emsc/event/20230216_0000217,2023-02-16T14:16:25.200000Z,38.04,36.81,5.0,3.1,ml,,,EMSC_FDSN
quakeml:eu.emsc/event/20230216_0000215,2023-02-16T14:08:20.100000Z,38.1,37.48,9.0,2.8,ml,,,EMSC_FDSN
quakeml:eu.emsc/event/20230216_0000216,2023-02-16T14:06:33.700000Z,37.87,37.84,5.0,2.9,ml,,,EMSC_FDSN
quakeml:eu.emsc/event/20230216_0000201,2023-02-16T13:58:26.600000Z,38.13,36.51,5.0,2.9,ml,,,EMSC_FDSN
quakeml:eu.emsc/event/20230216_0000199,2023-02-16T13:50:26.000000Z,38.08,38.23,5.0,3.1,ml,,,EMSC_FDSN
quakeml:eu.emsc/event/20230216_0000197,2023-02-16T13:46:41.100000Z,38.07,36.53,5.0,2.6,ml,,,EMSC_FDSN
quakeml:eu.emsc/event/20230216_0000196,2023-02-16T13:32:10.600000Z,37.98,38.05,2.0,2.7,ml,,,EMSC_FDSN
quakeml:eu.emsc/event/20230216_0000194,2023-02-16T13:27:50.800000Z,38.02,36.72,8.0,2.8,ml,,,EMSC_FDSN
quakeml:eu.emsc/event/20230216_0000193,2023-02-16T13:04:49.700000Z,38.25,37.17,5.0,2.7,ml,,,EMSC_FDSN
quakeml:eu.emsc/event/20230216_0000192,2023-02-16T12:48:55.200000Z,37.81,36.43,5.0,3.2,ml,,,EMSC_FDSN
quakeml:eu.emsc/event/20230216_0000189,2023-02-16T12:34:38.200000Z,38.1,36.56,5.0,2.5,ml,,,EMSC_FDSN
quakeml:eu.emsc/event/20230216_0000185,2023-02-16T12:24:39.600000Z,37.97,36.64,7.0,3.1,ml,,,EMSC_FDSN
quakeml:eu.emsc/event/20230216_0000184,2023-02-16T12:18:07.600000Z,37.3,37.06,5.0,2.7,ml,,,EMSC_FDSN
quakeml:eu.emsc/event/20230216_0000182,2023-02-16T12:08:27.200000Z,38.08,36.52,5.0,3.6,ml,,,EMSC_FDSN
quakeml:eu.emsc/event/20230216_0000180,2023-02-16T12:05:21.700000Z,38.26,38.15,5.0,2.5,ml,,,EMSC_FDSN
quakeml:eu.emsc/event/20230216_0000178,2023-02-16T11:53:53.700000Z,37.98,36.39,5.0,2.8,ml,,,EMSC_FDSN
quakeml:eu.emsc/event/20230216_0000176,2023-02-16T11:49:40.800000Z,38.16,36.87,5.0,2.7,ml,,,EMSC_FDSN
quakeml:eu.emsc/event/20230216_0000174,2023-02-16T11:36:00.100000Z,37.39,36.72,8.0,2.7,ml,,,EMSC_FDSN
quakeml:eu.emsc/event/20230216_0000162,2023-02-16T10:46:10.900000Z,38.11,37.55,14.0,2.6,ml,,,EMSC_FDSN
quakeml:eu.emsc/event/20230216_0000164,2023-02-16T10:20:46.200000Z,38.15,36.61,5.0,2.8,ml,,,EMSC_FDSN
quakeml:eu.emsc/event/20230216_0000152,2023-02-16T10:03:12.500000Z,37.9,36.25,5.0,2.5,ml,,,EMSC_FDSN
quakeml:eu.emsc/event/20230216_0000145,2023-02-16T09:54:50.300000Z,37.87,36.64,8.0,2.5,ml,,,EMSC_FDSN
quakeml:eu.emsc/event/20230216_0000143,2023-02-16T09:48:03.600000Z,38.16,37.81,5.0,3.4,ml,,,EMSC_FDSN
quakeml:eu.emsc/event/20230216_0000141,2023-02-16T09:38:22.400000Z,38.07,37.75,5.0,2.7,ml,,,EMSC_FDSN
quakeml:eu.emsc/event/20230216_0000140,2023-02-16T09:13:04.400000Z,38.03,37.52,6.0,2.6,ml,,,EMSC_FDSN
quakeml:eu.emsc/event/20230216_0000137,2023-02-16T09:10:23.300000Z,38.1,37.84,5.0,2.5,ml,,,EMSC_FDSN
quakeml:eu.emsc/event/20230216_0000132,2023-02-16T08:21:52.100000Z,37.84,36.45,5.0,3.8,ml,,,EMSC_FDSN
quakeml:eu.emsc/event/20230216_0000131,2023-02-16T08:13:39.500000Z,38.06,37.35,10.0,3.0,ml,,,EMSC_FDSN
quakeml:eu.emsc/event/20230216_0000126,2023-02-16T07:49:58.500000Z,37.8,37.7,2.0,3.2,ml,,,EMSC_FDSN
quakeml:eu.emsc/event/20230216_0000125,2023-02-16T07:40:54.300000Z,38.09,37.16,7.0,2.5,ml,,,EMSC_FDSN
quakeml:eu.emsc/event/20230216_0000124,2023-02-16T07:38:09.700000Z,38.1,36.62,5.0,3.2,ml,,,EMSC_FDSN
quakeml:eu.emsc/event/20230216_0000117,2023-02-16T07:10:36.500000Z,37.95,38.18,5.0,3.2,ml,,,EMSC_FDSN
quakeml:eu.emsc/event/20230216_0000118,2023-02-16T07:06:11.300000Z,38.28,38.21,5.0,2.5,ml,,,EMSC_FDSN
quakeml:eu.emsc/event/20230216_0000115,2023-02-16T07:00:25.000000Z,38.11,38.35,5.0,3.1,ml,,,EMSC_FDSN
quakeml:eu.emsc/event/20230216_0000108,2023-02-16T06:40:04.900000Z,37.73,37.55,9.0,2.6,ml,,,EMSC_FDSN
quakeml:eu.emsc/event/20230216_0000110,2023-02-16T06:37:48.500000Z,37.39,36.98,1.0,2.8,ml,,,EMSC_FDSN
quakeml:eu.emsc/event/20230216_0000105,2023-02-16T06:17:11.100000Z,38.1,36.64,9.0,2.8,ml,,,EMSC_FDSN
quakeml:eu.emsc/event/20230216_0000102,2023-02-16T06:11:10.900000Z,38.19,38.01,5.0,2.6,ml,,,EMSC_FDSN
quakeml:eu.emsc/event/20230216_0000097,2023-02-16T05:56:41.300000Z,37.34,36.86,5.0,3.7,ml,,,EMSC_FDSN
quakeml:eu.emsc/event/20230216_0000096,2023-02-16T05:54:39.800000Z,38.27,38.24,5.0,2.7,ml,,,EMSC_FDSN
quakeml:eu.emsc/event/20230216_0000086,2023-02-16T05:16:44.600000Z,37.8,36.58,5.0,3.4,ml,,,EMSC_FDSN
quakeml:eu.emsc/event/20230216_0000082,2023-02-16T04:58:24.800000Z,37.17,37.04,11.0,3.3,ml,,,EMSC_FDSN
quakeml:eu.emsc/event/20230216_0000077,2023-02-16T04:43:19.300000Z,38.13,38.44,5.0,2.8,ml,,,EMSC_FDSN
quakeml:eu.emsc/event/20230216_0000069,2023-02-16T04:22:04.100000Z,38.2,37.01,5.0,3.0,ml,,,EMSC_FDSN
quakeml:eu.emsc/event/20230216_0000068,2023-02-16T04:11:10.600000Z,38.18,36.99,5.0,2.7,ml,,,EMSC_FDSN
quakeml:eu.emsc/event/20230216_0000057,2023-02-16T03:32:37.200000Z,38.1,37.21,2.0,2.7,ml,,,EMSC_FDSN
quakeml:eu.emsc/event/20230216_0000051,2023-02-16T03:02:02.000000Z,37.9,36.63,5.0,3.2,ml,,,EMSC_FDSN
quakeml:eu.emsc/event/20230216_0000045,2023-02-16T02:36:40.900000Z,36.81,36.5,7.0,3.3,ml,,,EMSC_FDSN
quakeml:eu.emsc/event/20230216_0000044,2023-02-16T02:35:27.400000Z,38.12,36.75,6.0,2.7,ml,,,EMSC_FDSN
quakeml:eu.emsc/event/20230216_0000041,2023-02-16T02:27:56.800000Z,37.96,36.3,5.0,2.8,ml,,,EMSC_FDSN
quakeml:eu.emsc/event/20230216_0000037,2023-02-16T01:57:37.800000Z,38.11,36.42,4.0,2.5,ml,,,EMSC_FDSN
quakeml:eu.emsc/event/20230216_0000034,2023-02-16T01:54:29.200000Z,38.04,36.46,1.0,2.7,ml,,,EMSC_FDSN
quakeml:eu.emsc/event/20230216_0000031,2023-02-16T01:47:38.300000Z,37.88,37.76,5.0,3.0,ml,,,EMSC_FDSN
quakeml:eu.emsc/event/20230216_0000020,2023-02-16T01:07:29.900000Z,37.38,36.89,7.0,3.2,ml,,,EMSC_FDSN
quakeml:eu.emsc/event/20230216_0000015,2023-02-16T00:56:56.500000Z,38.26,37.24,2.0,2.6,ml,,,EMSC_FDSN
quakeml:eu.emsc/event/20230216_0000013,2023-02-16T00:46:16.100000Z,37.16,36.75,10.0,3.3,ml,,,EMSC_FDSN
quakeml:eu.emsc/event/20230216_0000012,2023-02-16T00:44:37.700000Z,37.98,38.05,6.0,2.7,ml,,,EMSC_FDSN
quakeml:eu.emsc/event/20230216_0000004,2023-02-16T00:22:29.900000Z,37.99,37.48,5.0,3.5,ml,,,EMSC_FDSN
quakeml:eu.emsc/event/20230216_0000003,2023-02-16T00:15:27.500000Z,38.07,36.57,5.0,3.8,ml,,,EMSC_FDSN
quakeml:eu.emsc/event/20230216_0000001,2023-02-16T00:01:32.600000Z,37.49,37.25,6.0,3.3,ml,,,EMSC_FDSN
quakeml:eu.emsc/event/20230215_0000355,2023-02-15T23:59:25.400000Z,37.82,37.65,4.0,2.7,ml,,,EMSC_FDSN
quakeml:eu.emsc/event/20230215_0000354,2023-02-15T23:53:54.200000Z,38.2,37.76,2.0,2.6,ml,,,EMSC_FDSN
quakeml:eu.emsc/event/20230215_0000353,2023-02-15T23:50:32.200000Z,38.3,37.78,1.0,3.2,ml,,,EMSC_FDSN
quakeml:eu.emsc/event/20230215_0000349,2023-02-15T23:43:39.000000Z,37.4,36.9,7.0,4.0,mb,,,EMSC_FDSN
quakeml:eu.emsc/event/20230215_0000350,2023-02-15T23:42:11.300000Z,36.53,36.18,7.0,3.0,ml,,,EMSC_FDSN
quakeml:eu.emsc/event/20230215_0000348,2023-02-15T23:31:08.400000Z,36.93,36.56,2.0,3.3,ml,,,EMSC_FDSN
quakeml:eu.emsc/event/20230215_0000344,2023-02-15T23:18:53.200000Z,38.05,38.3,7.0,2.5,ml,,,EMSC_FDSN
quakeml:eu.emsc/event/20230215_0000337,2023-02-15T22:56:59.000000Z,38.07,36.64,5.0,2.9,ml,,,EMSC_FDSN
quakeml:eu.emsc/event/20230215_0000335,2023-02-15T22:42:57.700000Z,37.82,36.56,5.0,3.2,ml,,,EMSC_FDSN
quakeml:eu.emsc/event/20230215_0000334,2023-02-15T22:33:48.600000Z,38.07,36.59,5.0,3.8,ml,,,EMSC_FDSN
quakeml:eu.emsc/event/20230215_0000333,2023-02-15T22:32:22.400000Z,38.11,36.45,4.0,2.7,ml,,,EMSC_FDSN
quakeml:eu.emsc/event/20230215_0000332,2023-02-15T22:25:58.200000Z,38.06,36.63,5.0,4.1,mb,,,EMSC_FDSN
quakeml:eu.emsc/event/20230215_0000331,2023-02-15T22:19:05.900000Z,38.27,38.13,5.0,2.9,ml,,,EMSC_FDSN
quakeml:eu.emsc/event/20230215_0000327,2023-02-15T22:17:39.100000Z,37.44,37.17,8.0,3.1,ml,,,EMSC_FDSN
quakeml:eu.emsc/event/20230215_0000325,2023-02-15T22:00:40.100000Z,38.09,36.56,6.0,2.8,ml,,,EMSC_FDSN
quakeml:eu.emsc/event/20230215_0000324,2023-02-15T21:33:42.300000Z,38.23,36.27,5.0,2.6,ml,,,EMSC_FDSN
quakeml:eu.emsc/event/20230215_0000321,2023-02-15T21:29:43.900000Z,37.02,36.88,2.0,3.6,ml,,,EMSC_FDSN
quakeml:eu.emsc/event/20230215_0000320,2023-02-15T21:27:14.900000Z,37.94,37.97,3.0,2.5,ml,,,EMSC_FDSN
quakeml:eu.emsc/event/20230215_0000313,2023-02-15T21:06:19.300000Z,38.26,37.9,5.0,2.8,ml,,,EMSC_FDSN
quakeml:eu.emsc/event/20230215_0000309,2023-02-15T20:59:36.300000Z,38.12,36.98,3.0,2.6,ml,,,EMSC_FDSN
quakeml:eu.emsc/event/20230215_0000308,2023-02-15T20:52:33.000000Z,38.2,37.75,5.0,3.1,ml,,,EMSC_FDSN
quakeml:eu.emsc/event/20230215_0000307,2023-02-15T20:37:50.200000Z,38.09,36.73,5.0,2.5,ml,,,EMSC_FDSN
quakeml:eu.emsc/event/20230215_0000306,2023-02-15T20:34:58.100000Z,38.11,36.57,9.0,2.6,ml,,,EMSC_FDSN
quakeml:eu.emsc/event/20230215_0000303,2023-02-15T20:32:07.100000Z,37.27,36.84,5.0,2.8,ml,,,EMSC_FDSN
quakeml:eu.emsc/event/20230215_0000301,2023-02-15T20:14:34.400000Z,37.86,36.59,8.0,2.6,ml,,,EMSC_FDSN
quakeml:eu.emsc/event/20230215_0000299,2023-02-15T20:10:51.100000Z,37.8,36.55,1.0,3.2,ml,,,EMSC_FDSN
quakeml:eu.emsc/event/20230215_0000287,2023-02-15T19:40:58.500000Z,37.08,36.86,2.0,3.2,ml,,,EMSC_FDSN
quakeml:eu.emsc/event/20230215_0000285,2023-02-15T19:31:59.200000Z,37.86,36.52,9.0,2.6,ml,,,EMSC_FDSN
quakeml:eu.emsc/event/20230215_0000283,2023-02-15T19:28:17.600000Z,38.02,38.15,8.0,3.2,ml,,,EMSC_FDSN
quakeml:eu.emsc/event/20230215_0000274,2023-02-15T19:04:48.100000Z,38.05,37.59,8.0,2.7,ml,,,EMSC_FDSN
quakeml:eu.emsc/event/20230215_0000273,2023-02-15T19:02:11.800000Z,38.14,37.32,5.0,2.9,ml,,,EMSC_FDSN
quakeml:eu.emsc/event/20230215_0000269,2023-02-15T18:49:03.600000Z,37.79,37.88,7.0,3.9,ml,,,EMSC_FDSN
quakeml:eu.emsc/event/20230215_0000265,2023-02-15T18:44:23.400000Z,37.95,37.94,5.0,2.6,ml,,,EMSC_FDSN
quakeml:eu.emsc/event/20230215_0000261,2023-02-15T18:04:46.100000Z,37.88,36.62,5.0,2.9,ml,,,EMSC_FDSN
quakeml:eu.emsc/event/20230215_0000260,2023-02-15T18:02:32.800000Z,38.13,36.37,4.0,2.6,ml,,,EMSC_FDSN
quakeml:eu.emsc/event/20230215_0000258,2023-02-15T17:58:24.100000Z,38.1,36.7,8.0,2.6,ml,,,EMSC_FDSN
quakeml:eu.emsc/event/20230215_0000252,2023-02-15T17:55:34.400000Z,37.76,36.53,5.0,2.5,ml,,,EMSC_FDSN
quakeml:eu.emsc/event/20230215_0000249,2023-02-15T17:46:18.100000Z,38.09,38.2,7.0,2.5,ml,,,EMSC_FDSN
quakeml:eu.emsc/event/20230215_0000247,2023-02-15T17:40:01.700000Z,37.82,36.57,8.0,3.3,ml,,,EMSC_FDSN
quakeml:eu.emsc/event/20230215_0000246,2023-02-15T17:38:23.700000Z,37.85,36.57,5.0,3.3,ml,,,EMSC_FDSN
quakeml:eu.emsc/event/20230215_0000245,2023-02-15T17:32:03.700000Z,37.83,36.55,5.0,3.4,ml,,,EMSC_FDSN
quakeml:eu.emsc/event/20230215_0000244,2023-02-15T17:27:55.700000Z,37.82,36.57,5.0,3.0,ml,,,EMSC_FDSN
quakeml:eu.emsc/event/20230215_0000240,2023-02-15T17:07:47.300000Z,37.93,38.27,10.0,3.0,ml,,,EMSC_FDSN
quakeml:eu.emsc/event/20230215_0000238,2023-02-15T16:13:49.900000Z,38.04,37.49,7.0,2.5,ml,,,EMSC_FDSN
quakeml:eu.emsc/event/20230215_0000231,2023-02-15T16:10:39.200000Z,38.0,36.49,12.0,2.5,ml,,,EMSC_FDSN
quakeml:eu.emsc/event/20230215_0000217,2023-02-15T15:34:59.100000Z,37.62,37.15,5.0,3.4,ml,,,EMSC_FDSN
quakeml:eu.emsc/event/20230215_0000213,2023-02-15T15:21:11.400000Z,38.1,36.55,6.0,3.6,ml,,,EMSC_FDSN
quakeml:eu.emsc/event/20230215_0000210,2023-02-15T14:59:32.000000Z,38.02,37.67,5.0,3.0,ml,,,EMSC_FDSN
quakeml:eu.emsc/event/20230215_0000208,2023-02-15T14:49:34.300000Z,37.92,37.94,5.0,3.1,ml,,,EMSC_FDSN
quakeml:eu.emsc/event/20230215_0000207,2023-02-15T14:42:45.000000Z,37.9,36.99,2.0,2.5,ml,,,EMSC_FDSN
quakeml:eu.emsc/event/20230215_0000201,2023-02-15T14:29:12.000000Z,38.11,36.55,5.0,3.1,ml,,,EMSC_FDSN
quakeml:eu.emsc/event/20230215_0000195,2023-02-15T14:08:23.000000Z,37.42,37.05,7.0,3.7,ml,,,EMSC_FDSN
quakeml:eu.emsc/event/20230215_0000198,2023-02-15T14:06:59.000000Z,37.8,37.76,5.0,2.6,ml,,,EMSC_FDSN
quakeml:eu.emsc/event/20230215_0000193,2023-02-15T13:59:16.300000Z,38.12,36.91,5.0,2.8,ml,,,EMSC_FDSN
quakeml:eu.emsc/event/20230215_0000177,2023-02-15T13:46:45.700000Z,38.12,36.77,1.0,3.7,ml,,,EMSC_FDSN
quakeml:eu.emsc/event/20230215_0000175,2023-02-15T13:37:17.400000Z,37.98,36.36,5.0,2.5,ml,,,EMSC_FDSN
quakeml:eu.emsc/event/20230215_0000174,2023-02-15T13:35:08.100000Z,37.82,37.88,5.0,3.1,ml,,,EMSC_FDSN
quakeml:eu.emsc/event/20230215_0000170,2023-02-15T13:17:40.700000Z,38.04,36.76,5.0,2.6,ml,,,EMSC_FDSN
quakeml:eu.emsc/event/20230215_0000165,2023-02-15T12:43:35.100000Z,38.38,37.51,7.0,3.0,ml,,,EMSC_FDSN
quakeml:eu.emsc/event/20230215_0000161,2023-02-15T12:33:01.900000Z,38.27,38.14,5.0,2.6,ml,,,EMSC_FDSN
quakeml:eu.emsc/event/20230215_0000160,2023-02-15T12:26:14.100000Z,38.23,37.06,1.0,2.7,ml,,,EMSC_FDSN
quakeml:eu.emsc/event/20230215_0000159,2023-02-15T12:22:52.600000Z,38.22,38.1,5.0,3.8,ml,,,EMSC_FDSN
quakeml:eu.emsc/event/20230215_0000155,2023-02-15T12:06:10.700000Z,37.91,36.61,5.0,3.1,ml,,,EMSC_FDSN
quakeml:eu.emsc/event/20230215_0000150,2023-02-15T11:59:24.500000Z,38.1,37.35,19.0,2.6,ml,,,EMSC_FDSN
quakeml:eu.emsc/event/20230215_0000151,2023-02-15T11:56:34.900000Z,38.05,37.5,5.0,2.8,ml,,,EMSC_FDSN
quakeml:eu.emsc/event/20230215_0000149,2023-02-15T11:53:07.200000Z,37.86,36.51,5.0,2.7,ml,,,EMSC_FDSN
quakeml:eu.emsc/event/20230215_0000147,2023-02-15T11:46:46.700000Z,36.88,36.62,8.0,2.8,ml,,,EMSC_FDSN
quakeml:eu.emsc/event/20230215_0000142,2023-02-15T11:00:07.200000Z,38.04,36.4,5.0,3.2,ml,,,EMSC_FDSN
quakeml:eu.emsc/event/20230215_0000139,2023-02-15T10:58:20.100000Z,38.03,36.72,9.0,2.5,ml,,,EMSC_FDSN
quakeml:eu.emsc/event/20230215_0000136,2023-02-15T10:23:15.500000Z,38.39,37.92,3.0,3.6,ml,,,EMSC_FDSN
quakeml:eu.emsc/event/20230215_0000135,2023-02-15T10:14:22.100000Z,38.04,36.45,5.0,3.9,ml,,,EMSC_FDSN
quakeml:eu.emsc/event/20230215_0000131,2023-02-15T10:09:04.400000Z,37.91,38.01,5.0,2.8,ml,,,EMSC_FDSN
quakeml:eu.emsc/event/20230215_0000129,2023-02-15T10:01:58.100000Z,36.96,36.74,2.0,3.8,ml,,,EMSC_FDSN
quakeml:eu.emsc/event/20230215_0000130,2023-02-15T10:00:46.900000Z,37.88,36.68,12.0,2.6,ml,,,EMSC_FDSN
quakeml:eu.emsc/event/20230215_0000124,2023-02-15T09:38:14.000000Z,37.9,36.32,4.0,2.6,ml,,,EMSC_FDSN
quakeml:eu.emsc/event/20230215_0000119,2023-02-15T09:15:13.800000Z,37.56,37.32,8.0,2.7,ml,,,EMSC_FDSN
quakeml:eu.emsc/event/20230215_0000116,2023-02-15T09:04:00.100000Z,37.45,37.26,5.0,2.6,ml,,,EMSC_FDSN
quakeml:eu.emsc/event/20230215_0000113,2023-02-15T08:51:42.900000Z,38.1,37.47,5.0,3.4,ml,,,EMSC_FDSN
quakeml:eu.emsc/event/20230215_0000112,2023-02-15T08:45:56.200000Z,37.88,36.29,5.0,2.5,ml,,,EMSC_FDSN
quakeml:eu.emsc/event/20230215_0000109,2023-02-15T08:35:20.000000Z,38.08,36.57,5.0,3.4,ml,,,EMSC_FDSN
quakeml:eu.emsc/event/20230215_0000106,2023-02-15T08:26:28.400000Z,38.19,36.73,5.0,2.7,ml,,,EMSC_FDSN
quakeml:eu.emsc/event/20230215_0000105,2023-02-15T08:22:22.700000Z,38.08,36.54,5.0,2.6,ml,,,EMSC_FDSN
quakeml:eu.emsc/event/20230215_0000104,2023-02-15T08:20:02.300000Z,37.37,37.09,3.0,3.4,ml,,,EMSC_FDSN
quakeml:eu.emsc/event/20230215_0000103,2023-02-15T08:14:34.800000Z,38.18,36.72,5.0,2.6,ml,,,EMSC_FDSN
quakeml:eu.emsc/event/20230215_0000096,2023-02-15T07:40:59.400000Z,38.09,36.53,2.0,3.3,ml,,,EMSC_FDSN
quakeml:eu.emsc/event/20230215_0000093,2023-02-15T07:36:30.500000Z,38.03,36.43,5.0,4.7,ml,,,EMSC_FDSN
quakeml:eu.emsc/event/20230215_0000087,2023-02-15T07:18:57.300000Z,38.09,38.48,3.0,2.6,ml,,,EMSC_FDSN
quakeml:eu.emsc/event/20230215_0000086,2023-02-15T07:12:18.700000Z,38.13,38.46,2.0,2.6,ml,,,EMSC_FDSN
quakeml:eu.emsc/event/20230215_0000084,2023-02-15T06:58:47.000000Z,38.14,37.87,3.0,2.9,ml,,,EMSC_FDSN
quakeml:eu.emsc/event/20230215_0000082,2023-02-15T06:50:40.600000Z,37.85,37.75,7.0,2.8,ml,,,EMSC_FDSN
quakeml:eu.emsc/event/20230215_0000079,2023-02-15T06:25:31.100000Z,38.08,36.65,5.0,4.2,mb,,,EMSC_FDSN
quakeml:eu.emsc/event/20230215_0000078,2023-02-15T06:17:10.300000Z,37.89,36.6,5.0,3.2,ml,,,EMSC_FDSN
quakeml:eu.emsc/event/20230215_0000076,2023-02-15T06:01:28.500000Z,38.09,36.61,5.0,3.2,ml,,,EMSC_FDSN
quakeml:eu.emsc/event/20230215_0000074,2023-02-15T05:48:08.300000Z,38.15,36.61,5.0,3.0,ml,,,EMSC_FDSN
quakeml:eu.emsc/event/20230215_0000073,2023-02-15T05:45:42.500000Z,37.9,37.7,10.0,3.5,ml,,,EMSC_FDSN
quakeml:eu.emsc/event/20230215_0000063,2023-02-15T04:42:40.700000Z,37.45,37.04,4.0,3.5,ml,,,EMSC_FDSN
quakeml:eu.emsc/event/20230215_0000057,2023-02-15T04:12:53.900000Z,37.37,37.13,9.0,3.0,ml,,,EMSC_FDSN
quakeml:eu.emsc/event/20230215_0000054,2023-02-15T04:00:36.500000Z,37.01,36.65,6.0,3.3,ml,,,EMSC_FDSN
quakeml:eu.emsc/event/20230215_0000053,2023-02-15T03:54:41.200000Z,37.89,36.3,2.0,3.0,ml,,,EMSC_FDSN
quakeml:eu.emsc/event/20230215_0000050,2023-02-15T03:49:18.400000Z,37.06,36.63,6.0,2.7,ml,,,EMSC_FDSN
quakeml:eu.emsc/event/20230215_0000052,2023-02-15T03:42:54.100000Z,38.09,37.74,10.0,2.5,ml,,,EMSC_FDSN
quakeml:eu.emsc/event/20230215_0000049,2023-02-15T03:37:37.600000Z,37.14,36.67,4.0,2.7,ml,,,EMSC_FDSN
quakeml:eu.emsc/event/20230215_0000048,2023-02-15T03:14:22.300000Z,38.1,37.74,5.0,2.6,ml,,,EMSC_FDSN
quakeml:eu.emsc/event/20230215_0000046,2023-02-15T03:05:44.900000Z,38.07,37.76,9.0,2.5,ml,,,EMSC_FDSN
quakeml:eu.emsc/event/20230215_0000044,2023-02-15T03:03:29.200000Z,37.43,36.98,3.0,3.3,ml,,,EMSC_FDSN
quakeml:eu.emsc/event/20230215_0000042,2023-02-15T02:46:31.500000Z,37.49,37.22,4.0,2.5,ml,,,EMSC_FDSN
quakeml:eu.emsc/event/20230215_0000041,2023-02-15T02:43:25.300000Z,37.88,36.32,2.0,2.5,ml,,,EMSC_FDSN
quakeml:eu.emsc/event/20230215_0000031,2023-02-15T02:01:26.500000Z,38.43,37.48,2.0,2.9,ml,,,EMSC_FDSN
quakeml:eu.emsc/event/20230215_0000025,2023-02-15T01:45:57.800000Z,38.13,36.62,6.0,2.6,ml,,,EMSC_FDSN
quakeml:eu.emsc/event/20230215_0000021,2023-02-15T01:22:30.500000Z,36.67,36.4,8.0,2.9,ml,,,EMSC_FDSN
quakeml:eu.emsc/event/20230215_0000017,2023-02-15T01:00:22.700000Z,37.95,36.28,221.0,2.5,ml,,,EMSC_FDSN
quakeml:eu.emsc/event/20230215_0000016,2023-02-15T00:47:37.700000Z,38.0,37.47,3.0,3.5,ml,,,EMSC_FDSN
quakeml:eu.emsc/event/20230215_0000014,2023-02-15T00:46:32.800000Z,37.51,37.15,6.0,2.8,ml,,,EMSC_FDSN
quakeml:eu.emsc/event/20230215_0000013,2023-02-15T00:45:25.000000Z,37.97,36.76,21.0,2.8,ml,,,EMSC_FDSN
quakeml:eu.emsc/event/20230215_0000012,2023-02-15T00:27:42.300000Z,38.18,37.73,15.0,2.5,ml,,,EMSC_FDSN
quakeml:eu.emsc/event/20230215_0000004,2023-02-15T00:12:53.300000Z,37.66,37.24,8.0,2.5,ml,,,EMSC_FDSN
quakeml:eu.emsc/event/20230215_0000003,2023-02-15T00:10:56.800000Z,37.94,36.39,5.0,3.7,ml,,,EMSC_FDSN
quakeml:eu.emsc/event/20230215_0000001,2023-02-15T00:06:03.800000Z,36.71,36.57,10.0,4.1,mb,,,EMSC_FDSN
quakeml:eu.emsc/event/20230214_0000286,2023-02-14T23:34:15.200000Z,38.01,36.5,5.0,2.8,ml,,,EMSC_FDSN
quakeml:eu.emsc/event/20230214_0000284,2023-02-14T23:30:26.600000Z,37.99,36.62,5.0,2.9,ml,,,EMSC_FDSN
quakeml:eu.emsc/event/20230214_0000277,2023-02-14T23:24:15.000000Z,38.11,38.16,6.0,3.5,ml,,,EMSC_FDSN
quakeml:eu.emsc/event/20230214_0000274,2023-02-14T23:17:37.700000Z,37.33,36.83,6.0,2.8,ml,,,EMSC_FDSN
quakeml:eu.emsc/event/20230214_0000271,2023-02-14T23:01:31.600000Z,36.68,36.43,1.0,2.9,ml,,,EMSC_FDSN
quakeml:eu.emsc/event/20230214_0000269,2023-02-14T22:56:31.300000Z,37.94,36.35,5.0,2.5,ml,,,EMSC_FDSN
quakeml:eu.emsc/event/20230214_0000266,2023-02-14T22:48:03.900000Z,38.24,38.1,5.0,2.9,ml,,,EMSC_FDSN
quakeml:eu.emsc/event/20230214_0000270,2023-02-14T22:46:54.900000Z,37.95,38.24,5.0,2.9,ml,,,EMSC_FDSN
quakeml:eu.emsc/event/20230214_0000267,2023-02-14T22:45:54.400000Z,38.06,37.49,20.0,2.8,ml,,,EMSC_FDSN
quakeml:eu.emsc/event/20230214_0000264,2023-02-14T22:27:08.900000Z,38.12,37.72,5.0,3.2,ml,,,EMSC_FDSN
quakeml:eu.emsc/event/20230214_0000257,2023-02-14T22:09:27.800000Z,38.04,37.17,5.0,3.2,ml,,,EMSC_FDSN
quakeml:eu.emsc/event/20230214_0000254,2023-02-14T22:04:12.900000Z,38.13,36.53,5.0,2.6,ml,,,EMSC_FDSN
quakeml:eu.emsc/event/20230214_0000252,2023-02-14T21:53:18.900000Z,36.51,36.44,5.0,3.9,ml,,,EMSC_FDSN
quakeml:eu.emsc/event/20230214_0000248,2023-02-14T21:44:42.500000Z,38.08,36.52,5.0,3.2,ml,,,EMSC_FDSN
quakeml:eu.emsc/event/20230214_0000246,2023-02-14T21:36:15.300000Z,37.84,36.54,5.0,3.4,ml,,,EMSC_FDSN
quakeml:eu.emsc/event/20230214_0000242,2023-02-14T21:25:32.100000Z,38.24,37.2,3.0,3.1,ml,,,EMSC_FDSN
quakeml:eu.emsc/event/20230214_0000237,2023-02-14T20:51:18.000000Z,38.0,36.52,5.0,3.0,ml,,,EMSC_FDSN
quakeml:eu.emsc/event/20230214_0000235,2023-02-14T20:48:54.000000Z,37.82,37.77,3.0,2.7,ml,,,EMSC_FDSN
quakeml:eu.emsc/event/20230214_0000232,2023-02-14T20:22:43.500000Z,37.96,36.62,5.0,2.8,ml,,,EMSC_FDSN
quakeml:eu.emsc/event/20230214_0000228,2023-02-14T19:32:39.300000Z,37.81,37.75,5.0,3.0,ml,,,EMSC_FDSN
quakeml:eu.emsc/event/20230214_0000226,2023-02-14T19:15:59.000000Z,37.0,36.42,5.0,3.2,ml,,,EMSC_FDSN
quakeml:eu.emsc/event/20230214_0000211,2023-02-14T17:39:15.000000Z,37.88,36.25,5.0,2.6,ml,,,EMSC_FDSN
quakeml:eu.emsc/event/20230214_0000201,2023-02-14T16:41:42.800000Z,37.15,36.72,5.0,2.7,ml,,,EMSC_FDSN
quakeml:eu.emsc/event/20230214_0000194,2023-02-14T15:50:39.100000Z,38.03,37.22,20.0,4.4,mb,,,EMSC_FDSN
quakeml:eu.emsc/event/20230214_0000188,2023-02-14T15:30:14.500000Z,38.03,37.59,5.0,2.9,ml,,,EMSC_FDSN
quakeml:eu.emsc/event/20230214_0000185,2023-02-14T15:17:36.000000Z,38.16,36.62,5.0,2.7,ml,,,EMSC_FDSN
quakeml:eu.emsc/event/20230214_0000184,2023-02-14T15:14:32.600000Z,37.91,36.78,5.0,3.0,ml,,,EMSC_FDSN
quakeml:eu.emsc/event/20230214_0000181,2023-02-14T15:04:00.400000Z,37.13,37.1,11.0,3.2,ml,,,EMSC_FDSN
quakeml:eu.emsc/event/20230214_0000173,2023-02-14T14:47:08.800000Z,38.08,37.02,7.0,2.7,ml,,,EMSC_FDSN
quakeml:eu.emsc/event/20230214_0000166,2023-02-14T14:12:55.200000Z,38.26,38.24,5.0,2.7,ml,,,EMSC_FDSN
quakeml:eu.emsc/event/20230214_0000151,2023-02-14T13:49:13.400000Z,37.26,36.82,5.0,2.9,ml,,,EMSC_FDSN
quakeml:eu.emsc/event/20230214_0000147,2023-02-14T13:25:32.700000Z,37.83,36.59,5.0,2.6,ml,,,EMSC_FDSN
quakeml:eu.emsc/event/20230214_0000145,2023-02-14T13:22:40.700000Z,38.19,38.07,7.0,3.0,ml,,,EMSC_FDSN
quakeml:eu.emsc/event/20230214_0000140,2023-02-14T13:13:06.100000Z,37.94,37.94,5.0,4.2,ml,,,EMSC_FDSN
quakeml:eu.emsc/event/20230214_0000146,2023-02-14T13:06:14.100000Z,37.59,37.37,5.0,2.5,ml,,,EMSC_FDSN
quakeml:eu.emsc/event/20230214_0000138,2023-02-14T13:04:52.800000Z,37.26,36.7,21.0,2.6,ml,,,EMSC_FDSN
quakeml:eu.emsc/event/20230214_0000136,2023-02-14T12:58:54.700000Z,37.58,37.42,3.0,2.5,ml,,,EMSC_FDSN
quakeml:eu.emsc/event/20230214_0000134,2023-02-14T12:49:17.400000Z,38.01,37.51,4.0,3.0,ml,,,EMSC_FDSN
quakeml:eu.emsc/event/20230214_0000132,2023-02-14T12:45:20.300000Z,37.9,37.62,5.0,2.9,ml,,,EMSC_FDSN
quakeml:eu.emsc/event/20230214_0000131,2023-02-14T12:43:13.100000Z,38.13,38.21,5.0,3.6,ml,,,EMSC_FDSN
quakeml:eu.emsc/event/20230214_0000130,2023-02-14T12:41:59.600000Z,38.03,37.55,5.0,2.7,ml,,,EMSC_FDSN
quakeml:eu.emsc/event/20230214_0000128,2023-02-14T12:32:21.000000Z,38.03,36.53,5.0,2.8,ml,,,EMSC_FDSN
quakeml:eu.emsc/event/20230214_0000122,2023-02-14T11:51:35.700000Z,38.06,37.46,7.0,2.8,ml,,,EMSC_FDSN
quakeml:eu.emsc/event/20230214_0000116,2023-02-14T11:45:05.200000Z,38.08,38.44,6.0,2.5,ml,,,EMSC_FDSN
quakeml:eu.emsc/event/20230214_0000115,2023-02-14T11:40:15.500000Z,37.92,37.83,7.0,3.0,ml,,,EMSC_FDSN
quakeml:eu.emsc/event/20230214_0000113,2023-02-14T11:36:38.100000Z,38.14,36.6,4.0,3.5,ml,,,EMSC_FDSN
quakeml:eu.emsc/event/20230214_0000108,2023-02-14T11:07:47.500000Z,37.92,36.41,5.0,3.9,ml,,,EMSC_FDSN
quakeml:eu.emsc/event/20230214_0000110,2023-02-14T11:06:30.700000Z,38.04,37.06,2.0,2.8,ml,,,EMSC_FDSN
quakeml:eu.emsc/event/20230214_0000106,2023-02-14T11:04:16.600000Z,38.03,36.78,2.0,3.8,ml,,,EMSC_FDSN
quakeml:eu.emsc/event/20230214_0000101,2023-02-14T10:38:17.900000Z,38.08,38.25,6.0,2.6,ml,,,EMSC_FDSN
quakeml:eu.emsc/event/20230214_0000099,2023-02-14T10:30:37.900000Z,38.26,38.14,3.0,2.8,ml,,,EMSC_FDSN
quakeml:eu.emsc/event/20230214_0000094,2023-02-14T10:11:59.300000Z,38.08,36.56,5.0,3.1,ml,,,EMSC_FDSN
quakeml:eu.emsc/event/20230214_0000093,2023-02-14T10:08:30.300000Z,38.27,38.15,5.0,2.5,ml,,,EMSC_FDSN
quakeml:eu.emsc/event/20230214_0000087,2023-02-14T09:10:43.000000Z,37.54,37.33,5.0,3.2,ml,,,EMSC_FDSN
quakeml:eu.emsc/event/20230214_0000085,2023-02-14T08:55:23.100000Z,38.15,36.91,5.0,2.9,ml,,,EMSC_FDSN
quakeml:eu.emsc/event/20230214_0000084,2023-02-14T08:44:20.100000Z,38.14,36.87,2.0,3.3,ml,,,EMSC_FDSN
quakeml:eu.emsc/event/20230214_0000083,2023-02-14T08:41:55.900000Z,36.96,37.02,5.0,2.6,ml,,,EMSC_FDSN
quakeml:eu.emsc/event/20230214_0000078,2023-02-14T08:19:24.400000Z,38.2,37.33,10.0,2.6,ml,,,EMSC_FDSN
quakeml:eu.emsc/event/20230214_0000076,2023-02-14T08:00:33.200000Z,37.92,37.75,6.0,3.1,ml,,,EMSC_FDSN
quakeml:eu.emsc/event/20230214_0000074,2023-02-14T07:57:46.300000Z,37.9,36.69,10.0,2.7,ml,,,EMSC_FDSN
quakeml:eu.emsc/event/20230214_0000073,2023-02-14T07:48:14.500000Z,38.07,37.71,5.0,3.5,ml,,,EMSC_FDSN
quakeml:eu.emsc/event/20230214_0000072,2023-02-14T07:41:37.800000Z,37.9,36.36,11.0,2.8,ml,,,EMSC_FDSN
quakeml:eu.emsc/event/20230214_0000067,2023-02-14T06:50:12.700000Z,38.28,38.17,5.0,2.7,ml,,,EMSC_FDSN
quakeml:eu.emsc/event/20230214_0000066,2023-02-14T06:49:06.800000Z,38.24,38.25,5.0,2.7,ml,,,EMSC_FDSN
quakeml:eu.emsc/event/20230214_0000065,2023-02-14T06:41:31.800000Z,37.94,36.22,5.0,3.5,ml,,,EMSC_FDSN
quakeml:eu.emsc/event/20230214_0000064,2023-02-14T06:39:43.400000Z,37.48,37.12,13.0,2.9,ml,,,EMSC_FDSN
quakeml:eu.emsc/event/20230214_0000063,2023-02-14T06:09:06.700000Z,37.28,36.8,6.0,2.7,ml,,,EMSC_FDSN
quakeml:eu.emsc/event/20230214_0000058,2023-02-14T05:55:20.100000Z,38.07,38.37,5.0,2.6,ml,,,EMSC_FDSN
quakeml:eu.emsc/event/20230214_0000053,2023-02-14T04:58:42.800000Z,38.07,37.42,9.0,3.6,ml,,,EMSC_FDSN
quakeml:eu.emsc/event/20230214_0000047,2023-02-14T04:12:07.900000Z,38.12,37.78,5.0,2.6,ml,,,EMSC_FDSN
quakeml:eu.emsc/event/20230214_0000046,2023-02-14T03:59:20.500000Z,37.83,37.88,7.0,3.0,ml,,,EMSC_FDSN
quakeml:eu.emsc/event/20230214_0000043,2023-02-14T03:32:05.500000Z,38.03,37.44,5.0,3.2,ml,,,EMSC_FDSN
quakeml:eu.emsc/event/20230214_0000042,2023-02-14T03:17:38.400000Z,38.3,38.32,5.0,3.2,ml,,,EMSC_FDSN
quakeml:eu.emsc/event/20230214_0000041,2023-02-14T03:05:15.800000Z,38.07,36.63,1.0,3.5,ml,,,EMSC_FDSN
quakeml:eu.emsc/event/20230214_0000039,2023-02-14T02:49:23.100000Z,38.21,37.99,5.0,3.4,ml,,,EMSC_FDSN
quakeml:eu.emsc/event/20230214_0000037,2023-02-14T02:43:34.000000Z,38.27,38.2,6.0,3.0,ml,,,EMSC_FDSN
quakeml:eu.emsc/event/20230214_0000036,2023-02-14T02:36:47.800000Z,37.19,36.68,6.0,2.5,ml,,,EMSC_FDSN
quakeml:eu.emsc/event/20230214_0000035,2023-02-14T02:33:30.800000Z,38.13,38.03,1.0,2.6,ml,,,EMSC_FDSN
quakeml:eu.emsc/event/20230214_0000031,2023-02-14T02:20:22.300000Z,38.07,38.28,7.0,2.8,ml,,,EMSC_FDSN
quakeml:eu.emsc/event/20230214_0000028,2023-02-14T02:16:56.600000Z,38.18,36.74,6.0,2.5,ml,,,EMSC_FDSN
quakeml:eu.emsc/event/20230214_0000025,2023-02-14T02:09:33.000000Z,38.01,37.85,2.0,3.0,ml,,,EMSC_FDSN
quakeml:eu.emsc/event/20230214_0000021,2023-02-14T01:51:32.600000Z,37.52,37.25,5.0,3.4,ml,,,EMSC_FDSN
quakeml:eu.emsc/event/20230214_0000018,2023-02-14T01:41:13.400000Z,38.09,37.22,2.0,3.0,ml,,,EMSC_FDSN
quakeml:eu.emsc/event/20230214_0000013,2023-02-14T01:17:04.200000Z,37.79,37.67,7.0,2.5,ml,,,EMSC_FDSN
quakeml:eu.emsc/event/20230214_0000024,2023-02-14T01:06:47.400000Z,38.11,37.81,2.0,3.1,ml,,,EMSC_FDSN
quakeml:eu.emsc/event/20230214_0000012,2023-02-14T01:00:24.700000Z,36.74,36.45,9.0,2.6,ml,,,EMSC_FDSN
quakeml:eu.emsc/event/20230214_0000023,2023-02-14T00:54:58.800000Z,38.08,37.89,7.0,3.5,ml,,,EMSC_FDSN
quakeml:eu.emsc/event/20230214_0000011,2023-02-14T00:50:57.600000Z,37.97,36.61,5.0,3.9,ml,,,EMSC_FDSN
quakeml:eu.emsc/event/20230214_0000009,2023-02-14T00:42:17.800000Z,37.82,37.79,10.0,2.5,ml,,,EMSC_FDSN
quakeml:eu.emsc/event/20230214_0000007,2023-02-14T00:20:18.700000Z,38.09,36.5,5.0,2.6,ml,,,EMSC_FDSN
quakeml:eu.emsc/event/20230214_0000052,2023-02-14T00:10:33.400000Z,36.62,36.36,9.0,3.3,ml,,,EMSC_FDSN
quakeml:eu.emsc/event/20230214_0000002,2023-02-14T00:08:30.800000Z,38.04,36.54,5.0,2.7,ml,,,EMSC_FDSN
quakeml:eu.emsc/event/20230213_0000339,2023-02-13T23:49:38.600000Z,37.75,36.5,10.0,3.9,ml,,,EMSC_FDSN
quakeml:eu.emsc/event/20230213_0000335,2023-02-13T23:14:41.500000Z,38.06,37.88,2.0,2.7,ml,,,EMSC_FDSN
quakeml:eu.emsc/event/20230213_0000332,2023-02-13T22:59:27.600000Z,37.01,36.97,6.0,2.7,ml,,,EMSC_FDSN
quakeml:eu.emsc/event/20230213_0000329,2023-02-13T22:56:49.400000Z,37.94,37.7,5.0,2.8,ml,,,EMSC_FDSN
quakeml:eu.emsc/event/20230213_0000324,2023-02-13T22:10:07.600000Z,38.09,36.67,3.0,2.5,ml,,,EMSC_FDSN
quakeml:eu.emsc/event/20230213_0000323,2023-02-13T22:06:15.100000Z,38.08,38.21,1.0,2.7,ml,,,EMSC_FDSN
quakeml:eu.emsc/event/20230213_0000322,2023-02-13T21:58:22.800000Z,37.44,36.95,3.0,2.8,ml,,,EMSC_FDSN
quakeml:eu.emsc/event/20230213_0000321,2023-02-13T21:53:46.800000Z,38.11,38.39,5.0,3.0,ml,,,EMSC_FDSN
quakeml:eu.emsc/event/20230213_0000319,2023-02-13T21:32:10.100000Z,38.06,37.0,2.0,3.1,ml,,,EMSC_FDSN
quakeml:eu.emsc/event/20230213_0000317,2023-02-13T21:21:11.100000Z,38.12,37.02,5.0,2.6,ml,,,EMSC_FDSN
quakeml:eu.emsc/event/20230213_0000313,2023-02-13T21:11:21.600000Z,38.02,37.61,4.0,2.7,ml,,,EMSC_FDSN
quakeml:eu.emsc/event/20230213_0000314,2023-02-13T21:10:19.200000Z,38.1,38.3,5.0,2.5,ml,,,EMSC_FDSN
quakeml:eu.emsc/event/20230213_0000312,2023-02-13T21:08:33.900000Z,37.75,37.63,5.0,2.8,ml,,,EMSC_FDSN
quakeml:eu.emsc/event/20230213_0000309,2023-02-13T20:46:51.800000Z,38.07,37.51,5.0,2.8,ml,,,EMSC_FDSN
quakeml:eu.emsc/event/20230213_0000307,2023-02-13T20:21:43.200000Z,38.06,36.58,3.0,3.0,ml,,,EMSC_FDSN
quakeml:eu.emsc/event/20230213_0000303,2023-02-13T20:14:01.300000Z,38.29,38.24,5.0,2.9,ml,,,EMSC_FDSN
quakeml:eu.emsc/event/20230213_0000299,2023-02-13T20:09:38.000000Z,38.06,36.63,6.0,2.9,ml,,,EMSC_FDSN
quakeml:eu.emsc/event/20230213_0000305,2023-02-13T20:07:30.100000Z,38.05,36.43,5.0,3.0,ml,,,EMSC_FDSN
quakeml:eu.emsc/event/20230213_0000297,2023-02-13T20:06:28.900000Z,37.57,37.26,8.0,2.5,ml,,,EMSC_FDSN
quakeml:eu.emsc/event/20230213_0000295,2023-02-13T19:57:16.000000Z,37.58,37.29,5.0,2.7,ml,,,EMSC_FDSN
quakeml:eu.emsc/event/20230213_0000294,2023-02-13T19:52:12.800000Z,38.08,38.26,9.0,2.9,ml,,,EMSC_FDSN
quakeml:eu.emsc/event/20230213_0000291,2023-02-13T19:25:03.700000Z,38.04,36.45,3.0,2.8,ml,,,EMSC_FDSN
quakeml:eu.emsc/event/20230213_0000293,2023-02-13T19:22:53.700000Z,37.97,36.5,5.0,2.5,ml,,,EMSC_FDSN
quakeml:eu.emsc/event/20230213_0000290,2023-02-13T19:20:27.400000Z,38.0,36.42,10.0,4.7,mb,,,EMSC_FDSN
quakeml:eu.emsc/event/20230213_0000289,2023-02-13T19:08:24.100000Z,37.85,36.29,5.0,3.0,ml,,,EMSC_FDSN
quakeml:eu.emsc/event/20230213_0000286,2023-02-13T19:02:07.700000Z,37.31,36.83,5.0,2.5,ml,,,EMSC_FDSN
quakeml:eu.emsc/event/20230213_0000283,2023-02-13T18:49:02.700000Z,37.8,36.68,2.0,3.2,ml,,,EMSC_FDSN
quakeml:eu.emsc/event/20230213_0000279,2023-02-13T18:28:40.300000Z,37.98,36.56,4.0,3.7,ml,,,EMSC_FDSN
quakeml:eu.emsc/event/20230213_0000274,2023-02-13T18:07:43.000000Z,38.09,37.81,5.0,2.8,ml,,,EMSC_FDSN
quakeml:eu.emsc/event/20230213_0000273,2023-02-13T18:06:07.100000Z,38.05,36.54,5.0,2.8,ml,,,EMSC_FDSN
quakeml:eu.emsc/event/20230213_0000272,2023-02-13T18:02:02.500000Z,37.83,36.65,8.0,2.8,ml,,,EMSC_FDSN
quakeml:eu.emsc/event/20230213_0000270,2023-02-13T17:53:41.500000Z,38.29,38.15,5.0,2.7,ml,,,EMSC_FDSN
quakeml:eu.emsc/event/20230213_0000264,2023-02-13T17:21:05.200000Z,38.39,37.93,5.0,2.6,ml,,,EMSC_FDSN
quakeml:eu.emsc/event/20230213_0000263,2023-02-13T17:18:59.600000Z,37.99,37.93,5.0,2.9,ml,,,EMSC_FDSN
quakeml:eu.emsc/event/20230213_0000262,2023-02-13T17:13:31.900000Z,38.06,36.57,1.0,3.6,ml,,,EMSC_FDSN
quakeml:eu.emsc/event/20230213_0000268,2023-02-13T16:54:24.700000Z,36.68,36.49,7.0,2.6,ml,,,EMSC_FDSN
quakeml:eu.emsc/event/20230213_0000258,2023-02-13T16:41:48.300000Z,37.19,37.0,2.0,3.4,ml,,,EMSC_FDSN
quakeml:eu.emsc/event/20230213_0000254,2023-02-13T16:25:37.800000Z,38.03,36.6,14.0,2.6,ml,,,EMSC_FDSN
quakeml:eu.emsc/event/20230213_0000255,2023-02-13T16:21:40.400000Z,37.88,36.37,6.0,3.4,ml,,,EMSC_FDSN
quakeml:eu.emsc/event/20230213_0000251,2023-02-13T16:17:44.100000Z,37.97,36.35,2.0,2.6,ml,,,EMSC_FDSN
quakeml:eu.emsc/event/20230213_0000245,2023-02-13T15:48:39.000000Z,38.04,36.6,6.0,2.6,ml,,,EMSC_FDSN
quakeml:eu.emsc/event/20230213_0000239,2023-02-13T15:38:20.300000Z,38.16,37.86,5.0,3.4,ml,,,EMSC_FDSN
quakeml:eu.emsc/event/20230213_0000244,2023-02-13T15:36:17.400000Z,37.02,36.51,11.0,2.9,ml,,,EMSC_FDSN
quakeml:eu.emsc/event/20230213_0000231,2023-02-13T15:30:50.200000Z,37.86,36.28,1.0,3.1,ml,,,EMSC_FDSN
quakeml:eu.emsc/event/20230213_0000229,2023-02-13T15:20:13.200000Z,37.87,36.37,4.0,3.0,ml,,,EMSC_FDSN
quakeml:eu.emsc/event/20230213_0000228,2023-02-13T15:18:09.700000Z,36.85,36.5,12.0,3.5,ml,,,EMSC_FDSN
quakeml:eu.emsc/event/20230213_0000226,2023-02-13T15:15:05.900000Z,37.84,36.29,5.0,4.2,ml,,,EMSC_FDSN
quakeml:eu.emsc/event/20230213_0000232,2023-02-13T15:11:44.700000Z,37.87,36.33,17.0,3.2,ml,,,EMSC_FDSN
quakeml:eu.emsc/event/20230213_0000221,2023-02-13T14:59:53.900000Z,37.9,36.33,5.0,2.7,ml,,,EMSC_FDSN
quakeml:eu.emsc/event/20230213_0000216,2023-02-13T14:45:45.500000Z,37.82,37.85,6.0,3.7,ml,,,EMSC_FDSN
quakeml:eu.emsc/event/20230213_0000214,2023-02-13T14:31:52.700000Z,37.19,36.93,5.0,2.8,ml,,,EMSC_FDSN
quakeml:eu.emsc/event/20230213_0000198,2023-02-13T14:08:03.500000Z,38.02,37.35,6.0,3.8,ml,,,EMSC_FDSN
quakeml:eu.emsc/event/20230213_0000197,2023-02-13T14:00:14.900000Z,38.04,37.3,8.0,3.8,ml,,,EMSC_FDSN
quakeml:eu.emsc/event/20230213_0000220,2023-02-13T13:58:43.900000Z,38.06,37.42,8.0,3.1,ml,,,EMSC_FDSN
quakeml:eu.emsc/event/20230213_0000217,2023-02-13T13:49:05.400000Z,37.84,36.73,12.0,2.6,ml,,,EMSC_FDSN
quakeml:eu.emsc/event/20230213_0000189,2023-02-13T13:10:28.300000Z,37.0,36.53,16.0,2.5,ml,,,EMSC_FDSN
quakeml:eu.emsc/event/20230213_0000188,2023-02-13T13:08:01.100000Z,37.97,36.4,5.0,2.6,ml,,,EMSC_FDSN
quakeml:eu.emsc/event/20230213_0000185,2023-02-13T12:57:20.300000Z,38.32,37.74,5.0,3.4,ml,,,EMSC_FDSN
quakeml:eu.emsc/event/20230213_0000183,2023-02-13T12:40:09.400000Z,37.99,36.37,10.0,2.9,ml,,,EMSC_FDSN
quakeml:eu.emsc/event/20230213_0000179,2023-02-13T12:21:28.400000Z,37.27,36.83,6.0,2.5,ml,,,EMSC_FDSN
quakeml:eu.emsc/event/20230213_0000181,2023-02-13T12:20:20.300000Z,38.19,37.88,5.0,2.5,ml,,,EMSC_FDSN
quakeml:eu.emsc/event/20230213_0000178,2023-02-13T12:15:30.900000Z,38.13,36.66,5.0,2.6,ml,,,EMSC_FDSN
quakeml:eu.emsc/event/20230213_0000176,2023-02-13T11:59:19.300000Z,37.0,36.67,10.0,4.6,mb,,,EMSC_FDSN
quakeml:eu.emsc/event/20230213_0000175,2023-02-13T11:57:29.300000Z,38.14,37.53,9.0,2.7,ml,,,EMSC_FDSN
quakeml:eu.emsc/event/20230213_0000173,2023-02-13T11:52:30.400000Z,37.89,36.27,5.0,2.9,ml,,,EMSC_FDSN
quakeml:eu.emsc/event/20230213_0000170,2023-02-13T11:22:23.400000Z,38.11,38.5,3.0,2.5,ml,,,EMSC_FDSN
quakeml:eu.emsc/event/20230213_0000169,2023-02-13T11:20:21.600000Z,38.09,38.3,2.0,3.1,ml,,,EMSC_FDSN
quakeml:eu.emsc/event/20230213_0000165,2023-02-13T11:10:00.600000Z,38.07,37.8,5.0,3.6,ml,,,EMSC_FDSN
quakeml:eu.emsc/event/20230213_0000163,2023-02-13T11:00:25.800000Z,37.0,36.54,15.0,2.6,ml,,,EMSC_FDSN
quakeml:eu.emsc/event/20230213_0000161,2023-02-13T10:51:19.500000Z,37.94,37.94,2.0,3.2,ml,,,EMSC_FDSN
quakeml:eu.emsc/event/20230213_0000159,2023-02-13T10:47:29.300000Z,37.58,37.25,3.0,2.6,ml,,,EMSC_FDSN
quakeml:eu.emsc/event/20230213_0000157,2023-02-13T10:41:07.400000Z,37.47,37.16,8.0,3.3,ml,,,EMSC_FDSN
quakeml:eu.emsc/event/20230213_0000151,2023-02-13T10:10:25.000000Z,38.08,36.77,5.0,2.7,ml,,,EMSC_FDSN
quakeml:eu.emsc/event/20230213_0000149,2023-02-13T09:59:40.800000Z,38.05,36.79,2.0,3.7,ml,,,EMSC_FDSN
quakeml:eu.emsc/event/20230213_0000146,2023-02-13T09:43:40.300000Z,38.0,36.64,5.0,2.8,ml,,,EMSC_FDSN
quakeml:eu.emsc/event/20230213_0000144,2023-02-13T09:39:07.700000Z,37.4,36.94,5.0,2.8,ml,,,EMSC_FDSN
quakeml:eu.emsc/event/20230213_0000145,2023-02-13T09:38:02.800000Z,38.07,37.69,5.0,3.0,ml,,,EMSC_FDSN
quakeml:eu.emsc/event/20230213_0000142,2023-02-13T09:23:04.500000Z,38.02,37.4,6.0,3.7,ml,,,EMSC_FDSN
quakeml:eu.emsc/event/20230213_0000141,2023-02-13T09:16:37.900000Z,37.42,36.94,5.0,3.6,ml,,,EMSC_FDSN
quakeml:eu.emsc/event/20230213_0000139,2023-02-13T09:10:42.300000Z,37.43,36.97,5.0,3.3,ml,,,EMSC_FDSN
quakeml:eu.emsc/event/20230213_0000135,2023-02-13T08:52:25.900000Z,36.59,36.33,8.0,2.9,ml,,,EMSC_FDSN
quakeml:eu.emsc/event/20230213_0000136,2023-02-13T08:49:24.100000Z,38.08,37.34,6.0,2.5,ml,,,EMSC_FDSN
quakeml:eu.emsc/event/20230213_0000134,2023-02-13T08:39:16.600000Z,38.06,38.2,5.0,2.8,ml,,,EMSC_FDSN
quakeml:eu.emsc/event/20230213_0000132,2023-02-13T08:37:11.100000Z,38.03,37.58,2.0,2.5,ml,,,EMSC_FDSN
quakeml:eu.emsc/event/20230213_0000129,2023-02-13T08:20:17.500000Z,38.02,36.48,5.0,2.7,ml,,,EMSC_FDSN
quakeml:eu.emsc/event/20230213_0000126,2023-02-13T08:09:30.600000Z,38.02,36.46,5.0,2.7,ml,,,EMSC_FDSN
quakeml:eu.emsc/event/20230213_0000124,2023-02-13T08:06:55.500000Z,38.09,37.51,17.0,2.7,ml,,,EMSC_FDSN
quakeml:eu.emsc/event/20230213_0000125,2023-02-13T08:03:53.300000Z,38.06,36.53,5.0,2.6,ml,,,EMSC_FDSN
quakeml:eu.emsc/event/20230213_0000122,2023-02-13T08:01:29.000000Z,38.1,37.48,5.0,3.2,ml,,,EMSC_FDSN
quakeml:eu.emsc/event/20230213_0000120,2023-02-13T07:58:26.500000Z,38.03,36.5,2.0,3.4,ml,,,EMSC_FDSN
quakeml:eu.emsc/event/20230213_0000117,2023-02-13T07:52:38.000000Z,37.87,36.7,5.0,2.9,ml,,,EMSC_FDSN
quakeml:eu.emsc/event/20230213_0000114,2023-02-13T07:34:13.500000Z,38.06,37.37,8.0,2.6,ml,,,EMSC_FDSN
quakeml:eu.emsc/event/20230213_0000113,2023-02-13T07:32:29.600000Z,38.12,37.83,5.0,2.6,ml,,,EMSC_FDSN
quakeml:eu.emsc/event/20230213_0000111,2023-02-13T07:24:15.000000Z,37.32,37.08,5.0,2.5,ml,,,EMSC_FDSN
quakeml:eu.emsc/event/20230213_0000110,2023-02-13T07:18:53.400000Z,37.51,37.11,8.0,3.6,ml,,,EMSC_FDSN
quakeml:eu.emsc/event/20230213_0000107,2023-02-13T07:15:41.100000Z,37.44,37.79,23.0,2.5,ml,,,EMSC_FDSN
quakeml:eu.emsc/event/20230213_0000104,2023-02-13T07:08:42.900000Z,37.79,37.73,5.0,2.9,ml,,,EMSC_FDSN
quakeml:eu.emsc/event/20230213_0000098,2023-02-13T06:46:17.600000Z,37.65,37.34,6.0,2.7,ml,,,EMSC_FDSN
quakeml:eu.emsc/event/20230213_0000096,2023-02-13T06:41:52.800000Z,38.19,38.33,9.0,2.5,ml,,,EMSC_FDSN
quakeml:eu.emsc/event/20230213_0000094,2023-02-13T06:34:32.600000Z,38.03,37.61,1.0,3.2,ml,,,EMSC_FDSN
quakeml:eu.emsc/event/20230213_0000091,2023-02-13T06:28:28.200000Z,38.11,37.74,4.0,3.2,ml,,,EMSC_FDSN
quakeml:eu.emsc/event/20230213_0000090,2023-02-13T06:21:32.300000Z,38.01,36.66,5.0,2.8,ml,,,EMSC_FDSN
quakeml:eu.emsc/event/20230213_0000088,2023-02-13T06:16:53.200000Z,38.0,37.5,5.0,3.4,ml,,,EMSC_FDSN
quakeml:eu.emsc/event/20230213_0000083,2023-02-13T05:56:06.700000Z,38.04,37.7,5.0,2.8,ml,,,EMSC_FDSN
quakeml:eu.emsc/event/20230213_0000082,2023-02-13T05:53:37.100000Z,37.86,37.62,3.0,2.5,ml,,,EMSC_FDSN
quakeml:eu.emsc/event/20230213_0000080,2023-02-13T05:41:52.400000Z,38.29,38.18,5.0,2.5,ml,,,EMSC_FDSN
quakeml:eu.emsc/event/20230213_0000078,2023-02-13T05:33:17.800000Z,36.85,36.53,9.0,2.8,ml,,,EMSC_FDSN
quakeml:eu.emsc/event/20230213_0000077,2023-02-13T05:31:52.000000Z,38.15,36.65,5.0,2.5,ml,,,EMSC_FDSN
quakeml:eu.emsc/event/20230213_0000074,2023-02-13T05:14:10.400000Z,38.13,38.42,4.0,3.0,ml,,,EMSC_FDSN
quakeml:eu.emsc/event/20230213_0000073,2023-02-13T05:11:46.000000Z,37.8,36.45,2.0,2.6,ml,,,EMSC_FDSN
quakeml:eu.emsc/event/20230213_0000071,2023-02-13T04:59:19.400000Z,38.01,37.5,5.0,2.6,ml,,,EMSC_FDSN
quakeml:eu.emsc/event/20230213_0000070,2023-02-13T04:57:10.700000Z,38.14,37.53,3.0,2.6,ml,,,EMSC_FDSN
quakeml:eu.emsc/event/20230213_0000067,2023-02-13T04:51:22.400000Z,38.13,37.82,6.0,3.6,ml,,,EMSC_FDSN
quakeml:eu.emsc/event/20230213_0000066,2023-02-13T04:49:22.800000Z,37.61,37.36,8.0,3.0,ml,,,EMSC_FDSN
quakeml:eu.emsc/event/20230213_0000060,2023-02-13T04:33:00.100000Z,38.12,37.87,6.0,3.2,ml,,,EMSC_FDSN
quakeml:eu.emsc/event/20230213_0000056,2023-02-13T04:18:58.000000Z,37.82,36.51,5.0,2.5,ml,,,EMSC_FDSN
quakeml:eu.emsc/event/20230213_0000055,2023-02-13T04:13:32.600000Z,38.1,37.08,4.0,3.2,ml,,,EMSC_FDSN
quakeml:eu.emsc/event/20230213_0000054,2023-02-13T04:10:40.000000Z,37.45,37.07,1.0,2.8,ml,,,EMSC_FDSN
quakeml:eu.emsc/event/20230213_0000052,2023-02-13T04:07:10.200000Z,38.1,38.12,5.0,3.1,ml,,,EMSC_FDSN
quakeml:eu.emsc/event/20230213_0000049,2023-02-13T04:00:16.800000Z,38.31,38.14,3.0,2.7,ml,,,EMSC_FDSN
quakeml:eu.emsc/event/20230213_0000046,2023-02-13T03:35:04.000000Z,37.33,36.91,4.0,3.7,ml,,,EMSC_FDSN
quakeml:eu.emsc/event/20230213_0000043,2023-02-13T03:28:08.200000Z,38.02,37.71,2.0,3.0,ml,,,EMSC_FDSN
quakeml:eu.emsc/event/20230213_0000042,2023-02-13T03:24:22.000000Z,37.4,36.95,5.0,2.6,ml,,,EMSC_FDSN
quakeml:eu.emsc/event/20230213_0000039,2023-02-13T03:12:29.200000Z,38.18,38.32,2.0,3.6,ml,,,EMSC_FDSN
quakeml:eu.emsc/event/20230213_0000037,2023-02-13T02:55:36.600000Z,38.09,36.56,5.0,2.5,ml,,,EMSC_FDSN
quakeml:eu.emsc/event/20230213_0000036,2023-02-13T02:53:02.900000Z,38.07,38.5,5.0,3.0,ml,,,EMSC_FDSN
quakeml:eu.emsc/event/20230213_0000033,2023-02-13T02:40:30.500000Z,36.88,36.55,4.0,2.9,ml,,,EMSC_FDSN
quakeml:eu.emsc/event/20230213_0000030,2023-02-13T02:18:26.100000Z,37.6,36.14,5.0,2.9,ml,,,EMSC_FDSN
quakeml:eu.emsc/event/20230213_0000029,2023-02-13T02:11:42.600000Z,38.06,37.19,5.0,2.7,ml,,,EMSC_FDSN
quakeml:eu.emsc/event/20230213_0000028,2023-02-13T01:56:13.100000Z,37.34,36.93,5.0,2.8,ml,,,EMSC_FDSN
quakeml:eu.emsc/event/20230213_0000026,2023-02-13T01:47:32.400000Z,38.07,38.48,7.0,2.7,ml,,,EMSC_FDSN
quakeml:eu.emsc/event/20230213_0000023,2023-02-13T01:38:44.000000Z,38.11,36.56,5.0,3.1,ml,,,EMSC_FDSN
quakeml:eu.emsc/event/20230213_0000021,2023-02-13T01:26:56.200000Z,38.16,37.86,6.0,2.7,ml,,,EMSC_FDSN
quakeml:eu.emsc/event/20230213_0000022,2023-02-13T01:25:02.800000Z,38.01,38.06,5.0,2.8,ml,,,EMSC_FDSN
quakeml:eu.emsc/event/20230213_0000020,2023-02-13T01:21:02.800000Z,38.27,38.28,5.0,3.2,ml,,,EMSC_FDSN
quakeml:eu.emsc/event/20230213_0000017,2023-02-13T01:12:45.700000Z,37.94,36.43,9.0,3.8,ml,,,EMSC_FDSN
quakeml:eu.emsc/event/20230213_0000343,2023-02-13T01:07:27.600000Z,37.34,37.02,17.0,2.5,ml,,,EMSC_FDSN
quakeml:eu.emsc/event/20230213_0000015,2023-02-13T00:54:27.500000Z,36.96,36.17,6.0,2.7,ml,,,EMSC_FDSN
quakeml:eu.emsc/event/20230213_0000011,2023-02-13T00:32:10.700000Z,38.19,38.1,5.0,2.6,ml,,,EMSC_FDSN
quakeml:eu.emsc/event/20230213_0000009,2023-02-13T00:26:57.100000Z,36.76,36.4,10.0,2.7,ml,,,EMSC_FDSN
quakeml:eu.emsc/event/20230213_0000005,2023-02-13T00:20:51.100000Z,38.14,36.82,13.0,2.6,ml,,,EMSC_FDSN
quakeml:eu.emsc/event/20230213_0000341,2023-02-13T00:14:19.000000Z,38.09,37.73,3.0,2.5,ml,,,EMSC_FDSN
quakeml:eu.emsc/event/20230213_0000003,2023-02-13T00:11:26.700000Z,38.08,36.53,5.0,3.2,ml,,,EMSC_FDSN
quakeml:eu.emsc/event/20230213_0000001,2023-02-13T00:05:14.700000Z,37.87,36.36,8.0,2.7,ml,,,EMSC_FDSN
quakeml:eu.emsc/event/20230212_0000372,2023-02-12T23:56:04.200000Z,38.15,37.52,5.0,3.2,ml,,,EMSC_FDSN
quakeml:eu.emsc/event/20230212_0000371,2023-02-12T23:46:56.500000Z,38.4,37.29,9.0,2.7,ml,,,EMSC_FDSN
quakeml:eu.emsc/event/20230212_0000370,2023-02-12T23:45:27.100000Z,37.99,37.7,2.0,3.2,ml,,,EMSC_FDSN
quakeml:eu.emsc/event/20230212_0000365,2023-02-12T23:22:56.000000Z,37.9,37.83,5.0,2.6,ml,,,EMSC_FDSN
quakeml:eu.emsc/event/20230212_0000362,2023-02-12T23:16:37.300000Z,37.6,37.52,9.0,2.9,ml,,,EMSC_FDSN
quakeml:eu.emsc/event/20230212_0000360,2023-02-12T22:56:27.100000Z,37.16,36.68,1.0,2.5,ml,,,EMSC_FDSN
quakeml:eu.emsc/event/20230212_0000359,2023-02-12T22:52:59.800000Z,38.04,36.61,4.0,4.5,mb,,,EMSC_FDSN
quakeml:eu.emsc/event/20230212_0000357,2023-02-12T22:41:01.400000Z,38.06,37.23,5.0,2.6,ml,,,EMSC_FDSN
quakeml:eu.emsc/event/20230212_0000356,2023-02-12T22:32:18.300000Z,37.33,37.13,7.0,3.1,ml,,,EMSC_FDSN
quakeml:eu.emsc/event/20230212_0000355,2023-02-12T22:27:22.500000Z,38.12,37.23,6.0,2.5,ml,,,EMSC_FDSN
quakeml:eu.emsc/event/20230212_0000352,2023-02-12T22:16:54.400000Z,37.35,36.99,8.0,2.5,ml,,,EMSC_FDSN
quakeml:eu.emsc/event/20230212_0000351,2023-02-12T22:08:01.600000Z,38.15,37.91,5.0,3.1,ml,,,EMSC_FDSN
quakeml:eu.emsc/event/20230212_0000350,2023-02-12T21:59:00.600000Z,38.01,37.33,5.0,3.7,ml,,,EMSC_FDSN
quakeml:eu.emsc/event/20230212_0000346,2023-02-12T21:39:57.300000Z,37.95,38.17,7.0,2.5,ml,,,EMSC_FDSN
quakeml:eu.emsc/event/20230212_0000345,2023-02-12T21:38:12.800000Z,38.4,36.88,26.0,3.0,ml,,,EMSC_FDSN
quakeml:eu.emsc/event/20230212_0000344,2023-02-12T21:34:07.300000Z,37.11,36.68,10.0,2.9,ml,,,EMSC_FDSN
quakeml:eu.emsc/event/20230212_0000343,2023-02-12T21:32:31.000000Z,38.04,36.47,5.0,3.4,ml,,,EMSC_FDSN
quakeml:eu.emsc/event/20230212_0000341,2023-02-12T21:29:59.100000Z,38.1,36.59,5.0,3.1,ml,,,EMSC_FDSN
quakeml:eu.emsc/event/20230212_0000340,2023-02-12T21:21:48.400000Z,36.5,36.17,10.0,4.1,mb,,,EMSC_FDSN
quakeml:eu.emsc/event/20230212_0000338,2023-02-12T21:04:25.700000Z,37.95,36.58,14.0,2.8,ml,,,EMSC_FDSN
quakeml:eu.emsc/event/20230212_0000337,2023-02-12T21:01:00.500000Z,38.13,37.83,2.0,3.2,ml,,,EMSC_FDSN
quakeml:eu.emsc/event/20230212_0000333,2023-02-12T20:41:33.200000Z,38.08,37.26,7.0,2.5,ml,,,EMSC_FDSN
quakeml:eu.emsc/event/20230212_0000331,2023-02-12T20:26:50.600000Z,38.02,36.78,4.0,3.4,ml,,,EMSC_FDSN
quakeml:eu.emsc/event/20230212_0000329,2023-02-12T20:22:59.100000Z,37.99,37.47,3.0,3.5,ml,,,EMSC_FDSN
quakeml:eu.emsc/event/20230212_0000325,2023-02-12T20:11:37.300000Z,37.99,38.39,4.0,3.4,ml,,,EMSC_FDSN
quakeml:eu.emsc/event/20230212_0000324,2023-02-12T20:06:23.700000Z,37.87,36.34,6.0,2.6,ml,,,EMSC_FDSN
quakeml:eu.emsc/event/20230212_0000323,2023-02-12T20:03:42.800000Z,38.05,36.58,4.0,2.8,ml,,,EMSC_FDSN
quakeml:eu.emsc/event/20230212_0000321,2023-02-12T19:58:12.400000Z,38.03,36.41,5.0,2.5,ml,,,EMSC_FDSN
quakeml:eu.emsc/event/20230212_0000317,2023-02-12T19:34:14.600000Z,37.65,37.45,6.0,2.8,ml,,,EMSC_FDSN
quakeml:eu.emsc/event/20230212_0000316,2023-02-12T19:31:28.900000Z,36.58,36.47,5.0,2.6,ml,,,EMSC_FDSN
quakeml:eu.emsc/event/20230212_0000312,2023-02-12T19:14:58.600000Z,37.93,36.61,2.0,3.3,ml,,,EMSC_FDSN
quakeml:eu.emsc/event/20230212_0000309,2023-02-12T19:02:30.700000Z,37.27,37.07,20.0,4.3,mb,,,EMSC_FDSN
quakeml:eu.emsc/event/20230212_0000308,2023-02-12T18:44:53.800000Z,38.08,36.67,4.0,3.2,ml,,,EMSC_FDSN
quakeml:eu.emsc/event/20230212_0000305,2023-02-12T18:37:49.500000Z,38.06,38.08,9.0,3.5,ml,,,EMSC_FDSN
quakeml:eu.emsc/event/20230212_0000302,2023-02-12T18:33:14.600000Z,37.38,36.98,15.0,4.7,mb,,,EMSC_FDSN
quakeml:eu.emsc/event/20230212_0000301,2023-02-12T18:24:21.200000Z,36.98,36.6,8.0,3.3,ml,,,EMSC_FDSN
quakeml:eu.emsc/event/20230212_0000297,2023-02-12T18:21:45.000000Z,38.09,36.62,6.0,4.1,mb,,,EMSC_FDSN
quakeml:eu.emsc/event/20230212_0000292,2023-02-12T18:11:27.700000Z,37.37,36.93,7.0,3.5,ml,,,EMSC_FDSN
quakeml:eu.emsc/event/20230212_0000291,2023-02-12T18:08:44.500000Z,37.03,36.37,2.0,3.3,ml,,,EMSC_FDSN
quakeml:eu.emsc/event/20230212_0000289,2023-02-12T17:58:53.700000Z,37.12,37.06,2.0,3.9,ml,,,EMSC_FDSN
quakeml:eu.emsc/event/20230212_0000286,2023-02-12T17:46:03.800000Z,38.41,36.51,4.0,2.8,ml,,,EMSC_FDSN
quakeml:eu.emsc/event/20230212_0000284,2023-02-12T17:42:29.300000Z,38.12,37.2,5.0,2.6,ml,,,EMSC_FDSN
quakeml:eu.emsc/event/20230212_0000285,2023-02-12T17:30:18.100000Z,37.96,38.02,5.0,2.8,ml,,,EMSC_FDSN
quakeml:eu.emsc/event/20230212_0000282,2023-02-12T17:28:17.900000Z,38.08,36.59,5.0,4.1,mb,,,EMSC_FDSN
quakeml:eu.emsc/event/20230212_0000287,2023-02-12T17:24:17.500000Z,38.07,38.46,5.0,2.5,ml,,,EMSC_FDSN
quakeml:eu.emsc/event/20230212_0000273,2023-02-12T16:56:18.200000Z,37.71,36.46,5.0,2.9,ml,,,EMSC_FDSN
quakeml:eu.emsc/event/20230212_0000270,2023-02-12T16:53:43.800000Z,38.08,36.67,9.0,2.6,ml,,,EMSC_FDSN
quakeml:eu.emsc/event/20230212_0000268,2023-02-12T16:49:38.400000Z,36.96,38.23,4.0,2.9,ml,,,EMSC_FDSN
quakeml:eu.emsc/event/20230212_0000272,2023-02-12T16:43:02.300000Z,37.69,36.49,5.0,2.7,ml,,,EMSC_FDSN
quakeml:eu.emsc/event/20230212_0000265,2023-02-12T16:41:02.100000Z,38.16,37.89,5.0,2.5,ml,,,EMSC_FDSN
quakeml:eu.emsc/event/20230212_0000277,2023-02-12T16:33:52.800000Z,36.96,36.53,8.0,2.6,ml,,,EMSC_FDSN
quakeml:eu.emsc/event/20230212_0000314,2023-02-12T16:27:26.200000Z,37.95,38.04,5.0,3.4,ml,,,EMSC_FDSN
quakeml:eu.emsc/event/20230212_0000262,2023-02-12T16:25:50.900000Z,36.55,36.22,2.0,3.0,ml,,,EMSC_FDSN
quakeml:eu.emsc/event/20230212_0000260,2023-02-12T16:22:45.200000Z,37.65,37.43,6.0,2.6,ml,,,EMSC_FDSN
quakeml:eu.emsc/event/20230212_0000258,2023-02-12T16:20:08.100000Z,38.1,37.88,2.0,3.3,ml,,,EMSC_FDSN
quakeml:eu.emsc/event/20230212_0000255,2023-02-12T16:11:50.200000Z,36.86,36.77,2.0,3.4,ml,,,EMSC_FDSN
quakeml:eu.emsc/event/20230212_0000257,2023-02-12T16:10:42.800000Z,37.02,37.75,7.0,2.5,ml,,,EMSC_FDSN
quakeml:eu.emsc/event/20230212_0000253,2023-02-12T15:46:31.700000Z,38.17,38.03,5.0,4.0,ml,,,EMSC_FDSN
quakeml:eu.emsc/event/20230212_0000251,2023-02-12T15:30:07.000000Z,38.12,37.87,5.0,3.4,ml,,,EMSC_FDSN
quakeml:eu.emsc/event/20230212_0000250,2023-02-12T15:27:36.400000Z,38.13,36.61,5.0,2.5,ml,,,EMSC_FDSN
quakeml:eu.emsc/event/20230212_0000248,2023-02-12T15:18:43.800000Z,37.94,36.26,4.0,2.8,ml,,,EMSC_FDSN
quakeml:eu.emsc/event/20230212_0000237,2023-02-12T14:37:14.700000Z,38.14,38.45,9.0,2.5,ml,,,EMSC_FDSN
quakeml:eu.emsc/event/20230212_0000235,2023-02-12T14:30:04.900000Z,37.82,36.55,5.0,4.2,mb,,,EMSC_FDSN
quakeml:eu.emsc/event/20230212_0000234,2023-02-12T14:25:40.200000Z,38.02,38.18,3.0,3.3,ml,,,EMSC_FDSN
quakeml:eu.emsc/event/20230212_0000236,2023-02-12T14:20:52.900000Z,38.08,36.74,30.0,2.8,ml,,,EMSC_FDSN
quakeml:eu.emsc/event/20230212_0000211,2023-02-12T13:35:38.900000Z,38.08,38.37,4.0,3.4,ml,,,EMSC_FDSN
quakeml:eu.emsc/event/20230212_0000209,2023-02-12T13:29:14.100000Z,38.02,38.24,10.0,4.5,mb,,,EMSC_FDSN
quakeml:eu.emsc/event/20230212_0000207,2023-02-12T13:16:42.300000Z,37.5,37.25,11.0,2.7,ml,,,EMSC_FDSN
quakeml:eu.emsc/event/20230212_0000202,2023-02-12T13:07:08.300000Z,37.86,37.83,5.0,3.0,ml,,,EMSC_FDSN
quakeml:eu.emsc/event/20230212_0000198,2023-02-12T12:54:47.100000Z,38.09,36.68,1.0,3.2,ml,,,EMSC_FDSN
quakeml:eu.emsc/event/20230212_0000200,2023-02-12T12:53:44.600000Z,38.15,36.68,7.0,2.5,ml,,,EMSC_FDSN
quakeml:eu.emsc/event/20230212_0000199,2023-02-12T12:51:18.100000Z,37.93,36.28,5.0,3.5,ml,,,EMSC_FDSN
quakeml:eu.emsc/event/20230212_0000196,2023-02-12T12:50:15.900000Z,37.88,36.3,2.0,3.1,ml,,,EMSC_FDSN
quakeml:eu.emsc/event/20230212_0000193,2023-02-12T12:30:39.800000Z,38.02,38.17,5.0,4.1,ml,,,EMSC_FDSN
quakeml:eu.emsc/event/20230212_0000192,2023-02-12T12:25:24.700000Z,36.94,36.71,10.0,4.2,mb,,,EMSC_FDSN
quakeml:eu.emsc/event/20230212_0000189,2023-02-12T12:12:04.200000Z,37.81,36.57,2.0,3.7,ml,,,EMSC_FDSN
quakeml:eu.emsc/event/20230212_0000188,2023-02-12T12:06:37.200000Z,37.99,36.62,5.0,3.3,ml,,,EMSC_FDSN
quakeml:eu.emsc/event/20230212_0000185,2023-02-12T11:47:15.000000Z,38.03,36.48,3.0,3.5,ml,,,EMSC_FDSN
quakeml:eu.emsc/event/20230212_0000180,2023-02-12T11:33:13.600000Z,37.74,37.57,9.0,2.5,ml,,,EMSC_FDSN
quakeml:eu.emsc/event/20230212_0000179,2023-02-12T11:31:10.800000Z,37.82,36.63,3.0,2.5,ml,,,EMSC_FDSN
quakeml:eu.emsc/event/20230212_0000175,2023-02-12T11:00:46.200000Z,38.16,37.82,3.0,2.6,ml,,,EMSC_FDSN
quakeml:eu.emsc/event/20230212_0000176,2023-02-12T10:58:14.100000Z,36.96,36.52,4.0,3.3,ml,,,EMSC_FDSN
quakeml:eu.emsc/event/20230212_0000169,2023-02-12T10:47:13.400000Z,38.22,38.19,6.0,2.6,ml,,,EMSC_FDSN
quakeml:eu.emsc/event/20230212_0000165,2023-02-12T10:41:03.700000Z,38.24,37.4,3.0,3.3,ml,,,EMSC_FDSN
quakeml:eu.emsc/event/20230212_0000163,2023-02-12T10:30:24.200000Z,38.17,37.77,1.0,2.6,ml,,,EMSC_FDSN
quakeml:eu.emsc/event/20230212_0000161,2023-02-12T10:13:21.800000Z,38.14,37.79,1.0,3.2,ml,,,EMSC_FDSN
quakeml:eu.emsc/event/20230212_0000160,2023-02-12T10:06:08.000000Z,38.22,38.21,4.0,2.5,ml,,,EMSC_FDSN
quakeml:eu.emsc/event/20230212_0000156,2023-02-12T10:00:24.600000Z,38.19,38.19,1.0,4.1,mb,,,EMSC_FDSN
quakeml:eu.emsc/event/20230212_0000157,2023-02-12T09:56:04.900000Z,36.61,36.23,5.0,3.7,ml,,,EMSC_FDSN
quakeml:eu.emsc/event/20230212_0000155,2023-02-12T09:54:36.500000Z,38.04,37.4,4.0,3.2,ml,,,EMSC_FDSN
quakeml:eu.emsc/event/20230212_0000152,2023-02-12T09:20:23.500000Z,37.48,37.07,8.0,2.7,ml,,,EMSC_FDSN
quakeml:eu.emsc/event/20230212_0000151,2023-02-12T09:19:05.200000Z,37.01,36.7,10.0,3.1,ml,,,EMSC_FDSN
quakeml:eu.emsc/event/20230212_0000423,2023-02-12T09:15:41.900000Z,37.51,37.32,16.0,2.1,ml,,,EMSC_FDSN
quakeml:eu.emsc/event/20230212_0000150,2023-02-12T09:13:36.600000Z,38.0,36.64,9.0,2.8,ml,,,EMSC_FDSN
quakeml:eu.emsc/event/20230212_0000149,2023-02-12T09:05:08.600000Z,37.88,36.28,5.0,2.9,ml,,,EMSC_FDSN
quakeml:eu.emsc/event/20230212_0000147,2023-02-12T09:02:34.100000Z,38.19,37.82,18.0,3.0,ml,,,EMSC_FDSN
quakeml:eu.emsc/event/20230212_0000146,2023-02-12T08:50:59.300000Z,37.81,36.29,2.0,3.0,ml,,,EMSC_FDSN
quakeml:eu.emsc/event/20230212_0000145,2023-02-12T08:44:20.300000Z,38.01,38.07,2.0,2.5,ml,,,EMSC_FDSN
quakeml:eu.emsc/event/20230212_0000143,2023-02-12T08:38:09.500000Z,38.18,38.02,5.0,3.5,ml,,,EMSC_FDSN
quakeml:eu.emsc/event/20230212_0000142,2023-02-12T08:28:40.400000Z,37.93,37.8,14.0,2.6,ml,,,EMSC_FDSN
quakeml:eu.emsc/event/20230212_0000139,2023-02-12T08:23:41.300000Z,37.15,36.73,7.0,2.7,ml,,,EMSC_FDSN
quakeml:eu.emsc/event/20230212_0000135,2023-02-12T08:14:11.600000Z,38.08,37.28,1.0,3.8,ml,,,EMSC_FDSN
quakeml:eu.emsc/event/20230212_0000133,2023-02-12T07:54:57.400000Z,37.8,37.7,1.0,3.6,ml,,,EMSC_FDSN
quakeml:eu.emsc/event/20230212_0000131,2023-02-12T07:48:54.600000Z,37.88,36.34,6.0,2.6,ml,,,EMSC_FDSN
quakeml:eu.emsc/event/20230212_0000130,2023-02-12T07:37:14.300000Z,38.05,36.6,4.0,3.0,ml,,,EMSC_FDSN
quakeml:eu.emsc/event/20230212_0000127,2023-02-12T07:31:46.200000Z,38.05,37.26,5.0,3.7,ml,,,EMSC_FDSN
quakeml:eu.emsc/event/20230212_0000125,2023-02-12T07:19:30.100000Z,38.11,37.25,5.0,3.2,ml,,,EMSC_FDSN
quakeml:eu.emsc/event/20230212_0000120,2023-02-12T07:04:31.900000Z,38.21,37.06,9.0,2.5,ml,,,EMSC_FDSN
quakeml:eu.emsc/event/20230212_0000128,2023-02-12T07:01:31.700000Z,37.46,36.59,2.0,3.7,ml,,,EMSC_FDSN
quakeml:eu.emsc/event/20230212_0000116,2023-02-12T06:48:36.800000Z,37.1,36.76,5.0,3.7,ml,,,EMSC_FDSN
quakeml:eu.emsc/event/20230212_0000114,2023-02-12T06:35:38.700000Z,38.03,36.58,8.0,2.8,ml,,,EMSC_FDSN
quakeml:eu.emsc/event/20230212_0000112,2023-02-12T06:30:06.100000Z,38.09,36.51,5.0,3.0,ml,,,EMSC_FDSN
quakeml:eu.emsc/event/20230212_0000110,2023-02-12T06:23:51.500000Z,38.3,38.32,5.0,3.0,ml,,,EMSC_FDSN
quakeml:eu.emsc/event/20230212_0000108,2023-02-12T06:11:34.000000Z,37.92,36.65,8.0,2.5,ml,,,EMSC_FDSN
quakeml:eu.emsc/event/20230212_0000105,2023-02-12T06:05:58.600000Z,37.89,36.36,5.0,2.7,ml,,,EMSC_FDSN
quakeml:eu.emsc/event/20230212_0000101,2023-02-12T05:49:39.500000Z,38.08,37.17,7.0,3.0,ml,,,EMSC_FDSN
quakeml:eu.emsc/event/20230212_0000095,2023-02-12T05:33:05.800000Z,38.12,37.97,7.0,2.8,ml,,,EMSC_FDSN
quakeml:eu.emsc/event/20230212_0000091,2023-02-12T05:31:27.400000Z,38.03,37.67,5.0,2.8,ml,,,EMSC_FDSN
quakeml:eu.emsc/event/20230212_0000100,2023-02-12T05:24:31.600000Z,36.6,36.38,10.0,3.5,ml,,,EMSC_FDSN
quakeml:eu.emsc/event/20230212_0000089,2023-02-12T05:18:56.700000Z,38.19,37.73,5.0,2.6,ml,,,EMSC_FDSN
quakeml:eu.emsc/event/20230212_0000094,2023-02-12T05:17:10.700000Z,37.11,36.93,8.0,2.7,ml,,,EMSC_FDSN
quakeml:eu.emsc/event/20230212_0000084,2023-02-12T04:56:27.600000Z,38.01,37.45,4.0,2.7,ml,,,EMSC_FDSN
quakeml:eu.emsc/event/20230212_0000083,2023-02-12T04:52:58.900000Z,37.99,37.47,7.0,4.2,mb,,,EMSC_FDSN
quakeml:eu.emsc/event/20230212_0000078,2023-02-12T04:29:13.800000Z,37.97,38.24,4.0,4.2,mb,,,EMSC_FDSN
quakeml:eu.emsc/event/20230212_0000076,2023-02-12T04:22:34.800000Z,38.05,37.7,5.0,4.0,ml,,,EMSC_FDSN
quakeml:eu.emsc/event/20230212_0000074,2023-02-12T04:16:04.500000Z,37.89,37.79,8.0,2.5,ml,,,EMSC_FDSN
quakeml:eu.emsc/event/20230212_0000072,2023-02-12T04:14:43.300000Z,38.14,37.83,5.0,3.2,ml,,,EMSC_FDSN
quakeml:eu.emsc/event/20230212_0000071,2023-02-12T04:10:23.700000Z,36.96,36.48,12.0,2.6,ml,,,EMSC_FDSN
quakeml:eu.emsc/event/20230212_0000070,2023-02-12T04:07:53.500000Z,37.09,36.71,11.0,2.5,ml,,,EMSC_FDSN
quakeml:eu.emsc/event/20230212_0000069,2023-02-12T04:04:02.300000Z,38.07,37.72,5.0,3.1,ml,,,EMSC_FDSN
quakeml:eu.emsc/event/20230212_0000068,2023-02-12T03:53:30.300000Z,38.07,38.47,5.0,4.0,ml,,,EMSC_FDSN
quakeml:eu.emsc/event/20230212_0000066,2023-02-12T03:51:45.700000Z,38.03,37.54,8.0,2.6,ml,,,EMSC_FDSN
quakeml:eu.emsc/event/20230212_0000065,2023-02-12T03:49:56.200000Z,37.45,36.97,15.0,2.6,ml,,,EMSC_FDSN
quakeml:eu.emsc/event/20230212_0000064,2023-02-12T03:40:39.700000Z,37.47,36.95,4.0,2.5,ml,,,EMSC_FDSN
quakeml:eu.emsc/event/20230212_0000062,2023-02-12T03:33:21.800000Z,37.86,36.67,6.0,3.7,ml,,,EMSC_FDSN
quakeml:eu.emsc/event/20230212_0000061,2023-02-12T03:29:26.700000Z,38.05,37.06,5.0,3.1,ml,,,EMSC_FDSN
quakeml:eu.emsc/event/20230212_0000059,2023-02-12T03:25:22.000000Z,38.23,38.13,5.0,3.1,ml,,,EMSC_FDSN
quakeml:eu.emsc/event/20230212_0000056,2023-02-12T03:11:14.900000Z,38.23,37.09,5.0,2.5,ml,,,EMSC_FDSN
quakeml:eu.emsc/event/20230212_0000055,2023-02-12T02:58:15.900000Z,38.1,37.8,5.0,2.5,ml,,,EMSC_FDSN
quakeml:eu.emsc/event/20230212_0000050,2023-02-12T02:53:04.100000Z,37.04,36.15,1.0,2.8,ml,,,EMSC_FDSN
quakeml:eu.emsc/event/20230212_0000051,2023-02-12T02:46:35.300000Z,37.58,37.27,8.0,2.5,ml,,,EMSC_FDSN
quakeml:eu.emsc/event/20230212_0000049,2023-02-12T02:45:15.600000Z,37.89,36.32,3.0,2.5,ml,,,EMSC_FDSN
quakeml:eu.emsc/event/20230212_0000048,2023-02-12T02:38:27.800000Z,36.95,36.6,10.0,2.8,ml,,,EMSC_FDSN
quakeml:eu.emsc/event/20230212_0000046,2023-02-12T02:35:10.800000Z,37.98,37.47,5.0,3.3,ml,,,EMSC_FDSN
quakeml:eu.emsc/event/20230212_0000042,2023-02-12T02:25:28.800000Z,37.87,36.37,5.0,2.8,ml,,,EMSC_FDSN
quakeml:eu.emsc/event/20230212_0000040,2023-02-12T02:19:01.400000Z,38.06,37.21,6.0,2.5,ml,,,EMSC_FDSN
quakeml:eu.emsc/event/20230212_0000036,2023-02-12T02:04:03.700000Z,38.03,37.59,5.0,2.6,ml,,,EMSC_FDSN
quakeml:eu.emsc/event/20230212_0000032,2023-02-12T01:59:33.800000Z,38.09,36.63,5.0,2.8,ml,,,EMSC_FDSN
quakeml:eu.emsc/event/20230212_0000031,2023-02-12T01:52:28.800000Z,37.98,36.39,4.0,2.9,ml,,,EMSC_FDSN
quakeml:eu.emsc/event/20230212_0000026,2023-02-12T01:27:35.400000Z,38.13,36.97,5.0,2.5,ml,,,EMSC_FDSN
quakeml:eu.emsc/event/20230212_0000025,2023-02-12T01:23:35.600000Z,36.54,36.31,8.0,3.0,ml,,,EMSC_FDSN
quakeml:eu.emsc/event/20230212_0000024,2023-02-12T01:21:58.000000Z,38.07,36.58,5.0,2.8,ml,,,EMSC_FDSN
quakeml:eu.emsc/event/20230212_0000022,2023-02-12T01:20:18.000000Z,37.32,37.05,5.0,2.6,ml,,,EMSC_FDSN
quakeml:eu.emsc/event/20230212_0000021,2023-02-12T01:18:34.200000Z,38.18,38.11,2.0,2.7,ml,,,EMSC_FDSN
quakeml:eu.emsc/event/20230212_0000020,2023-02-12T01:14:56.900000Z,36.77,36.49,9.0,3.4,ml,,,EMSC_FDSN
quakeml:eu.emsc/event/20230212_0000019,2023-02-12T01:13:27.500000Z,38.24,38.16,5.0,3.4,ml,,,EMSC_FDSN
quakeml:eu.emsc/event/20230212_0000018,2023-02-12T01:10:52.900000Z,36.62,36.69,4.0,2.8,ml,,,EMSC_FDSN
quakeml:eu.emsc/event/20230212_0000017,2023-02-12T01:02:45.500000Z,37.58,37.43,5.0,2.7,ml,,,EMSC_FDSN
quakeml:eu.emsc/event/20230212_0000014,2023-02-12T00:51:23.200000Z,38.16,38.09,5.0,3.6,ml,,,EMSC_FDSN
quakeml:eu.emsc/event/20230212_0000006,2023-02-12T00:26:57.200000Z,37.88,36.33,5.0,2.6,ml,,,EMSC_FDSN
quakeml:eu.emsc/event/20230212_0000004,2023-02-12T00:19:39.900000Z,38.12,37.9,2.0,2.9,ml,,,EMSC_FDSN
quakeml:eu.emsc/event/20230212_0000374,2023-02-12T00:12:07.400000Z,38.06,36.56,8.0,2.7,ml,,,EMSC_FDSN
quakeml:eu.emsc/event/20230212_0000002,2023-02-12T00:05:38.500000Z,38.15,37.79,5.0,3.4,ml,,,EMSC_FDSN
quakeml:eu.emsc/event/20230212_0000001,2023-02-12T00:01:59.900000Z,38.08,36.59,5.0,2.6,ml,,,EMSC_FDSN
quakeml:eu.emsc/event/20230211_0000415,2023-02-11T23:50:59.200000Z,37.85,36.63,8.0,3.3,ml,,,EMSC_FDSN
quakeml:eu.emsc/event/20230211_0000416,2023-02-11T23:48:33.400000Z,37.95,37.65,4.0,2.7,ml,,,EMSC_FDSN
quakeml:eu.emsc/event/20230211_0000414,2023-02-11T23:45:32.400000Z,38.03,37.57,5.0,3.1,ml,,,EMSC_FDSN
quakeml:eu.emsc/event/20230211_0000412,2023-02-11T23:37:06.200000Z,38.04,37.84,9.0,2.7,ml,,,EMSC_FDSN
quakeml:eu.emsc/event/20230211_0000413,2023-02-11T23:30:55.100000Z,38.07,36.53,5.0,4.3,ml,,,EMSC_FDSN
quakeml:eu.emsc/event/20230211_0000408,2023-02-11T23:26:49.000000Z,38.08,37.04,4.0,3.8,ml,,,EMSC_FDSN
quakeml:eu.emsc/event/20230211_0000410,2023-02-11T23:25:00.500000Z,37.35,36.88,5.0,3.1,ml,,,EMSC_FDSN
quakeml:eu.emsc/event/20230211_0000407,2023-02-11T23:23:49.700000Z,37.61,37.52,2.0,3.6,ml,,,EMSC_FDSN
quakeml:eu.emsc/event/20230211_0000405,2023-02-11T23:17:22.600000Z,38.1,37.77,10.0,2.8,ml,,,EMSC_FDSN
quakeml:eu.emsc/event/20230211_0000402,2023-02-11T23:15:15.200000Z,37.28,37.03,5.0,2.7,ml,,,EMSC_FDSN
quakeml:eu.emsc/event/20230211_0000401,2023-02-11T23:10:19.700000Z,37.02,36.88,5.0,3.5,ml,,,EMSC_FDSN
quakeml:eu.emsc/event/20230211_0000400,2023-02-11T23:06:17.400000Z,37.5,37.13,9.0,2.6,ml,,,EMSC_FDSN
quakeml:eu.emsc/event/20230211_0000399,2023-02-11T22:56:06.300000Z,38.12,36.69,2.0,2.7,ml,,,EMSC_FDSN
quakeml:eu.emsc/event/20230211_0000398,2023-02-11T22:45:36.400000Z,38.12,37.79,5.0,3.2,ml,,,EMSC_FDSN
quakeml:eu.emsc/event/20230211_0000397,2023-02-11T22:34:04.200000Z,38.22,36.93,13.0,2.9,ml,,,EMSC_FDSN
quakeml:eu.emsc/event/20230211_0000393,2023-02-11T22:32:45.400000Z,38.27,36.93,2.0,2.7,ml,,,EMSC_FDSN
quakeml:eu.emsc/event/20230211_0000391,2023-02-11T22:29:15.400000Z,36.69,36.47,10.0,4.4,mb,,,EMSC_FDSN
quakeml:eu.emsc/event/20230211_0000378,2023-02-11T21:28:27.300000Z,38.08,38.44,1.0,2.5,ml,,,EMSC_FDSN
quakeml:eu.emsc/event/20230211_0000379,2023-02-11T21:21:55.900000Z,38.04,37.0,4.0,3.6,ml,,,EMSC_FDSN
quakeml:eu.emsc/event/20230211_0000377,2023-02-11T21:21:01.600000Z,37.25,36.87,2.0,3.3,ml,,,EMSC_FDSN
quakeml:eu.emsc/event/20230211_0000376,2023-02-11T21:10:20.300000Z,38.02,38.05,8.0,2.7,ml,,,EMSC_FDSN
quakeml:eu.emsc/event/20230211_0000374,2023-02-11T21:07:55.600000Z,38.12,36.67,5.0,2.5,ml,,,EMSC_FDSN
quakeml:eu.emsc/event/20230211_0000370,2023-02-11T21:01:15.500000Z,37.65,37.54,5.0,3.4,ml,,,EMSC_FDSN
quakeml:eu.emsc/event/20230211_0000372,2023-02-11T20:58:30.600000Z,38.11,37.79,8.0,2.9,ml,,,EMSC_FDSN
quakeml:eu.emsc/event/20230211_0000365,2023-02-11T20:44:22.700000Z,37.98,36.59,2.0,2.5,ml,,,EMSC_FDSN
quakeml:eu.emsc/event/20230211_0000362,2023-02-11T20:39:04.000000Z,37.86,37.89,5.0,4.2,mb,,,EMSC_FDSN
quakeml:eu.emsc/event/20230211_0000357,2023-02-11T20:32:02.800000Z,38.12,37.19,5.0,2.7,ml,,,EMSC_FDSN
quakeml:eu.emsc/event/20230211_0000359,2023-02-11T20:27:20.400000Z,38.29,38.12,17.0,2.9,ml,,,EMSC_FDSN
quakeml:eu.emsc/event/20230211_0000358,2023-02-11T20:20:55.200000Z,37.99,38.36,8.0,3.1,ml,,,EMSC_FDSN
quakeml:eu.emsc/event/20230211_0000353,2023-02-11T20:16:49.600000Z,37.87,36.67,5.0,2.7,ml,,,EMSC_FDSN
quakeml:eu.emsc/event/20230211_0000350,2023-02-11T20:07:14.400000Z,38.04,36.57,5.0,2.9,ml,,,EMSC_FDSN
quakeml:eu.emsc/event/20230211_0000351,2023-02-11T20:01:37.600000Z,36.75,36.45,12.0,2.8,ml,,,EMSC_FDSN
quakeml:eu.emsc/event/20230211_0000349,2023-02-11T19:56:36.300000Z,37.4,37.17,8.0,2.5,ml,,,EMSC_FDSN
quakeml:eu.emsc/event/20230211_0000346,2023-02-11T19:48:57.700000Z,38.16,37.92,5.0,3.7,ml,,,EMSC_FDSN
quakeml:eu.emsc/event/20230211_0000340,2023-02-11T19:31:34.300000Z,38.11,36.75,4.0,2.7,ml,,,EMSC_FDSN
quakeml:eu.emsc/event/20230211_0000342,2023-02-11T19:29:24.600000Z,37.93,36.34,5.0,3.1,ml,,,EMSC_FDSN
quakeml:eu.emsc/event/20230211_0000338,2023-02-11T19:16:57.100000Z,37.98,36.46,5.0,3.2,ml,,,EMSC_FDSN
quakeml:eu.emsc/event/20230211_0000337,2023-02-11T19:15:56.300000Z,36.96,36.25,5.0,3.5,ml,,,EMSC_FDSN
quakeml:eu.emsc/event/20230211_0000336,2023-02-11T19:14:23.200000Z,37.96,36.43,2.0,2.6,ml,,,EMSC_FDSN
quakeml:eu.emsc/event/20230211_0000332,2023-02-11T19:02:08.400000Z,37.99,37.48,10.0,2.5,ml,,,EMSC_FDSN
quakeml:eu.emsc/event/20230211_0000328,2023-02-11T18:58:34.800000Z,37.89,36.31,7.0,2.8,ml,,,EMSC_FDSN
quakeml:eu.emsc/event/20230211_0000327,2023-02-11T18:55:52.700000Z,37.9,36.4,5.0,2.8,ml,,,EMSC_FDSN
quakeml:eu.emsc/event/20230211_0000325,2023-02-11T18:37:44.200000Z,38.05,36.48,4.0,2.9,ml,,,EMSC_FDSN
quakeml:eu.emsc/event/20230211_0000320,2023-02-11T18:01:13.900000Z,38.13,37.91,2.0,3.1,ml,,,EMSC_FDSN
quakeml:eu.emsc/event/20230211_0000321,2023-02-11T17:44:20.300000Z,37.31,37.12,6.0,2.7,ml,,,EMSC_FDSN
quakeml:eu.emsc/event/20230211_0000316,2023-02-11T17:34:30.900000Z,38.39,37.71,5.0,2.8,ml,,,EMSC_FDSN
quakeml:eu.emsc/event/20230211_0000315,2023-02-11T17:32:13.700000Z,37.25,36.74,5.0,2.8,ml,,,EMSC_FDSN
quakeml:eu.emsc/event/20230211_0000313,2023-02-11T17:30:55.600000Z,37.88,36.3,2.0,2.6,ml,,,EMSC_FDSN
quakeml:eu.emsc/event/20230211_0000311,2023-02-11T17:15:01.700000Z,38.07,36.96,2.0,3.4,ml,,,EMSC_FDSN
quakeml:eu.emsc/event/20230211_0000309,2023-02-11T17:11:53.200000Z,38.11,38.23,5.0,3.2,ml,,,EMSC_FDSN
quakeml:eu.emsc/event/20230211_0000308,2023-02-11T17:07:16.600000Z,37.21,36.95,6.0,2.6,ml,,,EMSC_FDSN
quakeml:eu.emsc/event/20230211_0000306,2023-02-11T17:01:09.200000Z,37.12,36.69,8.0,3.3,ml,,,EMSC_FDSN
quakeml:eu.emsc/event/20230211_0000303,2023-02-11T16:55:22.400000Z,36.96,36.48,2.0,3.2,ml,,,EMSC_FDSN
quakeml:eu.emsc/event/20230211_0000300,2023-02-11T16:26:07.900000Z,38.04,37.78,7.0,2.8,ml,,,EMSC_FDSN
quakeml:eu.emsc/event/20230211_0000297,2023-02-11T16:22:24.100000Z,37.85,36.52,5.0,2.7,ml,,,EMSC_FDSN
quakeml:eu.emsc/event/20230211_0000294,2023-02-11T16:18:57.500000Z,38.09,36.57,2.0,2.7,ml,,,EMSC_FDSN
quakeml:eu.emsc/event/20230211_0000295,2023-02-11T16:17:05.900000Z,36.88,36.45,5.0,3.0,ml,,,EMSC_FDSN
quakeml:eu.emsc/event/20230211_0000293,2023-02-11T16:15:17.700000Z,38.09,38.01,2.0,2.5,ml,,,EMSC_FDSN
quakeml:eu.emsc/event/20230211_0000292,2023-02-11T16:11:12.000000Z,37.25,37.31,24.0,2.5,ml,,,EMSC_FDSN
quakeml:eu.emsc/event/20230211_0000290,2023-02-11T16:07:56.900000Z,38.15,37.85,5.0,2.6,ml,,,EMSC_FDSN
quakeml:eu.emsc/event/20230211_0000289,2023-02-11T16:03:06.000000Z,37.58,37.3,8.0,2.8,ml,,,EMSC_FDSN
quakeml:eu.emsc/event/20230211_0000287,2023-02-11T16:01:12.900000Z,38.04,36.5,5.0,2.9,ml,,,EMSC_FDSN
quakeml:eu.emsc/event/20230211_0000286,2023-02-11T15:59:03.200000Z,37.87,36.7,5.0,3.1,ml,,,EMSC_FDSN
quakeml:eu.emsc/event/20230211_0000285,2023-02-11T15:45:12.200000Z,38.35,37.92,4.0,2.9,ml,,,EMSC_FDSN
quakeml:eu.emsc/event/20230211_0000283,2023-02-11T15:40:01.900000Z,37.4,36.74,8.0,3.0,ml,,,EMSC_FDSN
quakeml:eu.emsc/event/20230211_0000282,2023-02-11T15:38:40.900000Z,38.1,37.83,4.0,3.3,ml,,,EMSC_FDSN
quakeml:eu.emsc/event/20230211_0000278,2023-02-11T15:31:20.200000Z,38.11,38.22,5.0,2.8,ml,,,EMSC_FDSN
quakeml:eu.emsc/event/20230211_0000270,2023-02-11T15:07:16.600000Z,38.1,37.41,9.0,3.3,ml,,,EMSC_FDSN
quakeml:eu.emsc/event/20230211_0000275,2023-02-11T15:05:33.200000Z,38.08,38.35,8.0,3.0,ml,,,EMSC_FDSN
quakeml:eu.emsc/event/20230211_0000273,2023-02-11T15:04:19.000000Z,37.87,36.3,4.0,2.6,ml,,,EMSC_FDSN
quakeml:eu.emsc/event/20230211_0000266,2023-02-11T14:59:48.300000Z,38.23,37.98,5.0,2.8,ml,,,EMSC_FDSN
quakeml:eu.emsc/event/20230211_0000269,2023-02-11T14:57:16.000000Z,37.98,37.12,6.0,3.3,ml,,,EMSC_FDSN
quakeml:eu.emsc/event/20230211_0000265,2023-02-11T14:54:38.900000Z,38.01,36.48,10.0,3.4,ml,,,EMSC_FDSN
quakeml:eu.emsc/event/20230211_0000264,2023-02-11T14:44:10.500000Z,37.91,36.62,5.0,2.8,ml,,,EMSC_FDSN
quakeml:eu.emsc/event/20230211_0000263,2023-02-11T14:40:41.700000Z,38.02,36.46,5.0,3.8,ml,,,EMSC_FDSN
quakeml:eu.emsc/event/20230211_0000247,2023-02-11T14:38:03.400000Z,38.01,36.46,5.0,4.4,mb,,,EMSC_FDSN
quakeml:eu.emsc/event/20230211_0000245,2023-02-11T14:30:06.100000Z,37.88,36.33,5.0,2.9,ml,,,EMSC_FDSN
quakeml:eu.emsc/event/20230211_0000241,2023-02-11T14:20:54.300000Z,38.2,36.91,5.0,2.6,ml,,,EMSC_FDSN
quakeml:eu.emsc/event/20230211_0000240,2023-02-11T14:11:26.000000Z,37.98,36.35,5.0,4.1,ml,,,EMSC_FDSN
quakeml:eu.emsc/event/20230211_0000238,2023-02-11T14:06:45.800000Z,37.9,36.65,6.0,2.7,ml,,,EMSC_FDSN
quakeml:eu.emsc/event/20230211_0000234,2023-02-11T13:58:18.600000Z,38.01,36.55,5.0,3.5,ml,,,EMSC_FDSN
quakeml:eu.emsc/event/20230211_0000233,2023-02-11T13:57:12.400000Z,38.38,37.47,4.0,2.6,ml,,,EMSC_FDSN
quakeml:eu.emsc/event/20230211_0000231,2023-02-11T13:50:22.400000Z,37.97,36.43,5.0,2.6,ml,,,EMSC_FDSN
quakeml:eu.emsc/event/20230211_0000230,2023-02-11T13:35:05.600000Z,37.45,37.01,6.0,2.5,ml,,,EMSC_FDSN
quakeml:eu.emsc/event/20230211_0000227,2023-02-11T13:23:06.400000Z,38.04,36.86,4.0,3.4,ml,,,EMSC_FDSN
quakeml:eu.emsc/event/20230211_0000222,2023-02-11T13:05:06.700000Z,38.08,37.26,3.0,2.6,ml,,,EMSC_FDSN
quakeml:eu.emsc/event/20230211_0000221,2023-02-11T12:54:58.800000Z,38.08,36.62,4.0,4.1,mb,,,EMSC_FDSN
quakeml:eu.emsc/event/20230211_0000220,2023-02-11T12:50:24.000000Z,38.15,37.91,5.0,3.2,ml,,,EMSC_FDSN
quakeml:eu.emsc/event/20230211_0000218,2023-02-11T12:48:55.600000Z,38.15,37.87,4.0,2.7,ml,,,EMSC_FDSN
quakeml:eu.emsc/event/20230211_0000216,2023-02-11T12:43:51.400000Z,38.3,38.18,5.0,3.1,ml,,,EMSC_FDSN
quakeml:eu.emsc/event/20230211_0000215,2023-02-11T12:31:16.100000Z,38.21,38.1,2.0,3.1,ml,,,EMSC_FDSN
quakeml:eu.emsc/event/20230211_0000213,2023-02-11T12:25:34.500000Z,38.06,37.5,10.0,2.5,ml,,,EMSC_FDSN
quakeml:eu.emsc/event/20230211_0000210,2023-02-11T12:17:55.500000Z,38.13,36.91,3.0,3.0,ml,,,EMSC_FDSN
quakeml:eu.emsc/event/20230211_0000208,2023-02-11T12:16:18.000000Z,37.86,36.66,9.0,2.6,ml,,,EMSC_FDSN
quakeml:eu.emsc/event/20230211_0000206,2023-02-11T12:13:16.400000Z,38.0,36.67,3.0,2.5,ml,,,EMSC_FDSN
quakeml:eu.emsc/event/20230211_0000211,2023-02-11T12:08:14.500000Z,36.52,36.25,2.0,3.2,ml,,,EMSC_FDSN
quakeml:eu.emsc/event/20230211_0000204,2023-02-11T11:59:54.000000Z,37.85,36.7,2.0,3.9,ml,,,EMSC_FDSN
quakeml:eu.emsc/event/20230211_0000203,2023-02-11T11:56:33.800000Z,37.41,36.96,8.0,3.4,ml,,,EMSC_FDSN
quakeml:eu.emsc/event/20230211_0000202,2023-02-11T11:51:41.200000Z,36.53,36.27,2.0,4.4,mb,,,EMSC_FDSN
quakeml:eu.emsc/event/20230211_0000196,2023-02-11T11:44:29.400000Z,38.1,36.54,6.0,2.7,ml,,,EMSC_FDSN
quakeml:eu.emsc/event/20230211_0000195,2023-02-11T11:35:13.800000Z,37.45,36.94,3.0,3.4,ml,,,EMSC_FDSN
quakeml:eu.emsc/event/20230211_0000194,2023-02-11T11:33:26.800000Z,38.15,38.06,12.0,3.4,ml,,,EMSC_FDSN
quakeml:eu.emsc/event/20230211_0000192,2023-02-11T11:31:18.500000Z,38.12,37.81,5.0,3.3,ml,,,EMSC_FDSN
quakeml:eu.emsc/event/20230211_0000190,2023-02-11T11:27:07.400000Z,38.06,37.29,5.0,2.7,ml,,,EMSC_FDSN
quakeml:eu.emsc/event/20230211_0000191,2023-02-11T11:24:19.100000Z,37.95,37.8,22.0,2.6,ml,,,EMSC_FDSN
quakeml:eu.emsc/event/20230211_0000187,2023-02-11T11:07:47.600000Z,38.03,36.76,6.0,2.5,ml,,,EMSC_FDSN
quakeml:eu.emsc/event/20230211_0000188,2023-02-11T11:05:17.100000Z,38.12,36.68,2.0,4.5,mb,,,EMSC_FDSN
quakeml:eu.emsc/event/20230211_0000183,2023-02-11T10:45:44.200000Z,37.9,36.71,11.0,2.7,ml,,,EMSC_FDSN
quakeml:eu.emsc/event/20230211_0000177,2023-02-11T10:36:55.500000Z,38.06,36.82,14.0,2.6,ml,,,EMSC_FDSN
quakeml:eu.emsc/event/20230211_0000174,2023-02-11T10:26:46.900000Z,37.08,36.9,2.0,3.3,ml,,,EMSC_FDSN
quakeml:eu.emsc/event/20230211_0000171,2023-02-11T10:17:37.000000Z,37.21,36.75,14.0,3.1,ml,,,EMSC_FDSN
quakeml:eu.emsc/event/20230211_0000172,2023-02-11T10:14:01.600000Z,38.09,38.28,11.0,2.5,ml,,,EMSC_FDSN
quakeml:eu.emsc/event/20230211_0000170,2023-02-11T10:07:53.100000Z,37.85,37.85,5.0,3.1,ml,,,EMSC_FDSN
quakeml:eu.emsc/event/20230211_0000166,2023-02-11T09:43:41.700000Z,37.94,36.58,5.0,3.0,ml,,,EMSC_FDSN
quakeml:eu.emsc/event/20230211_0000164,2023-02-11T09:37:36.300000Z,38.24,38.14,5.0,2.6,ml,,,EMSC_FDSN
quakeml:eu.emsc/event/20230211_0000165,2023-02-11T09:29:23.800000Z,38.06,36.59,5.0,2.8,ml,,,EMSC_FDSN
quakeml:eu.emsc/event/20230211_0000161,2023-02-11T09:26:09.400000Z,37.99,36.58,8.0,3.0,ml,,,EMSC_FDSN
quakeml:eu.emsc/event/20230211_0000163,2023-02-11T09:24:21.400000Z,38.07,38.19,5.0,3.1,ml,,,EMSC_FDSN
quakeml:eu.emsc/event/20230211_0000455,2023-02-11T09:16:32.900000Z,38.17,38.27,9.0,2.5,ml,,,EMSC_FDSN
quakeml:eu.emsc/event/20230211_0000456,2023-02-11T09:08:58.600000Z,37.37,36.93,13.0,2.0,ml,,,EMSC_FDSN
quakeml:eu.emsc/event/20230211_0000152,2023-02-11T09:07:51.300000Z,38.06,37.54,13.0,2.5,ml,,,EMSC_FDSN
quakeml:eu.emsc/event/20230211_0000150,2023-02-11T09:03:37.100000Z,38.04,38.14,5.0,4.3,mb,,,EMSC_FDSN
quakeml:eu.emsc/event/20230211_0000147,2023-02-11T08:54:50.700000Z,38.3,38.17,10.0,2.6,ml,,,EMSC_FDSN
quakeml:eu.emsc/event/20230211_0000146,2023-02-11T08:52:28.600000Z,38.1,37.21,5.0,2.5,ml,,,EMSC_FDSN
quakeml:eu.emsc/event/20230211_0000144,2023-02-11T08:44:23.300000Z,37.92,36.82,26.0,3.1,ml,,,EMSC_FDSN
quakeml:eu.emsc/event/20230211_0000142,2023-02-11T08:39:33.500000Z,37.56,37.3,2.0,2.7,ml,,,EMSC_FDSN
quakeml:eu.emsc/event/20230211_0000139,2023-02-11T08:33:03.400000Z,37.88,36.38,10.0,2.8,ml,,,EMSC_FDSN
quakeml:eu.emsc/event/20230211_0000138,2023-02-11T08:31:33.600000Z,38.22,37.87,5.0,2.7,ml,,,EMSC_FDSN
quakeml:eu.emsc/event/20230211_0000136,2023-02-11T08:29:31.100000Z,37.32,37.01,7.0,2.9,ml,,,EMSC_FDSN
quakeml:eu.emsc/event/20230211_0000140,2023-02-11T08:24:28.700000Z,38.04,37.67,6.0,3.6,ml,,,EMSC_FDSN
quakeml:eu.emsc/event/20230211_0000132,2023-02-11T08:12:12.700000Z,38.28,38.1,4.0,3.1,ml,,,EMSC_FDSN
quakeml:eu.emsc/event/20230211_0000130,2023-02-11T08:11:13.800000Z,38.12,37.31,4.0,3.3,ml,,,EMSC_FDSN
quakeml:eu.emsc/event/20230211_0000129,2023-02-11T08:04:02.600000Z,38.05,36.48,5.0,2.8,ml,,,EMSC_FDSN
quakeml:eu.emsc/event/20230211_0000128,2023-02-11T07:55:42.500000Z,37.16,36.96,10.0,4.4,mb,,,EMSC_FDSN
quakeml:eu.emsc/event/20230211_0000125,2023-02-11T07:52:38.400000Z,36.93,36.51,20.0,3.0,ml,,,EMSC_FDSN
quakeml:eu.emsc/event/20230211_0000126,2023-02-11T07:48:03.600000Z,38.14,37.83,18.0,2.5,ml,,,EMSC_FDSN
quakeml:eu.emsc/event/20230211_0000124,2023-02-11T07:45:57.700000Z,38.21,37.99,10.0,2.6,ml,,,EMSC_FDSN
quakeml:eu.emsc/event/20230211_0000121,2023-02-11T07:34:01.600000Z,38.09,36.68,6.0,2.5,ml,,,EMSC_FDSN
quakeml:eu.emsc/event/20230211_0000122,2023-02-11T07:28:44.000000Z,38.25,37.96,28.0,2.8,ml,,,EMSC_FDSN
quakeml:eu.emsc/event/20230211_0000119,2023-02-11T07:23:51.400000Z,38.08,37.71,8.0,2.9,ml,,,EMSC_FDSN
quakeml:eu.emsc/event/20230211_0000116,2023-02-11T07:11:52.800000Z,38.32,37.45,5.0,3.1,ml,,,EMSC_FDSN
quakeml:eu.emsc/event/20230211_0000115,2023-02-11T07:01:38.300000Z,38.08,38.44,5.0,2.7,ml,,,EMSC_FDSN
quakeml:eu.emsc/event/20230211_0000113,2023-02-11T06:49:17.600000Z,38.04,38.23,5.0,2.8,ml,,,EMSC_FDSN
quakeml:eu.emsc/event/20230211_0000109,2023-02-11T06:41:53.100000Z,38.04,37.53,9.0,2.5,ml,,,EMSC_FDSN
quakeml:eu.emsc/event/20230211_0000111,2023-02-11T06:38:12.000000Z,37.31,36.86,5.0,3.2,ml,,,EMSC_FDSN
quakeml:eu.emsc/event/20230211_0000105,2023-02-11T06:28:13.100000Z,38.07,36.6,5.0,4.7,mb,,,EMSC_FDSN
quakeml:eu.emsc/event/20230211_0000106,2023-02-11T06:22:50.500000Z,37.79,36.48,5.0,2.8,ml,,,EMSC_FDSN
quakeml:eu.emsc/event/20230211_0000100,2023-02-11T06:06:24.000000Z,37.99,38.2,5.0,4.0,ml,,,EMSC_FDSN
quakeml:eu.emsc/event/20230211_0000103,2023-02-11T05:55:51.600000Z,37.85,36.63,5.0,2.9,ml,,,EMSC_FDSN
quakeml:eu.emsc/event/20230211_0000098,2023-02-11T05:43:13.800000Z,37.84,36.54,8.0,2.5,ml,,,EMSC_FDSN
quakeml:eu.emsc/event/20230211_0000097,2023-02-11T05:26:32.000000Z,38.11,37.72,5.0,3.6,ml,,,EMSC_FDSN
quakeml:eu.emsc/event/20230211_0000096,2023-02-11T05:19:50.200000Z,38.13,38.16,10.0,2.7,ml,,,EMSC_FDSN
quakeml:eu.emsc/event/20230211_0000093,2023-02-11T05:17:11.000000Z,37.89,36.27,5.0,3.0,ml,,,EMSC_FDSN
quakeml:eu.emsc/event/20230211_0000090,2023-02-11T05:09:43.300000Z,38.08,36.47,5.0,3.0,ml,,,EMSC_FDSN
quakeml:eu.emsc/event/20230211_0000089,2023-02-11T05:06:59.300000Z,38.3,38.24,5.0,2.8,ml,,,EMSC_FDSN
quakeml:eu.emsc/event/20230211_0000088,2023-02-11T05:04:23.600000Z,38.1,36.65,4.0,3.0,ml,,,EMSC_FDSN
quakeml:eu.emsc/event/20230211_0000086,2023-02-11T05:03:17.500000Z,38.02,36.46,10.0,2.7,ml,,,EMSC_FDSN
quakeml:eu.emsc/event/20230211_0000085,2023-02-11T04:57:28.000000Z,37.91,36.35,5.0,3.1,ml,,,EMSC_FDSN
quakeml:eu.emsc/event/20230211_0000082,2023-02-11T04:47:04.800000Z,37.84,36.55,5.0,4.2,mb,,,EMSC_FDSN
quakeml:eu.emsc/event/20230211_0000080,2023-02-11T04:38:51.600000Z,36.51,36.65,10.0,3.7,ml,,,EMSC_FDSN
quakeml:eu.emsc/event/20230211_0000079,2023-02-11T04:30:59.800000Z,38.14,37.79,5.0,3.2,ml,,,EMSC_FDSN
quakeml:eu.emsc/event/20230211_0000076,2023-02-11T04:19:05.200000Z,37.55,37.32,13.0,2.7,ml,,,EMSC_FDSN
quakeml:eu.emsc/event/20230211_0000074,2023-02-11T04:13:55.500000Z,38.03,37.42,9.0,2.7,ml,,,EMSC_FDSN
quakeml:eu.emsc/event/20230211_0000072,2023-02-11T04:11:10.100000Z,37.29,37.02,13.0,2.6,ml,,,EMSC_FDSN
quakeml:eu.emsc/event/20230211_0000071,2023-02-11T03:57:36.600000Z,38.05,36.56,5.0,2.7,ml,,,EMSC_FDSN
quakeml:eu.emsc/event/20230211_0000070,2023-02-11T03:46:03.500000Z,38.06,36.6,5.0,3.1,ml,,,EMSC_FDSN
quakeml:eu.emsc/event/20230211_0000069,2023-02-11T03:44:40.500000Z,37.54,37.34,7.0,2.8,ml,,,EMSC_FDSN
quakeml:eu.emsc/event/20230211_0000068,2023-02-11T03:42:27.900000Z,38.05,37.3,5.0,2.8,ml,,,EMSC_FDSN
quakeml:eu.emsc/event/20230211_0000067,2023-02-11T03:38:25.000000Z,37.99,38.4,5.0,4.3,mb,,,EMSC_FDSN
quakeml:eu.emsc/event/20230211_0000066,2023-02-11T03:36:59.700000Z,38.1,37.79,5.0,2.5,ml,,,EMSC_FDSN
quakeml:eu.emsc/event/20230211_0000063,2023-02-11T03:26:47.700000Z,36.88,36.5,14.0,2.9,ml,,,EMSC_FDSN
quakeml:eu.emsc/event/20230211_0000060,2023-02-11T03:16:03.500000Z,38.03,37.62,5.0,2.8,ml,,,EMSC_FDSN
quakeml:eu.emsc/event/20230211_0000059,2023-02-11T03:11:09.400000Z,37.63,37.42,10.0,4.0,ml,,,EMSC_FDSN
quakeml:eu.emsc/event/20230211_0000061,2023-02-11T03:07:02.100000Z,37.87,36.33,4.0,3.2,ml,,,EMSC_FDSN
quakeml:eu.emsc/event/20230211_0000057,2023-02-11T03:02:45.800000Z,38.0,38.11,9.0,2.8,ml,,,EMSC_FDSN
quakeml:eu.emsc/event/20230211_0000053,2023-02-11T02:59:27.100000Z,37.36,36.89,14.0,2.6,ml,,,EMSC_FDSN
quakeml:eu.emsc/event/20230211_0000055,2023-02-11T02:56:18.800000Z,38.06,36.56,5.0,2.8,ml,,,EMSC_FDSN
quakeml:eu.emsc/event/20230211_0000050,2023-02-11T02:51:45.600000Z,38.0,36.48,5.0,3.5,ml,,,EMSC_FDSN
quakeml:eu.emsc/event/20230211_0000048,2023-02-11T02:41:55.300000Z,37.99,36.38,5.0,2.8,ml,,,EMSC_FDSN
quakeml:eu.emsc/event/20230211_0000046,2023-02-11T02:38:53.700000Z,36.96,36.82,2.0,3.3,ml,,,EMSC_FDSN
quakeml:eu.emsc/event/20230211_0000043,2023-02-11T02:34:14.200000Z,38.06,38.44,7.0,2.8,ml,,,EMSC_FDSN
quakeml:eu.emsc/event/20230211_0000042,2023-02-11T02:32:16.300000Z,37.96,36.36,5.0,2.5,ml,,,EMSC_FDSN
quakeml:eu.emsc/event/20230211_0000044,2023-02-11T02:30:14.400000Z,37.87,36.32,5.0,2.9,ml,,,EMSC_FDSN
quakeml:eu.emsc/event/20230211_0000039,2023-02-11T02:26:23.600000Z,38.12,37.33,9.0,2.7,ml,,,EMSC_FDSN
quakeml:eu.emsc/event/20230211_0000038,2023-02-11T02:10:08.300000Z,38.0,36.35,5.0,2.7,ml,,,EMSC_FDSN
quakeml:eu.emsc/event/20230211_0000037,2023-02-11T02:08:51.700000Z,38.1,37.28,5.0,2.8,ml,,,EMSC_FDSN
quakeml:eu.emsc/event/20230211_0000036,2023-02-11T02:03:54.300000Z,37.96,36.33,5.0,3.8,ml,,,EMSC_FDSN
quakeml:eu.emsc/event/20230211_0000031,2023-02-11T01:43:49.600000Z,38.32,38.39,6.0,3.0,ml,,,EMSC_FDSN
quakeml:eu.emsc/event/20230211_0000030,2023-02-11T01:41:06.000000Z,38.02,37.21,5.0,3.2,ml,,,EMSC_FDSN
quakeml:eu.emsc/event/20230211_0000027,2023-02-11T01:36:38.600000Z,37.01,36.99,10.0,3.7,ml,,,EMSC_FDSN
quakeml:eu.emsc/event/20230211_0000026,2023-02-11T01:34:35.400000Z,37.51,37.23,14.0,2.5,ml,,,EMSC_FDSN
quakeml:eu.emsc/event/20230211_0000025,2023-02-11T01:27:27.400000Z,37.9,36.62,6.0,2.8,ml,,,EMSC_FDSN
quakeml:eu.emsc/event/20230211_0000024,2023-02-11T01:21:42.700000Z,36.69,36.2,2.0,3.4,ml,,,EMSC_FDSN
quakeml:eu.emsc/event/20230211_0000018,2023-02-11T00:50:25.700000Z,37.89,36.61,7.0,3.4,ml,,,EMSC_FDSN
quakeml:eu.emsc/event/20230211_0000017,2023-02-11T00:31:12.200000Z,38.03,36.66,1.0,2.9,ml,,,EMSC_FDSN
quakeml:eu.emsc/event/20230211_0000009,2023-02-11T00:24:42.500000Z,36.62,36.46,10.0,4.1,mb,,,EMSC_FDSN
quakeml:eu.emsc/event/20230211_0000015,2023-02-11T00:20:31.300000Z,38.04,36.78,5.0,2.9,ml,,,EMSC_FDSN
quakeml:eu.emsc/event/20230211_0000016,2023-02-11T00:16:40.500000Z,37.81,36.58,8.0,3.0,ml,,,EMSC_FDSN
quakeml:eu.emsc/event/20230211_0000013,2023-02-11T00:15:36.900000Z,38.08,36.55,3.0,2.9,ml,,,EMSC_FDSN
quakeml:eu.emsc/event/20230211_0000008,2023-02-11T00:11:41.500000Z,38.04,36.43,22.0,2.8,ml,,,EMSC_FDSN
quakeml:eu.emsc/event/20230211_0000007,2023-02-11T00:09:27.600000Z,38.09,37.75,5.0,2.7,ml,,,EMSC_FDSN
quakeml:eu.emsc/event/20230211_0000006,2023-02-11T00:06:10.400000Z,38.08,37.74,5.0,3.2,ml,,,EMSC_FDSN
quakeml:eu.emsc/event/20230211_0000004,2023-02-11T00:02:15.300000Z,38.06,36.63,5.0,2.8,ml,,,EMSC_FDSN
quakeml:eu.emsc/event/20230210_0000385,2023-02-10T23:51:19.500000Z,37.85,36.6,2.0,3.0,ml,,,EMSC_FDSN
quakeml:eu.emsc/event/20230210_0000382,2023-02-10T23:31:43.200000Z,37.84,36.67,5.0,3.6,ml,,,EMSC_FDSN
quakeml:eu.emsc/event/20230210_0000377,2023-02-10T23:18:07.000000Z,38.1,37.78,2.0,3.4,ml,,,EMSC_FDSN
quakeml:eu.emsc/event/20230210_0000379,2023-02-10T23:10:27.100000Z,38.14,36.76,5.0,2.6,ml,,,EMSC_FDSN
quakeml:eu.emsc/event/20230210_0000375,2023-02-10T23:04:34.100000Z,38.17,38.27,9.0,2.6,ml,,,EMSC_FDSN
quakeml:eu.emsc/event/20230210_0000371,2023-02-10T22:40:25.400000Z,37.8,37.77,2.0,3.2,ml,,,EMSC_FDSN
quakeml:eu.emsc/event/20230210_0000367,2023-02-10T22:34:11.100000Z,37.48,37.02,5.0,2.5,ml,,,EMSC_FDSN
quakeml:eu.emsc/event/20230210_0000370,2023-02-10T22:31:39.700000Z,38.15,37.06,9.0,2.7,ml,,,EMSC_FDSN
quakeml:eu.emsc/event/20230210_0000366,2023-02-10T22:23:31.700000Z,38.16,37.36,5.0,2.5,ml,,,EMSC_FDSN
quakeml:eu.emsc/event/20230210_0000363,2023-02-10T22:13:01.400000Z,38.13,36.98,9.0,3.8,ml,,,EMSC_FDSN
quakeml:eu.emsc/event/20230210_0000361,2023-02-10T22:04:23.300000Z,37.81,37.63,5.0,2.7,ml,,,EMSC_FDSN
quakeml:eu.emsc/event/20230210_0000362,2023-02-10T22:02:32.400000Z,38.26,38.23,5.0,2.6,ml,,,EMSC_FDSN
quakeml:eu.emsc/event/20230210_0000356,2023-02-10T21:53:44.300000Z,37.68,37.46,6.0,3.0,ml,,,EMSC_FDSN
quakeml:eu.emsc/event/20230210_0000354,2023-02-10T21:44:47.200000Z,38.03,37.42,6.0,3.2,ml,,,EMSC_FDSN
quakeml:eu.emsc/event/20230210_0000355,2023-02-10T21:36:09.800000Z,37.57,37.34,9.0,2.7,ml,,,EMSC_FDSN
quakeml:eu.emsc/event/20230210_0000353,2023-02-10T21:32:07.000000Z,37.95,36.35,5.0,3.3,ml,,,EMSC_FDSN
quakeml:eu.emsc/event/20230210_0000352,2023-02-10T21:23:27.200000Z,38.41,37.68,5.0,2.5,ml,,,EMSC_FDSN
quakeml:eu.emsc/event/20230210_0000350,2023-02-10T21:19:24.300000Z,38.19,37.92,8.0,2.5,ml,,,EMSC_FDSN
quakeml:eu.emsc/event/20230210_0000351,2023-02-10T21:12:02.300000Z,38.2,38.23,4.0,3.6,ml,,,EMSC_FDSN
quakeml:eu.emsc/event/20230210_0000347,2023-02-10T21:04:53.000000Z,37.91,37.85,8.0,2.8,ml,,,EMSC_FDSN
quakeml:eu.emsc/event/20230210_0000345,2023-02-10T21:03:33.800000Z,37.64,37.42,6.0,3.0,ml,,,EMSC_FDSN
quakeml:eu.emsc/event/20230210_0000346,2023-02-10T21:01:25.700000Z,38.1,38.4,5.0,2.6,ml,,,EMSC_FDSN
quakeml:eu.emsc/event/20230210_0000341,2023-02-10T20:59:28.700000Z,37.22,36.95,20.0,2.5,ml,,,EMSC_FDSN
quakeml:eu.emsc/event/20230210_0000343,2023-02-10T20:50:52.400000Z,38.14,36.91,27.0,2.8,ml,,,EMSC_FDSN
quakeml:eu.emsc/event/20230210_0000340,2023-02-10T20:47:00.900000Z,38.22,38.1,5.0,3.2,ml,,,EMSC_FDSN
quakeml:eu.emsc/event/20230210_0000337,2023-02-10T20:43:06.600000Z,38.15,38.13,7.0,3.5,ml,,,EMSC_FDSN
quakeml:eu.emsc/event/20230210_0000333,2023-02-10T20:33:47.300000Z,37.93,37.64,7.0,3.4,ml,,,EMSC_FDSN
quakeml:eu.emsc/event/20230210_0000330,2023-02-10T20:25:16.600000Z,38.0,36.52,5.0,2.9,ml,,,EMSC_FDSN
quakeml:eu.emsc/event/20230210_0000331,2023-02-10T20:19:15.800000Z,37.46,37.0,5.0,2.7,ml,,,EMSC_FDSN
quakeml:eu.emsc/event/20230210_0000338,2023-02-10T20:17:49.300000Z,37.99,37.56,5.0,2.6,ml,,,EMSC_FDSN
quakeml:eu.emsc/event/20230210_0000326,2023-02-10T20:01:30.800000Z,37.81,36.29,5.0,2.7,ml,,,EMSC_FDSN
quakeml:eu.emsc/event/20230210_0000325,2023-02-10T19:56:53.700000Z,37.34,36.85,18.0,2.5,ml,,,EMSC_FDSN
quakeml:eu.emsc/event/20230210_0000318,2023-02-10T19:19:29.900000Z,37.58,37.17,5.0,2.8,ml,,,EMSC_FDSN
quakeml:eu.emsc/event/20230210_0000322,2023-02-10T19:07:32.800000Z,37.92,37.78,6.0,2.5,ml,,,EMSC_FDSN
quakeml:eu.emsc/event/20230210_0000314,2023-02-10T18:56:42.900000Z,38.2,37.95,10.0,2.9,ml,,,EMSC_FDSN
quakeml:eu.emsc/event/20230210_0000312,2023-02-10T18:54:20.600000Z,38.2,37.9,5.0,2.6,ml,,,EMSC_FDSN
quakeml:eu.emsc/event/20230210_0000315,2023-02-10T18:46:38.500000Z,37.97,38.17,8.0,2.7,ml,,,EMSC_FDSN
quakeml:eu.emsc/event/20230210_0000309,2023-02-10T18:33:51.900000Z,38.35,38.4,5.0,2.7,ml,,,EMSC_FDSN
quakeml:eu.emsc/event/20230210_0000308,2023-02-10T18:31:07.000000Z,38.27,38.12,5.0,2.6,ml,,,EMSC_FDSN
quakeml:eu.emsc/event/20230210_0000307,2023-02-10T18:28:33.800000Z,38.16,37.9,5.0,2.8,ml,,,EMSC_FDSN
quakeml:eu.emsc/event/20230210_0000304,2023-02-10T18:26:19.900000Z,38.08,36.78,5.0,4.0,ml,,,EMSC_FDSN
quakeml:eu.emsc/event/20230210_0000301,2023-02-10T18:16:24.700000Z,38.08,37.07,6.0,2.8,ml,,,EMSC_FDSN
quakeml:eu.emsc/event/20230210_0000299,2023-02-10T18:12:50.600000Z,37.14,36.74,6.0,2.7,ml,,,EMSC_FDSN
quakeml:eu.emsc/event/20230210_0000298,2023-02-10T18:09:45.700000Z,37.38,37.15,7.0,2.6,ml,,,EMSC_FDSN
quakeml:eu.emsc/event/20230210_0000296,2023-02-10T18:07:28.400000Z,36.95,36.64,11.0,2.7,ml,,,EMSC_FDSN
quakeml:eu.emsc/event/20230210_0000295,2023-02-10T18:06:09.700000Z,36.9,36.63,10.0,3.1,ml,,,EMSC_FDSN
quakeml:eu.emsc/event/20230210_0000285,2023-02-10T17:35:28.400000Z,38.1,36.92,5.0,3.5,ml,,,EMSC_FDSN
quakeml:eu.emsc/event/20230210_0000300,2023-02-10T17:17:11.700000Z,38.0,37.33,5.0,2.6,ml,,,EMSC_FDSN
quakeml:eu.emsc/event/20230210_0000297,2023-02-10T17:12:02.600000Z,38.03,37.32,4.0,2.6,ml,,,EMSC_FDSN
quakeml:eu.emsc/event/20230210_0000294,2023-02-10T17:10:25.700000Z,37.13,36.67,12.0,2.5,ml,,,EMSC_FDSN
quakeml:eu.emsc/event/20230210_0000292,2023-02-10T17:08:47.000000Z,37.6,37.25,16.0,2.8,ml,,,EMSC_FDSN
quakeml:eu.emsc/event/20230210_0000289,2023-02-10T17:07:37.600000Z,37.49,37.38,21.0,2.8,ml,,,EMSC_FDSN
quakeml:eu.emsc/event/20230210_0000287,2023-02-10T17:04:59.600000Z,37.71,37.6,8.0,2.5,ml,,,EMSC_FDSN
quakeml:eu.emsc/event/20230210_0000279,2023-02-10T17:00:52.300000Z,37.94,36.27,5.0,4.8,mw,,,EMSC_FDSN
quakeml:eu.emsc/event/20230210_0000284,2023-02-10T16:54:18.000000Z,37.3,37.08,5.0,2.5,ml,,,EMSC_FDSN
quakeml:eu.emsc/event/20230210_0000276,2023-02-10T16:43:32.400000Z,37.1,38.25,10.0,3.8,ml,,,EMSC_FDSN
quakeml:eu.emsc/event/20230210_0000280,2023-02-10T16:33:09.300000Z,38.1,37.4,4.0,2.7,ml,,,EMSC_FDSN
quakeml:eu.emsc/event/20230210_0000272,2023-02-10T16:26:14.600000Z,37.69,36.86,2.0,3.8,ml,,,EMSC_FDSN
quakeml:eu.emsc/event/20230210_0000278,2023-02-10T16:23:55.800000Z,37.97,36.46,4.0,2.7,ml,,,EMSC_FDSN
quakeml:eu.emsc/event/20230210_0000274,2023-02-10T16:17:04.700000Z,38.06,36.84,17.0,3.0,ml,,,EMSC_FDSN
quakeml:eu.emsc/event/20230210_0000273,2023-02-10T16:15:38.600000Z,37.88,38.29,5.0,3.1,ml,,,EMSC_FDSN
quakeml:eu.emsc/event/20230210_0000271,2023-02-10T16:10:55.100000Z,37.99,37.77,5.0,2.5,ml,,,EMSC_FDSN
quakeml:eu.emsc/event/20230210_0000266,2023-02-10T16:00:28.700000Z,38.19,38.02,4.0,3.1,ml,,,EMSC_FDSN
quakeml:eu.emsc/event/20230210_0000263,2023-02-10T15:58:57.000000Z,37.99,36.51,5.0,3.4,ml,,,EMSC_FDSN
quakeml:eu.emsc/event/20230210_0000262,2023-02-10T15:53:12.100000Z,37.92,36.43,15.0,2.5,ml,,,EMSC_FDSN
quakeml:eu.emsc/event/20230210_0000257,2023-02-10T15:29:22.000000Z,37.99,37.92,5.0,3.5,ml,,,EMSC_FDSN
quakeml:eu.emsc/event/20230210_0000252,2023-02-10T15:22:16.000000Z,38.07,36.93,5.0,2.7,ml,,,EMSC_FDSN
quakeml:eu.emsc/event/20230210_0000253,2023-02-10T15:10:45.800000Z,37.33,38.05,17.0,2.6,ml,,,EMSC_FDSN
quakeml:eu.emsc/event/20230210_0000251,2023-02-10T15:06:51.200000Z,38.06,36.63,9.0,3.0,ml,,,EMSC_FDSN
quakeml:eu.emsc/event/20230210_0000249,2023-02-10T14:56:12.900000Z,38.38,36.91,29.0,2.7,ml,,,EMSC_FDSN
quakeml:eu.emsc/event/20230210_0000247,2023-02-10T14:38:11.800000Z,38.17,38.01,5.0,2.5,ml,,,EMSC_FDSN
quakeml:eu.emsc/event/20230210_0000240,2023-02-10T14:20:39.100000Z,38.04,37.35,5.0,3.2,ml,,,EMSC_FDSN
quakeml:eu.emsc/event/20230210_0000239,2023-02-10T14:14:29.900000Z,38.06,38.38,5.0,3.5,ml,,,EMSC_FDSN
quakeml:eu.emsc/event/20230210_0000238,2023-02-10T14:12:11.200000Z,38.05,37.31,10.0,3.2,ml,,,EMSC_FDSN
quakeml:eu.emsc/event/20230210_0000237,2023-02-10T14:09:08.000000Z,37.24,37.1,2.0,3.3,ml,,,EMSC_FDSN
quakeml:eu.emsc/event/20230210_0000236,2023-02-10T14:05:00.000000Z,37.35,36.36,16.0,2.5,ml,,,EMSC_FDSN
quakeml:eu.emsc/event/20230210_0000243,2023-02-10T13:59:45.500000Z,38.3,37.17,14.0,2.7,ml,,,EMSC_FDSN
quakeml:eu.emsc/event/20230210_0000222,2023-02-10T13:40:29.600000Z,38.0,38.25,5.0,3.4,ml,,,EMSC_FDSN
quakeml:eu.emsc/event/20230210_0000427,2023-02-10T13:38:53.800000Z,37.89,38.24,5.0,2.5,ml,,,EMSC_FDSN
quakeml:eu.emsc/event/20230210_0000223,2023-02-10T13:37:20.000000Z,37.91,36.34,14.0,2.5,ml,,,EMSC_FDSN
quakeml:eu.emsc/event/20230210_0000220,2023-02-10T13:35:34.200000Z,38.19,36.9,4.0,2.6,ml,,,EMSC_FDSN
quakeml:eu.emsc/event/20230210_0000219,2023-02-10T13:29:13.300000Z,38.23,38.18,5.0,3.6,ml,,,EMSC_FDSN
quakeml:eu.emsc/event/20230210_0000217,2023-02-10T13:24:02.000000Z,38.15,37.75,5.0,2.6,ml,,,EMSC_FDSN
quakeml:eu.emsc/event/20230210_0000216,2023-02-10T13:16:55.300000Z,38.15,36.8,5.0,2.6,ml,,,EMSC_FDSN
quakeml:eu.emsc/event/20230210_0000211,2023-02-10T13:02:42.800000Z,38.2,38.07,5.0,3.5,mb,,,EMSC_FDSN
quakeml:eu.emsc/event/20230210_0000210,2023-02-10T12:57:12.400000Z,36.98,36.42,5.0,2.9,ml,,,EMSC_FDSN
quakeml:eu.emsc/event/20230210_0000208,2023-02-10T12:50:36.800000Z,37.99,37.58,5.0,2.9,ml,,,EMSC_FDSN
quakeml:eu.emsc/event/20230210_0000203,2023-02-10T12:31:23.800000Z,38.21,38.08,5.0,2.9,ml,,,EMSC_FDSN
quakeml:eu.emsc/event/20230210_0000201,2023-02-10T12:09:38.000000Z,37.29,37.19,6.0,2.9,ml,,,EMSC_FDSN
quakeml:eu.emsc/event/20230210_0000198,2023-02-10T12:05:26.400000Z,38.02,36.65,12.0,3.2,ml,,,EMSC_FDSN
quakeml:eu.emsc/event/20230210_0000192,2023-02-10T11:40:03.300000Z,38.08,38.34,5.0,2.8,ml,,,EMSC_FDSN
quakeml:eu.emsc/event/20230210_0000189,2023-02-10T11:14:33.100000Z,38.16,37.89,6.0,2.6,ml,,,EMSC_FDSN
quakeml:eu.emsc/event/20230210_0000188,2023-02-10T11:10:24.600000Z,38.3,38.17,4.0,2.6,ml,,,EMSC_FDSN
quakeml:eu.emsc/event/20230210_0000182,2023-02-10T10:50:45.400000Z,37.09,38.24,3.0,2.8,ml,,,EMSC_FDSN
quakeml:eu.emsc/event/20230210_0000180,2023-02-10T10:44:25.600000Z,38.27,38.29,2.0,3.0,ml,,,EMSC_FDSN
quakeml:eu.emsc/event/20230210_0000178,2023-02-10T10:35:09.800000Z,38.16,38.45,28.0,2.8,ml,,,EMSC_FDSN
quakeml:eu.emsc/event/20230210_0000177,2023-02-10T10:34:06.300000Z,37.83,36.62,12.0,2.9,ml,,,EMSC_FDSN
quakeml:eu.emsc/event/20230210_0000175,2023-02-10T10:29:09.600000Z,38.08,36.71,13.0,2.7,ml,,,EMSC_FDSN
quakeml:eu.emsc/event/20230210_0000172,2023-02-10T10:13:35.300000Z,38.08,36.55,7.0,2.6,ml,,,EMSC_FDSN
quakeml:eu.emsc/event/20230210_0000169,2023-02-10T10:03:14.700000Z,38.19,36.73,28.0,2.9,ml,,,EMSC_FDSN
quakeml:eu.emsc/event/20230210_0000168,2023-02-10T10:01:23.200000Z,38.26,38.16,1.0,4.4,mb,,,EMSC_FDSN
quakeml:eu.emsc/event/20230210_0000165,2023-02-10T09:54:34.900000Z,37.5,37.11,7.0,2.7,ml,,,EMSC_FDSN
quakeml:eu.emsc/event/20230210_0000163,2023-02-10T09:44:56.300000Z,38.13,38.41,8.0,2.7,ml,,,EMSC_FDSN
quakeml:eu.emsc/event/20230210_0000161,2023-02-10T09:36:50.300000Z,38.09,36.65,4.0,2.8,ml,,,EMSC_FDSN
quakeml:eu.emsc/event/20230210_0000160,2023-02-10T09:28:01.800000Z,37.21,36.73,26.0,2.6,ml,,,EMSC_FDSN
quakeml:eu.emsc/event/20230210_0000158,2023-02-10T09:23:37.900000Z,38.06,37.28,10.0,3.1,ml,,,EMSC_FDSN
quakeml:eu.emsc/event/20230210_0000419,2023-02-10T09:02:51.100000Z,37.95,38.22,10.0,4.2,mb,,,EMSC_FDSN
quakeml:eu.emsc/event/20230210_0000155,2023-02-10T08:56:40.700000Z,38.06,38.45,5.0,2.5,ml,,,EMSC_FDSN
quakeml:eu.emsc/event/20230210_0000154,2023-02-10T08:50:56.800000Z,38.12,37.83,4.0,3.1,ml,,,EMSC_FDSN
quakeml:eu.emsc/event/20230210_0000152,2023-02-10T08:46:24.900000Z,37.16,36.82,5.0,2.8,ml,,,EMSC_FDSN
quakeml:eu.emsc/event/20230210_0000150,2023-02-10T08:42:38.300000Z,38.08,36.52,7.0,2.5,ml,,,EMSC_FDSN
quakeml:eu.emsc/event/20230210_0000145,2023-02-10T08:21:03.800000Z,38.1,37.06,5.0,2.9,ml,,,EMSC_FDSN
quakeml:eu.emsc/event/20230210_0000143,2023-02-10T08:16:15.500000Z,38.08,37.4,7.0,2.7,ml,,,EMSC_FDSN
quakeml:eu.emsc/event/20230210_0000141,2023-02-10T08:05:44.700000Z,38.16,38.23,30.0,3.6,ml,,,EMSC_FDSN
quakeml:eu.emsc/event/20230210_0000139,2023-02-10T07:57:02.900000Z,38.0,36.63,5.0,3.5,ml,,,EMSC_FDSN
quakeml:eu.emsc/event/20230210_0000135,2023-02-10T07:29:35.500000Z,38.08,38.33,5.0,3.6,ml,,,EMSC_FDSN
quakeml:eu.emsc/event/20230210_0000130,2023-02-10T07:17:20.800000Z,37.7,38.08,18.0,2.9,ml,,,EMSC_FDSN
quakeml:eu.emsc/event/20230210_0000128,2023-02-10T07:10:41.600000Z,38.01,36.5,2.0,2.9,ml,,,EMSC_FDSN
quakeml:eu.emsc/event/20230210_0000133,2023-02-10T07:04:49.200000Z,37.44,36.77,10.0,4.0,ml,,,EMSC_FDSN
quakeml:eu.emsc/event/20230210_0000125,2023-02-10T07:01:42.500000Z,38.04,37.55,5.0,3.1,ml,,,EMSC_FDSN
quakeml:eu.emsc/event/20230210_0000124,2023-02-10T06:56:56.000000Z,37.48,37.09,5.0,3.4,ml,,,EMSC_FDSN
quakeml:eu.emsc/event/20230210_0000123,2023-02-10T06:46:48.700000Z,38.17,37.89,3.0,2.9,ml,,,EMSC_FDSN
quakeml:eu.emsc/event/20230210_0000119,2023-02-10T06:41:57.000000Z,38.03,37.43,5.0,2.6,ml,,,EMSC_FDSN
quakeml:eu.emsc/event/20230210_0000117,2023-02-10T06:35:36.300000Z,38.1,36.98,5.0,2.7,ml,,,EMSC_FDSN
quakeml:eu.emsc/event/20230210_0000115,2023-02-10T06:27:35.300000Z,38.07,37.17,9.0,2.7,ml,,,EMSC_FDSN
quakeml:eu.emsc/event/20230210_0000113,2023-02-10T06:17:06.300000Z,38.01,37.4,4.0,2.5,ml,,,EMSC_FDSN
quakeml:eu.emsc/event/20230210_0000110,2023-02-10T06:13:56.200000Z,38.21,36.73,3.0,2.5,ml,,,EMSC_FDSN
quakeml:eu.emsc/event/20230210_0000112,2023-02-10T06:07:38.400000Z,38.06,37.49,5.0,2.5,ml,,,EMSC_FDSN
quakeml:eu.emsc/event/20230210_0000100,2023-02-10T05:28:46.800000Z,38.0,36.6,5.0,3.8,ml,,,EMSC_FDSN
quakeml:eu.emsc/event/20230210_0000098,2023-02-10T05:24:16.100000Z,37.99,37.43,7.0,2.6,ml,,,EMSC_FDSN
quakeml:eu.emsc/event/20230210_0000095,2023-02-10T05:23:03.400000Z,37.93,37.97,17.0,2.5,ml,,,EMSC_FDSN
quakeml:eu.emsc/event/20230210_0000093,2023-02-10T05:16:44.600000Z,38.2,38.15,3.0,2.8,ml,,,EMSC_FDSN
quakeml:eu.emsc/event/20230210_0000092,2023-02-10T05:11:25.000000Z,38.07,38.47,10.0,3.2,ml,,,EMSC_FDSN
quakeml:eu.emsc/event/20230210_0000087,2023-02-10T05:03:42.400000Z,38.06,37.17,5.0,3.1,ml,,,EMSC_FDSN
quakeml:eu.emsc/event/20230210_0000086,2023-02-10T04:53:50.100000Z,38.09,38.47,3.0,4.1,ml,,,EMSC_FDSN
quakeml:eu.emsc/event/20230210_0000083,2023-02-10T04:50:23.900000Z,38.22,38.14,10.0,4.7,mb,,,EMSC_FDSN
quakeml:eu.emsc/event/20230210_0000081,2023-02-10T04:40:03.900000Z,37.93,36.44,5.0,3.0,ml,,,EMSC_FDSN
quakeml:eu.emsc/event/20230210_0000077,2023-02-10T04:26:23.900000Z,36.77,36.58,10.0,2.7,ml,,,EMSC_FDSN
quakeml:eu.emsc/event/20230210_0000074,2023-02-10T04:18:02.100000Z,38.11,36.58,7.0,2.5,ml,,,EMSC_FDSN
quakeml:eu.emsc/event/20230210_0000076,2023-02-10T04:11:04.500000Z,38.32,37.32,9.0,2.7,ml,,,EMSC_FDSN
quakeml:eu.emsc/event/20230210_0000071,2023-02-10T03:57:49.100000Z,38.1,38.39,5.0,3.0,ml,,,EMSC_FDSN
quakeml:eu.emsc/event/20230210_0000069,2023-02-10T03:56:04.200000Z,38.15,37.77,5.0,2.8,ml,,,EMSC_FDSN
quakeml:eu.emsc/event/20230210_0000072,2023-02-10T03:54:16.100000Z,38.08,38.48,5.0,2.6,ml,,,EMSC_FDSN
quakeml:eu.emsc/event/20230210_0000068,2023-02-10T03:45:22.400000Z,37.92,36.24,5.0,3.4,ml,,,EMSC_FDSN
quakeml:eu.emsc/event/20230210_0000065,2023-02-10T03:39:54.400000Z,38.07,38.28,6.0,3.1,ml,,,EMSC_FDSN
quakeml:eu.emsc/event/20230210_0000058,2023-02-10T03:22:47.500000Z,37.99,36.36,10.0,3.6,ml,,,EMSC_FDSN
quakeml:eu.emsc/event/20230210_0000059,2023-02-10T03:19:18.000000Z,36.75,36.44,11.0,2.6,ml,,,EMSC_FDSN
quakeml:eu.emsc/event/20230210_0000056,2023-02-10T03:13:07.900000Z,37.2,36.96,11.0,2.8,ml,,,EMSC_FDSN
quakeml:eu.emsc/event/20230210_0000052,2023-02-10T03:10:23.700000Z,38.06,36.63,5.0,2.8,ml,,,EMSC_FDSN
quakeml:eu.emsc/event/20230210_0000049,2023-02-10T03:05:14.200000Z,38.24,37.35,3.0,2.8,ml,,,EMSC_FDSN
quakeml:eu.emsc/event/20230210_0000047,2023-02-10T03:01:02.700000Z,38.07,36.56,4.0,3.3,ml,,,EMSC_FDSN
quakeml:eu.emsc/event/20230210_0000042,2023-02-10T02:41:47.500000Z,36.98,36.7,10.0,3.5,ml,,,EMSC_FDSN
quakeml:eu.emsc/event/20230210_0000041,2023-02-10T02:37:47.400000Z,36.91,36.55,11.0,2.8,ml,,,EMSC_FDSN
quakeml:eu.emsc/event/20230210_0000040,2023-02-10T02:36:23.000000Z,37.85,36.55,8.0,2.8,ml,,,EMSC_FDSN
quakeml:eu.emsc/event/20230210_0000037,2023-02-10T02:34:31.700000Z,38.07,36.66,5.0,2.8,ml,,,EMSC_FDSN
quakeml:eu.emsc/event/20230210_0000036,2023-02-10T02:28:16.300000Z,37.88,37.82,20.0,2.8,ml,,,EMSC_FDSN
quakeml:eu.emsc/event/20230210_0000035,2023-02-10T02:23:42.000000Z,38.11,37.78,5.0,2.5,ml,,,EMSC_FDSN
quakeml:eu.emsc/event/20230210_0000034,2023-02-10T02:12:32.100000Z,37.83,36.64,8.0,2.9,ml,,,EMSC_FDSN
quakeml:eu.emsc/event/20230210_0000032,2023-02-10T02:03:42.500000Z,38.09,38.21,10.0,4.4,mb,,,EMSC_FDSN
quakeml:eu.emsc/event/20230210_0000025,2023-02-10T01:50:59.400000Z,37.89,36.62,10.0,4.7,mb,,,EMSC_FDSN
quakeml:eu.emsc/event/20230210_0000026,2023-02-10T01:48:48.000000Z,38.08,36.6,5.0,2.8,ml,,,EMSC_FDSN
quakeml:eu.emsc/event/20230210_0000024,2023-02-10T01:47:44.000000Z,38.05,36.54,5.0,2.6,ml,,,EMSC_FDSN
quakeml:eu.emsc/event/20230210_0000023,2023-02-10T01:44:52.600000Z,37.96,36.86,5.0,2.5,ml,,,EMSC_FDSN
quakeml:eu.emsc/event/20230210_0000020,2023-02-10T01:28:13.800000Z,37.46,36.97,5.0,2.9,ml,,,EMSC_FDSN
quakeml:eu.emsc/event/20230210_0000018,2023-02-10T01:20:46.000000Z,37.82,36.45,9.0,2.5,ml,,,EMSC_FDSN
quakeml:eu.emsc/event/20230210_0000019,2023-02-10T01:15:04.000000Z,37.96,36.5,5.0,3.3,ml,,,EMSC_FDSN
quakeml:eu.emsc/event/20230210_0000017,2023-02-10T01:12:19.800000Z,37.33,37.03,5.0,2.7,ml,,,EMSC_FDSN
quakeml:eu.emsc/event/20230210_0000016,2023-02-10T01:04:10.800000Z,37.96,37.39,4.0,3.1,ml,,,EMSC_FDSN
quakeml:eu.emsc/event/20230210_0000012,2023-02-10T01:01:52.900000Z,38.08,36.55,3.0,3.1,ml,,,EMSC_FDSN
quakeml:eu.emsc/event/20230210_0000014,2023-02-10T00:53:42.400000Z,38.08,37.72,3.0,3.2,ml,,,EMSC_FDSN
quakeml:eu.emsc/event/20230210_0000013,2023-02-10T00:41:53.100000Z,37.54,35.85,12.0,2.5,ml,,,EMSC_FDSN
quakeml:eu.emsc/event/20230210_0000010,2023-02-10T00:39:24.100000Z,37.81,36.47,7.0,2.8,ml,,,EMSC_FDSN
quakeml:eu.emsc/event/20230210_0000011,2023-02-10T00:37:03.900000Z,38.14,36.74,10.0,2.5,ml,,,EMSC_FDSN
quakeml:eu.emsc/event/20230210_0000009,2023-02-10T00:34:12.800000Z,37.32,36.84,5.0,2.7,ml,,,EMSC_FDSN
quakeml:eu.emsc/event/20230210_0000008,2023-02-10T00:31:03.800000Z,37.83,36.46,4.0,2.5,ml,,,EMSC_FDSN
quakeml:eu.emsc/event/20230210_0000007,2023-02-10T00:27:56.300000Z,38.12,38.44,8.0,3.0,ml,,,EMSC_FDSN
quakeml:eu.emsc/event/20230210_0000015,2023-02-10T00:21:36.800000Z,38.02,37.59,5.0,2.8,ml,,,EMSC_FDSN
quakeml:eu.emsc/event/20230210_0000005,2023-02-10T00:07:07.800000Z,38.11,36.74,5.0,2.9,ml,,,EMSC_FDSN
quakeml:eu.emsc/event/20230210_0000002,2023-02-10T00:05:39.300000Z,38.15,36.65,5.0,2.5,ml,,,EMSC_FDSN
quakeml:eu.emsc/event/20230210_0000001,2023-02-10T00:01:27.700000Z,38.26,38.23,6.0,3.8,ml,,,EMSC_FDSN
quakeml:eu.emsc/event/20230209_0000505,2023-02-09T23:48:31.900000Z,38.0,36.51,3.0,3.8,ml,,,EMSC_FDSN
quakeml:eu.emsc/event/20230209_0000501,2023-02-09T23:41:52.400000Z,38.06,36.5,4.0,2.7,ml,,,EMSC_FDSN
quakeml:eu.emsc/event/20230209_0000499,2023-02-09T23:36:12.800000Z,38.18,37.9,5.0,2.7,ml,,,EMSC_FDSN
quakeml:eu.emsc/event/20230209_0000497,2023-02-09T23:25:52.800000Z,37.81,37.08,21.0,2.7,ml,,,EMSC_FDSN
quakeml:eu.emsc/event/20230209_0000496,2023-02-09T23:23:36.200000Z,37.86,37.78,5.0,2.6,ml,,,EMSC_FDSN
quakeml:eu.emsc/event/20230209_0000495,2023-02-09T23:17:47.700000Z,38.19,37.34,3.0,2.7,ml,,,EMSC_FDSN
quakeml:eu.emsc/event/20230209_0000491,2023-02-09T23:11:08.400000Z,37.9,37.81,5.0,2.7,ml,,,EMSC_FDSN
quakeml:eu.emsc/event/20230209_0000489,2023-02-09T23:09:41.000000Z,37.51,37.17,7.0,2.6,ml,,,EMSC_FDSN
quakeml:eu.emsc/event/20230209_0000487,2023-02-09T23:02:37.800000Z,38.07,36.5,5.0,3.2,ml,,,EMSC_FDSN
quakeml:eu.emsc/event/20230209_0000488,2023-02-09T23:00:42.900000Z,37.91,36.2,5.0,2.9,ml,,,EMSC_FDSN
quakeml:eu.emsc/event/20230209_0000486,2023-02-09T22:53:42.900000Z,38.31,37.34,5.0,3.1,ml,,,EMSC_FDSN
quakeml:eu.emsc/event/20230209_0000485,2023-02-09T22:52:06.500000Z,37.39,36.98,6.0,2.8,ml,,,EMSC_FDSN
quakeml:eu.emsc/event/20230209_0000484,2023-02-09T22:44:38.700000Z,38.04,36.51,6.0,2.6,ml,,,EMSC_FDSN
quakeml:eu.emsc/event/20230209_0000483,2023-02-09T22:41:29.700000Z,37.88,36.67,9.0,2.6,ml,,,EMSC_FDSN
quakeml:eu.emsc/event/20230209_0000481,2023-02-09T22:10:39.300000Z,37.98,37.62,5.0,2.6,ml,,,EMSC_FDSN
quakeml:eu.emsc/event/20230209_0000477,2023-02-09T22:06:40.200000Z,37.08,36.68,10.0,4.2,mb,,,EMSC_FDSN
quakeml:eu.emsc/event/20230209_0000480,2023-02-09T22:01:35.600000Z,37.77,36.49,5.0,3.0,ml,,,EMSC_FDSN
quakeml:eu.emsc/event/20230209_0000509,2023-02-09T21:58:51.900000Z,38.15,37.89,5.0,2.5,ml,,,EMSC_FDSN
quakeml:eu.emsc/event/20230209_0000475,2023-02-09T21:46:31.000000Z,37.24,36.83,10.0,4.1,mb,,,EMSC_FDSN
quakeml:eu.emsc/event/20230209_0000472,2023-02-09T21:35:47.600000Z,38.09,37.04,5.0,2.7,ml,,,EMSC_FDSN
quakeml:eu.emsc/event/20230209_0000464,2023-02-09T21:27:30.500000Z,37.29,37.1,6.0,3.0,ml,,,EMSC_FDSN
quakeml:eu.emsc/event/20230209_0000462,2023-02-09T21:22:50.200000Z,38.18,37.85,5.0,2.5,ml,,,EMSC_FDSN
quakeml:eu.emsc/event/20230209_0000460,2023-02-09T21:21:50.200000Z,38.22,37.87,9.0,2.6,ml,,,EMSC_FDSN
quakeml:eu.emsc/event/20230209_0000459,2023-02-09T21:20:03.800000Z,38.0,37.56,5.0,2.6,ml,,,EMSC_FDSN
quakeml:eu.emsc/event/20230209_0000458,2023-02-09T21:17:49.400000Z,37.89,36.66,19.0,2.6,ml,,,EMSC_FDSN
quakeml:eu.emsc/event/20230209_0000467,2023-02-09T21:12:57.900000Z,37.47,37.04,7.0,2.5,ml,,,EMSC_FDSN
quakeml:eu.emsc/event/20230209_0000456,2023-02-09T21:02:10.300000Z,37.42,37.04,6.0,3.0,ml,,,EMSC_FDSN
quakeml:eu.emsc/event/20230209_0000455,2023-02-09T20:57:56.900000Z,37.46,37.1,6.0,2.5,ml,,,EMSC_FDSN
quakeml:eu.emsc/event/20230209_0000454,2023-02-09T20:49:04.100000Z,38.25,38.11,8.0,2.7,ml,,,EMSC_FDSN
quakeml:eu.emsc/event/20230209_0000451,2023-02-09T20:45:21.900000Z,38.02,36.5,5.0,3.0,ml,,,EMSC_FDSN
quakeml:eu.emsc/event/20230209_0000449,2023-02-09T20:40:35.100000Z,38.04,37.29,4.0,3.2,ml,,,EMSC_FDSN
quakeml:eu.emsc/event/20230209_0000445,2023-02-09T20:34:57.100000Z,38.06,36.57,4.0,2.7,ml,,,EMSC_FDSN
quakeml:eu.emsc/event/20230209_0000440,2023-02-09T20:25:26.800000Z,37.89,36.26,5.0,2.7,ml,,,EMSC_FDSN
quakeml:eu.emsc/event/20230209_0000444,2023-02-09T20:20:36.000000Z,38.01,38.27,15.0,2.7,ml,,,EMSC_FDSN
quakeml:eu.emsc/event/20230209_0000438,2023-02-09T20:09:56.200000Z,37.98,36.46,6.0,2.5,ml,,,EMSC_FDSN
quakeml:eu.emsc/event/20230209_0000433,2023-02-09T19:58:33.300000Z,38.13,38.11,7.0,3.9,ml,,,EMSC_FDSN
quakeml:eu.emsc/event/20230209_0000446,2023-02-09T19:48:41.800000Z,36.97,36.62,5.0,2.9,ml,,,EMSC_FDSN
quakeml:eu.emsc/event/20230209_0000429,2023-02-09T19:37:45.700000Z,38.01,36.51,3.0,3.6,ml,,,EMSC_FDSN
quakeml:eu.emsc/event/20230209_0000437,2023-02-09T19:35:08.600000Z,38.3,38.08,5.0,3.3,ml,,,EMSC_FDSN
quakeml:eu.emsc/event/20230209_0000432,2023-02-09T19:32:57.100000Z,38.13,37.9,7.0,2.5,ml,,,EMSC_FDSN
quakeml:eu.emsc/event/20230209_0000431,2023-02-09T19:25:54.800000Z,38.19,38.05,5.0,3.2,ml,,,EMSC_FDSN
quakeml:eu.emsc/event/20230209_0000443,2023-02-09T19:23:02.800000Z,37.67,37.46,7.0,2.9,ml,,,EMSC_FDSN
quakeml:eu.emsc/event/20230209_0000427,2023-02-09T19:21:04.800000Z,38.02,36.45,3.0,3.1,ml,,,EMSC_FDSN
quakeml:eu.emsc/event/20230209_0000426,2023-02-09T19:18:52.800000Z,38.1,36.5,5.0,3.1,ml,,,EMSC_FDSN
quakeml:eu.emsc/event/20230209_0000425,2023-02-09T19:15:27.100000Z,38.38,36.78,23.0,2.5,ml,,,EMSC_FDSN
quakeml:eu.emsc/event/20230209_0000436,2023-02-09T19:12:00.600000Z,38.05,36.69,8.0,2.6,ml,,,EMSC_FDSN
quakeml:eu.emsc/event/20230209_0000424,2023-02-09T19:10:35.900000Z,38.26,38.08,2.0,2.7,ml,,,EMSC_FDSN
quakeml:eu.emsc/event/20230209_0000418,2023-02-09T19:04:45.400000Z,38.08,36.99,8.0,2.8,ml,,,EMSC_FDSN
quakeml:eu.emsc/event/20230209_0000413,2023-02-09T18:52:33.800000Z,38.12,37.03,5.0,3.5,ml,,,EMSC_FDSN
quakeml:eu.emsc/event/20230209_0000441,2023-02-09T18:46:36.700000Z,36.63,36.47,5.0,2.9,ml,,,EMSC_FDSN
quakeml:eu.emsc/event/20230209_0000420,2023-02-09T18:38:50.000000Z,38.12,36.62,8.0,2.5,ml,,,EMSC_FDSN
quakeml:eu.emsc/event/20230209_0000409,2023-02-09T18:36:11.400000Z,37.3,37.08,2.0,3.6,ml,,,EMSC_FDSN
quakeml:eu.emsc/event/20230209_0000411,2023-02-09T18:30:40.900000Z,38.08,36.51,8.0,2.8,ml,,,EMSC_FDSN
quakeml:eu.emsc/event/20230209_0000414,2023-02-09T18:25:52.200000Z,38.1,37.79,5.0,2.9,ml,,,EMSC_FDSN
quakeml:eu.emsc/event/20230209_0000410,2023-02-09T18:21:46.500000Z,37.97,36.69,3.0,3.1,ml,,,EMSC_FDSN
quakeml:eu.emsc/event/20230209_0000421,2023-02-09T18:20:20.100000Z,37.71,37.4,10.0,2.6,ml,,,EMSC_FDSN
quakeml:eu.emsc/event/20230209_0000399,2023-02-09T18:05:52.700000Z,38.05,37.2,6.0,2.6,ml,,,EMSC_FDSN
quakeml:eu.emsc/event/20230209_0000403,2023-02-09T18:00:35.700000Z,38.04,36.4,5.0,2.5,ml,,,EMSC_FDSN
quakeml:eu.emsc/event/20230209_0000391,2023-02-09T17:51:51.000000Z,38.1,36.49,3.0,4.0,ml,,,EMSC_FDSN
quakeml:eu.emsc/event/20230209_0000388,2023-02-09T17:39:32.900000Z,38.06,36.57,17.0,2.8,ml,,,EMSC_FDSN
quakeml:eu.emsc/event/20230209_0000384,2023-02-09T17:34:37.500000Z,37.51,37.42,5.0,2.7,ml,,,EMSC_FDSN
quakeml:eu.emsc/event/20230209_0000381,2023-02-09T17:28:11.500000Z,38.16,37.85,22.0,2.5,ml,,,EMSC_FDSN
quakeml:eu.emsc/event/20230209_0000378,2023-02-09T17:20:22.700000Z,37.0,36.42,7.0,3.2,ml,,,EMSC_FDSN
quakeml:eu.emsc/event/20230209_0000373,2023-02-09T17:10:32.100000Z,37.31,37.09,3.0,2.7,ml,,,EMSC_FDSN
quakeml:eu.emsc/event/20230209_0000366,2023-02-09T17:04:26.600000Z,37.97,36.48,5.0,2.5,ml,,,EMSC_FDSN
quakeml:eu.emsc/event/20230209_0000368,2023-02-09T17:00:35.800000Z,37.44,37.0,5.0,2.6,ml,,,EMSC_FDSN
quakeml:eu.emsc/event/20230209_0000372,2023-02-09T16:58:40.700000Z,38.02,37.5,5.0,2.8,ml,,,EMSC_FDSN
quakeml:eu.emsc/event/20230209_0000370,2023-02-09T16:56:00.300000Z,37.0,36.41,12.0,2.9,ml,,,EMSC_FDSN
quakeml:eu.emsc/event/20230209_0000369,2023-02-09T16:53:02.200000Z,37.39,36.94,6.0,2.6,ml,,,EMSC_FDSN
quakeml:eu.emsc/event/20230209_0000367,2023-02-09T16:49:44.000000Z,38.06,36.5,5.0,2.8,ml,,,EMSC_FDSN
quakeml:eu.emsc/event/20230209_0000412,2023-02-09T16:47:44.000000Z,37.9,37.93,5.0,3.2,ml,,,EMSC_FDSN
quakeml:eu.emsc/event/20230209_0000358,2023-02-09T16:30:23.600000Z,38.02,38.21,5.0,3.6,ml,,,EMSC_FDSN
quakeml:eu.emsc/event/20230209_0000349,2023-02-09T16:20:28.700000Z,37.17,37.03,4.0,2.5,ml,,,EMSC_FDSN
quakeml:eu.emsc/event/20230209_0000361,2023-02-09T16:15:34.100000Z,37.38,36.88,5.0,2.5,ml,,,EMSC_FDSN
quakeml:eu.emsc/event/20230209_0000357,2023-02-09T16:14:31.900000Z,37.53,37.17,5.0,2.6,ml,,,EMSC_FDSN
quakeml:eu.emsc/event/20230209_0000350,2023-02-09T16:08:55.700000Z,38.07,36.63,5.0,2.9,ml,,,EMSC_FDSN
quakeml:eu.emsc/event/20230209_0000360,2023-02-09T16:01:05.700000Z,38.06,38.36,4.0,3.0,ml,,,EMSC_FDSN
quakeml:eu.emsc/event/20230209_0000342,2023-02-09T15:55:06.600000Z,38.04,37.45,6.0,2.5,ml,,,EMSC_FDSN
quakeml:eu.emsc/event/20230209_0000348,2023-02-09T15:50:53.300000Z,37.19,36.75,7.0,3.2,ml,,,EMSC_FDSN
quakeml:eu.emsc/event/20230209_0000345,2023-02-09T15:49:15.900000Z,38.04,36.58,5.0,3.2,ml,,,EMSC_FDSN
quakeml:eu.emsc/event/20230209_0000341,2023-02-09T15:47:36.900000Z,37.34,36.86,5.0,3.0,ml,,,EMSC_FDSN
quakeml:eu.emsc/event/20230209_0000339,2023-02-09T15:46:08.700000Z,37.35,36.89,6.0,2.5,ml,,,EMSC_FDSN
quakeml:eu.emsc/event/20230209_0000337,2023-02-09T15:42:07.600000Z,37.42,36.97,3.0,3.0,ml,,,EMSC_FDSN
quakeml:eu.emsc/event/20230209_0000335,2023-02-09T15:34:17.200000Z,37.98,36.4,13.0,2.8,ml,,,EMSC_FDSN
quakeml:eu.emsc/event/20230209_0000336,2023-02-09T15:30:44.100000Z,38.25,37.03,5.0,2.5,ml,,,EMSC_FDSN
quakeml:eu.emsc/event/20230209_0000330,2023-02-09T15:21:07.900000Z,38.04,37.7,5.0,3.2,ml,,,EMSC_FDSN
quakeml:eu.emsc/event/20230209_0000329,2023-02-09T15:18:50.500000Z,37.32,37.07,8.0,3.8,ml,,,EMSC_FDSN
quakeml:eu.emsc/event/20230209_0000471,2023-02-09T15:11:21.800000Z,37.38,36.94,5.0,2.7,ml,,,EMSC_FDSN
quakeml:eu.emsc/event/20230209_0000325,2023-02-09T15:03:10.800000Z,38.22,38.07,9.0,2.6,ml,,,EMSC_FDSN
quakeml:eu.emsc/event/20230209_0000322,2023-02-09T14:55:01.800000Z,38.08,37.47,2.0,2.5,ml,,,EMSC_FDSN
quakeml:eu.emsc/event/20230209_0000307,2023-02-09T14:37:41.700000Z,37.03,36.73,2.0,3.7,ml,,,EMSC_FDSN
quakeml:eu.emsc/event/20230209_0000311,2023-02-09T14:34:28.800000Z,37.9,36.63,2.0,2.8,ml,,,EMSC_FDSN
quakeml:eu.emsc/event/20230209_0000301,2023-02-09T14:23:38.000000Z,38.25,38.13,4.0,2.6,ml,,,EMSC_FDSN
quakeml:eu.emsc/event/20230209_0000297,2023-02-09T14:17:45.700000Z,38.19,37.84,5.0,3.9,ml,,,EMSC_FDSN
quakeml:eu.emsc/event/20230209_0000302,2023-02-09T14:14:53.800000Z,38.09,36.62,5.0,3.2,ml,,,EMSC_FDSN
quakeml:eu.emsc/event/20230209_0000295,2023-02-09T14:06:25.600000Z,37.99,36.52,5.0,2.5,ml,,,EMSC_FDSN
quakeml:eu.emsc/event/20230209_0000324,2023-02-09T13:58:55.300000Z,37.79,37.43,4.0,2.7,ml,,,EMSC_FDSN
quakeml:eu.emsc/event/20230209_0000276,2023-02-09T13:56:33.200000Z,38.19,37.19,5.0,2.8,ml,,,EMSC_FDSN
quakeml:eu.emsc/event/20230209_0000273,2023-02-09T13:39:50.700000Z,37.36,36.71,10.0,2.5,ml,,,EMSC_FDSN
quakeml:eu.emsc/event/20230209_0000270,2023-02-09T13:34:13.200000Z,38.05,36.7,7.0,3.3,ml,,,EMSC_FDSN
quakeml:eu.emsc/event/20230209_0000268,2023-02-09T13:27:51.700000Z,38.14,37.81,5.0,4.2,ml,,,EMSC_FDSN
quakeml:eu.emsc/event/20230209_0000266,2023-02-09T13:20:31.800000Z,38.18,36.77,5.0,2.6,ml,,,EMSC_FDSN
quakeml:eu.emsc/event/20230209_0000265,2023-02-09T13:14:52.800000Z,37.99,36.36,4.0,2.7,ml,,,EMSC_FDSN
quakeml:eu.emsc/event/20230209_0000263,2023-02-09T13:11:46.900000Z,36.52,36.48,5.0,3.2,ml,,,EMSC_FDSN
quakeml:eu.emsc/event/20230209_0000334,2023-02-09T13:05:26.000000Z,37.59,37.92,5.0,2.5,ml,,,EMSC_FDSN
quakeml:eu.emsc/event/20230209_0000262,2023-02-09T13:02:29.000000Z,38.12,37.93,13.0,2.9,ml,,,EMSC_FDSN
quakeml:eu.emsc/event/20230209_0000259,2023-02-09T12:54:41.100000Z,38.12,36.83,3.0,3.1,ml,,,EMSC_FDSN
quakeml:eu.emsc/event/20230209_0000257,2023-02-09T12:52:23.400000Z,38.05,36.51,5.0,3.3,ml,,,EMSC_FDSN
quakeml:eu.emsc/event/20230209_0000255,2023-02-09T12:48:03.300000Z,37.76,35.63,5.0,3.0,ml,,,EMSC_FDSN
quakeml:eu.emsc/event/20230209_0000254,2023-02-09T12:46:08.100000Z,37.93,38.08,7.0,2.9,ml,,,EMSC_FDSN
quakeml:eu.emsc/event/20230209_0000253,2023-02-09T12:45:05.300000Z,38.11,37.78,2.0,3.0,ml,,,EMSC_FDSN
quakeml:eu.emsc/event/20230209_0000251,2023-02-09T12:39:44.500000Z,36.96,36.55,8.0,3.4,ml,,,EMSC_FDSN
quakeml:eu.emsc/event/20230209_0000249,2023-02-09T12:35:21.400000Z,37.7,37.37,8.0,3.4,ml,,,EMSC_FDSN
quakeml:eu.emsc/event/20230209_0000246,2023-02-09T12:27:46.900000Z,38.04,37.64,5.0,2.7,ml,,,EMSC_FDSN
quakeml:eu.emsc/event/20230209_0000343,2023-02-09T12:11:38.800000Z,38.08,38.2,10.0,2.7,ml,,,EMSC_FDSN
quakeml:eu.emsc/event/20230209_0000244,2023-02-09T12:08:33.600000Z,38.29,38.22,5.0,3.0,ml,,,EMSC_FDSN
quakeml:eu.emsc/event/20230209_0000243,2023-02-09T12:05:22.100000Z,37.95,36.59,13.0,2.6,ml,,,EMSC_FDSN
quakeml:eu.emsc/event/20230209_0000242,2023-02-09T11:55:10.000000Z,38.05,38.25,5.0,2.7,ml,,,EMSC_FDSN
quakeml:eu.emsc/event/20230209_0000240,2023-02-09T11:50:32.000000Z,38.01,36.41,5.0,3.0,ml,,,EMSC_FDSN
quakeml:eu.emsc/event/20230209_0000239,2023-02-09T11:48:30.700000Z,38.04,37.71,5.0,3.9,ml,,,EMSC_FDSN
quakeml:eu.emsc/event/20230209_0000232,2023-02-09T11:26:32.200000Z,38.25,38.02,8.0,2.5,ml,,,EMSC_FDSN
quakeml:eu.emsc/event/20230209_0000234,2023-02-09T11:23:10.700000Z,38.05,36.6,5.0,3.3,ml,,,EMSC_FDSN
quakeml:eu.emsc/event/20230209_0000229,2023-02-09T11:17:31.500000Z,38.01,37.64,7.0,2.6,ml,,,EMSC_FDSN
quakeml:eu.emsc/event/20230209_0000230,2023-02-09T11:14:50.100000Z,38.05,37.7,4.0,3.3,ml,,,EMSC_FDSN
quakeml:eu.emsc/event/20230209_0000226,2023-02-09T11:11:26.400000Z,38.03,38.06,14.0,3.1,ml,,,EMSC_FDSN
quakeml:eu.emsc/event/20230209_0000224,2023-02-09T11:00:57.800000Z,37.93,37.95,6.0,2.5,ml,,,EMSC_FDSN
quakeml:eu.emsc/event/20230209_0000223,2023-02-09T10:55:55.200000Z,38.01,37.42,3.0,3.5,ml,,,EMSC_FDSN
quakeml:eu.emsc/event/20230209_0000217,2023-02-09T10:49:20.900000Z,38.29,38.14,5.0,2.5,ml,,,EMSC_FDSN
quakeml:eu.emsc/event/20230209_0000213,2023-02-09T10:42:30.800000Z,37.26,36.79,10.0,4.4,ml,,,EMSC_FDSN
quakeml:eu.emsc/event/20230209_0000211,2023-02-09T10:39:09.300000Z,38.08,36.11,5.0,3.0,ml,,,EMSC_FDSN
quakeml:eu.emsc/event/20230209_0000208,2023-02-09T10:32:38.800000Z,38.06,38.38,5.0,3.9,ml,,,EMSC_FDSN
quakeml:eu.emsc/event/20230209_0000207,2023-02-09T10:27:17.000000Z,38.06,36.56,5.0,3.5,ml,,,EMSC_FDSN
quakeml:eu.emsc/event/20230209_0000204,2023-02-09T10:21:18.600000Z,37.88,36.37,10.0,2.8,ml,,,EMSC_FDSN
quakeml:eu.emsc/event/20230209_0000201,2023-02-09T10:07:36.000000Z,37.46,36.95,5.0,2.8,ml,,,EMSC_FDSN
quakeml:eu.emsc/event/20230209_0000199,2023-02-09T09:56:20.400000Z,38.08,38.34,10.0,2.7,ml,,,EMSC_FDSN
quakeml:eu.emsc/event/20230209_0000186,2023-02-09T09:29:49.800000Z,37.853,36.7242,5.0,3.7,ml,,,EMSC_FDSN
quakeml:eu.emsc/event/20230209_0000184,2023-02-09T09:26:58.100000Z,38.16,37.85,4.0,3.0,ml,,,EMSC_FDSN
quakeml:eu.emsc/event/20230209_0000182,2023-02-09T09:24:00.500000Z,37.87,36.46,9.0,2.6,ml,,,EMSC_FDSN
quakeml:eu.emsc/event/20230209_0000185,2023-02-09T09:20:35.900000Z,38.13,37.91,10.0,3.9,ml,,,EMSC_FDSN
quakeml:eu.emsc/event/20230209_0000178,2023-02-09T09:07:49.500000Z,38.25,38.15,5.0,2.8,ml,,,EMSC_FDSN
quakeml:eu.emsc/event/20230209_0000272,2023-02-09T09:05:06.800000Z,36.78,36.73,8.0,2.9,ml,,,EMSC_FDSN
quakeml:eu.emsc/event/20230209_0000176,2023-02-09T08:55:35.700000Z,37.87,36.63,6.0,3.5,ml,,,EMSC_FDSN
quakeml:eu.emsc/event/20230209_0000174,2023-02-09T08:49:28.800000Z,36.55,36.38,6.0,2.7,ml,,,EMSC_FDSN
quakeml:eu.emsc/event/20230209_0000173,2023-02-09T08:44:26.300000Z,38.07,37.29,5.0,3.4,ml,,,EMSC_FDSN
quakeml:eu.emsc/event/20230209_0000166,2023-02-09T08:32:47.500000Z,38.16,38.05,12.0,2.6,ml,,,EMSC_FDSN
quakeml:eu.emsc/event/20230209_0000172,2023-02-09T08:29:39.700000Z,38.1,37.15,9.0,2.8,ml,,,EMSC_FDSN
quakeml:eu.emsc/event/20230209_0000164,2023-02-09T08:26:37.300000Z,37.25,36.96,11.0,2.6,ml,,,EMSC_FDSN
quakeml:eu.emsc/event/20230209_0000162,2023-02-09T08:25:24.300000Z,36.62,36.55,5.0,2.9,ml,,,EMSC_FDSN
quakeml:eu.emsc/event/20230209_0000154,2023-02-09T08:10:56.100000Z,38.2,37.53,8.0,2.8,ml,,,EMSC_FDSN
quakeml:eu.emsc/event/20230209_0000148,2023-02-09T07:53:33.600000Z,38.03,37.58,16.0,3.3,ml,,,EMSC_FDSN
quakeml:eu.emsc/event/20230209_0000145,2023-02-09T07:42:08.400000Z,38.01,36.67,2.0,4.3,mb,,,EMSC_FDSN
quakeml:eu.emsc/event/20230209_0000138,2023-02-09T07:29:03.100000Z,38.08,36.61,5.0,3.4,ml,,,EMSC_FDSN
quakeml:eu.emsc/event/20230209_0000131,2023-02-09T07:18:22.400000Z,37.23,36.71,10.0,4.8,mb,,,EMSC_FDSN
quakeml:eu.emsc/event/20230209_0000134,2023-02-09T07:16:20.000000Z,37.82,37.77,5.0,3.0,ml,,,EMSC_FDSN
quakeml:eu.emsc/event/20230209_0000129,2023-02-09T07:09:46.100000Z,36.91,36.53,5.0,3.4,ml,,,EMSC_FDSN
quakeml:eu.emsc/event/20230209_0000126,2023-02-09T07:00:16.400000Z,38.05,38.41,9.0,2.7,ml,,,EMSC_FDSN
quakeml:eu.emsc/event/20230209_0000123,2023-02-09T06:49:49.200000Z,37.98,37.61,2.0,4.1,ml,,,EMSC_FDSN
quakeml:eu.emsc/event/20230209_0000118,2023-02-09T06:45:12.400000Z,37.96,37.6,5.0,4.2,ml,,,EMSC_FDSN
quakeml:eu.emsc/event/20230209_0000115,2023-02-09T06:41:14.200000Z,37.86,36.68,5.0,2.8,ml,,,EMSC_FDSN
quakeml:eu.emsc/event/20230209_0000116,2023-02-09T06:37:05.100000Z,38.12,37.64,5.0,3.9,ml,,,EMSC_FDSN
quakeml:eu.emsc/event/20230209_0000112,2023-02-09T06:22:47.600000Z,37.98,36.4,5.0,3.2,ml,,,EMSC_FDSN
quakeml:eu.emsc/event/20230209_0000113,2023-02-09T06:20:11.200000Z,38.08,37.39,5.0,2.8,ml,,,EMSC_FDSN
quakeml:eu.emsc/event/20230209_0000108,2023-02-09T06:02:14.200000Z,37.92,37.52,9.0,2.9,ml,,,EMSC_FDSN
quakeml:eu.emsc/event/20230209_0000106,2023-02-09T05:56:11.900000Z,38.06,36.5,5.0,2.7,ml,,,EMSC_FDSN
quakeml:eu.emsc/event/20230209_0000105,2023-02-09T05:49:51.800000Z,38.08,36.66,5.0,3.4,ml,,,EMSC_FDSN
quakeml:eu.emsc/event/20230209_0000102,2023-02-09T05:37:33.700000Z,38.22,38.25,6.0,4.1,ml,,,EMSC_FDSN
quakeml:eu.emsc/event/20230209_0000104,2023-02-09T05:33:11.700000Z,38.17,37.85,5.0,2.8,ml,,,EMSC_FDSN
quakeml:eu.emsc/event/20230209_0000101,2023-02-09T05:25:44.600000Z,37.43,36.97,2.0,3.2,ml,,,EMSC_FDSN
quakeml:eu.emsc/event/20230209_0000099,2023-02-09T05:24:26.300000Z,38.09,36.63,5.0,4.1,ml,,,EMSC_FDSN
quakeml:eu.emsc/event/20230209_0000096,2023-02-09T05:12:44.200000Z,37.88,36.37,20.0,2.8,ml,,,EMSC_FDSN
quakeml:eu.emsc/event/20230209_0000095,2023-02-09T05:09:04.400000Z,37.39,36.89,5.0,2.6,ml,,,EMSC_FDSN
quakeml:eu.emsc/event/20230209_0000093,2023-02-09T05:02:55.500000Z,38.07,36.49,3.0,3.9,ml,,,EMSC_FDSN
quakeml:eu.emsc/event/20230209_0000091,2023-02-09T04:58:47.800000Z,38.02,36.42,8.0,3.1,ml,,,EMSC_FDSN
quakeml:eu.emsc/event/20230209_0000090,2023-02-09T04:54:42.800000Z,38.11,38.43,5.0,2.8,ml,,,EMSC_FDSN
quakeml:eu.emsc/event/20230209_0000085,2023-02-09T04:36:42.300000Z,37.88,36.67,13.0,3.0,ml,,,EMSC_FDSN
quakeml:eu.emsc/event/20230209_0000084,2023-02-09T04:34:43.700000Z,38.13,38.5,6.0,4.3,ml,,,EMSC_FDSN
quakeml:eu.emsc/event/20230209_0000081,2023-02-09T04:18:20.600000Z,37.95,36.38,2.0,4.0,ml,,,EMSC_FDSN
quakeml:eu.emsc/event/20230209_0000080,2023-02-09T04:15:35.500000Z,38.27,38.12,5.0,3.5,ml,,,EMSC_FDSN
quakeml:eu.emsc/event/20230209_0000079,2023-02-09T04:10:40.400000Z,38.08,37.47,10.0,2.7,ml,,,EMSC_FDSN
quakeml:eu.emsc/event/20230209_0000078,2023-02-09T04:09:15.400000Z,38.13,36.77,5.0,3.1,ml,,,EMSC_FDSN
quakeml:eu.emsc/event/20230209_0000083,2023-02-09T04:07:37.500000Z,38.25,37.92,5.0,3.1,ml,,,EMSC_FDSN
quakeml:eu.emsc/event/20230209_0000071,2023-02-09T03:52:22.800000Z,37.91,38.5,10.0,3.9,ml,,,EMSC_FDSN
quakeml:eu.emsc/event/20230209_0000068,2023-02-09T03:46:07.300000Z,38.08,36.51,5.0,3.5,ml,,,EMSC_FDSN
quakeml:eu.emsc/event/20230209_0000065,2023-02-09T03:40:17.600000Z,37.92,36.67,5.0,3.4,ml,,,EMSC_FDSN
quakeml:eu.emsc/event/20230209_0000066,2023-02-09T03:36:54.900000Z,37.39,36.91,6.0,2.8,ml,,,EMSC_FDSN
quakeml:eu.emsc/event/20230209_0000062,2023-02-09T03:34:20.700000Z,38.24,38.11,5.0,3.4,ml,,,EMSC_FDSN
quakeml:eu.emsc/event/20230209_0000063,2023-02-09T03:31:46.900000Z,37.18,36.96,5.0,2.5,ml,,,EMSC_FDSN
quakeml:eu.emsc/event/20230209_0000061,2023-02-09T03:26:12.800000Z,38.11,38.21,5.0,3.9,ml,,,EMSC_FDSN
quakeml:eu.emsc/event/20230209_0000060,2023-02-09T03:24:59.000000Z,36.67,36.48,5.0,4.0,ml,,,EMSC_FDSN
quakeml:eu.emsc/event/20230209_0000058,2023-02-09T03:12:48.500000Z,38.23,37.64,5.0,2.9,ml,,,EMSC_FDSN
quakeml:eu.emsc/event/20230209_0000057,2023-02-09T03:06:50.000000Z,38.16,36.67,10.0,2.8,ml,,,EMSC_FDSN
quakeml:eu.emsc/event/20230209_0000056,2023-02-09T03:04:14.400000Z,38.27,38.24,5.0,3.1,ml,,,EMSC_FDSN
quakeml:eu.emsc/event/20230209_0000055,2023-02-09T03:01:40.000000Z,37.86,37.85,23.0,3.0,ml,,,EMSC_FDSN
quakeml:eu.emsc/event/20230209_0000051,2023-02-09T02:53:32.600000Z,38.02,37.47,21.0,3.2,ml,,,EMSC_FDSN
quakeml:eu.emsc/event/20230209_0000052,2023-02-09T02:46:32.100000Z,38.06,37.21,7.0,3.0,ml,,,EMSC_FDSN
quakeml:eu.emsc/event/20230209_0000049,2023-02-09T02:33:16.900000Z,37.48,37.13,7.0,2.9,ml,,,EMSC_FDSN
quakeml:eu.emsc/event/20230209_0000048,2023-02-09T02:28:56.200000Z,38.09,36.74,8.0,2.5,ml,,,EMSC_FDSN
quakeml:eu.emsc/event/20230209_0000045,2023-02-09T02:20:53.500000Z,37.43,37.1,5.0,3.0,ml,,,EMSC_FDSN
quakeml:eu.emsc/event/20230209_0000042,2023-02-09T02:13:28.400000Z,38.01,36.67,5.0,2.7,ml,,,EMSC_FDSN
quakeml:eu.emsc/event/20230209_0000041,2023-02-09T02:10:27.800000Z,38.1,36.5,4.0,2.5,ml,,,EMSC_FDSN
quakeml:eu.emsc/event/20230209_0000039,2023-02-09T02:08:20.200000Z,37.99,36.61,9.0,3.4,ml,,,EMSC_FDSN
quakeml:eu.emsc/event/20230209_0000036,2023-02-09T02:05:04.100000Z,38.13,37.72,5.0,2.8,ml,,,EMSC_FDSN
quakeml:eu.emsc/event/20230209_0000035,2023-02-09T02:02:13.900000Z,38.0,36.55,5.0,3.6,ml,,,EMSC_FDSN
quakeml:eu.emsc/event/20230209_0000033,2023-02-09T01:44:19.000000Z,37.9,37.77,1.0,4.4,mb,,,EMSC_FDSN
quakeml:eu.emsc/event/20230209_0000031,2023-02-09T01:33:07.500000Z,37.96,37.47,1.0,3.1,ml,,,EMSC_FDSN
quakeml:eu.emsc/event/20230209_0000028,2023-02-09T01:30:35.100000Z,37.88,36.04,7.0,2.9,ml,,,EMSC_FDSN
quakeml:eu.emsc/event/20230209_0000026,2023-02-09T01:21:47.700000Z,37.95,36.49,10.0,3.7,ml,,,EMSC_FDSN
quakeml:eu.emsc/event/20230209_0000023,2023-02-09T01:18:29.000000Z,37.28,36.85,12.0,2.5,ml,,,EMSC_FDSN
quakeml:eu.emsc/event/20230209_0000020,2023-02-09T01:14:18.700000Z,37.99,37.47,26.0,3.0,ml,,,EMSC_FDSN
quakeml:eu.emsc/event/20230209_0000017,2023-02-09T01:06:43.800000Z,38.23,38.22,6.0,3.0,ml,,,EMSC_FDSN
quakeml:eu.emsc/event/20230209_0000018,2023-02-09T01:04:57.200000Z,38.06,36.49,5.0,2.9,ml,,,EMSC_FDSN
quakeml:eu.emsc/event/20230209_0000015,2023-02-09T00:51:28.000000Z,38.11,37.95,6.0,3.5,ml,,,EMSC_FDSN
quakeml:eu.emsc/event/20230209_0000012,2023-02-09T00:35:03.200000Z,37.97,38.19,6.0,3.2,ml,,,EMSC_FDSN
quakeml:eu.emsc/event/20230209_0000009,2023-02-09T00:16:02.200000Z,38.06,36.56,2.0,2.5,ml,,,EMSC_FDSN
quakeml:eu.emsc/event/20230209_0000507,2023-02-09T00:11:43.700000Z,38.06,36.5,5.0,3.4,ml,,,EMSC_FDSN
quakeml:eu.emsc/event/20230209_0000003,2023-02-09T00:00:49.800000Z,37.23,36.73,5.0,3.1,ml,,,EMSC_FDSN
quakeml:eu.emsc/event/20230208_0000435,2023-02-08T23:58:40.500000Z,37.16,36.97,12.0,3.1,ml,,,EMSC_FDSN
quakeml:eu.emsc/event/20230208_0000434,2023-02-08T23:53:39.900000Z,38.07,37.32,5.0,3.0,ml,,,EMSC_FDSN
quakeml:eu.emsc/event/20230208_0000433,2023-02-08T23:47:13.400000Z,36.62,36.59,10.0,3.7,ml,,,EMSC_FDSN
quakeml:eu.emsc/event/20230208_0000432,2023-02-08T23:26:28.800000Z,38.05,36.53,5.0,3.4,ml,,,EMSC_FDSN
quakeml:eu.emsc/event/20230208_0000430,2023-02-08T23:23:01.300000Z,38.09,36.66,17.0,2.6,ml,,,EMSC_FDSN
quakeml:eu.emsc/event/20230208_0000423,2023-02-08T23:20:56.500000Z,37.99,36.63,5.0,3.4,ml,,,EMSC_FDSN
quakeml:eu.emsc/event/20230208_0000427,2023-02-08T23:15:40.200000Z,38.02,36.61,8.0,3.4,ml,,,EMSC_FDSN
quakeml:eu.emsc/event/20230208_0000426,2023-02-08T23:14:34.600000Z,37.21,36.87,5.0,3.7,ml,,,EMSC_FDSN
quakeml:eu.emsc/event/20230208_0000420,2023-02-08T23:10:03.600000Z,38.22,36.69,5.0,2.7,ml,,,EMSC_FDSN
quakeml:eu.emsc/event/20230208_0000415,2023-02-08T23:01:30.200000Z,38.12,36.57,5.0,3.4,ml,,,EMSC_FDSN
quakeml:eu.emsc/event/20230208_0000418,2023-02-08T22:56:42.200000Z,38.21,37.79,5.0,2.6,ml,,,EMSC_FDSN
quakeml:eu.emsc/event/20230208_0000413,2023-02-08T22:48:02.600000Z,38.04,36.42,5.0,3.1,ml,,,EMSC_FDSN
quakeml:eu.emsc/event/20230208_0000410,2023-02-08T22:36:54.800000Z,38.22,38.2,16.0,4.0,mb,,,EMSC_FDSN
quakeml:eu.emsc/event/20230208_0000412,2023-02-08T22:30:55.000000Z,36.73,36.4,6.0,2.8,ml,,,EMSC_FDSN
quakeml:eu.emsc/event/20230208_0000405,2023-02-08T22:26:27.600000Z,38.06,36.45,2.0,2.7,ml,,,EMSC_FDSN
quakeml:eu.emsc/event/20230208_0000408,2023-02-08T22:19:38.400000Z,38.07,38.08,5.0,2.9,ml,,,EMSC_FDSN
quakeml:eu.emsc/event/20230208_0000404,2023-02-08T22:16:09.900000Z,38.19,37.94,5.0,3.0,ml,,,EMSC_FDSN
quakeml:eu.emsc/event/20230208_0000402,2023-02-08T22:14:09.000000Z,38.38,37.23,5.0,2.6,ml,,,EMSC_FDSN
quakeml:eu.emsc/event/20230208_0000397,2023-02-08T22:06:11.900000Z,37.26,36.63,10.0,3.6,ml,,,EMSC_FDSN
quakeml:eu.emsc/event/20230208_0000403,2023-02-08T21:59:41.100000Z,37.13,36.74,7.0,2.5,ml,,,EMSC_FDSN
quakeml:eu.emsc/event/20230208_0000401,2023-02-08T21:55:17.500000Z,38.02,36.44,5.0,2.6,ml,,,EMSC_FDSN
quakeml:eu.emsc/event/20230208_0000400,2023-02-08T21:47:31.800000Z,37.88,36.25,5.0,2.9,ml,,,EMSC_FDSN
quakeml:eu.emsc/event/20230208_0000395,2023-02-08T21:45:26.500000Z,37.6,36.33,8.0,3.0,ml,,,EMSC_FDSN
quakeml:eu.emsc/event/20230208_0000392,2023-02-08T21:38:57.800000Z,37.43,36.88,6.0,3.0,ml,,,EMSC_FDSN
quakeml:eu.emsc/event/20230208_0000390,2023-02-08T21:35:54.600000Z,37.53,37.24,5.0,3.4,ml,,,EMSC_FDSN
quakeml:eu.emsc/event/20230208_0000389,2023-02-08T21:19:06.100000Z,38.17,37.95,5.0,2.6,ml,,,EMSC_FDSN
quakeml:eu.emsc/event/20230208_0000387,2023-02-08T21:17:28.000000Z,37.98,36.71,6.0,2.8,ml,,,EMSC_FDSN
quakeml:eu.emsc/event/20230208_0000384,2023-02-08T21:15:07.500000Z,38.16,37.9,4.0,3.2,ml,,,EMSC_FDSN
quakeml:eu.emsc/event/20230208_0000381,2023-02-08T21:10:39.300000Z,38.18,37.94,5.0,3.1,ml,,,EMSC_FDSN
quakeml:eu.emsc/event/20230208_0000386,2023-02-08T21:02:18.300000Z,37.88,36.33,13.0,2.6,ml,,,EMSC_FDSN
quakeml:eu.emsc/event/20230208_0000376,2023-02-08T21:00:25.900000Z,38.3,37.28,5.0,3.0,ml,,,EMSC_FDSN
quakeml:eu.emsc/event/20230208_0000374,2023-02-08T20:55:36.100000Z,38.05,37.62,5.0,3.4,ml,,,EMSC_FDSN
quakeml:eu.emsc/event/20230208_0000372,2023-02-08T20:51:05.800000Z,38.08,37.3,8.0,2.5,ml,,,EMSC_FDSN
quakeml:eu.emsc/event/20230208_0000369,2023-02-08T20:40:58.800000Z,38.03,36.51,11.0,2.8,ml,,,EMSC_FDSN
quakeml:eu.emsc/event/20230208_0000367,2023-02-08T20:39:51.700000Z,37.37,36.5,28.0,2.8,ml,,,EMSC_FDSN
quakeml:eu.emsc/event/20230208_0000365,2023-02-08T20:24:13.000000Z,38.28,38.19,5.0,2.7,ml,,,EMSC_FDSN
quakeml:eu.emsc/event/20230208_0000363,2023-02-08T20:20:50.900000Z,37.29,36.72,2.0,3.4,ml,,,EMSC_FDSN
quakeml:eu.emsc/event/20230208_0000373,2023-02-08T20:12:11.400000Z,38.16,38.18,10.0,4.5,mb,,,EMSC_FDSN
quakeml:eu.emsc/event/20230208_0000360,2023-02-08T20:09:11.500000Z,38.05,36.59,7.0,3.3,ml,,,EMSC_FDSN
quakeml:eu.emsc/event/20230208_0000359,2023-02-08T20:03:16.300000Z,37.51,36.92,24.0,2.9,ml,,,EMSC_FDSN
quakeml:eu.emsc/event/20230208_0000358,2023-02-08T19:55:17.700000Z,38.05,38.02,5.0,2.6,ml,,,EMSC_FDSN
quakeml:eu.emsc/event/20230208_0000357,2023-02-08T19:46:54.700000Z,38.12,37.25,5.0,2.8,ml,,,EMSC_FDSN
quakeml:eu.emsc/event/20230208_0000352,2023-02-08T19:40:16.100000Z,37.8,36.86,5.0,2.9,ml,,,EMSC_FDSN
quakeml:eu.emsc/event/20230208_0000353,2023-02-08T19:20:27.700000Z,37.86,37.85,19.0,3.4,ml,,,EMSC_FDSN
quakeml:eu.emsc/event/20230208_0000347,2023-02-08T19:15:57.200000Z,38.15,37.74,14.0,2.8,ml,,,EMSC_FDSN
quakeml:eu.emsc/event/20230208_0000345,2023-02-08T19:13:23.700000Z,37.47,37.08,6.0,3.1,ml,,,EMSC_FDSN
quakeml:eu.emsc/event/20230208_0000343,2023-02-08T19:10:06.100000Z,38.09,37.74,10.0,2.8,ml,,,EMSC_FDSN
quakeml:eu.emsc/event/20230208_0000341,2023-02-08T19:05:18.500000Z,38.04,36.52,2.0,4.0,ml,,,EMSC_FDSN
quakeml:eu.emsc/event/20230208_0000344,2023-02-08T19:03:17.200000Z,38.41,37.84,10.0,2.6,ml,,,EMSC_FDSN
quakeml:eu.emsc/event/20230208_0000336,2023-02-08T18:53:22.000000Z,38.0,38.12,5.0,3.3,ml,,,EMSC_FDSN
quakeml:eu.emsc/event/20230208_0000333,2023-02-08T18:40:24.700000Z,38.07,37.29,7.0,3.6,ml,,,EMSC_FDSN
quakeml:eu.emsc/event/20230208_0000332,2023-02-08T18:28:47.100000Z,38.09,37.68,30.0,2.5,ml,,,EMSC_FDSN
quakeml:eu.emsc/event/20230208_0000331,2023-02-08T18:26:12.500000Z,37.32,37.07,5.0,3.0,ml,,,EMSC_FDSN
quakeml:eu.emsc/event/20230208_0000328,2023-02-08T18:18:57.900000Z,37.87,36.63,8.0,2.6,ml,,,EMSC_FDSN
quakeml:eu.emsc/event/20230208_0000324,2023-02-08T18:12:48.900000Z,38.15,36.94,5.0,3.1,ml,,,EMSC_FDSN
quakeml:eu.emsc/event/20230208_0000323,2023-02-08T18:06:51.800000Z,38.1,37.83,4.0,3.6,ml,,,EMSC_FDSN
quakeml:eu.emsc/event/20230208_0000317,2023-02-08T18:00:23.000000Z,38.03,36.55,9.0,2.5,ml,,,EMSC_FDSN
quakeml:eu.emsc/event/20230208_0000318,2023-02-08T17:53:29.100000Z,37.93,38.07,5.0,3.4,ml,,,EMSC_FDSN
quakeml:eu.emsc/event/20230208_0000319,2023-02-08T17:50:15.300000Z,38.1,36.67,4.0,2.6,ml,,,EMSC_FDSN
quakeml:eu.emsc/event/20230208_0000315,2023-02-08T17:44:47.300000Z,37.8,36.7,19.0,2.9,ml,,,EMSC_FDSN
quakeml:eu.emsc/event/20230208_0000312,2023-02-08T17:40:20.800000Z,38.08,36.56,5.0,2.9,ml,,,EMSC_FDSN
quakeml:eu.emsc/event/20230208_0000307,2023-02-08T17:35:34.200000Z,38.12,37.1,12.0,2.9,ml,,,EMSC_FDSN
quakeml:eu.emsc/event/20230208_0000305,2023-02-08T17:31:51.700000Z,37.98,38.12,15.0,2.7,ml,,,EMSC_FDSN
quakeml:eu.emsc/event/20230208_0000306,2023-02-08T17:20:57.500000Z,38.03,37.54,8.0,2.6,ml,,,EMSC_FDSN
quakeml:eu.emsc/event/20230208_0000304,2023-02-08T17:19:43.400000Z,38.08,37.72,2.0,2.5,ml,,,EMSC_FDSN
quakeml:eu.emsc/event/20230208_0000303,2023-02-08T17:15:20.000000Z,37.86,37.65,16.0,2.9,ml,,,EMSC_FDSN
quakeml:eu.emsc/event/20230208_0000301,2023-02-08T17:12:52.500000Z,38.09,37.4,10.0,2.7,ml,,,EMSC_FDSN
quakeml:eu.emsc/event/20230208_0000298,2023-02-08T17:03:58.400000Z,37.87,36.72,8.0,2.9,ml,,,EMSC_FDSN
quakeml:eu.emsc/event/20230208_0000296,2023-02-08T17:01:12.600000Z,38.09,37.17,8.0,3.1,ml,,,EMSC_FDSN
quakeml:eu.emsc/event/20230208_0000294,2023-02-08T16:59:20.000000Z,37.1,36.74,11.0,3.5,ml,,,EMSC_FDSN
quakeml:eu.emsc/event/20230208_0000293,2023-02-08T16:55:40.500000Z,38.1,37.21,7.0,4.2,ml,,,EMSC_FDSN
quakeml:eu.emsc/event/20230208_0000292,2023-02-08T16:44:28.200000Z,37.97,38.25,5.0,2.7,ml,,,EMSC_FDSN
quakeml:eu.emsc/event/20230208_0000291,2023-02-08T16:40:33.200000Z,37.84,36.6,16.0,3.2,ml,,,EMSC_FDSN
quakeml:eu.emsc/event/20230208_0000295,2023-02-08T16:29:07.400000Z,37.74,37.4,17.0,2.7,ml,,,EMSC_FDSN
quakeml:eu.emsc/event/20230208_0000288,2023-02-08T16:18:17.600000Z,38.0,37.51,5.0,2.8,ml,,,EMSC_FDSN
quakeml:eu.emsc/event/20230208_0000290,2023-02-08T16:15:05.300000Z,37.55,37.34,14.0,2.9,ml,,,EMSC_FDSN
quakeml:eu.emsc/event/20230208_0000289,2023-02-08T16:12:04.200000Z,38.1,36.69,9.0,2.6,ml,,,EMSC_FDSN
quakeml:eu.emsc/event/20230208_0000283,2023-02-08T15:56:50.900000Z,37.32,37.07,5.0,3.1,ml,,,EMSC_FDSN
quakeml:eu.emsc/event/20230208_0000280,2023-02-08T15:49:59.400000Z,37.84,36.61,5.0,4.3,ml,,,EMSC_FDSN
quakeml:eu.emsc/event/20230208_0000279,2023-02-08T15:42:47.800000Z,37.05,36.63,11.0,3.2,ml,,,EMSC_FDSN
quakeml:eu.emsc/event/20230208_0000282,2023-02-08T15:40:34.000000Z,37.23,36.96,17.0,2.7,ml,,,EMSC_FDSN
quakeml:eu.emsc/event/20230208_0000275,2023-02-08T15:28:32.100000Z,38.15,38.34,4.0,2.9,ml,,,EMSC_FDSN
quakeml:eu.emsc/event/20230208_0000274,2023-02-08T15:23:04.700000Z,37.58,38.06,10.0,2.8,ml,,,EMSC_FDSN
quakeml:eu.emsc/event/20230208_0000270,2023-02-08T15:11:13.000000Z,38.12,38.26,10.0,3.5,ml,,,EMSC_FDSN
quakeml:eu.emsc/event/20230208_0000269,2023-02-08T15:07:27.700000Z,37.99,37.62,5.0,2.8,ml,,,EMSC_FDSN
quakeml:eu.emsc/event/20230208_0000267,2023-02-08T15:04:43.100000Z,38.04,37.04,4.0,4.2,ml,,,EMSC_FDSN
quakeml:eu.emsc/event/20230208_0000268,2023-02-08T15:00:05.900000Z,38.12,37.24,24.0,2.6,ml,,,EMSC_FDSN
quakeml:eu.emsc/event/20230208_0000265,2023-02-08T14:57:46.400000Z,37.3,37.05,6.0,2.6,ml,,,EMSC_FDSN
quakeml:eu.emsc/event/20230208_0000467,2023-02-08T14:42:22.500000Z,38.11,36.62,10.0,4.4,mb,,,EMSC_FDSN
quakeml:eu.emsc/event/20230208_0000262,2023-02-08T14:39:22.200000Z,38.1,36.67,6.0,2.8,ml,,,EMSC_FDSN
quakeml:eu.emsc/event/20230208_0000258,2023-02-08T14:34:37.000000Z,37.33,37.06,5.0,3.0,ml,,,EMSC_FDSN
quakeml:eu.emsc/event/20230208_0000260,2023-02-08T14:33:22.800000Z,38.11,36.18,3.0,2.5,ml,,,EMSC_FDSN
quakeml:eu.emsc/event/20230208_0000256,2023-02-08T14:28:48.900000Z,37.25,36.79,8.0,2.9,ml,,,EMSC_FDSN
quakeml:eu.emsc/event/20230208_0000252,2023-02-08T14:20:26.500000Z,37.99,37.38,3.0,5.1,mw,,,EMSC_FDSN
quakeml:eu.emsc/event/20230208_0000255,2023-02-08T14:17:21.500000Z,38.1,36.64,7.0,2.6,ml,,,EMSC_FDSN
quakeml:eu.emsc/event/20230208_0000254,2023-02-08T14:15:04.200000Z,37.99,36.6,10.0,2.7,ml,,,EMSC_FDSN
quakeml:eu.emsc/event/20230208_0000253,2023-02-08T14:12:16.600000Z,38.13,37.96,10.0,2.6,ml,,,EMSC_FDSN
quakeml:eu.emsc/event/20230208_0000249,2023-02-08T14:04:57.000000Z,38.03,38.21,10.0,3.8,ml,,,EMSC_FDSN
quakeml:eu.emsc/event/20230208_0000230,2023-02-08T13:49:13.900000Z,37.25,36.96,5.0,2.9,ml,,,EMSC_FDSN
quakeml:eu.emsc/event/20230208_0000228,2023-02-08T13:36:51.600000Z,37.8,37.93,5.0,2.9,ml,,,EMSC_FDSN
quakeml:eu.emsc/event/20230208_0000226,2023-02-08T13:36:00.600000Z,37.17,36.69,9.0,2.6,ml,,,EMSC_FDSN
quakeml:eu.emsc/event/20230208_0000224,2023-02-08T13:33:20.300000Z,38.11,37.75,5.0,3.5,ml,,,EMSC_FDSN
quakeml:eu.emsc/event/20230208_0000245,2023-02-08T13:31:28.900000Z,38.06,36.66,5.0,4.0,ml,,,EMSC_FDSN
quakeml:eu.emsc/event/20230208_0000221,2023-02-08T13:22:45.900000Z,37.99,38.21,3.0,3.7,ml,,,EMSC_FDSN
quakeml:eu.emsc/event/20230208_0000220,2023-02-08T13:18:44.300000Z,38.1,36.59,5.0,3.1,ml,,,EMSC_FDSN
quakeml:eu.emsc/event/20230208_0000219,2023-02-08T13:14:15.100000Z,38.08,36.59,8.0,3.5,ml,,,EMSC_FDSN
quakeml:eu.emsc/event/20230208_0000223,2023-02-08T13:06:10.700000Z,38.07,36.65,20.0,2.9,ml,,,EMSC_FDSN
quakeml:eu.emsc/event/20230208_0000209,2023-02-08T12:45:28.800000Z,37.33,37.08,10.0,2.9,ml,,,EMSC_FDSN
quakeml:eu.emsc/event/20230208_0000208,2023-02-08T12:41:12.100000Z,37.54,37.31,6.0,3.2,ml,,,EMSC_FDSN
quakeml:eu.emsc/event/20230208_0000207,2023-02-08T12:38:00.400000Z,38.11,36.69,8.0,3.6,ml,,,EMSC_FDSN
quakeml:eu.emsc/event/20230208_0000206,2023-02-08T12:30:09.100000Z,37.89,38.13,2.0,3.4,ml,,,EMSC_FDSN
quakeml:eu.emsc/event/20230208_0000202,2023-02-08T12:21:10.100000Z,37.17,37.0,4.0,2.5,ml,,,EMSC_FDSN
quakeml:eu.emsc/event/20230208_0000201,2023-02-08T12:16:27.800000Z,37.79,37.94,7.0,3.2,ml,,,EMSC_FDSN
quakeml:eu.emsc/event/20230208_0000248,2023-02-08T12:00:20.200000Z,37.65,37.22,9.0,3.1,ml,,,EMSC_FDSN
quakeml:eu.emsc/event/20230208_0000191,2023-02-08T11:57:23.600000Z,38.11,36.62,5.0,3.7,ml,,,EMSC_FDSN
quakeml:eu.emsc/event/20230208_0000195,2023-02-08T11:52:06.900000Z,38.01,37.9,12.0,3.6,ml,,,EMSC_FDSN
quakeml:eu.emsc/event/20230208_0000189,2023-02-08T11:44:50.900000Z,37.63,37.5,12.0,3.5,ml,,,EMSC_FDSN
quakeml:eu.emsc/event/20230208_0000184,2023-02-08T11:37:21.000000Z,38.1,36.92,5.0,3.9,ml,,,EMSC_FDSN
quakeml:eu.emsc/event/20230208_0000187,2023-02-08T11:33:52.400000Z,37.1,38.31,5.0,3.4,ml,,,EMSC_FDSN
quakeml:eu.emsc/event/20230208_0000188,2023-02-08T11:32:04.900000Z,38.14,37.77,9.0,3.2,ml,,,EMSC_FDSN
quakeml:eu.emsc/event/20230208_0000181,2023-02-08T11:24:02.100000Z,37.93,37.54,10.0,4.6,mb,,,EMSC_FDSN
quakeml:eu.emsc/event/20230208_0000250,2023-02-08T11:19:49.000000Z,38.03,37.61,5.0,3.5,ml,,,EMSC_FDSN
quakeml:eu.emsc/event/20230208_0000177,2023-02-08T11:11:52.800000Z,38.02,37.66,5.0,5.4,mw,,,EMSC_FDSN
quakeml:eu.emsc/event/20230208_0000183,2023-02-08T11:08:15.000000Z,37.88,36.26,5.0,2.9,ml,,,EMSC_FDSN
quakeml:eu.emsc/event/20230208_0000179,2023-02-08T11:04:09.000000Z,38.16,36.66,8.0,2.7,ml,,,EMSC_FDSN
quakeml:eu.emsc/event/20230208_0000174,2023-02-08T11:00:18.500000Z,38.15,37.83,4.0,4.3,ml,,,EMSC_FDSN
quakeml:eu.emsc/event/20230208_0000176,2023-02-08T10:57:09.800000Z,38.08,37.4,5.0,3.4,ml,,,EMSC_FDSN
quakeml:eu.emsc/event/20230208_0000180,2023-02-08T10:55:04.700000Z,38.0,36.13,6.0,2.9,ml,,,EMSC_FDSN
quakeml:eu.emsc/event/20230208_0000167,2023-02-08T10:31:46.400000Z,36.78,36.33,6.0,3.6,ml,,,EMSC_FDSN
quakeml:eu.emsc/event/20230208_0000166,2023-02-08T10:26:25.500000Z,37.05,37.01,10.0,4.5,mb,,,EMSC_FDSN
quakeml:eu.emsc/event/20230208_0000470,2023-02-08T10:24:37.700000Z,38.07,36.59,11.0,3.3,ml,,,EMSC_FDSN
quakeml:eu.emsc/event/20230208_0000164,2023-02-08T10:12:52.100000Z,38.09,36.6,5.0,2.6,ml,,,EMSC_FDSN
quakeml:eu.emsc/event/20230208_0000162,2023-02-08T10:02:56.100000Z,38.04,36.49,9.0,2.7,ml,,,EMSC_FDSN
quakeml:eu.emsc/event/20230208_0000159,2023-02-08T09:53:50.500000Z,37.91,36.4,5.0,3.3,ml,,,EMSC_FDSN
quakeml:eu.emsc/event/20230208_0000160,2023-02-08T09:52:12.800000Z,38.05,36.51,5.0,3.9,ml,,,EMSC_FDSN
quakeml:eu.emsc/event/20230208_0000469,2023-02-08T09:51:02.100000Z,37.46,37.02,7.0,2.7,ml,,,EMSC_FDSN
quakeml:eu.emsc/event/20230208_0000158,2023-02-08T09:41:50.300000Z,37.83,38.43,2.0,3.3,ml,,,EMSC_FDSN
quakeml:eu.emsc/event/20230208_0000468,2023-02-08T09:40:14.100000Z,38.38,38.03,5.0,2.5,ml,,,EMSC_FDSN
quakeml:eu.emsc/event/20230208_0000156,2023-02-08T09:32:12.200000Z,37.44,37.11,6.0,3.1,ml,,,EMSC_FDSN
quakeml:eu.emsc/event/20230208_0000155,2023-02-08T09:28:26.600000Z,38.05,38.04,5.0,2.8,ml,,,EMSC_FDSN
quakeml:eu.emsc/event/20230208_0000163,2023-02-08T09:13:09.800000Z,36.62,36.65,10.0,4.3,ml,,,EMSC_FDSN
quakeml:eu.emsc/event/20230208_0000151,2023-02-08T09:06:41.300000Z,37.83,37.71,5.0,3.7,ml,,,EMSC_FDSN
quakeml:eu.emsc/event/20230208_0000153,2023-02-08T08:58:56.300000Z,38.06,37.73,5.0,2.9,ml,,,EMSC_FDSN
quakeml:eu.emsc/event/20230208_0000149,2023-02-08T08:45:34.700000Z,38.1,37.81,5.0,4.1,ml,,,EMSC_FDSN
quakeml:eu.emsc/event/20230208_0000150,2023-02-08T08:30:27.200000Z,38.05,36.47,13.0,3.1,ml,,,EMSC_FDSN
quakeml:eu.emsc/event/20230208_0000147,2023-02-08T08:22:58.700000Z,37.94,37.93,8.0,3.0,ml,,,EMSC_FDSN
quakeml:eu.emsc/event/20230208_0000145,2023-02-08T08:20:03.700000Z,37.86,36.62,5.0,3.4,ml,,,EMSC_FDSN
quakeml:eu.emsc/event/20230208_0000152,2023-02-08T08:14:53.800000Z,38.12,36.62,13.0,3.6,ml,,,EMSC_FDSN
quakeml:eu.emsc/event/20230208_0000137,2023-02-08T08:08:10.700000Z,37.41,36.88,5.0,3.4,ml,,,EMSC_FDSN
quakeml:eu.emsc/event/20230208_0000135,2023-02-08T08:03:04.100000Z,37.92,36.56,6.0,3.8,ml,,,EMSC_FDSN
quakeml:eu.emsc/event/20230208_0000136,2023-02-08T08:01:10.400000Z,38.09,36.62,5.0,2.8,ml,,,EMSC_FDSN
quakeml:eu.emsc/event/20230208_0000144,2023-02-08T07:58:22.300000Z,37.46,37.01,14.0,2.9,ml,,,EMSC_FDSN
quakeml:eu.emsc/event/20230208_0000142,2023-02-08T07:56:36.200000Z,37.67,37.66,8.0,2.6,ml,,,EMSC_FDSN
quakeml:eu.emsc/event/20230208_0000140,2023-02-08T07:53:54.000000Z,38.14,37.82,14.0,2.7,ml,,,EMSC_FDSN
quakeml:eu.emsc/event/20230208_0000139,2023-02-08T07:51:45.000000Z,38.11,37.19,8.0,3.3,ml,,,EMSC_FDSN
quakeml:eu.emsc/event/20230208_0000132,2023-02-08T07:48:33.100000Z,38.04,36.5,10.0,4.9,mb,,,EMSC_FDSN
quakeml:eu.emsc/event/20230208_0000138,2023-02-08T07:39:39.200000Z,37.25,36.75,4.0,2.5,ml,,,EMSC_FDSN
quakeml:eu.emsc/event/20230208_0000127,2023-02-08T07:33:43.000000Z,38.12,37.01,5.0,3.4,ml,,,EMSC_FDSN
quakeml:eu.emsc/event/20230208_0000125,2023-02-08T07:28:25.800000Z,37.97,37.76,5.0,3.8,ml,,,EMSC_FDSN
quakeml:eu.emsc/event/20230208_0000121,2023-02-08T07:20:44.100000Z,36.84,36.42,8.0,3.7,ml,,,EMSC_FDSN
quakeml:eu.emsc/event/20230208_0000119,2023-02-08T07:15:07.700000Z,38.0,37.52,5.0,3.5,ml,,,EMSC_FDSN
quakeml:eu.emsc/event/20230208_0000120,2023-02-08T07:12:25.600000Z,37.93,37.65,5.0,2.9,ml,,,EMSC_FDSN
quakeml:eu.emsc/event/20230208_0000118,2023-02-08T07:09:34.500000Z,38.23,37.26,5.0,3.9,ml,,,EMSC_FDSN
quakeml:eu.emsc/event/20230208_0000117,2023-02-08T07:01:31.000000Z,38.31,38.27,2.0,2.6,ml,,,EMSC_FDSN
quakeml:eu.emsc/event/20230208_0000105,2023-02-08T06:40:26.400000Z,38.14,38.44,5.0,2.9,ml,,,EMSC_FDSN
quakeml:eu.emsc/event/20230208_0000103,2023-02-08T06:33:27.300000Z,38.2,36.72,9.0,2.7,ml,,,EMSC_FDSN
quakeml:eu.emsc/event/20230208_0000100,2023-02-08T06:23:57.800000Z,37.9,36.55,5.0,3.1,ml,,,EMSC_FDSN
quakeml:eu.emsc/event/20230208_0000101,2023-02-08T06:22:40.900000Z,38.06,36.89,5.0,2.6,ml,,,EMSC_FDSN
quakeml:eu.emsc/event/20230208_0000097,2023-02-08T05:52:36.300000Z,38.06,36.74,4.0,4.6,mb,,,EMSC_FDSN
quakeml:eu.emsc/event/20230208_0000128,2023-02-08T05:47:33.400000Z,38.19,37.67,4.0,2.7,ml,,,EMSC_FDSN
quakeml:eu.emsc/event/20230208_0000098,2023-02-08T05:36:55.300000Z,38.32,37.47,5.0,2.8,ml,,,EMSC_FDSN
quakeml:eu.emsc/event/20230208_0000093,2023-02-08T05:34:07.700000Z,37.17,36.94,6.0,3.0,ml,,,EMSC_FDSN
quakeml:eu.emsc/event/20230208_0000095,2023-02-08T05:30:06.900000Z,37.97,37.44,5.0,2.8,ml,,,EMSC_FDSN
quakeml:eu.emsc/event/20230208_0000091,2023-02-08T05:26:13.700000Z,37.34,36.82,4.0,3.2,ml,,,EMSC_FDSN
quakeml:eu.emsc/event/20230208_0000090,2023-02-08T05:24:12.700000Z,38.26,37.27,5.0,2.7,ml,,,EMSC_FDSN
quakeml:eu.emsc/event/20230208_0000088,2023-02-08T05:22:45.500000Z,37.5,37.1,9.0,2.5,ml,,,EMSC_FDSN
quakeml:eu.emsc/event/20230208_0000087,2023-02-08T05:13:20.500000Z,38.09,36.97,19.0,2.9,ml,,,EMSC_FDSN
quakeml:eu.emsc/event/20230208_0000085,2023-02-08T05:12:02.500000Z,38.05,36.62,5.0,2.9,ml,,,EMSC_FDSN
quakeml:eu.emsc/event/20230208_0000083,2023-02-08T04:58:08.900000Z,38.02,37.52,5.0,3.8,ml,,,EMSC_FDSN
quakeml:eu.emsc/event/20230208_0000082,2023-02-08T04:50:17.700000Z,38.04,36.48,6.0,2.8,ml,,,EMSC_FDSN
quakeml:eu.emsc/event/20230208_0000081,2023-02-08T04:44:25.000000Z,38.05,37.56,2.0,3.5,ml,,,EMSC_FDSN
quakeml:eu.emsc/event/20230208_0000079,2023-02-08T04:39:35.800000Z,38.25,38.38,2.0,3.2,ml,,,EMSC_FDSN
quakeml:eu.emsc/event/20230208_0000077,2023-02-08T04:32:45.800000Z,38.06,36.63,2.0,2.5,ml,,,EMSC_FDSN
quakeml:eu.emsc/event/20230208_0000070,2023-02-08T04:16:14.200000Z,38.07,36.62,6.0,3.2,ml,,,EMSC_FDSN
quakeml:eu.emsc/event/20230208_0000069,2023-02-08T04:10:56.100000Z,37.92,37.49,24.0,2.7,ml,,,EMSC_FDSN
quakeml:eu.emsc/event/20230208_0000065,2023-02-08T03:47:17.300000Z,38.0,36.5,5.0,3.6,ml,,,EMSC_FDSN
quakeml:eu.emsc/event/20230208_0000062,2023-02-08T03:43:04.600000Z,37.98,37.65,3.0,4.0,ml,,,EMSC_FDSN
quakeml:eu.emsc/event/20230208_0000061,2023-02-08T03:39:43.100000Z,37.5,37.16,5.0,4.0,ml,,,EMSC_FDSN
quakeml:eu.emsc/event/20230208_0000057,2023-02-08T03:30:47.900000Z,37.4,37.0,3.0,3.3,ml,,,EMSC_FDSN
quakeml:eu.emsc/event/20230208_0000060,2023-02-08T03:26:09.000000Z,37.87,36.68,6.0,3.1,ml,,,EMSC_FDSN
quakeml:eu.emsc/event/20230208_0000059,2023-02-08T03:24:58.500000Z,38.12,36.97,5.0,3.2,ml,,,EMSC_FDSN
quakeml:eu.emsc/event/20230208_0000056,2023-02-08T03:23:08.100000Z,37.35,37.07,5.0,3.1,ml,,,EMSC_FDSN
quakeml:eu.emsc/event/20230208_0000055,2023-02-08T03:20:27.100000Z,38.07,36.59,4.0,4.0,ml,,,EMSC_FDSN
quakeml:eu.emsc/event/20230208_0000054,2023-02-08T03:19:23.900000Z,38.14,36.87,14.0,2.7,ml,,,EMSC_FDSN
quakeml:eu.emsc/event/20230208_0000051,2023-02-08T03:16:14.800000Z,38.1,36.55,7.0,2.6,ml,,,EMSC_FDSN
quakeml:eu.emsc/event/20230208_0000048,2023-02-08T03:05:03.300000Z,38.11,36.66,15.0,3.3,ml,,,EMSC_FDSN
quakeml:eu.emsc/event/20230208_0000049,2023-02-08T03:01:02.700000Z,37.1,36.69,10.0,4.3,mb,,,EMSC_FDSN
quakeml:eu.emsc/event/20230208_0000050,2023-02-08T02:59:01.800000Z,37.88,36.66,13.0,2.8,ml,,,EMSC_FDSN
quakeml:eu.emsc/event/20230208_0000046,2023-02-08T02:55:56.600000Z,37.17,36.69,18.0,3.6,ml,,,EMSC_FDSN
quakeml:eu.emsc/event/20230208_0000047,2023-02-08T02:54:55.600000Z,38.11,37.88,9.0,2.8,ml,,,EMSC_FDSN
quakeml:eu.emsc/event/20230208_0000045,2023-02-08T02:53:45.000000Z,37.35,37.1,6.0,2.5,ml,,,EMSC_FDSN
quakeml:eu.emsc/event/20230208_0000044,2023-02-08T02:49:38.400000Z,37.8,37.73,6.0,2.9,ml,,,EMSC_FDSN
quakeml:eu.emsc/event/20230208_0000459,2023-02-08T02:48:19.100000Z,38.1,38.45,11.0,2.5,ml,,,EMSC_FDSN
quakeml:eu.emsc/event/20230208_0000042,2023-02-08T02:37:38.000000Z,37.37,36.92,6.0,3.0,ml,,,EMSC_FDSN
quakeml:eu.emsc/event/20230208_0000043,2023-02-08T02:31:02.600000Z,38.1,37.69,6.0,2.8,ml,,,EMSC_FDSN
quakeml:eu.emsc/event/20230208_0000037,2023-02-08T02:25:13.000000Z,37.92,38.06,8.0,4.3,mb,,,EMSC_FDSN
quakeml:eu.emsc/event/20230208_0000036,2023-02-08T02:09:39.300000Z,38.15,36.62,5.0,3.0,ml,,,EMSC_FDSN
quakeml:eu.emsc/event/20230208_0000472,2023-02-08T02:05:28.500000Z,38.01,38.27,8.0,2.9,ml,,,EMSC_FDSN
quakeml:eu.emsc/event/20230208_0000035,2023-02-08T02:00:54.100000Z,38.41,38.01,31.0,2.7,ml,,,EMSC_FDSN
quakeml:eu.emsc/event/20230208_0000032,2023-02-08T01:58:20.800000Z,38.1,36.59,4.0,2.6,ml,,,EMSC_FDSN
quakeml:eu.emsc/event/20230208_0000030,2023-02-08T01:55:03.000000Z,37.07,36.86,6.0,2.7,ml,,,EMSC_FDSN
quakeml:eu.emsc/event/20230208_0000031,2023-02-08T01:49:11.200000Z,38.12,36.86,5.0,3.4,ml,,,EMSC_FDSN
quakeml:eu.emsc/event/20230208_0000028,2023-02-08T01:46:43.000000Z,38.05,36.52,5.0,3.4,ml,,,EMSC_FDSN
quakeml:eu.emsc/event/20230208_0000027,2023-02-08T01:42:07.900000Z,37.22,36.82,2.0,3.6,ml,,,EMSC_FDSN
quakeml:eu.emsc/event/20230208_0000474,2023-02-08T01:35:27.800000Z,37.92,38.26,15.0,2.7,ml,,,EMSC_FDSN
quakeml:eu.emsc/event/20230208_0000024,2023-02-08T01:33:14.200000Z,37.91,36.66,10.0,2.8,ml,,,EMSC_FDSN
quakeml:eu.emsc/event/20230208_0000025,2023-02-08T01:26:12.400000Z,37.13,36.97,28.0,3.0,ml,,,EMSC_FDSN
quakeml:eu.emsc/event/20230208_0000023,2023-02-08T01:23:09.100000Z,37.29,37.58,7.0,3.1,ml,,,EMSC_FDSN
quakeml:eu.emsc/event/20230208_0000458,2023-02-08T01:19:09.200000Z,37.24,36.97,20.0,2.7,ml,,,EMSC_FDSN
quakeml:eu.emsc/event/20230208_0000022,2023-02-08T01:13:03.500000Z,38.01,38.32,9.0,2.8,ml,,,EMSC_FDSN
quakeml:eu.emsc/event/20230208_0000017,2023-02-08T01:02:55.300000Z,37.35,36.92,5.0,2.5,ml,,,EMSC_FDSN
quakeml:eu.emsc/event/20230208_0000016,2023-02-08T00:53:23.600000Z,38.01,36.63,5.0,2.9,ml,,,EMSC_FDSN
quakeml:eu.emsc/event/20230208_0000014,2023-02-08T00:46:16.600000Z,38.07,37.96,5.0,3.1,ml,,,EMSC_FDSN
quakeml:eu.emsc/event/20230208_0000010,2023-02-08T00:35:46.400000Z,38.06,37.66,4.0,3.2,ml,,,EMSC_FDSN
quakeml:eu.emsc/event/20230208_0000038,2023-02-08T00:31:29.100000Z,37.43,37.27,18.0,2.5,ml,,,EMSC_FDSN
quakeml:eu.emsc/event/20230208_0000007,2023-02-08T00:30:22.600000Z,38.03,37.46,6.0,2.6,ml,,,EMSC_FDSN
quakeml:eu.emsc/event/20230208_0000005,2023-02-08T00:21:08.200000Z,37.85,36.68,6.0,2.9,ml,,,EMSC_FDSN
quakeml:eu.emsc/event/20230208_0000003,2023-02-08T00:18:45.200000Z,38.02,36.44,2.0,2.7,ml,,,EMSC_FDSN
quakeml:eu.emsc/event/20230208_0000006,2023-02-08T00:11:54.100000Z,38.15,37.24,10.0,4.0,mb,,,EMSC_FDSN
quakeml:eu.emsc/event/20230208_0000002,2023-02-08T00:07:31.200000Z,38.04,36.48,4.0,3.2,ml,,,EMSC_FDSN
quakeml:eu.emsc/event/20230208_0000001,2023-02-08T00:04:03.700000Z,38.07,36.5,2.0,2.8,ml,,,EMSC_FDSN
quakeml:eu.emsc/event/20230207_0000458,2023-02-07T23:50:40.800000Z,38.08,36.64,5.0,2.5,ml,,,EMSC_FDSN
quakeml:eu.emsc/event/20230207_0000456,2023-02-07T23:44:36.100000Z,37.45,37.14,6.0,2.8,ml,,,EMSC_FDSN
quakeml:eu.emsc/event/20230207_0000473,2023-02-07T23:31:24.800000Z,38.02,36.52,26.0,2.7,ml,,,EMSC_FDSN
quakeml:eu.emsc/event/20230207_0000452,2023-02-07T23:30:05.700000Z,38.21,37.99,5.0,3.4,ml,,,EMSC_FDSN
quakeml:eu.emsc/event/20230207_0000447,2023-02-07T23:09:38.800000Z,38.07,38.2,11.0,2.7,ml,,,EMSC_FDSN
quakeml:eu.emsc/event/20230207_0000442,2023-02-07T23:08:02.700000Z,38.11,36.6,5.0,3.7,ml,,,EMSC_FDSN
quakeml:eu.emsc/event/20230207_0000436,2023-02-07T22:55:12.000000Z,38.22,36.87,8.0,3.0,ml,,,EMSC_FDSN
quakeml:eu.emsc/event/20230207_0000435,2023-02-07T22:47:48.500000Z,37.17,36.67,5.0,3.7,ml,,,EMSC_FDSN
quakeml:eu.emsc/event/20230207_0000434,2023-02-07T22:45:28.300000Z,38.09,36.53,5.0,3.9,ml,,,EMSC_FDSN
quakeml:eu.emsc/event/20230207_0000449,2023-02-07T22:42:03.100000Z,36.75,36.46,8.0,2.5,ml,,,EMSC_FDSN
quakeml:eu.emsc/event/20230207_0000432,2023-02-07T22:39:43.300000Z,36.6,36.41,9.0,2.9,ml,,,EMSC_FDSN
quakeml:eu.emsc/event/20230207_0000431,2023-02-07T22:30:43.800000Z,38.1,37.74,5.0,3.5,ml,,,EMSC_FDSN
quakeml:eu.emsc/event/20230207_0000426,2023-02-07T22:24:19.700000Z,37.87,36.6,5.0,3.5,ml,,,EMSC_FDSN
quakeml:eu.emsc/event/20230207_0000425,2023-02-07T22:20:00.900000Z,38.11,37.78,6.0,3.2,ml,,,EMSC_FDSN
quakeml:eu.emsc/event/20230207_0000423,2023-02-07T22:11:03.000000Z,37.5,37.21,5.0,3.1,ml,,,EMSC_FDSN
quakeml:eu.emsc/event/20230207_0000422,2023-02-07T22:07:55.900000Z,38.06,36.54,5.0,3.9,ml,,,EMSC_FDSN
quakeml:eu.emsc/event/20230207_0000445,2023-02-07T22:03:32.400000Z,37.44,36.9,42.0,2.6,ml,,,EMSC_FDSN
quakeml:eu.emsc/event/20230207_0000420,2023-02-07T21:58:54.100000Z,37.48,36.98,10.0,3.5,ml,,,EMSC_FDSN
quakeml:eu.emsc/event/20230207_0000417,2023-02-07T21:48:54.200000Z,37.34,37.07,13.0,2.7,ml,,,EMSC_FDSN
quakeml:eu.emsc/event/20230207_0000428,2023-02-07T21:45:35.700000Z,37.49,37.19,9.0,2.7,ml,,,EMSC_FDSN
quakeml:eu.emsc/event/20230207_0000414,2023-02-07T21:41:46.500000Z,38.0,37.59,5.0,3.2,ml,,,EMSC_FDSN
quakeml:eu.emsc/event/20230207_0000412,2023-02-07T21:30:32.200000Z,37.14,37.05,8.0,2.5,ml,,,EMSC_FDSN
quakeml:eu.emsc/event/20230207_0000413,2023-02-07T21:26:01.300000Z,38.11,37.86,5.0,2.6,ml,,,EMSC_FDSN
quakeml:eu.emsc/event/20230207_0000409,2023-02-07T21:21:27.500000Z,37.91,37.56,10.0,4.9,mb,,,EMSC_FDSN
quakeml:eu.emsc/event/20230207_0000411,2023-02-07T21:15:23.400000Z,37.94,37.33,6.0,2.9,ml,,,EMSC_FDSN
quakeml:eu.emsc/event/20230207_0000404,2023-02-07T21:13:18.400000Z,37.11,37.01,12.0,2.8,ml,,,EMSC_FDSN
quakeml:eu.emsc/event/20230207_0000403,2023-02-07T21:09:48.600000Z,36.98,36.74,7.0,2.5,ml,,,EMSC_FDSN
quakeml:eu.emsc/event/20230207_0000402,2023-02-07T21:04:52.100000Z,37.51,37.19,8.0,3.8,ml,,,EMSC_FDSN
quakeml:eu.emsc/event/20230207_0000401,2023-02-07T21:02:59.400000Z,38.23,37.97,5.0,2.7,ml,,,EMSC_FDSN
quakeml:eu.emsc/event/20230207_0000399,2023-02-07T20:53:06.500000Z,38.12,38.27,3.0,3.1,ml,,,EMSC_FDSN
quakeml:eu.emsc/event/20230207_0000398,2023-02-07T20:52:01.900000Z,37.99,36.62,5.0,3.4,ml,,,EMSC_FDSN
quakeml:eu.emsc/event/20230207_0000397,2023-02-07T20:48:59.400000Z,38.1,37.84,5.0,3.0,ml,,,EMSC_FDSN
quakeml:eu.emsc/event/20230207_0000396,2023-02-07T20:47:33.700000Z,37.37,37.11,8.0,3.2,ml,,,EMSC_FDSN
quakeml:eu.emsc/event/20230207_0000395,2023-02-07T20:42:45.600000Z,38.05,36.55,5.0,3.7,ml,,,EMSC_FDSN
quakeml:eu.emsc/event/20230207_0000394,2023-02-07T20:40:32.400000Z,37.48,37.33,22.0,3.4,ml,,,EMSC_FDSN
quakeml:eu.emsc/event/20230207_0000392,2023-02-07T20:32:22.300000Z,37.82,36.59,8.0,3.6,ml,,,EMSC_FDSN
quakeml:eu.emsc/event/20230207_0000391,2023-02-07T20:27:50.100000Z,37.96,38.02,5.0,3.0,ml,,,EMSC_FDSN
quakeml:eu.emsc/event/20230207_0000390,2023-02-07T20:24:34.300000Z,38.09,37.24,5.0,3.7,ml,,,EMSC_FDSN
quakeml:eu.emsc/event/20230207_0000389,2023-02-07T20:20:20.300000Z,38.19,37.81,5.0,2.9,ml,,,EMSC_FDSN
quakeml:eu.emsc/event/20230207_0000386,2023-02-07T20:13:57.100000Z,38.24,38.07,5.0,3.0,ml,,,EMSC_FDSN
quakeml:eu.emsc/event/20230207_0000384,2023-02-07T20:01:16.800000Z,38.06,36.55,5.0,3.3,ml,,,EMSC_FDSN
quakeml:eu.emsc/event/20230207_0000382,2023-02-07T19:57:10.300000Z,38.07,38.21,4.0,3.5,ml,,,EMSC_FDSN
quakeml:eu.emsc/event/20230207_0000378,2023-02-07T19:44:02.300000Z,38.11,37.77,4.0,3.0,ml,,,EMSC_FDSN
quakeml:eu.emsc/event/20230207_0000377,2023-02-07T19:40:24.400000Z,37.41,37.07,7.0,3.1,ml,,,EMSC_FDSN
quakeml:eu.emsc/event/20230207_0000376,2023-02-07T19:37:38.900000Z,38.02,37.33,5.0,3.2,ml,,,EMSC_FDSN
quakeml:eu.emsc/event/20230207_0000375,2023-02-07T19:33:48.300000Z,38.13,36.47,5.0,3.7,ml,,,EMSC_FDSN
quakeml:eu.emsc/event/20230207_0000370,2023-02-07T19:24:28.500000Z,38.14,37.81,3.0,3.6,ml,,,EMSC_FDSN
quakeml:eu.emsc/event/20230207_0000372,2023-02-07T19:21:11.200000Z,38.11,37.84,12.0,2.8,ml,,,EMSC_FDSN
quakeml:eu.emsc/event/20230207_0000371,2023-02-07T19:19:51.500000Z,38.08,36.76,5.0,2.8,ml,,,EMSC_FDSN
quakeml:eu.emsc/event/20230207_0000368,2023-02-07T19:13:48.700000Z,38.07,36.94,5.0,4.4,mb,,,EMSC_FDSN
quakeml:eu.emsc/event/20230207_0000365,2023-02-07T19:07:02.600000Z,38.08,37.42,2.0,3.3,ml,,,EMSC_FDSN
quakeml:eu.emsc/event/20230207_0000360,2023-02-07T18:48:57.000000Z,37.55,37.67,9.0,2.8,ml,,,EMSC_FDSN
quakeml:eu.emsc/event/20230207_0000358,2023-02-07T18:38:41.300000Z,38.16,37.89,4.0,3.4,ml,,,EMSC_FDSN
quakeml:eu.emsc/event/20230207_0000352,2023-02-07T18:36:23.000000Z,38.16,36.96,5.0,3.1,ml,,,EMSC_FDSN
quakeml:eu.emsc/event/20230207_0000348,2023-02-07T18:30:19.000000Z,38.11,37.8,5.0,2.9,ml,,,EMSC_FDSN
quakeml:eu.emsc/event/20230207_0000345,2023-02-07T18:25:12.200000Z,38.25,37.63,18.0,2.8,ml,,,EMSC_FDSN
quakeml:eu.emsc/event/20230207_0000342,2023-02-07T18:23:50.600000Z,38.05,36.49,12.0,3.2,ml,,,EMSC_FDSN
quakeml:eu.emsc/event/20230207_0000344,2023-02-07T18:21:08.300000Z,38.19,37.92,5.0,3.3,ml,,,EMSC_FDSN
quakeml:eu.emsc/event/20230207_0000340,2023-02-07T18:12:25.000000Z,38.15,37.85,5.0,3.9,ml,,,EMSC_FDSN
quakeml:eu.emsc/event/20230207_0000338,2023-02-07T18:09:59.900000Z,38.1,36.63,5.0,5.3,mw,,,EMSC_FDSN
quakeml:eu.emsc/event/20230207_0000336,2023-02-07T17:56:14.300000Z,38.01,36.45,5.0,2.6,ml,,,EMSC_FDSN
quakeml:eu.emsc/event/20230207_0000337,2023-02-07T17:53:49.700000Z,38.03,36.43,5.0,3.9,ml,,,EMSC_FDSN
quakeml:eu.emsc/event/20230207_0000335,2023-02-07T17:52:41.000000Z,38.09,37.25,5.0,3.6,ml,,,EMSC_FDSN
quakeml:eu.emsc/event/20230207_0000334,2023-02-07T17:46:57.200000Z,38.11,36.88,5.0,3.9,ml,,,EMSC_FDSN
quakeml:eu.emsc/event/20230207_0000331,2023-02-07T17:37:59.700000Z,38.03,37.66,5.0,4.2,mb,,,EMSC_FDSN
quakeml:eu.emsc/event/20230207_0000505,2023-02-07T17:34:24.600000Z,37.25,36.71,6.0,2.7,ml,,,EMSC_FDSN
quakeml:eu.emsc/event/20230207_0000328,2023-02-07T17:25:07.000000Z,37.71,36.97,10.0,3.1,ml,,,EMSC_FDSN
quakeml:eu.emsc/event/20230207_0000327,2023-02-07T17:22:07.000000Z,38.13,37.06,5.0,2.6,ml,,,EMSC_FDSN
quakeml:eu.emsc/event/20230207_0000326,2023-02-07T17:17:17.200000Z,38.09,38.48,2.0,3.5,ml,,,EMSC_FDSN
quakeml:eu.emsc/event/20230207_0000321,2023-02-07T17:03:50.500000Z,38.11,36.66,19.0,3.1,ml,,,EMSC_FDSN
quakeml:eu.emsc/event/20230207_0000319,2023-02-07T16:54:30.000000Z,38.02,37.51,5.0,3.6,ml,,,EMSC_FDSN
quakeml:eu.emsc/event/20230207_0000316,2023-02-07T16:49:14.000000Z,38.07,36.56,5.0,3.8,ml,,,EMSC_FDSN
quakeml:eu.emsc/event/20230207_0000325,2023-02-07T16:47:01.700000Z,38.01,36.51,15.0,3.0,ml,,,EMSC_FDSN
quakeml:eu.emsc/event/20230207_0000311,2023-02-07T16:36:45.700000Z,37.35,37.07,7.0,3.4,ml,,,EMSC_FDSN
quakeml:eu.emsc/event/20230207_0000314,2023-02-07T16:33:40.000000Z,37.85,37.82,5.0,3.0,ml,,,EMSC_FDSN
quakeml:eu.emsc/event/20230207_0000308,2023-02-07T16:25:49.700000Z,38.05,38.47,9.0,3.3,ml,,,EMSC_FDSN
quakeml:eu.emsc/event/20230207_0000307,2023-02-07T16:24:25.800000Z,37.57,37.35,4.0,3.3,ml,,,EMSC_FDSN
quakeml:eu.emsc/event/20230207_0000306,2023-02-07T16:19:21.100000Z,38.18,37.96,6.0,2.7,ml,,,EMSC_FDSN
quakeml:eu.emsc/event/20230207_0000305,2023-02-07T16:12:27.700000Z,38.13,36.57,8.0,3.0,ml,,,EMSC_FDSN
quakeml:eu.emsc/event/20230207_0000303,2023-02-07T16:07:36.700000Z,38.0,37.61,5.0,3.6,ml,,,EMSC_FDSN
quakeml:eu.emsc/event/20230207_0000302,2023-02-07T15:59:49.200000Z,38.05,37.37,4.0,3.8,ml,,,EMSC_FDSN
quakeml:eu.emsc/event/20230207_0000294,2023-02-07T15:48:54.300000Z,37.98,36.46,10.0,5.0,mw,,,EMSC_FDSN
quakeml:eu.emsc/event/20230207_0000300,2023-02-07T15:37:52.700000Z,38.03,37.72,4.0,3.3,ml,,,EMSC_FDSN
quakeml:eu.emsc/event/20230207_0000288,2023-02-07T15:31:29.300000Z,37.36,37.08,4.0,4.9,mb,,,EMSC_FDSN
quakeml:eu.emsc/event/20230207_0000292,2023-02-07T15:26:09.900000Z,38.04,37.05,5.0,3.2,ml,,,EMSC_FDSN
quakeml:eu.emsc/event/20230207_0000291,2023-02-07T15:21:54.900000Z,37.82,36.41,8.0,2.9,ml,,,EMSC_FDSN
quakeml:eu.emsc/event/20230207_0000287,2023-02-07T15:12:50.700000Z,38.01,37.68,6.0,2.7,ml,,,EMSC_FDSN
quakeml:eu.emsc/event/20230207_0000283,2023-02-07T15:06:53.200000Z,38.09,37.1,5.0,3.3,ml,,,EMSC_FDSN
quakeml:eu.emsc/event/20230207_0000285,2023-02-07T15:00:35.000000Z,38.02,36.52,5.0,2.6,ml,,,EMSC_FDSN
quakeml:eu.emsc/event/20230207_0000280,2023-02-07T14:51:34.400000Z,37.4,36.96,6.0,2.6,ml,,,EMSC_FDSN
quakeml:eu.emsc/event/20230207_0000279,2023-02-07T14:47:40.600000Z,38.08,37.23,28.0,2.5,ml,,,EMSC_FDSN
quakeml:eu.emsc/event/20230207_0000278,2023-02-07T14:44:31.300000Z,38.02,38.31,3.0,3.1,ml,,,EMSC_FDSN
quakeml:eu.emsc/event/20230207_0000275,2023-02-07T14:39:50.900000Z,38.0,36.4,5.0,2.7,ml,,,EMSC_FDSN
quakeml:eu.emsc/event/20230207_0000273,2023-02-07T14:24:42.400000Z,38.15,36.9,8.0,3.4,ml,,,EMSC_FDSN
quakeml:eu.emsc/event/20230207_0000269,2023-02-07T14:23:16.900000Z,37.98,36.49,5.0,4.1,ml,,,EMSC_FDSN
quakeml:eu.emsc/event/20230207_0000264,2023-02-07T14:08:31.700000Z,37.53,37.12,6.0,2.9,ml,,,EMSC_FDSN
quakeml:eu.emsc/event/20230207_0000263,2023-02-07T14:05:59.400000Z,38.1,37.21,5.0,2.9,ml,,,EMSC_FDSN
quakeml:eu.emsc/event/20230207_0000270,2023-02-07T14:01:25.200000Z,38.24,38.16,4.0,2.7,ml,,,EMSC_FDSN
quakeml:eu.emsc/event/20230207_0000243,2023-02-07T13:47:56.000000Z,38.11,37.7,9.0,2.5,ml,,,EMSC_FDSN
quakeml:eu.emsc/event/20230207_0000260,2023-02-07T13:34:17.900000Z,37.97,36.05,2.0,4.1,m,,,EMSC_FDSN
quakeml:eu.emsc/event/20230207_0000239,2023-02-07T13:19:56.600000Z,38.31,37.98,12.0,2.5,ml,,,EMSC_FDSN
quakeml:eu.emsc/event/20230207_0000237,2023-02-07T13:12:11.100000Z,37.22,36.75,19.0,2.5,ml,,,EMSC_FDSN
quakeml:eu.emsc/event/20230207_0000234,2023-02-07T13:03:59.800000Z,38.11,38.02,5.0,3.1,ml,,,EMSC_FDSN
quakeml:eu.emsc/event/20230207_0000235,2023-02-07T13:01:41.400000Z,37.88,36.64,5.0,3.5,ml,,,EMSC_FDSN
quakeml:eu.emsc/event/20230207_0000231,2023-02-07T12:53:16.800000Z,38.28,37.96,5.0,3.4,ml,,,EMSC_FDSN
quakeml:eu.emsc/event/20230207_0000229,2023-02-07T12:51:24.600000Z,36.66,36.4,8.0,2.9,ml,,,EMSC_FDSN
quakeml:eu.emsc/event/20230207_0000228,2023-02-07T12:41:34.600000Z,38.16,37.87,5.0,4.1,mb,,,EMSC_FDSN
quakeml:eu.emsc/event/20230207_0000225,2023-02-07T12:27:13.600000Z,38.09,36.55,5.0,3.5,ml,,,EMSC_FDSN
quakeml:eu.emsc/event/20230207_0000220,2023-02-07T12:24:40.300000Z,37.28,36.77,2.0,3.5,ml,,,EMSC_FDSN
quakeml:eu.emsc/event/20230207_0000223,2023-02-07T12:18:59.700000Z,38.12,37.81,9.0,3.0,ml,,,EMSC_FDSN
quakeml:eu.emsc/event/20230207_0000221,2023-02-07T12:16:02.800000Z,38.05,37.51,5.0,3.5,ml,,,EMSC_FDSN
quakeml:eu.emsc/event/20230207_0000222,2023-02-07T12:13:14.300000Z,37.59,37.12,5.0,3.3,ml,,,EMSC_FDSN
quakeml:eu.emsc/event/20230207_0000219,2023-02-07T12:07:09.600000Z,38.28,38.32,54.0,4.4,mb,,,EMSC_FDSN
quakeml:eu.emsc/event/20230207_0000217,2023-02-07T12:04:23.200000Z,37.98,37.56,5.0,3.2,ml,,,EMSC_FDSN
quakeml:eu.emsc/event/20230207_0000216,2023-02-07T11:58:43.300000Z,38.12,37.82,6.0,3.3,ml,,,EMSC_FDSN
quakeml:eu.emsc/event/20230207_0000213,2023-02-07T11:55:20.700000Z,38.0,37.48,5.0,4.2,mb,,,EMSC_FDSN
quakeml:eu.emsc/event/20230207_0000214,2023-02-07T11:51:06.200000Z,38.07,36.57,4.0,2.9,ml,,,EMSC_FDSN
quakeml:eu.emsc/event/20230207_0000208,2023-02-07T11:47:36.600000Z,38.08,36.56,7.0,3.6,ml,,,EMSC_FDSN
quakeml:eu.emsc/event/20230207_0000209,2023-02-07T11:43:14.700000Z,37.05,36.61,12.0,3.0,ml,,,EMSC_FDSN
quakeml:eu.emsc/event/20230207_0000211,2023-02-07T11:41:52.000000Z,37.49,37.19,9.0,2.6,ml,,,EMSC_FDSN
quakeml:eu.emsc/event/20230207_0000206,2023-02-07T11:38:52.900000Z,37.64,37.23,12.0,3.6,ml,,,EMSC_FDSN
quakeml:eu.emsc/event/20230207_0000205,2023-02-07T11:34:48.900000Z,38.09,37.69,5.0,3.0,ml,,,EMSC_FDSN
quakeml:eu.emsc/event/20230207_0000203,2023-02-07T11:24:35.800000Z,38.16,37.74,5.0,3.7,ml,,,EMSC_FDSN
quakeml:eu.emsc/event/20230207_0000199,2023-02-07T11:12:19.700000Z,37.5,37.19,13.0,3.0,ml,,,EMSC_FDSN
quakeml:eu.emsc/event/20230207_0000200,2023-02-07T11:10:23.000000Z,37.96,37.93,5.0,3.4,ml,,,EMSC_FDSN
quakeml:eu.emsc/event/20230207_0000195,2023-02-07T11:01:11.900000Z,38.06,37.47,5.0,4.2,ml,,,EMSC_FDSN
quakeml:eu.emsc/event/20230207_0000197,2023-02-07T10:57:46.700000Z,37.64,36.66,10.0,4.5,mb,,,EMSC_FDSN
quakeml:eu.emsc/event/20230207_0000198,2023-02-07T10:56:35.100000Z,37.75,36.5,10.0,4.3,mb,,,EMSC_FDSN
quakeml:eu.emsc/event/20230207_0000196,2023-02-07T10:52:39.900000Z,37.93,37.82,8.0,3.3,ml,,,EMSC_FDSN
quakeml:eu.emsc/event/20230207_0000193,2023-02-07T10:45:40.900000Z,37.92,37.79,23.0,3.4,ml,,,EMSC_FDSN
quakeml:eu.emsc/event/20230207_0000500,2023-02-07T10:35:42.100000Z,37.66,36.47,16.0,2.5,ml,,,EMSC_FDSN
quakeml:eu.emsc/event/20230207_0000188,2023-02-07T10:32:27.500000Z,37.24,36.93,5.0,2.5,ml,,,EMSC_FDSN
quakeml:eu.emsc/event/20230207_0000187,2023-02-07T10:30:10.700000Z,38.14,37.82,2.0,2.9,ml,,,EMSC_FDSN
quakeml:eu.emsc/event/20230207_0000185,2023-02-07T10:27:31.900000Z,38.35,38.14,7.0,4.7,mb,,,EMSC_FDSN
quakeml:eu.emsc/event/20230207_0000499,2023-02-07T10:09:17.700000Z,38.16,37.68,10.0,2.7,ml,,,EMSC_FDSN
quakeml:eu.emsc/event/20230207_0000181,2023-02-07T10:05:35.200000Z,38.1,37.22,5.0,3.6,ml,,,EMSC_FDSN
quakeml:eu.emsc/event/20230207_0000180,2023-02-07T10:03:21.600000Z,37.98,36.48,10.0,3.9,ml,,,EMSC_FDSN
quakeml:eu.emsc/event/20230207_0000498,2023-02-07T10:00:48.900000Z,37.84,37.58,5.0,3.1,ml,,,EMSC_FDSN
quakeml:eu.emsc/event/20230207_0000178,2023-02-07T09:54:59.900000Z,38.3,38.01,5.0,2.7,ml,,,EMSC_FDSN
quakeml:eu.emsc/event/20230207_0000176,2023-02-07T09:53:32.100000Z,38.14,36.44,1.0,3.9,ml,,,EMSC_FDSN
quakeml:eu.emsc/event/20230207_0000175,2023-02-07T09:46:46.400000Z,37.35,37.41,5.0,3.3,ml,,,EMSC_FDSN
quakeml:eu.emsc/event/20230207_0000171,2023-02-07T09:26:37.000000Z,37.98,37.79,7.0,2.9,ml,,,EMSC_FDSN
quakeml:eu.emsc/event/20230207_0000495,2023-02-07T09:20:08.100000Z,37.75,37.71,12.0,3.2,ml,,,EMSC_FDSN
quakeml:eu.emsc/event/20230207_0000169,2023-02-07T09:16:33.200000Z,37.23,36.76,5.0,3.5,ml,,,EMSC_FDSN
quakeml:eu.emsc/event/20230207_0000166,2023-02-07T08:57:25.800000Z,38.28,38.0,5.0,3.4,ml,,,EMSC_FDSN
quakeml:eu.emsc/event/20230207_0000159,2023-02-07T08:37:30.600000Z,37.97,36.84,5.0,2.8,ml,,,EMSC_FDSN
quakeml:eu.emsc/event/20230207_0000150,2023-02-07T08:25:50.300000Z,37.87,37.49,40.0,4.5,mb,,,EMSC_FDSN
quakeml:eu.emsc/event/20230207_0000149,2023-02-07T08:20:28.000000Z,37.99,37.45,5.0,3.5,ml,,,EMSC_FDSN
quakeml:eu.emsc/event/20230207_0000156,2023-02-07T08:16:00.400000Z,38.29,38.11,5.0,3.4,ml,,,EMSC_FDSN
quakeml:eu.emsc/event/20230207_0000142,2023-02-07T07:54:28.800000Z,36.64,36.31,10.0,4.0,mb,,,EMSC_FDSN
quakeml:eu.emsc/event/20230207_0000151,2023-02-07T07:51:19.800000Z,38.08,37.54,5.0,3.1,ml,,,EMSC_FDSN
quakeml:eu.emsc/event/20230207_0000146,2023-02-07T07:49:29.100000Z,38.09,37.12,8.0,2.9,ml,,,EMSC_FDSN
quakeml:eu.emsc/event/20230207_0000144,2023-02-07T07:47:53.200000Z,37.96,37.92,15.0,2.8,ml,,,EMSC_FDSN
quakeml:eu.emsc/event/20230207_0000139,2023-02-07T07:37:28.300000Z,38.11,36.58,5.0,2.9,ml,,,EMSC_FDSN
quakeml:eu.emsc/event/20230207_0000140,2023-02-07T07:35:46.100000Z,38.29,38.1,5.0,3.2,ml,,,EMSC_FDSN
quakeml:eu.emsc/event/20230207_0000137,2023-02-07T07:31:40.400000Z,37.19,36.98,5.0,2.8,ml,,,EMSC_FDSN
quakeml:eu.emsc/event/20230207_0000504,2023-02-07T07:28:32.800000Z,37.26,36.09,28.0,2.8,ml,,,EMSC_FDSN
quakeml:eu.emsc/event/20230207_0000136,2023-02-07T07:26:41.000000Z,38.04,37.51,48.0,4.5,mb,,,EMSC_FDSN
quakeml:eu.emsc/event/20230207_0000503,2023-02-07T07:18:42.100000Z,38.26,37.96,11.0,2.9,ml,,,EMSC_FDSN
quakeml:eu.emsc/event/20230207_0000502,2023-02-07T07:16:54.500000Z,37.42,37.6,5.0,2.8,ml,,,EMSC_FDSN
quakeml:eu.emsc/event/20230207_0000168,2023-02-07T07:14:06.500000Z,38.44,38.21,18.0,2.8,ml,,,EMSC_FDSN
quakeml:eu.emsc/event/20230207_0000501,2023-02-07T07:07:26.100000Z,37.94,36.76,22.0,3.0,ml,,,EMSC_FDSN
quakeml:eu.emsc/event/20230207_0000134,2023-02-07T07:03:35.600000Z,38.16,37.09,27.0,2.9,ml,,,EMSC_FDSN
quakeml:eu.emsc/event/20230207_0000133,2023-02-07T07:02:56.800000Z,37.79,36.8,6.0,2.8,ml,,,EMSC_FDSN
quakeml:eu.emsc/event/20230207_0000130,2023-02-07T06:58:19.000000Z,37.17,36.73,17.0,3.3,ml,,,EMSC_FDSN
quakeml:eu.emsc/event/20230207_0000124,2023-02-07T06:48:53.300000Z,38.31,37.7,10.0,4.9,ml,,,EMSC_FDSN
quakeml:eu.emsc/event/20230207_0000125,2023-02-07T06:46:55.500000Z,38.07,37.53,20.0,3.7,ml,,,EMSC_FDSN
quakeml:eu.emsc/event/20230207_0000122,2023-02-07T06:40:55.100000Z,38.04,36.52,10.0,4.5,mb,,,EMSC_FDSN
quakeml:eu.emsc/event/20230207_0000127,2023-02-07T06:39:10.200000Z,38.17,37.75,5.0,3.2,ml,,,EMSC_FDSN
quakeml:eu.emsc/event/20230207_0000160,2023-02-07T06:22:53.000000Z,38.06,36.93,22.0,2.8,ml,,,EMSC_FDSN
quakeml:eu.emsc/event/20230207_0000129,2023-02-07T06:20:22.600000Z,38.1,36.48,5.0,3.3,ml,,,EMSC_FDSN
quakeml:eu.emsc/event/20230207_0000158,2023-02-07T06:17:37.500000Z,37.79,37.19,5.0,2.9,ml,,,EMSC_FDSN
quakeml:eu.emsc/event/20230207_0000110,2023-02-07T06:11:46.900000Z,38.05,37.36,5.0,3.3,ml,,,EMSC_FDSN
quakeml:eu.emsc/event/20230207_0000107,2023-02-07T05:55:30.000000Z,38.13,37.41,5.0,3.9,ml,,,EMSC_FDSN
quakeml:eu.emsc/event/20230207_0000120,2023-02-07T05:52:01.900000Z,38.16,37.76,1.0,2.6,ml,,,EMSC_FDSN
quakeml:eu.emsc/event/20230207_0000108,2023-02-07T05:48:39.400000Z,38.26,36.92,5.0,3.1,ml,,,EMSC_FDSN
quakeml:eu.emsc/event/20230207_0000131,2023-02-07T05:42:27.900000Z,38.02,37.53,6.0,3.3,ml,,,EMSC_FDSN
quakeml:eu.emsc/event/20230207_0000123,2023-02-07T05:36:42.800000Z,38.25,37.45,8.0,2.9,ml,,,EMSC_FDSN
quakeml:eu.emsc/event/20230207_0000103,2023-02-07T05:33:01.400000Z,38.19,37.82,5.0,2.7,ml,,,EMSC_FDSN
quakeml:eu.emsc/event/20230207_0000102,2023-02-07T05:31:58.700000Z,37.2,36.98,5.0,2.6,ml,,,EMSC_FDSN
quakeml:eu.emsc/event/20230207_0000101,2023-02-07T05:30:30.200000Z,37.18,36.77,18.0,2.6,ml,,,EMSC_FDSN
quakeml:eu.emsc/event/20230207_0000105,2023-02-07T05:22:44.000000Z,38.05,37.19,9.0,2.8,ml,,,EMSC_FDSN
quakeml:eu.emsc/event/20230207_0000100,2023-02-07T05:08:32.100000Z,38.19,37.82,5.0,3.2,ml,,,EMSC_FDSN
quakeml:eu.emsc/event/20230207_0000094,2023-02-07T04:50:26.800000Z,38.09,36.63,7.0,3.2,ml,,,EMSC_FDSN
quakeml:eu.emsc/event/20230207_0000084,2023-02-07T04:42:07.300000Z,36.86,36.57,10.0,4.4,mb,,,EMSC_FDSN
quakeml:eu.emsc/event/20230207_0000090,2023-02-07T04:37:31.000000Z,37.98,37.49,6.0,3.3,ml,,,EMSC_FDSN
quakeml:eu.emsc/event/20230207_0000089,2023-02-07T04:34:29.400000Z,38.15,36.71,19.0,3.1,ml,,,EMSC_FDSN
quakeml:eu.emsc/event/20230207_0000088,2023-02-07T04:26:32.500000Z,37.24,35.83,23.0,2.6,ml,,,EMSC_FDSN
quakeml:eu.emsc/event/20230207_0000087,2023-02-07T04:24:15.700000Z,38.05,36.74,8.0,3.3,ml,,,EMSC_FDSN
quakeml:eu.emsc/event/20230207_0000085,2023-02-07T04:21:11.300000Z,38.16,36.05,6.0,2.6,ml,,,EMSC_FDSN
quakeml:eu.emsc/event/20230207_0000078,2023-02-07T04:16:40.500000Z,37.99,37.54,3.0,4.2,ml,,,EMSC_FDSN
quakeml:eu.emsc/event/20230207_0000081,2023-02-07T04:15:02.800000Z,37.37,36.86,6.0,2.7,ml,,,EMSC_FDSN
quakeml:eu.emsc/event/20230207_0000077,2023-02-07T04:13:14.500000Z,38.18,38.5,9.0,3.2,ml,,,EMSC_FDSN
quakeml:eu.emsc/event/20230207_0000079,2023-02-07T04:12:36.300000Z,37.71,37.4,5.0,3.2,ml,,,EMSC_FDSN
quakeml:eu.emsc/event/20230207_0000076,2023-02-07T04:07:58.100000Z,38.01,37.41,5.0,3.8,ml,,,EMSC_FDSN
quakeml:eu.emsc/event/20230207_0000072,2023-02-07T04:02:15.200000Z,37.43,37.05,5.0,3.7,ml,,,EMSC_FDSN
quakeml:eu.emsc/event/20230207_0000075,2023-02-07T03:58:55.800000Z,37.57,37.25,1.0,4.4,ml,,,EMSC_FDSN
quakeml:eu.emsc/event/20230207_0000071,2023-02-07T03:49:14.700000Z,38.21,37.83,5.0,3.1,ml,,,EMSC_FDSN
quakeml:eu.emsc/event/20230207_0000070,2023-02-07T03:46:51.300000Z,38.06,36.59,8.0,2.5,ml,,,EMSC_FDSN
quakeml:eu.emsc/event/20230207_0000068,2023-02-07T03:42:12.900000Z,37.34,37.0,5.0,3.0,ml,,,EMSC_FDSN
quakeml:eu.emsc/event/20230207_0000074,2023-02-07T03:30:02.000000Z,37.83,37.59,4.0,4.2,ml,,,EMSC_FDSN
quakeml:eu.emsc/event/20230207_0000069,2023-02-07T03:26:29.800000Z,37.62,37.29,6.0,3.1,ml,,,EMSC_FDSN
quakeml:eu.emsc/event/20230207_0000066,2023-02-07T03:25:23.100000Z,38.12,36.62,8.0,3.2,ml,,,EMSC_FDSN
quakeml:eu.emsc/event/20230207_0000063,2023-02-07T03:13:13.900000Z,37.83,37.63,2.0,5.5,mw,,,EMSC_FDSN
quakeml:eu.emsc/event/20230207_0000060,2023-02-07T03:08:58.100000Z,37.96,37.6,5.0,4.7,mb,,,EMSC_FDSN
quakeml:eu.emsc/event/20230207_0000064,2023-02-07T03:07:18.000000Z,38.13,37.7,5.0,3.4,ml,,,EMSC_FDSN
quakeml:eu.emsc/event/20230207_0000059,2023-02-07T03:02:56.500000Z,37.29,37.08,10.0,4.3,mb,,,EMSC_FDSN
quakeml:eu.emsc/event/20230207_0000058,2023-02-07T03:00:26.800000Z,38.29,38.12,5.0,3.4,ml,,,EMSC_FDSN
quakeml:eu.emsc/event/20230207_0000056,2023-02-07T02:55:56.400000Z,38.19,37.93,6.0,3.7,ml,,,EMSC_FDSN
quakeml:eu.emsc/event/20230207_0000055,2023-02-07T02:53:29.800000Z,38.07,36.63,3.0,4.2,mb,,,EMSC_FDSN
quakeml:eu.emsc/event/20230207_0000053,2023-02-07T02:43:28.300000Z,38.08,36.94,5.0,4.3,mb,,,EMSC_FDSN
quakeml:eu.emsc/event/20230207_0000050,2023-02-07T02:41:56.300000Z,37.19,36.7,5.0,3.3,ml,,,EMSC_FDSN
quakeml:eu.emsc/event/20230207_0000047,2023-02-07T02:34:43.900000Z,37.84,36.59,5.0,3.8,ml,,,EMSC_FDSN
quakeml:eu.emsc/event/20230207_0000044,2023-02-07T02:28:28.000000Z,37.96,37.62,10.0,4.2,ml,,,EMSC_FDSN
quakeml:eu.emsc/event/20230207_0000045,2023-02-07T02:24:56.300000Z,38.1,37.26,4.0,3.1,ml,,,EMSC_FDSN
quakeml:eu.emsc/event/20230207_0000484,2023-02-07T02:22:32.400000Z,38.05,36.26,5.0,2.8,ml,,,EMSC_FDSN
quakeml:eu.emsc/event/20230207_0000486,2023-02-07T02:15:50.900000Z,38.28,38.04,5.0,3.1,ml,,,EMSC_FDSN
quakeml:eu.emsc/event/20230207_0000041,2023-02-07T02:06:54.500000Z,37.99,37.44,6.0,3.6,ml,,,EMSC_FDSN
quakeml:eu.emsc/event/20230207_0000040,2023-02-07T02:04:59.200000Z,38.04,36.51,5.0,3.1,ml,,,EMSC_FDSN
quakeml:eu.emsc/event/20230207_0000037,2023-02-07T02:01:51.800000Z,38.1,37.96,5.0,3.4,ml,,,EMSC_FDSN
quakeml:eu.emsc/event/20230207_0000034,2023-02-07T01:51:46.700000Z,37.41,37.13,7.0,3.4,ml,,,EMSC_FDSN
quakeml:eu.emsc/event/20230207_0000036,2023-02-07T01:50:17.400000Z,38.1,37.75,5.0,3.3,ml,,,EMSC_FDSN
quakeml:eu.emsc/event/20230207_0000035,2023-02-07T01:45:37.500000Z,38.04,37.47,7.0,3.0,ml,,,EMSC_FDSN
quakeml:eu.emsc/event/20230207_0000033,2023-02-07T01:42:24.800000Z,38.23,37.55,31.0,3.0,ml,,,EMSC_FDSN
quakeml:eu.emsc/event/20230207_0000032,2023-02-07T01:34:30.500000Z,37.42,37.12,16.0,4.4,mb,,,EMSC_FDSN
quakeml:eu.emsc/event/20230207_0000028,2023-02-07T01:29:19.500000Z,38.1,36.78,5.0,4.1,mb,,,EMSC_FDSN
quakeml:eu.emsc/event/20230207_0000030,2023-02-07T01:27:22.300000Z,38.13,37.74,7.0,3.5,ml,,,EMSC_FDSN
quakeml:eu.emsc/event/20230207_0000031,2023-02-07T01:25:11.900000Z,37.33,37.12,5.0,2.6,ml,,,EMSC_FDSN
quakeml:eu.emsc/event/20230207_0000027,2023-02-07T01:18:08.600000Z,38.04,36.53,5.0,3.1,ml,,,EMSC_FDSN
quakeml:eu.emsc/event/20230207_0000026,2023-02-07T01:12:50.900000Z,38.06,36.94,2.0,2.8,ml,,,EMSC_FDSN
quakeml:eu.emsc/event/20230207_0000025,2023-02-07T01:05:22.800000Z,36.69,36.45,9.0,3.3,ml,,,EMSC_FDSN
quakeml:eu.emsc/event/20230207_0000022,2023-02-07T00:56:01.400000Z,38.17,38.34,8.0,3.4,ml,,,EMSC_FDSN
quakeml:eu.emsc/event/20230207_0000019,2023-02-07T00:53:31.500000Z,38.18,37.87,8.0,3.3,ml,,,EMSC_FDSN
quakeml:eu.emsc/event/20230207_0000018,2023-02-07T00:46:47.400000Z,37.88,37.89,5.0,3.2,ml,,,EMSC_FDSN
quakeml:eu.emsc/event/20230207_0000506,2023-02-07T00:45:22.600000Z,37.74,37.76,21.0,2.9,ml,,,EMSC_FDSN
quakeml:eu.emsc/event/20230207_0000015,2023-02-07T00:44:12.600000Z,38.08,37.97,28.0,2.6,ml,,,EMSC_FDSN
quakeml:eu.emsc/event/20230207_0000016,2023-02-07T00:40:08.300000Z,38.12,36.61,5.0,3.9,ml,,,EMSC_FDSN
quakeml:eu.emsc/event/20230207_0000014,2023-02-07T00:36:29.000000Z,38.29,37.16,7.0,3.7,ml,,,EMSC_FDSN
quakeml:eu.emsc/event/20230207_0000507,2023-02-07T00:32:45.800000Z,37.99,36.51,14.0,3.2,ml,,,EMSC_FDSN
quakeml:eu.emsc/event/20230207_0000013,2023-02-07T00:29:15.400000Z,37.45,37.05,6.0,3.8,ml,,,EMSC_FDSN
quakeml:eu.emsc/event/20230207_0000011,2023-02-07T00:26:20.600000Z,38.15,36.7,3.0,3.7,ml,,,EMSC_FDSN
quakeml:eu.emsc/event/20230207_0000010,2023-02-07T00:23:43.100000Z,38.1,36.81,5.0,4.0,ml,,,EMSC_FDSN
quakeml:eu.emsc/event/20230207_0000008,2023-02-07T00:20:16.100000Z,37.86,36.61,5.0,3.9,ml,,,EMSC_FDSN
quakeml:eu.emsc/event/20230207_0000007,2023-02-07T00:15:19.500000Z,37.29,36.8,4.0,3.7,ml,,,EMSC_FDSN
quakeml:eu.emsc/event/20230207_0000005,2023-02-07T00:11:34.400000Z,37.87,37.71,17.0,3.3,ml,,,EMSC_FDSN
quakeml:eu.emsc/event/20230207_0000004,2023-02-07T00:09:38.400000Z,37.08,36.16,9.0,2.8,ml,,,EMSC_FDSN
quakeml:eu.emsc/event/20230207_0000002,2023-02-07T00:03:45.800000Z,38.41,37.21,5.0,3.5,ml,,,EMSC_FDSN
quakeml:eu.emsc/event/20230207_0000001,2023-02-07T00:01:02.000000Z,37.44,37.09,6.0,3.4,ml,,,EMSC_FDSN
quakeml:eu.emsc/event/20230206_0000538,2023-02-06T23:56:03.900000Z,38.04,37.44,4.0,3.6,ml,,,EMSC_FDSN
quakeml:eu.emsc/event/20230206_0000535,2023-02-06T23:54:16.300000Z,38.11,36.72,5.0,3.6,ml,,,EMSC_FDSN
quakeml:eu.emsc/event/20230206_0000532,2023-02-06T23:48:34.300000Z,38.08,37.39,24.0,3.0,ml,,,EMSC_FDSN
quakeml:eu.emsc/event/20230206_0000533,2023-02-06T23:45:42.600000Z,38.1,37.18,2.0,3.3,ml,,,EMSC_FDSN
quakeml:eu.emsc/event/20230206_0000531,2023-02-06T23:41:13.700000Z,38.19,37.93,5.0,3.2,ml,,,EMSC_FDSN
quakeml:eu.emsc/event/20230206_0000530,2023-02-06T23:36:23.300000Z,38.24,37.23,5.0,3.4,ml,,,EMSC_FDSN
quakeml:eu.emsc/event/20230206_0000528,2023-02-06T23:32:04.700000Z,38.13,38.2,5.0,3.3,ml,,,EMSC_FDSN
quakeml:eu.emsc/event/20230206_0000526,2023-02-06T23:27:11.400000Z,38.1027,37.7762,8.4,3.4,ml,,,EMSC_FDSN
quakeml:eu.emsc/event/20230206_0000527,2023-02-06T23:21:07.000000Z,38.27,37.15,2.0,3.4,ml,,,EMSC_FDSN
quakeml:eu.emsc/event/20230206_0000524,2023-02-06T23:14:42.900000Z,37.6,37.35,5.0,3.6,ml,,,EMSC_FDSN
quakeml:eu.emsc/event/20230206_0000522,2023-02-06T23:13:32.200000Z,38.08,37.7,10.0,4.2,mb,,,EMSC_FDSN
quakeml:eu.emsc/event/20230206_0000521,2023-02-06T23:11:38.600000Z,38.1,37.13,12.0,3.2,ml,,,EMSC_FDSN
quakeml:eu.emsc/event/20230206_0000520,2023-02-06T23:05:24.000000Z,38.12,37.4,5.0,2.9,ml,,,EMSC_FDSN
quakeml:eu.emsc/event/20230206_0000519,2023-02-06T23:01:56.800000Z,38.13,37.73,5.0,3.3,ml,,,EMSC_FDSN
quakeml:eu.emsc/event/20230206_0000517,2023-02-06T22:59:05.000000Z,38.29,38.11,2.0,3.2,ml,,,EMSC_FDSN
quakeml:eu.emsc/event/20230206_0000518,2023-02-06T22:55:26.900000Z,37.93,36.61,4.0,3.9,ml,,,EMSC_FDSN
quakeml:eu.emsc/event/20230206_0000515,2023-02-06T22:51:16.900000Z,38.01,36.47,2.0,3.1,ml,,,EMSC_FDSN
quakeml:eu.emsc/event/20230206_0000514,2023-02-06T22:44:53.200000Z,38.01,36.54,5.0,3.8,ml,,,EMSC_FDSN
quakeml:eu.emsc/event/20230206_0000512,2023-02-06T22:34:21.600000Z,38.03,37.43,5.0,3.8,ml,,,EMSC_FDSN
quakeml:eu.emsc/event/20230206_0000511,2023-02-06T22:29:40.700000Z,38.11,36.53,5.0,4.4,mb,,,EMSC_FDSN
quakeml:eu.emsc/event/20230206_0000510,2023-02-06T22:28:06.400000Z,38.33,37.68,5.0,3.9,ml,,,EMSC_FDSN
quakeml:eu.emsc/event/20230206_0000509,2023-02-06T22:26:18.900000Z,37.98,37.42,4.0,4.3,mb,,,EMSC_FDSN
quakeml:eu.emsc/event/20230206_0000508,2023-02-06T22:23:35.200000Z,38.08,37.34,5.0,3.5,ml,,,EMSC_FDSN
quakeml:eu.emsc/event/20230206_0000506,2023-02-06T22:16:08.100000Z,38.23,37.44,6.0,3.2,ml,,,EMSC_FDSN
quakeml:eu.emsc/event/20230206_0000507,2023-02-06T22:14:00.900000Z,38.05,37.33,2.0,3.5,ml,,,EMSC_FDSN
quakeml:eu.emsc/event/20230206_0000505,2023-02-06T22:11:37.100000Z,38.32,38.17,8.0,4.4,mb,,,EMSC_FDSN
quakeml:eu.emsc/event/20230206_0000504,2023-02-06T22:09:52.400000Z,38.12,36.9,2.0,3.8,ml,,,EMSC_FDSN
quakeml:eu.emsc/event/20230206_0000503,2023-02-06T22:06:15.800000Z,37.89,37.74,4.0,3.3,ml,,,EMSC_FDSN
quakeml:eu.emsc/event/20230206_0000502,2023-02-06T22:02:47.200000Z,37.9,37.87,2.0,3.7,ml,,,EMSC_FDSN
quakeml:eu.emsc/event/20230206_0000572,2023-02-06T22:01:11.400000Z,38.1,36.93,2.0,3.5,ml,,,EMSC_FDSN
quakeml:eu.emsc/event/20230206_0000500,2023-02-06T21:57:44.900000Z,38.06,36.52,2.0,4.9,mb,,,EMSC_FDSN
quakeml:eu.emsc/event/20230206_0000501,2023-02-06T21:54:57.400000Z,38.17,36.52,5.0,3.2,ml,,,EMSC_FDSN
quakeml:eu.emsc/event/20230206_0000495,2023-02-06T21:41:25.100000Z,38.07,36.52,5.0,4.0,ml,,,EMSC_FDSN
quakeml:eu.emsc/event/20230206_0000497,2023-02-06T21:40:04.600000Z,37.33,36.95,6.0,3.5,ml,,,EMSC_FDSN
quakeml:eu.emsc/event/20230206_0000492,2023-02-06T21:38:45.100000Z,37.14,36.74,7.0,3.8,ml,,,EMSC_FDSN
quakeml:eu.emsc/event/20230206_0000487,2023-02-06T21:28:10.800000Z,38.03,37.56,5.0,3.5,ml,,,EMSC_FDSN
quakeml:eu.emsc/event/20230206_0000491,2023-02-06T21:25:07.400000Z,38.29,37.31,7.0,3.2,ml,,,EMSC_FDSN
quakeml:eu.emsc/event/20230206_0000486,2023-02-06T21:23:32.900000Z,38.23,37.15,11.0,3.0,ml,,,EMSC_FDSN
quakeml:eu.emsc/event/20230206_0000483,2023-02-06T21:19:46.300000Z,38.26,38.11,3.0,3.7,ml,,,EMSC_FDSN
quakeml:eu.emsc/event/20230206_0000485,2023-02-06T21:17:39.500000Z,38.06,37.78,14.0,3.2,ml,,,EMSC_FDSN
quakeml:eu.emsc/event/20230206_0000484,2023-02-06T21:15:17.300000Z,38.1,37.03,5.0,4.8,mb,,,EMSC_FDSN
quakeml:eu.emsc/event/20230206_0000482,2023-02-06T21:13:46.600000Z,37.45,37.02,8.0,3.4,ml,,,EMSC_FDSN
quakeml:eu.emsc/event/20230206_0000481,2023-02-06T21:06:31.400000Z,37.4,37.12,3.0,3.2,ml,,,EMSC_FDSN
quakeml:eu.emsc/event/20230206_0000479,2023-02-06T21:05:12.200000Z,38.13,36.67,4.0,3.4,ml,,,EMSC_FDSN
quakeml:eu.emsc/event/20230206_0000480,2023-02-06T21:02:12.700000Z,36.57,36.31,80.0,4.4,mb,,,EMSC_FDSN
quakeml:eu.emsc/event/20230206_0000476,2023-02-06T20:58:14.000000Z,37.99,36.18,3.0,3.9,ml,,,EMSC_FDSN
quakeml:eu.emsc/event/20230206_0000474,2023-02-06T20:55:47.800000Z,37.98,36.44,5.0,3.4,ml,,,EMSC_FDSN
quakeml:eu.emsc/event/20230206_0000473,2023-02-06T20:53:24.300000Z,38.21,38.28,10.0,5.0,mb,,,EMSC_FDSN
quakeml:eu.emsc/event/20230206_0000472,2023-02-06T20:43:51.500000Z,37.6401,37.78,5.0,5.1,m,,,EMSC_FDSN
quakeml:eu.emsc/event/20230206_0000584,2023-02-06T20:41:31.100000Z,37.66,37.34,2.0,3.5,ml,,,EMSC_FDSN
quakeml:eu.emsc/event/20230206_0000470,2023-02-06T20:37:53.000000Z,37.25,37.05,10.0,5.3,mw,,,EMSC_FDSN
quakeml:eu.emsc/event/20230206_0000471,2023-02-06T20:35:03.200000Z,38.0,37.7,6.0,3.3,ml,,,EMSC_FDSN
quakeml:eu.emsc/event/20230206_0000468,2023-02-06T20:33:14.200000Z,38.08,37.48,16.0,2.8,ml,,,EMSC_FDSN
quakeml:eu.emsc/event/20230206_0000466,2023-02-06T20:28:11.700000Z,38.36,38.11,5.0,3.3,ml,,,EMSC_FDSN
quakeml:eu.emsc/event/20230206_0000462,2023-02-06T20:21:53.900000Z,38.06,36.43,5.0,3.2,ml,,,EMSC_FDSN
quakeml:eu.emsc/event/20230206_0000469,2023-02-06T20:14:16.100000Z,37.94,36.71,20.0,4.2,mb,,,EMSC_FDSN
quakeml:eu.emsc/event/20230206_0000460,2023-02-06T20:13:11.300000Z,38.22,37.81,6.0,3.4,ml,,,EMSC_FDSN
quakeml:eu.emsc/event/20230206_0000459,2023-02-06T20:08:31.500000Z,38.2,37.78,5.0,3.9,ml,,,EMSC_FDSN
quakeml:eu.emsc/event/20230206_0000457,2023-02-06T20:05:36.500000Z,38.01,36.46,10.0,4.7,mb,,,EMSC_FDSN
quakeml:eu.emsc/event/20230206_0000456,2023-02-06T20:02:25.400000Z,37.87,36.53,5.0,3.5,ml,,,EMSC_FDSN
quakeml:eu.emsc/event/20230206_0000455,2023-02-06T19:57:59.100000Z,37.87,36.53,5.0,3.6,ml,,,EMSC_FDSN
quakeml:eu.emsc/event/20230206_0000453,2023-02-06T19:49:40.700000Z,38.1,36.55,5.0,4.3,ml,,,EMSC_FDSN
quakeml:eu.emsc/event/20230206_0000452,2023-02-06T19:47:57.600000Z,37.98,36.55,3.0,3.7,ml,,,EMSC_FDSN
quakeml:eu.emsc/event/20230206_0000451,2023-02-06T19:43:41.900000Z,38.15,37.73,5.0,3.9,ml,,,EMSC_FDSN
quakeml:eu.emsc/event/20230206_0000449,2023-02-06T19:40:17.900000Z,38.06,38.19,10.0,4.6,mb,,,EMSC_FDSN
quakeml:eu.emsc/event/20230206_0000447,2023-02-06T19:35:50.800000Z,37.47,37.13,5.0,4.3,mb,,,EMSC_FDSN
quakeml:eu.emsc/event/20230206_0000448,2023-02-06T19:31:00.900000Z,38.12,37.23,5.0,4.4,mb,,,EMSC_FDSN
quakeml:eu.emsc/event/20230206_0000444,2023-02-06T19:24:56.500000Z,37.4176,37.4898,10.0,4.4,m,,,EMSC_FDSN
quakeml:eu.emsc/event/20230206_0000442,2023-02-06T19:18:58.800000Z,38.08,37.33,5.0,3.4,ml,,,EMSC_FDSN
quakeml:eu.emsc/event/20230206_0000445,2023-02-06T19:15:47.700000Z,37.9712,36.3823,10.0,4.4,mb,,,EMSC_FDSN
quakeml:eu.emsc/event/20230206_0000441,2023-02-06T19:10:30.900000Z,38.05,36.43,1.0,3.3,ml,,,EMSC_FDSN
quakeml:eu.emsc/event/20230206_0000439,2023-02-06T18:53:37.900000Z,38.02,38.08,2.0,3.5,ml,,,EMSC_FDSN
quakeml:eu.emsc/event/20230206_0000437,2023-02-06T18:48:53.000000Z,38.01,38.16,2.0,4.4,ml,,,EMSC_FDSN
quakeml:eu.emsc/event/20230206_0000438,2023-02-06T18:45:30.200000Z,38.12,36.84,9.0,3.2,ml,,,EMSC_FDSN
quakeml:eu.emsc/event/20230206_0000435,2023-02-06T18:41:38.600000Z,38.09,36.76,5.0,3.1,ml,,,EMSC_FDSN
quakeml:eu.emsc/event/20230206_0000431,2023-02-06T18:32:39.400000Z,37.872,38.237,10.0,4.0,mb,,,EMSC_FDSN
quakeml:eu.emsc/event/20230206_0000432,2023-02-06T18:31:24.900000Z,37.89,36.64,6.0,3.8,ml,,,EMSC_FDSN
quakeml:eu.emsc/event/20230206_0000427,2023-02-06T18:26:45.200000Z,38.04,37.26,5.0,3.5,ml,,,EMSC_FDSN
quakeml:eu.emsc/event/20230206_0000426,2023-02-06T18:15:28.700000Z,38.15,37.71,5.0,3.8,ml,,,EMSC_FDSN
quakeml:eu.emsc/event/20230206_0000421,2023-02-06T18:03:54.800000Z,38.08,36.44,5.0,4.9,mb,,,EMSC_FDSN
quakeml:eu.emsc/event/20230206_0000419,2023-02-06T18:02:44.500000Z,38.1001,36.4785,10.0,4.4,mb,,,EMSC_FDSN
quakeml:eu.emsc/event/20230206_0000415,2023-02-06T17:54:33.500000Z,37.43,36.99,5.0,3.6,ml,,,EMSC_FDSN
quakeml:eu.emsc/event/20230206_0000440,2023-02-06T17:51:30.900000Z,38.38,37.69,6.0,3.4,ml,,,EMSC_FDSN
quakeml:eu.emsc/event/20230206_0000413,2023-02-06T17:46:50.200000Z,38.2,37.82,7.0,4.5,ml,,,EMSC_FDSN
quakeml:eu.emsc/event/20230206_0000412,2023-02-06T17:44:29.000000Z,38.16,36.91,6.0,3.9,ml,,,EMSC_FDSN
quakeml:eu.emsc/event/20230206_0000409,2023-02-06T17:37:24.500000Z,38.16,36.91,17.0,3.8,ml,,,EMSC_FDSN
quakeml:eu.emsc/event/20230206_0000407,2023-02-06T17:33:03.100000Z,37.5,37.13,4.0,3.5,ml,,,EMSC_FDSN
quakeml:eu.emsc/event/20230206_0000404,2023-02-06T17:31:35.000000Z,37.1,36.69,10.0,4.5,mb,,,EMSC_FDSN
quakeml:eu.emsc/event/20230206_0000410,2023-02-06T17:29:39.200000Z,38.2,37.73,14.0,3.5,ml,,,EMSC_FDSN
quakeml:eu.emsc/event/20230206_0000403,2023-02-06T17:26:24.800000Z,38.13,36.65,5.0,4.5,ml,,,EMSC_FDSN
quakeml:eu.emsc/event/20230206_0000401,2023-02-06T17:22:03.900000Z,38.05,36.54,10.0,4.1,mb,,,EMSC_FDSN
quakeml:eu.emsc/event/20230206_0000402,2023-02-06T17:19:07.900000Z,38.17,37.83,6.0,3.7,ml,,,EMSC_FDSN
quakeml:eu.emsc/event/20230206_0000399,2023-02-06T17:15:41.600000Z,37.99,36.81,6.0,3.8,ml,,,EMSC_FDSN
quakeml:eu.emsc/event/20230206_0000398,2023-02-06T17:11:48.900000Z,38.12,37.38,5.0,4.3,mb,,,EMSC_FDSN
quakeml:eu.emsc/event/20230206_0000396,2023-02-06T17:06:52.800000Z,36.93,36.45,26.0,3.0,ml,,,EMSC_FDSN
quakeml:eu.emsc/event/20230206_0000406,2023-02-06T17:04:43.800000Z,38.08,37.59,6.0,3.1,ml,,,EMSC_FDSN
quakeml:eu.emsc/event/20230206_0000397,2023-02-06T17:01:17.300000Z,38.2,36.93,7.0,3.3,ml,,,EMSC_FDSN
quakeml:eu.emsc/event/20230206_0000394,2023-02-06T16:59:26.900000Z,38.11,36.3,2.0,3.6,ml,,,EMSC_FDSN
quakeml:eu.emsc/event/20230206_0000395,2023-02-06T16:55:35.400000Z,37.99,37.33,5.0,4.5,mb,,,EMSC_FDSN
quakeml:eu.emsc/event/20230206_0000390,2023-02-06T16:53:43.200000Z,38.14,36.79,16.0,4.0,ml,,,EMSC_FDSN
quakeml:eu.emsc/event/20230206_0000411,2023-02-06T16:51:58.100000Z,38.17,37.66,5.0,3.4,ml,,,EMSC_FDSN
quakeml:eu.emsc/event/20230206_0000414,2023-02-06T16:49:20.600000Z,38.27,38.09,8.0,3.6,ml,,,EMSC_FDSN
quakeml:eu.emsc/event/20230206_0000389,2023-02-06T16:46:37.300000Z,38.06,36.39,5.0,3.8,ml,,,EMSC_FDSN
quakeml:eu.emsc/event/20230206_0000386,2023-02-06T16:43:29.300000Z,38.01,36.47,5.0,5.0,mb,,,EMSC_FDSN
quakeml:eu.emsc/event/20230206_0000385,2023-02-06T16:32:16.000000Z,36.63,36.55,40.0,4.9,mb,,,EMSC_FDSN
quakeml:eu.emsc/event/20230206_0000384,2023-02-06T16:28:08.800000Z,37.37,36.93,7.0,4.3,ml,,,EMSC_FDSN
quakeml:eu.emsc/event/20230206_0000383,2023-02-06T16:26:42.300000Z,38.3,36.78,10.0,4.8,ml,,,EMSC_FDSN
quakeml:eu.emsc/event/20230206_0000381,2023-02-06T16:21:54.800000Z,37.98,36.4,10.0,3.9,ml,,,EMSC_FDSN
quakeml:eu.emsc/event/20230206_0000388,2023-02-06T16:15:06.000000Z,37.35,36.88,5.0,3.2,ml,,,EMSC_FDSN
quakeml:eu.emsc/event/20230206_0000379,2023-02-06T16:12:56.600000Z,37.35,36.93,9.0,3.6,ml,,,EMSC_FDSN
quakeml:eu.emsc/event/20230206_0000376,2023-02-06T16:06:43.400000Z,38.1,37.06,5.0,3.9,ml,,,EMSC_FDSN
quakeml:eu.emsc/event/20230206_0000375,2023-02-06T16:02:13.100000Z,38.09,37.29,5.0,3.7,ml,,,EMSC_FDSN
quakeml:eu.emsc/event/20230206_0000373,2023-02-06T15:59:37.000000Z,37.89,37.7,10.0,4.1,ml,,,EMSC_FDSN
quakeml:eu.emsc/event/20230206_0000368,2023-02-06T15:54:04.200000Z,37.31,37.09,11.0,3.0,ml,,,EMSC_FDSN
quakeml:eu.emsc/event/20230206_0000369,2023-02-06T15:52:43.700000Z,37.88,37.71,8.0,4.1,ml,,,EMSC_FDSN
quakeml:eu.emsc/event/20230206_0000366,2023-02-06T15:48:01.300000Z,37.96,36.72,21.0,3.8,ml,,,EMSC_FDSN
quakeml:eu.emsc/event/20230206_0000361,2023-02-06T15:33:34.000000Z,38.27,38.15,10.0,5.2,mb,,,EMSC_FDSN
quakeml:eu.emsc/event/20230206_0000360,2023-02-06T15:22:16.600000Z,38.31,37.85,16.0,2.6,ml,,,EMSC_FDSN
quakeml:eu.emsc/event/20230206_0000353,2023-02-06T15:14:36.900000Z,38.06,37.71,10.0,5.1,mb,,,EMSC_FDSN
quakeml:eu.emsc/event/20230206_0000352,2023-02-06T15:08:08.500000Z,38.03,37.53,5.0,4.1,ml,,,EMSC_FDSN
quakeml:eu.emsc/event/20230206_0000367,2023-02-06T15:03:44.100000Z,37.11,36.61,6.0,2.9,ml,,,EMSC_FDSN
quakeml:eu.emsc/event/20230206_0000370,2023-02-06T15:01:24.200000Z,38.03,36.59,7.0,3.6,ml,,,EMSC_FDSN
quakeml:eu.emsc/event/20230206_0000351,2023-02-06T14:57:53.400000Z,38.02,38.12,33.0,4.3,ml,,,EMSC_FDSN
quakeml:eu.emsc/event/20230206_0000347,2023-02-06T14:55:28.500000Z,37.93,37.67,10.0,3.8,ml,,,EMSC_FDSN
quakeml:eu.emsc/event/20230206_0000365,2023-02-06T14:53:57.000000Z,37.13,35.85,16.0,3.0,ml,,,EMSC_FDSN
quakeml:eu.emsc/event/20230206_0000342,2023-02-06T14:51:15.500000Z,38.13,38.48,4.0,4.4,ml,,,EMSC_FDSN
quakeml:eu.emsc/event/20230206_0000598,2023-02-06T14:49:05.400000Z,38.33,37.14,10.0,3.3,ml,,,EMSC_FDSN
quakeml:eu.emsc/event/20230206_0000338,2023-02-06T14:41:56.700000Z,38.18,37.78,6.0,4.2,ml,,,EMSC_FDSN
quakeml:eu.emsc/event/20230206_0000599,2023-02-06T14:40:36.900000Z,38.18,36.74,30.0,2.7,ml,,,EMSC_FDSN
quakeml:eu.emsc/event/20230206_0000597,2023-02-06T14:38:30.100000Z,38.32,38.16,5.0,3.5,ml,,,EMSC_FDSN
quakeml:eu.emsc/event/20230206_0000344,2023-02-06T14:33:07.400000Z,38.05,37.89,6.0,3.8,ml,,,EMSC_FDSN
quakeml:eu.emsc/event/20230206_0000331,2023-02-06T14:29:58.700000Z,38.0,36.42,5.0,4.5,ml,,,EMSC_FDSN
quakeml:eu.emsc/event/20230206_0000330,2023-02-06T14:27:51.200000Z,37.05,36.25,10.0,4.8,ml,,,EMSC_FDSN
quakeml:eu.emsc/event/20230206_0000596,2023-02-06T14:24:49.300000Z,37.47,37.2,5.0,4.2,ml,,,EMSC_FDSN
quakeml:eu.emsc/event/20230206_0000595,2023-02-06T14:22:42.600000Z,38.3,38.21,4.0,3.7,ml,,,EMSC_FDSN
quakeml:eu.emsc/event/20230206_0000335,2023-02-06T14:20:51.900000Z,38.24,38.16,3.0,4.1,ml,,,EMSC_FDSN
quakeml:eu.emsc/event/20230206_0000429,2023-02-06T14:17:18.900000Z,37.95,37.38,17.0,4.4,mb,,,EMSC_FDSN
quakeml:eu.emsc/event/20230206_0000594,2023-02-06T14:14:51.700000Z,37.38,36.82,5.0,4.1,ml,,,EMSC_FDSN
quakeml:eu.emsc/event/20230206_0000325,2023-02-06T14:10:17.800000Z,38.1,37.02,10.0,4.6,mb,,,EMSC_FDSN
quakeml:eu.emsc/event/20230206_0000349,2023-02-06T14:06:30.900000Z,38.07,36.48,25.0,3.4,ml,,,EMSC_FDSN
quakeml:eu.emsc/event/20230206_0000346,2023-02-06T14:04:49.500000Z,38.03,36.38,5.0,4.4,mb,,,EMSC_FDSN
quakeml:eu.emsc/event/20230206_0000345,2023-02-06T14:03:08.200000Z,38.15,37.73,9.0,3.8,ml,,,EMSC_FDSN
quakeml:eu.emsc/event/20230206_0000341,2023-02-06T14:02:03.100000Z,38.3,37.14,5.0,3.3,ml,,,EMSC_FDSN
quakeml:eu.emsc/event/20230206_0000327,2023-02-06T13:59:53.300000Z,37.74,37.55,22.0,3.5,ml,,,EMSC_FDSN
quakeml:eu.emsc/event/20230206_0000324,2023-02-06T13:58:51.400000Z,38.1,36.5,5.0,4.0,ml,,,EMSC_FDSN
quakeml:eu.emsc/event/20230206_0000339,2023-02-06T13:52:05.100000Z,38.33,38.18,7.0,3.9,ml,,,EMSC_FDSN
quakeml:eu.emsc/event/20230206_0000600,2023-02-06T13:46:19.800000Z,38.05,37.56,5.0,2.7,ml,,,EMSC_FDSN
quakeml:eu.emsc/event/20230206_0000323,2023-02-06T13:44:52.100000Z,37.95,37.5,12.0,5.0,mb,,,EMSC_FDSN
quakeml:eu.emsc/event/20230206_0000304,2023-02-06T13:39:25.600000Z,37.6,36.96,10.0,5.1,mb,,,EMSC_FDSN
quakeml:eu.emsc/event/20230206_0000592,2023-02-06T13:33:15.000000Z,38.07,37.57,5.0,4.1,ml,,,EMSC_FDSN
quakeml:eu.emsc/event/20230206_0000603,2023-02-06T13:28:51.700000Z,38.11,37.7,7.0,3.0,ml,,,EMSC_FDSN
quakeml:eu.emsc/event/20230206_0000602,2023-02-06T13:24:11.800000Z,36.78,36.62,12.0,2.8,ml,,,EMSC_FDSN
quakeml:eu.emsc/event/20230206_0000591,2023-02-06T13:21:58.500000Z,38.12,37.24,17.0,2.8,ml,,,EMSC_FDSN
quakeml:eu.emsc/event/20230206_0000601,2023-02-06T13:20:09.500000Z,38.12,36.6,27.0,3.0,ml,,,EMSC_FDSN
quakeml:eu.emsc/event/20230206_0000293,2023-02-06T13:17:46.900000Z,38.05,36.52,5.0,4.9,mb,,,EMSC_FDSN
quakeml:eu.emsc/event/20230206_0000300,2023-02-06T13:16:28.700000Z,38.0,36.75,14.0,3.7,ml,,,EMSC_FDSN
quakeml:eu.emsc/event/20230206_0000590,2023-02-06T13:14:02.500000Z,37.88,37.89,17.0,4.5,mb,,,EMSC_FDSN
quakeml:eu.emsc/event/20230206_0000292,2023-02-06T13:12:27.800000Z,37.91,36.52,10.0,4.8,mb,,,EMSC_FDSN
quakeml:eu.emsc/event/20230206_0000287,2023-02-06T13:07:47.800000Z,38.32,37.45,15.0,5.0,mb,,,EMSC_FDSN
quakeml:eu.emsc/event/20230206_0000290,2023-02-06T13:06:37.400000Z,38.07,37.43,14.0,4.3,ml,,,EMSC_FDSN
quakeml:eu.emsc/event/20230206_0000294,2023-02-06T13:03:16.300000Z,38.06,37.39,5.0,4.2,ml,,,EMSC_FDSN
quakeml:eu.emsc/event/20230206_0000288,2023-02-06T13:00:13.200000Z,38.48,37.37,10.0,4.5,mb,,,EMSC_FDSN
quakeml:eu.emsc/event/20230206_0000282,2023-02-06T12:54:45.500000Z,38.06,36.69,10.0,4.7,mb,,,EMSC_FDSN
quakeml:eu.emsc/event/20230206_0000280,2023-02-06T12:48:00.600000Z,38.16,37.03,5.0,4.3,mb,,,EMSC_FDSN
quakeml:eu.emsc/event/20230206_0000343,2023-02-06T12:45:20.200000Z,38.08,36.46,6.0,4.2,ml,,,EMSC_FDSN
quakeml:eu.emsc/event/20230206_0000285,2023-02-06T12:39:16.300000Z,38.29,38.22,5.0,4.0,ml,,,EMSC_FDSN
quakeml:eu.emsc/event/20230206_0000274,2023-02-06T12:34:42.500000Z,38.27,38.23,4.0,4.8,ml,,,EMSC_FDSN
quakeml:eu.emsc/event/20230206_0000277,2023-02-06T12:30:31.300000Z,38.12,36.79,6.0,3.9,ml,,,EMSC_FDSN
quakeml:eu.emsc/event/20230206_0000275,2023-02-06T12:27:46.700000Z,37.13,36.97,8.0,3.9,ml,,,EMSC_FDSN
quakeml:eu.emsc/event/20230206_0000271,2023-02-06T12:21:18.100000Z,38.09,36.4,5.0,4.3,ml,,,EMSC_FDSN
quakeml:eu.emsc/event/20230206_0000270,2023-02-06T12:19:11.400000Z,37.92,37.46,16.0,4.0,ml,,,EMSC_FDSN
quakeml:eu.emsc/event/20230206_0000265,2023-02-06T12:13:52.200000Z,37.99,37.47,8.0,4.8,mb,,,EMSC_FDSN
quakeml:eu.emsc/event/20230206_0000267,2023-02-06T12:07:33.500000Z,38.04,36.38,4.0,4.3,ml,,,EMSC_FDSN
quakeml:eu.emsc/event/20230206_0000261,2023-02-06T12:02:11.900000Z,38.07,36.47,5.0,6.0,mb,,,EMSC_FDSN
quakeml:eu.emsc/event/20230206_0000258,2023-02-06T11:58:43.100000Z,38.36,37.42,10.0,4.9,mb,,,EMSC_FDSN
quakeml:eu.emsc/event/20230206_0000264,2023-02-06T11:55:57.500000Z,38.03,36.6,7.0,4.3,ml,,,EMSC_FDSN
quakeml:eu.emsc/event/20230206_0000259,2023-02-06T11:51:19.000000Z,38.19,37.83,5.0,4.3,ml,,,EMSC_FDSN
quakeml:eu.emsc/event/20230206_0000257,2023-02-06T11:50:05.300000Z,38.05,36.36,7.0,4.5,ml,,,EMSC_FDSN
quakeml:eu.emsc/event/20230206_0000354,2023-02-06T11:48:51.700000Z,38.27,37.87,5.0,3.4,ml,,,EMSC_FDSN
quakeml:eu.emsc/event/20230206_0000255,2023-02-06T11:44:08.700000Z,38.3,38.15,1.0,4.5,ml,,,EMSC_FDSN
quakeml:eu.emsc/event/20230206_0000253,2023-02-06T11:39:43.200000Z,38.1,36.48,5.0,4.6,mb,,,EMSC_FDSN
quakeml:eu.emsc/event/20230206_0000249,2023-02-06T11:35:27.500000Z,38.03,37.47,5.0,4.5,ml,,,EMSC_FDSN
quakeml:eu.emsc/event/20230206_0000357,2023-02-06T11:28:00.200000Z,38.03,38.28,2.0,4.3,mb,,,EMSC_FDSN
quakeml:eu.emsc/event/20230206_0000243,2023-02-06T11:23:40.600000Z,38.01,37.04,9.0,3.9,ml,,,EMSC_FDSN
quakeml:eu.emsc/event/20230206_0000239,2023-02-06T11:20:23.300000Z,38.15,37.87,12.0,3.9,ml,,,EMSC_FDSN
quakeml:eu.emsc/event/20230206_0000238,2023-02-06T11:16:39.800000Z,38.06,36.53,14.0,4.2,ml,,,EMSC_FDSN
quakeml:eu.emsc/event/20230206_0000233,2023-02-06T11:11:40.500000Z,38.08,37.3,1.0,4.9,mb,,,EMSC_FDSN
quakeml:eu.emsc/event/20230206_0000235,2023-02-06T11:05:44.800000Z,38.05,36.26,1.0,4.8,ml,,,EMSC_FDSN
quakeml:eu.emsc/event/20230206_0000236,2023-02-06T11:01:34.800000Z,37.58,37.39,10.0,5.0,mb,,,EMSC_FDSN
quakeml:eu.emsc/event/20230206_0000234,2023-02-06T10:56:26.100000Z,38.05,37.47,20.0,4.4,ml,,,EMSC_FDSN
quakeml:eu.emsc/event/20230206_0000230,2023-02-06T10:55:04.800000Z,38.29,38.36,6.0,3.9,ml,,,EMSC_FDSN
quakeml:eu.emsc/event/20230206_0000228,2023-02-06T10:51:32.400000Z,38.3,38.13,8.0,5.7,mb,,,EMSC_FDSN
quakeml:eu.emsc/event/20230206_0000568,2023-02-06T10:38:58.700000Z,38.06,37.51,14.0,4.6,ml,,,EMSC_FDSN
quakeml:eu.emsc/event/20230206_0000226,2023-02-06T10:36:00.000000Z,38.18,37.77,9.0,5.8,mb,,,EMSC_FDSN
quakeml:eu.emsc/event/20230206_0000458,2023-02-06T10:26:48.500000Z,38.03,37.96,20.0,6.0,mb,,,EMSC_FDSN
quakeml:eu.emsc/event/20230206_0000222,2023-02-06T10:24:49.600000Z,38.11,37.24,10.0,7.5,mw,,,EMSC_FDSN
quakeml:eu.emsc/event/20230206_0000567,2023-02-06T10:21:37.000000Z,37.54,37.49,5.0,3.4,ml,,,EMSC_FDSN
quakeml:eu.emsc/event/20230206_0000566,2023-02-06T10:16:19.200000Z,37.48,37.03,5.0,2.5,ml,,,EMSC_FDSN
quakeml:eu.emsc/event/20230206_0000565,2023-02-06T10:14:56.200000Z,37.52,37.2,5.0,3.2,ml,,,EMSC_FDSN
quakeml:eu.emsc/event/20230206_0000218,2023-02-06T10:12:15.600000Z,38.12,38.35,5.0,4.2,ml,,,EMSC_FDSN
quakeml:eu.emsc/event/20230206_0000217,2023-02-06T10:09:13.900000Z,37.32,36.94,9.0,3.7,ml,,,EMSC_FDSN
quakeml:eu.emsc/event/20230206_0000213,2023-02-06T09:57:18.800000Z,37.13,36.94,5.0,3.6,ml,,,EMSC_FDSN
quakeml:eu.emsc/event/20230206_0000211,2023-02-06T09:54:20.600000Z,37.83,37.55,6.0,3.7,ml,,,EMSC_FDSN
quakeml:eu.emsc/event/20230206_0000202,2023-02-06T09:36:17.700000Z,37.21,36.89,10.0,4.3,mb,,,EMSC_FDSN
quakeml:eu.emsc/event/20230206_0000559,2023-02-06T09:34:19.600000Z,37.39,36.97,7.0,2.9,ml,,,EMSC_FDSN
quakeml:eu.emsc/event/20230206_0000291,2023-02-06T09:32:11.500000Z,38.37,35.52,10.0,3.2,ml,,,EMSC_FDSN
quakeml:eu.emsc/event/20230206_0000199,2023-02-06T09:23:46.600000Z,36.98,36.49,10.0,4.6,mb,,,EMSC_FDSN
quakeml:eu.emsc/event/20230206_0000205,2023-02-06T09:21:01.100000Z,38.16,38.28,2.0,4.4,ml,,,EMSC_FDSN
quakeml:eu.emsc/event/20230206_0000564,2023-02-06T09:12:28.800000Z,37.38,36.93,15.0,3.4,ml,,,EMSC_FDSN
quakeml:eu.emsc/event/20230206_0000606,2023-02-06T09:10:17.800000Z,37.28,36.93,5.0,3.3,ml,,,EMSC_FDSN
quakeml:eu.emsc/event/20230206_0000605,2023-02-06T09:08:17.200000Z,37.08,36.86,5.0,3.0,ml,,,EMSC_FDSN
quakeml:eu.emsc/event/20230206_0000200,2023-02-06T09:05:50.800000Z,37.49,37.09,12.0,3.5,ml,,,EMSC_FDSN
quakeml:eu.emsc/event/20230206_0000195,2023-02-06T09:03:28.500000Z,37.13,36.72,10.0,3.2,ml,,,EMSC_FDSN
quakeml:eu.emsc/event/20230206_0000193,2023-02-06T09:01:35.700000Z,36.63,36.4,8.0,3.9,ml,,,EMSC_FDSN
quakeml:eu.emsc/event/20230206_0000196,2023-02-06T08:58:40.800000Z,38.11,38.24,30.0,4.5,mb,,,EMSC_FDSN
quakeml:eu.emsc/event/20230206_0000604,2023-02-06T08:54:38.400000Z,37.99,37.95,10.0,3.3,ml,,,EMSC_FDSN
quakeml:eu.emsc/event/20230206_0000190,2023-02-06T08:52:38.600000Z,37.41,37.14,10.0,4.7,ml,,,EMSC_FDSN
quakeml:eu.emsc/event/20230206_0000607,2023-02-06T08:51:01.500000Z,37.42,37.11,8.0,3.2,ml,,,EMSC_FDSN
quakeml:eu.emsc/event/20230206_0000189,2023-02-06T08:45:33.700000Z,37.36,37.07,10.0,3.7,ml,,,EMSC_FDSN
quakeml:eu.emsc/event/20230206_0000191,2023-02-06T08:41:57.900000Z,37.05,37.01,5.0,3.4,ml,,,EMSC_FDSN
quakeml:eu.emsc/event/20230206_0000188,2023-02-06T08:40:19.900000Z,38.07,38.15,5.0,3.7,ml,,,EMSC_FDSN
quakeml:eu.emsc/event/20230206_0000187,2023-02-06T08:35:55.300000Z,36.62,36.52,21.0,2.9,ml,,,EMSC_FDSN
quakeml:eu.emsc/event/20230206_0000184,2023-02-06T08:33:58.400000Z,37.34,36.88,5.0,3.1,ml,,,EMSC_FDSN
quakeml:eu.emsc/event/20230206_0000608,2023-02-06T08:29:18.700000Z,37.36,36.92,13.0,2.9,ml,,,EMSC_FDSN
quakeml:eu.emsc/event/20230206_0000181,2023-02-06T08:25:49.100000Z,37.2,36.94,5.0,3.7,ml,,,EMSC_FDSN
quakeml:eu.emsc/event/20230206_0000178,2023-02-06T08:22:55.500000Z,37.37,37.19,16.0,2.7,ml,,,EMSC_FDSN
quakeml:eu.emsc/event/20230206_0000586,2023-02-06T08:16:43.500000Z,37.06,36.86,10.0,3.4,ml,,,EMSC_FDSN
quakeml:eu.emsc/event/20230206_0000585,2023-02-06T08:14:50.200000Z,37.88,37.74,5.0,3.0,ml,,,EMSC_FDSN
quakeml:eu.emsc/event/20230206_0000176,2023-02-06T08:12:50.800000Z,37.25,37.03,22.0,3.1,ml,,,EMSC_FDSN
quakeml:eu.emsc/event/20230206_0000174,2023-02-06T08:08:39.100000Z,37.26,36.96,5.0,3.5,ml,,,EMSC_FDSN
quakeml:eu.emsc/event/20230206_0000173,2023-02-06T08:06:33.100000Z,37.46,37.08,17.0,2.7,ml,,,EMSC_FDSN
quakeml:eu.emsc/event/20230206_0000175,2023-02-06T08:04:34.100000Z,37.54,37.34,6.0,3.1,ml,,,EMSC_FDSN
quakeml:eu.emsc/event/20230206_0000170,2023-02-06T08:01:49.800000Z,36.69,36.46,18.0,4.2,ml,,,EMSC_FDSN
quakeml:eu.emsc/event/20230206_0000185,2023-02-06T07:53:39.300000Z,38.09,38.18,6.0,3.2,ml,,,EMSC_FDSN
quakeml:eu.emsc/event/20230206_0000266,2023-02-06T07:49:09.500000Z,37.74,37.31,9.0,3.3,ml,,,EMSC_FDSN
quakeml:eu.emsc/event/20230206_0000272,2023-02-06T07:47:36.300000Z,38.07,38.08,5.0,3.8,ml,,,EMSC_FDSN
quakeml:eu.emsc/event/20230206_0000162,2023-02-06T07:43:10.200000Z,37.2,37.48,29.0,3.7,ml,,,EMSC_FDSN
quakeml:eu.emsc/event/20230206_0000160,2023-02-06T07:41:15.600000Z,37.99,37.89,4.0,4.1,mb,,,EMSC_FDSN
quakeml:eu.emsc/event/20230206_0000168,2023-02-06T07:39:43.300000Z,37.16,36.75,8.0,3.5,ml,,,EMSC_FDSN
quakeml:eu.emsc/event/20230206_0000165,2023-02-06T07:38:41.200000Z,37.14,36.94,9.0,3.2,ml,,,EMSC_FDSN
quakeml:eu.emsc/event/20230206_0000155,2023-02-06T07:35:37.200000Z,37.33,36.97,5.0,3.7,ml,,,EMSC_FDSN
quakeml:eu.emsc/event/20230206_0000182,2023-02-06T07:28:38.900000Z,36.98,36.94,5.0,3.0,ml,,,EMSC_FDSN
quakeml:eu.emsc/event/20230206_0000179,2023-02-06T07:26:44.300000Z,37.45,38.14,5.0,3.5,ml,,,EMSC_FDSN
quakeml:eu.emsc/event/20230206_0000166,2023-02-06T07:23:21.600000Z,37.34,36.86,11.0,3.6,ml,,,EMSC_FDSN
quakeml:eu.emsc/event/20230206_0000146,2023-02-06T07:21:06.300000Z,37.48,37.14,6.0,4.0,ml,,,EMSC_FDSN
quakeml:eu.emsc/event/20230206_0000582,2023-02-06T07:19:30.900000Z,37.99,37.94,5.0,3.7,ml,,,EMSC_FDSN
quakeml:eu.emsc/event/20230206_0000583,2023-02-06T07:16:54.300000Z,37.38,36.95,22.0,2.8,ml,,,EMSC_FDSN
quakeml:eu.emsc/event/20230206_0000580,2023-02-06T07:13:19.200000Z,37.51,37.33,5.0,2.9,ml,,,EMSC_FDSN
quakeml:eu.emsc/event/20230206_0000143,2023-02-06T07:11:27.200000Z,37.38,36.89,5.0,3.2,ml,,,EMSC_FDSN
quakeml:eu.emsc/event/20230206_0000147,2023-02-06T07:10:10.400000Z,36.62,36.39,10.0,3.8,ml,,,EMSC_FDSN
quakeml:eu.emsc/event/20230206_0000144,2023-02-06T07:08:38.300000Z,36.6,36.45,12.0,4.6,ml,,,EMSC_FDSN
quakeml:eu.emsc/event/20230206_0000142,2023-02-06T07:04:06.000000Z,37.48,37.11,5.0,3.6,ml,,,EMSC_FDSN
quakeml:eu.emsc/event/20230206_0000579,2023-02-06T07:02:57.500000Z,37.88,37.36,17.0,3.6,ml,,,EMSC_FDSN
quakeml:eu.emsc/event/20230206_0000578,2023-02-06T07:01:32.900000Z,37.28,37.03,10.0,3.1,ml,,,EMSC_FDSN
quakeml:eu.emsc/event/20230206_0000140,2023-02-06T07:00:10.200000Z,37.12,36.82,4.0,3.7,ml,,,EMSC_FDSN
quakeml:eu.emsc/event/20230206_0000131,2023-02-06T06:54:57.100000Z,37.75,37.39,2.0,4.8,mb,,,EMSC_FDSN
quakeml:eu.emsc/event/20230206_0000137,2023-02-06T06:51:02.900000Z,37.24,36.71,12.0,2.9,ml,,,EMSC_FDSN
quakeml:eu.emsc/event/20230206_0000138,2023-02-06T06:48:26.700000Z,37.98,37.99,12.0,3.8,ml,,,EMSC_FDSN
quakeml:eu.emsc/event/20230206_0000133,2023-02-06T06:43:20.400000Z,37.63,37.1,2.0,4.2,ml,,,EMSC_FDSN
quakeml:eu.emsc/event/20230206_0000141,2023-02-06T06:39:40.900000Z,37.52,36.9,14.0,2.7,ml,,,EMSC_FDSN
quakeml:eu.emsc/event/20230206_0000130,2023-02-06T06:38:10.100000Z,36.78,36.47,12.0,3.8,ml,,,EMSC_FDSN
quakeml:eu.emsc/event/20230206_0000128,2023-02-06T06:36:48.900000Z,37.31,36.87,10.0,3.3,ml,,,EMSC_FDSN
quakeml:eu.emsc/event/20230206_0000125,2023-02-06T06:33:19.700000Z,37.26,37.06,15.0,3.3,ml,,,EMSC_FDSN
quakeml:eu.emsc/event/20230206_0000149,2023-02-06T06:31:42.000000Z,38.1,38.04,5.0,3.1,ml,,,EMSC_FDSN
quakeml:eu.emsc/event/20230206_0000135,2023-02-06T06:29:48.100000Z,37.38,36.88,16.0,3.1,ml,,,EMSC_FDSN
quakeml:eu.emsc/event/20230206_0000163,2023-02-06T06:26:29.900000Z,37.43,37.03,10.0,4.5,mb,,,EMSC_FDSN
quakeml:eu.emsc/event/20230206_0000118,2023-02-06T06:26:22.300000Z,36.66,36.06,10.0,5.0,mb,,,EMSC_FDSN
quakeml:eu.emsc/event/20230206_0000123,2023-02-06T06:23:33.600000Z,37.29,37.1,3.0,3.2,ml,,,EMSC_FDSN
quakeml:eu.emsc/event/20230206_0000299,2023-02-06T06:18:00.700000Z,38.17,38.37,7.0,4.0,ml,,,EMSC_FDSN
quakeml:eu.emsc/event/20230206_0000116,2023-02-06T06:16:19.700000Z,37.05,37.0,5.0,3.4,ml,,,EMSC_FDSN
quakeml:eu.emsc/event/20230206_0000114,2023-02-06T06:14:59.100000Z,37.24,37.06,10.0,3.4,ml,,,EMSC_FDSN
quakeml:eu.emsc/event/20230206_0000132,2023-02-06T06:13:00.300000Z,36.68,37.27,25.0,3.5,ml,,,EMSC_FDSN
quakeml:eu.emsc/event/20230206_0000113,2023-02-06T06:09:05.700000Z,37.25,36.89,21.0,3.7,ml,,,EMSC_FDSN
quakeml:eu.emsc/event/20230206_0000129,2023-02-06T06:04:07.700000Z,36.88,36.77,6.0,3.3,ml,,,EMSC_FDSN
quakeml:eu.emsc/event/20230206_0000112,2023-02-06T06:00:05.600000Z,37.4,37.09,5.0,3.6,ml,,,EMSC_FDSN
quakeml:eu.emsc/event/20230206_0000109,2023-02-06T05:55:53.600000Z,37.99,38.38,30.0,4.5,mb,,,EMSC_FDSN
quakeml:eu.emsc/event/20230206_0000262,2023-02-06T05:47:59.900000Z,37.2,36.7,7.0,3.4,ml,,,EMSC_FDSN
quakeml:eu.emsc/event/20230206_0000106,2023-02-06T05:43:33.600000Z,37.47,37.13,5.0,3.8,ml,,,EMSC_FDSN
quakeml:eu.emsc/event/20230206_0000103,2023-02-06T05:40:01.700000Z,37.19,36.93,5.0,3.2,ml,,,EMSC_FDSN
quakeml:eu.emsc/event/20230206_0000156,2023-02-06T05:33:10.500000Z,38.11,38.23,10.0,4.3,ml,,,EMSC_FDSN
quakeml:eu.emsc/event/20230206_0000212,2023-02-06T05:31:30.300000Z,38.18,38.29,5.0,4.5,mb,,,EMSC_FDSN
quakeml:eu.emsc/event/20230206_0000100,2023-02-06T05:22:49.000000Z,37.77,37.92,10.0,4.4,mb,,,EMSC_FDSN
quakeml:eu.emsc/event/20230206_0000097,2023-02-06T05:16:56.300000Z,37.88,37.71,8.0,4.5,mb,,,EMSC_FDSN
quakeml:eu.emsc/event/20230206_0000099,2023-02-06T05:12:51.500000Z,37.48,37.19,23.0,3.8,ml,,,EMSC_FDSN
quakeml:eu.emsc/event/20230206_0000098,2023-02-06T05:08:36.500000Z,37.34,36.87,5.0,4.3,ml,,,EMSC_FDSN
quakeml:eu.emsc/event/20230206_0000096,2023-02-06T05:04:30.700000Z,37.33,37.05,16.0,3.6,ml,,,EMSC_FDSN
quakeml:eu.emsc/event/20230206_0000094,2023-02-06T05:01:50.200000Z,37.93,37.78,16.0,4.6,mb,,,EMSC_FDSN
quakeml:eu.emsc/event/20230206_0000223,2023-02-06T04:58:10.000000Z,37.7,37.33,17.0,3.8,ml,,,EMSC_FDSN
quakeml:eu.emsc/event/20230206_0000093,2023-02-06T04:56:07.000000Z,37.44,37.02,29.0,4.4,ml,,,EMSC_FDSN
quakeml:eu.emsc/event/20230206_0000095,2023-02-06T04:54:40.700000Z,37.49,37.21,8.0,3.6,ml,,,EMSC_FDSN
quakeml:eu.emsc/event/20230206_0000092,2023-02-06T04:50:17.400000Z,36.52,36.35,10.0,3.6,ml,,,EMSC_FDSN
quakeml:eu.emsc/event/20230206_0000086,2023-02-06T04:47:59.600000Z,36.74,36.45,10.0,4.4,mb,,,EMSC_FDSN
quakeml:eu.emsc/event/20230206_0000089,2023-02-06T04:44:54.400000Z,37.41,36.69,9.0,3.8,ml,,,EMSC_FDSN
quakeml:eu.emsc/event/20230206_0000087,2023-02-06T04:42:11.200000Z,37.5,37.4,6.0,2.9,ml,,,EMSC_FDSN
quakeml:eu.emsc/event/20230206_0000084,2023-02-06T04:39:46.100000Z,37.88,37.65,9.0,4.3,mb,,,EMSC_FDSN
quakeml:eu.emsc/event/20230206_0000083,2023-02-06T04:31:01.700000Z,37.22,36.82,22.0,4.2,ml,,,EMSC_FDSN
quakeml:eu.emsc/event/20230206_0000117,2023-02-06T04:28:00.400000Z,36.6,36.59,15.0,3.6,ml,,,EMSC_FDSN
quakeml:eu.emsc/event/20230206_0000154,2023-02-06T04:25:51.300000Z,37.15,36.86,4.0,3.5,ml,,,EMSC_FDSN
quakeml:eu.emsc/event/20230206_0000119,2023-02-06T04:24:45.200000Z,37.53,37.24,5.0,4.1,ml,,,EMSC_FDSN
quakeml:eu.emsc/event/20230206_0000072,2023-02-06T04:16:49.400000Z,37.5,37.18,6.0,4.6,ml,,,EMSC_FDSN
quakeml:eu.emsc/event/20230206_0000101,2023-02-06T04:07:49.200000Z,37.13,36.7,12.0,2.5,ml,,,EMSC_FDSN
quakeml:eu.emsc/event/20230206_0000068,2023-02-06T04:04:25.800000Z,38.03,37.32,22.0,4.3,mb,,,EMSC_FDSN
quakeml:eu.emsc/event/20230206_0000122,2023-02-06T04:03:21.400000Z,37.48,37.59,5.0,4.1,ml,,,EMSC_FDSN
quakeml:eu.emsc/event/20230206_0000070,2023-02-06T04:01:15.200000Z,37.24,36.84,17.0,4.0,ml,,,EMSC_FDSN
quakeml:eu.emsc/event/20230206_0000066,2023-02-06T03:56:52.000000Z,37.28,36.81,6.0,3.7,ml,,,EMSC_FDSN
quakeml:eu.emsc/event/20230206_0000088,2023-02-06T03:55:38.400000Z,37.73,37.56,8.0,4.1,ml,,,EMSC_FDSN
quakeml:eu.emsc/event/20230206_0000081,2023-02-06T03:54:00.500000Z,37.7,37.09,16.0,4.1,ml,,,EMSC_FDSN
quakeml:eu.emsc/event/20230206_0000076,2023-02-06T03:52:44.200000Z,37.68,36.55,6.0,3.8,ml,,,EMSC_FDSN
quakeml:eu.emsc/event/20230206_0000065,2023-02-06T03:49:27.900000Z,37.34,36.94,6.0,3.7,ml,,,EMSC_FDSN
quakeml:eu.emsc/event/20230206_0000056,2023-02-06T03:41:27.700000Z,37.38,37.14,7.0,4.1,ml,,,EMSC_FDSN
quakeml:eu.emsc/event/20230206_0000051,2023-02-06T03:32:52.000000Z,37.34,36.84,9.0,3.9,ml,,,EMSC_FDSN
quakeml:eu.emsc/event/20230206_0000049,2023-02-06T03:25:10.100000Z,37.09,36.58,4.0,4.0,ml,,,EMSC_FDSN
quakeml:eu.emsc/event/20230206_0000107,2023-02-06T03:22:01.300000Z,37.13,36.38,7.0,3.6,ml,,,EMSC_FDSN
quakeml:eu.emsc/event/20230206_0000108,2023-02-06T03:16:29.600000Z,38.17,38.43,16.0,4.4,ml,,,EMSC_FDSN
quakeml:eu.emsc/event/20230206_0000045,2023-02-06T03:12:12.300000Z,37.48,37.31,10.0,4.5,mb,,,EMSC_FDSN
quakeml:eu.emsc/event/20230206_0000250,2023-02-06T03:10:20.600000Z,37.95,37.83,9.0,4.4,ml,,,EMSC_FDSN
quakeml:eu.emsc/event/20230206_0000040,2023-02-06T03:04:46.500000Z,38.18,38.48,18.0,4.7,mb,,,EMSC_FDSN
quakeml:eu.emsc/event/20230206_0000039,2023-02-06T03:02:19.700000Z,37.89,37.81,5.0,3.6,ml,,,EMSC_FDSN
quakeml:eu.emsc/event/20230206_0000237,2023-02-06T02:56:28.600000Z,36.73,36.98,6.0,3.5,ml,,,EMSC_FDSN
quakeml:eu.emsc/event/20230206_0000034,2023-02-06T02:55:08.100000Z,37.36,37.03,2.0,4.6,ml,,,EMSC_FDSN
quakeml:eu.emsc/event/20230206_0000035,2023-02-06T02:54:00.600000Z,36.64,36.39,10.0,4.6,mb,,,EMSC_FDSN
quakeml:eu.emsc/event/20230206_0000082,2023-02-06T02:50:41.700000Z,37.21,36.92,5.0,3.6,ml,,,EMSC_FDSN
quakeml:eu.emsc/event/20230206_0000075,2023-02-06T02:43:46.900000Z,36.68,36.43,8.0,4.2,ml,,,EMSC_FDSN
quakeml:eu.emsc/event/20230206_0000067,2023-02-06T02:38:43.900000Z,38.12,38.38,4.0,4.4,ml,,,EMSC_FDSN
quakeml:eu.emsc/event/20230206_0000071,2023-02-06T02:36:55.700000Z,37.46,36.9,11.0,3.2,ml,,,EMSC_FDSN
quakeml:eu.emsc/event/20230206_0000064,2023-02-06T02:31:17.600000Z,36.73,36.9,12.0,4.8,ml,,,EMSC_FDSN
quakeml:eu.emsc/event/20230206_0000060,2023-02-06T02:28:46.700000Z,37.49,36.92,5.0,3.7,ml,,,EMSC_FDSN
quakeml:eu.emsc/event/20230206_0000052,2023-02-06T02:26:32.800000Z,38.08,38.24,6.0,4.3,ml,,,EMSC_FDSN
quakeml:eu.emsc/event/20230206_0000024,2023-02-06T02:23:14.300000Z,37.18,36.98,10.0,5.2,mb,,,EMSC_FDSN
quakeml:eu.emsc/event/20230206_0000028,2023-02-06T02:21:19.100000Z,37.52,37.09,2.0,4.6,ml,,,EMSC_FDSN
quakeml:eu.emsc/event/20230206_0000025,2023-02-06T02:17:41.400000Z,37.3,36.45,10.0,5.0,mb,,,EMSC_FDSN
quakeml:eu.emsc/event/20230206_0000575,2023-02-06T02:16:04.100000Z,36.88,36.65,10.0,4.1,mb,,,EMSC_FDSN
quakeml:eu.emsc/event/20230206_0000023,2023-02-06T02:06:23.500000Z,37.89,37.99,7.0,4.8,ml,,,EMSC_FDSN
quakeml:eu.emsc/event/20230206_0000020,2023-02-06T02:03:37.500000Z,37.86,37.81,5.0,5.5,mb,,,EMSC_FDSN
quakeml:eu.emsc/event/20230206_0000018,2023-02-06T02:01:44.400000Z,37.3,37.0,13.0,4.7,ml,,,EMSC_FDSN
quakeml:eu.emsc/event/20230206_0000016,2023-02-06T01:58:23.100000Z,37.01,36.68,10.0,5.1,mb,,,EMSC_FDSN
quakeml:eu.emsc/event/20230206_0000041,2023-02-06T01:51:45.500000Z,37.51,37.2,5.0,4.7,mb,,,EMSC_FDSN
quakeml:eu.emsc/event/20230206_0000570,2023-02-06T01:46:23.300000Z,38.21,37.8,5.0,3.9,ml,,,EMSC_FDSN
quakeml:eu.emsc/event/20230206_0000014,2023-02-06T01:36:28.100000Z,37.05,36.73,10.0,5.6,mb,,,EMSC_FDSN
quakeml:eu.emsc/event/20230206_0000011,2023-02-06T01:28:17.100000Z,37.13,36.81,10.0,6.7,mw,,,EMSC_FDSN
quakeml:eu.emsc/event/20230206_0000037,2023-02-06T01:26:50.000000Z,37.22,36.93,5.0,5.7,mb,,,EMSC_FDSN
quakeml:eu.emsc/event/20230206_0000031,2023-02-06T01:23:15.800000Z,37.08,36.73,9.0,4.7,ml,,,EMSC_FDSN
quakeml:eu.emsc/event/20230206_0000008,2023-02-06T01:17:36.100000Z,37.17,37.08,20.0,7.8,mw,,,EMSC_FDSN
