trace_name,event_id,station,taupy_p,emsc_p,correction,status
event_KO.KOZT_eu.emsc_event_20230208_0000003,quakeml:eu.emsc/event/20230208_0000003,KO.KOZT,4393.0,4480.0,87.0,updated
event_KO.KMRS_eu.emsc_event_20230206_0000287,quakeml:eu.emsc/event/20230206_0000287,KO.KMRS,4765.0,,,no_emsc_pick
event_KO.KMRS_eu.emsc_event_20230206_0000522,quakeml:eu.emsc/event/20230206_0000522,KO.KMRS,4641.0,,,no_emsc_pick
event_KO.KOZT_eu.emsc_event_20230211_0000013,quakeml:eu.emsc/event/20230211_0000013,KO.KOZT,4590.0,4680.0,90.0,updated
event_KO.KOZT_eu.emsc_event_20230216_0000037,quakeml:eu.emsc/event/20230216_0000037,KO.KOZT,4508.0,4590.0,82.0,updated
event_KO.KMRS_eu.emsc_event_20230208_0000262,quakeml:eu.emsc/event/20230208_0000262,KO.KMRS,4190.0,4250.0,60.0,updated
event_KO.KOZT_eu.emsc_event_20230206_0000390,quakeml:eu.emsc/event/20230206_0000390,KO.KOZT,4907.0,4970.0,63.0,updated
event_KO.KMRS_eu.emsc_event_20230219_0000141,quakeml:eu.emsc/event/20230219_0000141,KO.KMRS,3884.0,3930.0,46.0,updated
event_KO.KOZT_eu.emsc_event_20230207_0000101,quakeml:eu.emsc/event/20230207_0000101,KO.KOZT,4550.0,,,no_emsc_pick
event_KO.KOZT_eu.emsc_event_20230207_0000288,quakeml:eu.emsc/event/20230207_0000288,KO.KOZT,4923.0,4850.0,-73.0,updated
event_KO.KOZT_eu.emsc_event_20230206_0000345,quakeml:eu.emsc/event/20230206_0000345,KO.KOZT,5908.0,,,no_emsc_pick
event_KO.KOZT_eu.emsc_event_20230211_0000039,quakeml:eu.emsc/event/20230211_0000039,KO.KOZT,5500.0,5490.0,-10.0,updated
event_KO.KMRS_eu.emsc_event_20230206_0000291,quakeml:eu.emsc/event/20230206_0000291,KO.KMRS,5541.0,,,no_emsc_pick
event_KO.KOZT_eu.emsc_event_20230211_0000213,quakeml:eu.emsc/event/20230211_0000213,KO.KOZT,5619.0,5610.0,-9.0,updated
event_KO.KOZT_eu.emsc_event_20230218_0000199,quakeml:eu.emsc/event/20230218_0000199,KO.KOZT,5898.0,,,no_emsc_pick
event_KO.KMRS_eu.emsc_event_20230206_0000118,quakeml:eu.emsc/event/20230206_0000118,KO.KMRS,5079.0,,,no_emsc_pick
event_KO.KMRS_eu.emsc_event_20230213_0000324,quakeml:eu.emsc/event/20230213_0000324,KO.KMRS,4168.0,4120.0,-48.0,updated
event_KO.KOZT_eu.emsc_event_20230211_0000171,quakeml:eu.emsc/event/20230211_0000171,KO.KOZT,4517.0,4570.0,53.0,updated
event_KO.KMRS_eu.emsc_event_20230216_0000296,quakeml:eu.emsc/event/20230216_0000296,KO.KMRS,4585.0,4650.0,65.0,updated
event_KO.KOZT_eu.emsc_event_20230211_0000161,quakeml:eu.emsc/event/20230211_0000161,KO.KOZT,4510.0,4500.0,-10.0,updated
event_KO.KMRS_eu.emsc_event_20230213_0000056,quakeml:eu.emsc/event/20230213_0000056,KO.KMRS,3845.0,3980.0,135.0,updated
event_KO.KMRS_eu.emsc_event_20230206_0000083,quakeml:eu.emsc/event/20230206_0000083,KO.KMRS,3673.0,,,no_emsc_pick
event_KO.KMRS_eu.emsc_event_20230206_0000041,quakeml:eu.emsc/event/20230206_0000041,KO.KMRS,3464.0,,,no_emsc_pick
event_KO.KMRS_eu.emsc_event_20230211_0000328,quakeml:eu.emsc/event/20230211_0000328,KO.KMRS,4161.0,4240.0,79.0,updated
event_KO.KOZT_eu.emsc_event_20230209_0000042,quakeml:eu.emsc/event/20230209_0000042,KO.KOZT,4636.0,4760.0,124.0,updated
event_KO.KMRS_eu.emsc_event_20230213_0000094,quakeml:eu.emsc/event/20230213_0000094,KO.KMRS,4468.0,,,no_emsc_pick
event_KO.KMRS_eu.emsc_event_20230210_0000352,quakeml:eu.emsc/event/20230210_0000352,KO.KMRS,5093.0,5070.0,-23.0,updated
event_KO.KMRS_eu.emsc_event_20230218_0000075,quakeml:eu.emsc/event/20230218_0000075,KO.KMRS,4167.0,4170.0,3.0,updated
event_KO.KOZT_eu.emsc_event_20230208_0000010,quakeml:eu.emsc/event/20230208_0000010,KO.KOZT,5851.0,5930.0,79.0,updated
event_KO.KOZT_eu.emsc_event_20230206_0000584,quakeml:eu.emsc/event/20230206_0000584,KO.KOZT,5326.0,5410.0,84.0,updated
event_KO.KOZT_eu.emsc_event_20230215_0000135,quakeml:eu.emsc/event/20230215_0000135,KO.KOZT,4433.0,4420.0,-13.0,updated
event_KO.KMRS_eu.emsc_event_20230212_0000371,quakeml:eu.emsc/event/20230212_0000371,KO.KMRS,4813.0,4860.0,47.0,updated
event_KO.KOZT_eu.emsc_event_20230206_0000343,quakeml:eu.emsc/event/20230206_0000343,KO.KOZT,4502.0,4610.0,108.0,updated
event_KO.KOZT_eu.emsc_event_20230206_0000419,quakeml:eu.emsc/event/20230206_0000419,KO.KOZT,4555.0,,,no_emsc_pick
event_KO.KMRS_eu.emsc_event_20230207_0000428,quakeml:eu.emsc/event/20230207_0000428,KO.KMRS,3469.0,3560.0,91.0,updated
event_KO.KOZT_eu.emsc_event_20230208_0000403,quakeml:eu.emsc/event/20230208_0000403,KO.KOZT,4550.0,4580.0,30.0,updated
event_KO.KMRS_eu.emsc_event_20230206_0000390,quakeml:eu.emsc/event/20230206_0000390,KO.KMRS,4251.0,,,no_emsc_pick
event_KO.KOZT_eu.emsc_event_20230208_0000262,quakeml:eu.emsc/event/20230208_0000262,KO.KOZT,4748.0,4770.0,22.0,updated
event_KO.KMRS_eu.emsc_event_20230210_0000257,quakeml:eu.emsc/event/20230210_0000257,KO.KMRS,4802.0,4780.0,-22.0,updated
event_KO.KOZT_eu.emsc_event_20230206_0000522,quakeml:eu.emsc/event/20230206_0000522,KO.KOZT,5830.0,,,no_emsc_pick
event_KO.KOZT_eu.emsc_event_20230206_0000287,quakeml:eu.emsc/event/20230206_0000287,KO.KOZT,5679.0,,,no_emsc_pick
event_KO.KOZT_eu.emsc_event_20230206_0000291,quakeml:eu.emsc/event/20230206_0000291,KO.KOZT,4776.0,,,no_emsc_pick
event_KO.KMRS_eu.emsc_event_20230211_0000213,quakeml:eu.emsc/event/20230211_0000213,KO.KMRS,4404.0,4460.0,56.0,updated
event_KO.KOZT_eu.emsc_event_20230213_0000324,quakeml:eu.emsc/event/20230213_0000324,KO.KOZT,4733.0,4830.0,97.0,updated
event_KO.KOZT_eu.emsc_event_20230216_0000296,quakeml:eu.emsc/event/20230216_0000296,KO.KOZT,5876.0,5980.0,104.0,updated
event_KO.KMRS_eu.emsc_event_20230206_0000230,quakeml:eu.emsc/event/20230206_0000230,KO.KMRS,5594.0,,,no_emsc_pick
event_KO.KOZT_eu.emsc_event_20230211_0000066,quakeml:eu.emsc/event/20230211_0000066,KO.KOZT,5990.0,,,no_emsc_pick
event_KO.KMRS_eu.emsc_event_20230207_0000101,quakeml:eu.emsc/event/20230207_0000101,KO.KMRS,3729.0,3780.0,51.0,updated
event_KO.KMRS_eu.emsc_event_20230206_0000345,quakeml:eu.emsc/event/20230206_0000345,KO.KMRS,4764.0,,,no_emsc_pick
event_KO.KMRS_eu.emsc_event_20230207_0000288,quakeml:eu.emsc/event/20230207_0000288,KO.KMRS,3401.0,3370.0,-31.0,updated
event_KO.KMRS_eu.emsc_event_20230209_0000042,quakeml:eu.emsc/event/20230209_0000042,KO.KMRS,4026.0,,,no_emsc_pick
event_KO.KOZT_eu.emsc_event_20230216_0000126,quakeml:eu.emsc/event/20230216_0000126,KO.KOZT,5816.0,5810.0,-6.0,updated
event_KO.KOZT_eu.emsc_event_20230213_0000094,quakeml:eu.emsc/event/20230213_0000094,KO.KOZT,5822.0,,,no_emsc_pick
event_KO.KOZT_eu.emsc_event_20230211_0000328,quakeml:eu.emsc/event/20230211_0000328,KO.KOZT,4082.0,4130.0,48.0,updated
event_KO.KOZT_eu.emsc_event_20230210_0000024,quakeml:eu.emsc/event/20230210_0000024,KO.KOZT,4540.0,4570.0,30.0,updated
event_KO.KOZT_eu.emsc_event_20230206_0000041,quakeml:eu.emsc/event/20230206_0000041,KO.KOZT,5091.0,5110.0,19.0,updated
event_KO.KOZT_eu.emsc_event_20230215_0000155,quakeml:eu.emsc/event/20230215_0000155,KO.KOZT,4449.0,4400.0,-49.0,updated
event_KO.KMRS_eu.emsc_event_20230206_0000584,quakeml:eu.emsc/event/20230206_0000584,KO.KMRS,3729.0,3860.0,131.0,updated
event_KO.KOZT_eu.emsc_event_20230218_0000075,quakeml:eu.emsc/event/20230218_0000075,KO.KOZT,4597.0,4560.0,-37.0,updated
event_KO.KMRS_eu.emsc_event_20230208_0000010,quakeml:eu.emsc/event/20230208_0000010,KO.KMRS,4564.0,4630.0,66.0,updated
event_KO.KMRS_eu.emsc_event_20230217_0000076,quakeml:eu.emsc/event/20230217_0000076,KO.KMRS,5179.0,5140.0,-39.0,updated
event_KO.KMRS_eu.emsc_event_20230206_0000023,quakeml:eu.emsc/event/20230206_0000023,KO.KMRS,4811.0,,,no_emsc_pick
event_KO.KOZT_eu.emsc_event_20230206_0000083,quakeml:eu.emsc/event/20230206_0000083,KO.KOZT,4575.0,4680.0,105.0,updated
event_KO.KMRS_eu.emsc_event_20230208_0000403,quakeml:eu.emsc/event/20230208_0000403,KO.KMRS,3775.0,3810.0,35.0,updated
event_KO.KOZT_eu.emsc_event_20230207_0000428,quakeml:eu.emsc/event/20230207_0000428,KO.KOZT,5079.0,,,no_emsc_pick
event_KO.KOZT_eu.emsc_event_20230216_0000086,quakeml:eu.emsc/event/20230216_0000086,KO.KOZT,4301.0,4180.0,-121.0,updated
event_KO.KMRS_eu.emsc_event_20230206_0000343,quakeml:eu.emsc/event/20230206_0000343,KO.KMRS,4286.0,,,no_emsc_pick
event_KO.KMRS_eu.emsc_event_20230206_0000419,quakeml:eu.emsc/event/20230206_0000419,KO.KMRS,4312.0,,,no_emsc_pick
event_KO.KMRS_eu.emsc_event_20230209_0000068,quakeml:eu.emsc/event/20230209_0000068,KO.KMRS,4247.0,4230.0,-17.0,updated
event_KO.KOZT_eu.emsc_event_20230212_0000371,quakeml:eu.emsc/event/20230212_0000371,KO.KOZT,5674.0,5750.0,76.0,updated
event_KO.KOZT_eu.emsc_event_20230212_0000340,quakeml:eu.emsc/event/20230212_0000340,KO.KOZT,4956.0,,,no_emsc_pick
event_KO.KMRS_eu.emsc_event_20230207_0000283,quakeml:eu.emsc/event/20230207_0000283,KO.KMRS,4158.0,4110.0,-48.0,updated
event_KO.KOZT_eu.emsc_event_20230206_0000264,quakeml:eu.emsc/event/20230206_0000264,KO.KOZT,4581.0,4620.0,39.0,updated
event_KO.KOZT_eu.emsc_event_20230212_0000022,quakeml:eu.emsc/event/20230212_0000022,KO.KOZT,4890.0,4950.0,60.0,updated
event_KO.KMRS_eu.emsc_event_20230206_0000429,quakeml:eu.emsc/event/20230206_0000429,KO.KMRS,4152.0,,,no_emsc_pick
event_KO.KOZT_eu.emsc_event_20230207_0000425,quakeml:eu.emsc/event/20230207_0000425,KO.KOZT,5973.0,,,no_emsc_pick
event_KO.KOZT_eu.emsc_event_20230211_0000332,quakeml:eu.emsc/event/20230211_0000332,KO.KOZT,5563.0,5640.0,77.0,updated
event_KO.KMRS_eu.emsc_event_20230212_0000055,quakeml:eu.emsc/event/20230212_0000055,KO.KMRS,4774.0,4820.0,46.0,updated
event_KO.KOZT_eu.emsc_event_20230210_0000160,quakeml:eu.emsc/event/20230210_0000160,KO.KOZT,4471.0,,,no_emsc_pick
event_KO.KMRS_eu.emsc_event_20230207_0000445,quakeml:eu.emsc/event/20230207_0000445,KO.KMRS,3673.0,3700.0,27.0,updated
event_KO.KOZT_eu.emsc_event_20230218_0000285,quakeml:eu.emsc/event/20230218_0000285,KO.KOZT,4052.0,4090.0,38.0,updated
event_KO.KMRS_eu.emsc_event_20230219_0000074,quakeml:eu.emsc/event/20230219_0000074,KO.KMRS,3417.0,3430.0,13.0,updated
event_KO.KMRS_eu.emsc_event_20230209_0000477,quakeml:eu.emsc/event/20230209_0000477,KO.KMRS,3904.0,,,no_emsc_pick
event_KO.KOZT_eu.emsc_event_20230209_0000039,quakeml:eu.emsc/event/20230209_0000039,KO.KOZT,4546.0,4550.0,4.0,updated
event_KO.KMRS_eu.emsc_event_20230206_0000370,quakeml:eu.emsc/event/20230206_0000370,KO.KMRS,4110.0,,,no_emsc_pick
event_KO.KOZT_eu.emsc_event_20230206_0000500,quakeml:eu.emsc/event/20230206_0000500,KO.KOZT,4531.0,4490.0,-41.0,updated
event_KO.KMRS_eu.emsc_event_20230210_0000113,quakeml:eu.emsc/event/20230210_0000113,KO.KMRS,4225.0,4240.0,15.0,updated
event_KO.KMRS_eu.emsc_event_20230211_0000009,quakeml:eu.emsc/event/20230211_0000009,KO.KMRS,4839.0,4770.0,-69.0,updated
event_KO.KOZT_eu.emsc_event_20230207_0000422,quakeml:eu.emsc/event/20230207_0000422,KO.KOZT,4554.0,4480.0,-74.0,updated
event_KO.KOZT_eu.emsc_event_20230212_0000025,quakeml:eu.emsc/event/20230212_0000025,KO.KOZT,4951.0,4960.0,9.0,updated
event_KO.KOZT_eu.emsc_event_20230207_0000423,quakeml:eu.emsc/event/20230207_0000423,KO.KOZT,5106.0,5190.0,84.0,updated
event_KO.KMRS_eu.emsc_event_20230206_0000413,quakeml:eu.emsc/event/20230206_0000413,KO.KMRS,4925.0,,,no_emsc_pick
event_KO.KMRS_eu.emsc_event_20230208_0000144,quakeml:eu.emsc/event/20230208_0000144,KO.KMRS,3308.0,3320.0,12.0,updated
event_KO.KMRS_eu.emsc_event_20230206_0000163,quakeml:eu.emsc/event/20230206_0000163,KO.KMRS,3303.0,,,no_emsc_pick
event_KO.KOZT_eu.emsc_event_20230209_0000438,quakeml:eu.emsc/event/20230209_0000438,KO.KOZT,4361.0,4420.0,59.0,updated
event_KO.KMRS_eu.emsc_event_20230206_0000188,quakeml:eu.emsc/event/20230206_0000188,KO.KMRS,5179.0,,,no_emsc_pick
event_KO.KOZT_eu.emsc_event_20230206_0000261,quakeml:eu.emsc/event/20230206_0000261,KO.KOZT,4496.0,4520.0,24.0,updated
event_KO.KMRS_eu.emsc_event_20230206_0000149,quakeml:eu.emsc/event/20230206_0000149,KO.KMRS,5067.0,,,no_emsc_pick
event_KO.KMRS_eu.emsc_event_20230212_0000253,quakeml:eu.emsc/event/20230212_0000253,KO.KMRS,5130.0,5070.0,-60.0,updated
event_KO.KMRS_eu.emsc_event_20230209_0000276,quakeml:eu.emsc/event/20230209_0000276,KO.KMRS,4380.0,4480.0,100.0,updated
event_KO.KOZT_eu.emsc_event_20230209_0000162,quakeml:eu.emsc/event/20230209_0000162,KO.KOZT,4986.0,5080.0,94.0,updated
event_KO.KOZT_eu.emsc_event_20230210_0000198,quakeml:eu.emsc/event/20230210_0000198,KO.KOZT,4634.0,,,no_emsc_pick
event_KO.KOZT_eu.emsc_event_20230212_0000185,quakeml:eu.emsc/event/20230212_0000185,KO.KOZT,4448.0,4400.0,-48.0,updated
event_KO.KOZT_eu.emsc_event_20230219_0000004,quakeml:eu.emsc/event/20230219_0000004,KO.KOZT,4553.0,4550.0,-3.0,updated
event_KO.KOZT_eu.emsc_event_20230206_0000512,quakeml:eu.emsc/event/20230206_0000512,KO.KOZT,5593.0,5580.0,-13.0,updated
event_KO.KMRS_eu.emsc_event_20230211_0000332,quakeml:eu.emsc/event/20230211_0000332,KO.KMRS,4285.0,4380.0,95.0,updated
event_KO.KOZT_eu.emsc_event_20230206_0000429,quakeml:eu.emsc/event/20230206_0000429,KO.KOZT,5358.0,,,no_emsc_pick
event_KO.KMRS_eu.emsc_event_20230207_0000425,quakeml:eu.emsc/event/20230207_0000425,KO.KMRS,4764.0,4770.0,6.0,updated
event_KO.KMRS_eu.emsc_event_20230206_0000264,quakeml:eu.emsc/event/20230206_0000264,KO.KMRS,4104.0,,,no_emsc_pick
event_KO.KMRS_eu.emsc_event_20230212_0000340,quakeml:eu.emsc/event/20230212_0000340,KO.KMRS,5221.0,,,no_emsc_pick
event_KO.KOZT_eu.emsc_event_20230207_0000283,quakeml:eu.emsc/event/20230207_0000283,KO.KOZT,5258.0,5270.0,12.0,updated
event_KO.KMRS_eu.emsc_event_20230216_0000277,quakeml:eu.emsc/event/20230216_0000277,KO.KMRS,5420.0,5530.0,110.0,updated
event_KO.KMRS_eu.emsc_event_20230212_0000022,quakeml:eu.emsc/event/20230212_0000022,KO.KMRS,3436.0,3450.0,14.0,updated
event_KO.KOZT_eu.emsc_event_20230219_0000074,quakeml:eu.emsc/event/20230219_0000074,KO.KOZT,5034.0,5010.0,-24.0,updated
event_KO.KOZT_eu.emsc_event_20230209_0000477,quakeml:eu.emsc/event/20230209_0000477,KO.KOZT,4519.0,,,no_emsc_pick
event_KO.KOZT_eu.emsc_event_20230209_0000311,quakeml:eu.emsc/event/20230209_0000311,KO.KOZT,4462.0,4520.0,58.0,updated
event_KO.KMRS_eu.emsc_event_20230209_0000039,quakeml:eu.emsc/event/20230209_0000039,KO.KMRS,4033.0,4050.0,17.0,updated
event_KO.KMRS_eu.emsc_event_20230218_0000285,quakeml:eu.emsc/event/20230218_0000285,KO.KMRS,4199.0,4260.0,61.0,updated
event_KO.KMRS_eu.emsc_event_20230206_0000500,quakeml:eu.emsc/event/20230206_0000500,KO.KMRS,4204.0,,,no_emsc_pick
event_KO.KMRS_eu.emsc_event_20230217_0000233,quakeml:eu.emsc/event/20230217_0000233,KO.KMRS,5430.0,5200.0,-230.0,updated
event_KO.KMRS_eu.emsc_event_20230206_0000528,quakeml:eu.emsc/event/20230206_0000528,KO.KMRS,5302.0,5170.0,-132.0,updated
event_KO.KOZT_eu.emsc_event_20230208_0000343,quakeml:eu.emsc/event/20230208_0000343,KO.KOZT,5875.0,5920.0,45.0,updated
event_KO.KOZT_eu.emsc_event_20230206_0000370,quakeml:eu.emsc/event/20230206_0000370,KO.KOZT,4570.0,4630.0,60.0,updated
event_KO.KOZT_eu.emsc_event_20230215_0000073,quakeml:eu.emsc/event/20230215_0000073,KO.KOZT,5752.0,,,no_emsc_pick
event_KO.KOZT_eu.emsc_event_20230207_0000445,quakeml:eu.emsc/event/20230207_0000445,KO.KOZT,4555.0,,,no_emsc_pick
event_KO.KMRS_eu.emsc_event_20230210_0000160,quakeml:eu.emsc/event/20230210_0000160,KO.KMRS,3750.0,3850.0,100.0,updated
event_KO.KMRS_eu.emsc_event_20230212_0000025,quakeml:eu.emsc/event/20230212_0000025,KO.KMRS,5068.0,5110.0,42.0,updated
event_KO.KMRS_eu.emsc_event_20230206_0000129,quakeml:eu.emsc/event/20230206_0000129,KO.KMRS,4225.0,,,no_emsc_pick
event_KO.KMRS_eu.emsc_event_20230209_0000438,quakeml:eu.emsc/event/20230209_0000438,KO.KMRS,4127.0,4150.0,23.0,updated
event_KO.KMRS_eu.emsc_event_20230207_0000386,quakeml:eu.emsc/event/20230207_0000386,KO.KMRS,5259.0,5390.0,131.0,updated
event_KO.KOZT_eu.emsc_event_20230208_0000150,quakeml:eu.emsc/event/20230208_0000150,KO.KOZT,4481.0,4480.0,-1.0,updated
event_KO.KOZT_eu.emsc_event_20230208_0000144,quakeml:eu.emsc/event/20230208_0000144,KO.KOZT,4806.0,4840.0,34.0,updated
event_KO.KMRS_eu.emsc_event_20230207_0000423,quakeml:eu.emsc/event/20230207_0000423,KO.KMRS,3479.0,3530.0,51.0,updated
event_KO.KMRS_eu.emsc_event_20230207_0000422,quakeml:eu.emsc/event/20230207_0000422,KO.KMRS,4192.0,4160.0,-32.0,updated
event_KO.KOZT_eu.emsc_event_20230211_0000009,quakeml:eu.emsc/event/20230211_0000009,KO.KOZT,4918.0,4870.0,-48.0,updated
event_KO.KOZT_eu.emsc_event_20230210_0000113,quakeml:eu.emsc/event/20230210_0000113,KO.KOZT,5564.0,5640.0,76.0,updated
event_KO.KOZT_eu.emsc_event_20230213_0000214,quakeml:eu.emsc/event/20230213_0000214,KO.KOZT,4773.0,4860.0,87.0,updated
event_KO.KMRS_eu.emsc_event_20230219_0000004,quakeml:eu.emsc/event/20230219_0000004,KO.KMRS,3972.0,3980.0,8.0,updated
event_KO.KMRS_eu.emsc_event_20230206_0000512,quakeml:eu.emsc/event/20230206_0000512,KO.KMRS,4285.0,4370.0,85.0,updated
event_KO.KMRS_eu.emsc_event_20230212_0000185,quakeml:eu.emsc/event/20230212_0000185,KO.KMRS,4186.0,4200.0,14.0,updated
event_KO.KOZT_eu.emsc_event_20230209_0000276,quakeml:eu.emsc/event/20230209_0000276,KO.KOZT,5466.0,5600.0,134.0,updated
event_KO.KMRS_eu.emsc_event_20230206_0000261,quakeml:eu.emsc/event/20230206_0000261,KO.KMRS,4260.0,,,no_emsc_pick
event_KO.KOZT_eu.emsc_event_20230218_0000021,quakeml:eu.emsc/event/20230218_0000021,KO.KOZT,4180.0,4280.0,100.0,updated
ev_KO_GAZ_.emsc_event_20230305_0000262,quakeml:eu.emsc/event/20230305_0000262,KO.GAZ,5062.0,5050.0,-12.0,updated
ev_KO_BNN_.emsc_event_20230306_0000108,quakeml:eu.emsc/event/20230306_0000108,KO.BNN,4789.0,4930.0,141.0,updated
ev_KO_TAHT_.emsc_event_20230308_0000056,quakeml:eu.emsc/event/20230308_0000056,KO.TAHT,5793.0,5720.0,-73.0,updated
ev_KO_BNN_.emsc_event_20230304_0000049,quakeml:eu.emsc/event/20230304_0000049,KO.BNN,5889.0,,,no_emsc_pick
ev_KO_SARI_.emsc_event_20230415_0000246,quakeml:eu.emsc/event/20230415_0000246,KO.SARI,4995.0,5030.0,35.0,updated
ev_KO_SARI_.emsc_event_20230305_0000084,quakeml:eu.emsc/event/20230305_0000084,KO.SARI,3799.0,,,no_emsc_pick
ev_KO_CEYT_.emsc_event_20230324_0000145,quakeml:eu.emsc/event/20230324_0000145,KO.CEYT,5014.0,5030.0,16.0,updated
ev_KO_KOZT_.emsc_event_20230308_0000142,quakeml:eu.emsc/event/20230308_0000142,KO.KOZT,4107.0,4220.0,113.0,updated
ev_KO_BNN_.emsc_event_20230307_0000210,quakeml:eu.emsc/event/20230307_0000210,KO.BNN,5205.0,5150.0,-55.0,updated
ev_KO_URFA_.emsc_event_20230419_0000230,quakeml:eu.emsc/event/20230419_0000230,KO.URFA,5192.0,5270.0,78.0,updated
ev_KO_TAHT_.emsc_event_20230307_0000157,quakeml:eu.emsc/event/20230307_0000157,KO.TAHT,3671.0,3760.0,89.0,updated
ev_KO_SVRC_.emsc_event_20230304_0000253,quakeml:eu.emsc/event/20230304_0000253,KO.SVRC,4212.0,4320.0,108.0,updated
ev_KO_KOZT_.emsc_event_20230305_0000116,quakeml:eu.emsc/event/20230305_0000116,KO.KOZT,4723.0,4750.0,27.0,updated
ev_KO_GAZ_.emsc_event_20230306_0000013,quakeml:eu.emsc/event/20230306_0000013,KO.GAZ,3813.0,3850.0,37.0,updated
ev_KO_TAHT_.emsc_event_20230507_0000029,quakeml:eu.emsc/event/20230507_0000029,KO.TAHT,3227.0,3270.0,43.0,updated
ev_KO_GAZ_.emsc_event_20230304_0000152,quakeml:eu.emsc/event/20230304_0000152,KO.GAZ,5614.0,5690.0,76.0,updated
ev_KO_KOZT_.emsc_event_20230307_0000057,quakeml:eu.emsc/event/20230307_0000057,KO.KOZT,4378.0,,,no_emsc_pick
ev_KO_KOZT_.emsc_event_20230307_0000043,quakeml:eu.emsc/event/20230307_0000043,KO.KOZT,5705.0,5860.0,155.0,updated
ev_KO_GAZ_.emsc_event_20230306_0000007,quakeml:eu.emsc/event/20230306_0000007,KO.GAZ,5381.0,5240.0,-141.0,updated
ev_KO_GAZ_.emsc_event_20230308_0000236,quakeml:eu.emsc/event/20230308_0000236,KO.GAZ,4619.0,4670.0,51.0,updated
ev_KO_BNN_.emsc_event_20230306_0000120,quakeml:eu.emsc/event/20230306_0000120,KO.BNN,4755.0,4860.0,105.0,updated
ev_KO_SARI_.emsc_event_20230312_0000306,quakeml:eu.emsc/event/20230312_0000306,KO.SARI,5237.0,5260.0,23.0,updated
ev_KO_SARI_.emsc_event_20230206_0000238,quakeml:eu.emsc/event/20230206_0000238,KO.SARI,3727.0,,,no_emsc_pick
ev_KO_TAHT_.emsc_event_20230305_0000002,quakeml:eu.emsc/event/20230305_0000002,KO.TAHT,5777.0,5870.0,93.0,updated
ev_KO_SARI_.emsc_event_20230305_0000047,quakeml:eu.emsc/event/20230305_0000047,KO.SARI,5829.0,5870.0,41.0,updated
ev_KO_KMRS_.emsc_event_20230305_0000238,quakeml:eu.emsc/event/20230305_0000238,KO.KMRS,3881.0,3960.0,79.0,updated
ev_KO_KMRS_.emsc_event_20230308_0000244,quakeml:eu.emsc/event/20230308_0000244,KO.KMRS,5519.0,5650.0,131.0,updated
ev_KO_KOZT_.emsc_event_20230308_0000181,quakeml:eu.emsc/event/20230308_0000181,KO.KOZT,4446.0,4410.0,-36.0,updated
ev_KO_KMRS_.emsc_event_20230308_0000250,quakeml:eu.emsc/event/20230308_0000250,KO.KMRS,4973.0,5090.0,117.0,updated
ev_KO_DARE_.emsc_event_20230308_0000059,quakeml:eu.emsc/event/20230308_0000059,KO.DARE,4782.0,4820.0,38.0,updated
ev_KO_TAHT_.emsc_event_20230306_0000298,quakeml:eu.emsc/event/20230306_0000298,KO.TAHT,3673.0,3740.0,67.0,updated
ev_KO_DARE_.emsc_event_20230304_0000329,quakeml:eu.emsc/event/20230304_0000329,KO.DARE,5318.0,5450.0,132.0,updated
ev_KO_SARI_.emsc_event_20230308_0000007,quakeml:eu.emsc/event/20230308_0000007,KO.SARI,4689.0,4740.0,51.0,updated
ev_KO_KMRS_.emsc_event_20230308_0000278,quakeml:eu.emsc/event/20230308_0000278,KO.KMRS,4458.0,4450.0,-8.0,updated
ev_KO_CEYT_.emsc_event_20230306_0000157,quakeml:eu.emsc/event/20230306_0000157,KO.CEYT,5410.0,,,no_emsc_pick
ev_KO_DYBB_.emsc_event_20230713_0000171,quakeml:eu.emsc/event/20230713_0000171,KO.DYBB,5525.0,,,no_emsc_pick
ev_KO_URFA_.emsc_event_20230304_0000059,quakeml:eu.emsc/event/20230304_0000059,KO.URFA,5025.0,5030.0,5.0,updated
ev_KO_URFA_.emsc_event_20230629_0000227,quakeml:eu.emsc/event/20230629_0000227,KO.URFA,4488.0,4610.0,122.0,updated
ev_KO_SVRC_.emsc_event_20230307_0000220,quakeml:eu.emsc/event/20230307_0000220,KO.SVRC,3991.0,3970.0,-21.0,updated
ev_KO_DARE_.emsc_event_20230306_0000095,quakeml:eu.emsc/event/20230306_0000095,KO.DARE,4993.0,5110.0,117.0,updated
ev_KO_KOZT_.emsc_event_20230307_0000269,quakeml:eu.emsc/event/20230307_0000269,KO.KOZT,5263.0,5330.0,67.0,updated
ev_KO_BNN_.emsc_event_20230428_0000124,quakeml:eu.emsc/event/20230428_0000124,KO.BNN,5978.0,,,no_emsc_pick
ev_KO_GAZ_.emsc_event_20230307_0000121,quakeml:eu.emsc/event/20230307_0000121,KO.GAZ,4705.0,4740.0,35.0,updated
ev_KO_DARE_.emsc_event_20230418_0000066,quakeml:eu.emsc/event/20230418_0000066,KO.DARE,4473.0,4460.0,-13.0,updated
ev_KO_GAZ_.emsc_event_20230305_0000060,quakeml:eu.emsc/event/20230305_0000060,KO.GAZ,5437.0,5450.0,13.0,updated
ev_KO_KOZT_.emsc_event_20230306_0000165,quakeml:eu.emsc/event/20230306_0000165,KO.KOZT,5483.0,5550.0,67.0,updated
ev_KO_DARE_.emsc_event_20230302_0000203,quakeml:eu.emsc/event/20230302_0000203,KO.DARE,4174.0,4220.0,46.0,updated
ev_KO_KOZT_.emsc_event_20230306_0000171,quakeml:eu.emsc/event/20230306_0000171,KO.KOZT,4504.0,4580.0,76.0,updated
ev_KO_GAZ_.emsc_event_20230305_0000074,quakeml:eu.emsc/event/20230305_0000074,KO.GAZ,5461.0,5460.0,-1.0,updated
ev_KO_TAHT_.emsc_event_20230308_0000240,quakeml:eu.emsc/event/20230308_0000240,KO.TAHT,5636.0,5680.0,44.0,updated
ev_KO_GAZ_.emsc_event_20230307_0000135,quakeml:eu.emsc/event/20230307_0000135,KO.GAZ,5621.0,5690.0,69.0,updated
ev_KO_KOZT_.emsc_event_20230304_0000030,quakeml:eu.emsc/event/20230304_0000030,KO.KOZT,4524.0,4580.0,56.0,updated
ev_KO_DARE_.emsc_event_20230306_0000081,quakeml:eu.emsc/event/20230306_0000081,KO.DARE,4796.0,4860.0,64.0,updated
ev_KO_URFA_.emsc_event_20230302_0000167,quakeml:eu.emsc/event/20230302_0000167,KO.URFA,4815.0,4850.0,35.0,updated
ev_KO_DARE_.emsc_event_20230326_0000139,quakeml:eu.emsc/event/20230326_0000139,KO.DARE,3355.0,3330.0,-25.0,updated
ev_KO_SARI_.emsc_event_20230530_0000097,quakeml:eu.emsc/event/20230530_0000097,KO.SARI,3970.0,,,no_emsc_pick
ev_KO_DYBB_.emsc_event_20230309_0000311,quakeml:eu.emsc/event/20230309_0000311,KO.DYBB,5249.0,,,no_emsc_pick
ev_KO_KMRS_.emsc_event_20230306_0000288,quakeml:eu.emsc/event/20230306_0000288,KO.KMRS,4256.0,4420.0,164.0,updated
ev_KO_KOZT_.emsc_event_20230306_0000159,quakeml:eu.emsc/event/20230306_0000159,KO.KOZT,4441.0,4490.0,49.0,updated
ev_KO_TAHT_.emsc_event_20230518_0000073,quakeml:eu.emsc/event/20230518_0000073,KO.TAHT,5680.0,,,no_emsc_pick
ev_KO_BNN_.emsc_event_20230304_0000263,quakeml:eu.emsc/event/20230304_0000263,KO.BNN,5544.0,5600.0,56.0,updated
ev_KO_TAHT_.emsc_event_20230305_0000200,quakeml:eu.emsc/event/20230305_0000200,KO.TAHT,4621.0,4640.0,19.0,updated
ev_KO_GAZ_.emsc_event_20230307_0000109,quakeml:eu.emsc/event/20230307_0000109,KO.GAZ,4832.0,4840.0,8.0,updated
ev_KO_BNN_.emsc_event_20230306_0000322,quakeml:eu.emsc/event/20230306_0000322,KO.BNN,5921.0,,,no_emsc_pick
ev_KO_DARE_.emsc_event_20230326_0000105,quakeml:eu.emsc/event/20230326_0000105,KO.DARE,5473.0,5520.0,47.0,updated
ev_KO_KOZT_.emsc_event_20230305_0000300,quakeml:eu.emsc/event/20230305_0000300,KO.KOZT,4655.0,4600.0,-55.0,updated
ev_KO_GAZ_.emsc_event_20230306_0000205,quakeml:eu.emsc/event/20230306_0000205,KO.GAZ,4619.0,4650.0,31.0,updated
ev_KO_SARI_.emsc_event_20230327_0000257,quakeml:eu.emsc/event/20230327_0000257,KO.SARI,5700.0,5670.0,-30.0,updated
ev_KO_BNN_.emsc_event_20230308_0000113,quakeml:eu.emsc/event/20230308_0000113,KO.BNN,4857.0,4840.0,-17.0,updated
ev_KO_URFA_.emsc_event_20230308_0000103,quakeml:eu.emsc/event/20230308_0000103,KO.URFA,5612.0,5700.0,88.0,updated
ev_KO_DARE_.emsc_event_20230306_0000056,quakeml:eu.emsc/event/20230306_0000056,KO.DARE,5074.0,5130.0,56.0,updated
ev_KO_DYBB_.emsc_event_20230503_0000223,quakeml:eu.emsc/event/20230503_0000223,KO.DYBB,5835.0,,,no_emsc_pick
ev_KO_DYBB_.emsc_event_20230425_0000081,quakeml:eu.emsc/event/20230425_0000081,KO.DYBB,5749.0,,,no_emsc_pick
ev_KO_DARE_.emsc_event_20230308_0000267,quakeml:eu.emsc/event/20230308_0000267,KO.DARE,4864.0,,,no_emsc_pick
ev_KO_BNN_.emsc_event_20230305_0000190,quakeml:eu.emsc/event/20230305_0000190,KO.BNN,5335.0,5410.0,75.0,updated
ev_KO_SVRC_.emsc_event_20230619_0000019,quakeml:eu.emsc/event/20230619_0000019,KO.SVRC,4746.0,4750.0,4.0,updated
ev_KO_DARE_.emsc_event_20230304_0000103,quakeml:eu.emsc/event/20230304_0000103,KO.DARE,5248.0,5340.0,92.0,updated
ev_KO_SARI_.emsc_event_20230305_0000251,quakeml:eu.emsc/event/20230305_0000251,KO.SARI,5993.0,,,no_emsc_pick
ev_KO_KMRS_.emsc_event_20230305_0000006,quakeml:eu.emsc/event/20230305_0000006,KO.KMRS,4779.0,4820.0,41.0,updated
ev_KO_URFA_.emsc_event_20230307_0000002,quakeml:eu.emsc/event/20230307_0000002,KO.URFA,4465.0,4330.0,-135.0,updated
ev_KO_URFA_.emsc_event_20230305_0000143,quakeml:eu.emsc/event/20230305_0000143,KO.URFA,5884.0,,,no_emsc_pick
ev_KO_SARI_.emsc_event_20230307_0000338,quakeml:eu.emsc/event/20230307_0000338,KO.SARI,5379.0,5430.0,51.0,updated
ev_KO_URFA_.emsc_event_20230322_0000034,quakeml:eu.emsc/event/20230322_0000034,KO.URFA,5141.0,5260.0,119.0,updated
ev_KO_TAHT_.emsc_event_20230324_0000063,quakeml:eu.emsc/event/20230324_0000063,KO.TAHT,4781.0,,,no_emsc_pick
ev_KO_CEYT_.emsc_event_20230307_0000059,quakeml:eu.emsc/event/20230307_0000059,KO.CEYT,4510.0,,,no_emsc_pick
ev_KO_SARI_.emsc_event_20230306_0000020,quakeml:eu.emsc/event/20230306_0000020,KO.SARI,3843.0,3980.0,137.0,updated
ev_KO_SARI_.emsc_event_20230304_0000161,quakeml:eu.emsc/event/20230304_0000161,KO.SARI,4041.0,4090.0,49.0,updated
ev_KO_KOZT_.emsc_event_20230307_0000282,quakeml:eu.emsc/event/20230307_0000282,KO.KOZT,5440.0,5280.0,-160.0,updated
ev_KO_SARI_.emsc_event_20230308_0000211,quakeml:eu.emsc/event/20230308_0000211,KO.SARI,4473.0,4580.0,107.0,updated
ev_KO_TAHT_.emsc_event_20230306_0000111,quakeml:eu.emsc/event/20230306_0000111,KO.TAHT,5999.0,,,no_emsc_pick
ev_KO_GAZ_.emsc_event_20230307_0000055,quakeml:eu.emsc/event/20230307_0000055,KO.GAZ,4651.0,,,no_emsc_pick
ev_KO_KOZT_.emsc_event_20230304_0000150,quakeml:eu.emsc/event/20230304_0000150,KO.KOZT,4194.0,4260.0,66.0,updated
ev_KO_KOZT_.emsc_event_20230306_0000011,quakeml:eu.emsc/event/20230306_0000011,KO.KOZT,5862.0,5950.0,88.0,updated
ev_KO_TAHT_.emsc_event_20230725_0000187,quakeml:eu.emsc/event/20230725_0000187,KO.TAHT,5450.0,5510.0,60.0,updated
ev_KO_CEYT_.emsc_event_20230305_0000093,quakeml:eu.emsc/event/20230305_0000093,KO.CEYT,4949.0,4960.0,11.0,updated
ev_KO_URFA_.emsc_event_20230430_0000228,quakeml:eu.emsc/event/20230430_0000228,KO.URFA,5184.0,5190.0,6.0,updated
ev_KO_SVRC_.emsc_event_20230305_0000201,quakeml:eu.emsc/event/20230305_0000201,KO.SVRC,5601.0,5630.0,29.0,updated
ev_KO_TAHT_.emsc_event_20230306_0000105,quakeml:eu.emsc/event/20230306_0000105,KO.TAHT,3509.0,3560.0,51.0,updated
ev_KO_SARI_.emsc_event_20230711_0000162,quakeml:eu.emsc/event/20230711_0000162,KO.SARI,4776.0,4790.0,14.0,updated
ev_KO_TAHT_.emsc_event_20230304_0000044,quakeml:eu.emsc/event/20230304_0000044,KO.TAHT,5069.0,5100.0,31.0,updated
ev_KO_URFA_.emsc_event_20230308_0000088,quakeml:eu.emsc/event/20230308_0000088,KO.URFA,5198.0,5270.0,72.0,updated
ev_KO_URFA_.emsc_event_20230430_0000200,quakeml:eu.emsc/event/20230430_0000200,KO.URFA,4979.0,5030.0,51.0,updated
ev_KO_KOZT_.emsc_event_20230307_0000321,quakeml:eu.emsc/event/20230307_0000321,KO.KOZT,5461.0,5530.0,69.0,updated
ev_KO_URFA_.emsc_event_20230328_0000130,quakeml:eu.emsc/event/20230328_0000130,KO.URFA,5462.0,,,no_emsc_pick
ev_KO_CEYT_.emsc_event_20230312_0000305,quakeml:eu.emsc/event/20230312_0000305,KO.CEYT,5355.0,5340.0,-15.0,updated
ev_KO_SARI_.emsc_event_20230306_0000183,quakeml:eu.emsc/event/20230306_0000183,KO.SARI,5043.0,5090.0,47.0,updated
ev_KO_MERS_.emsc_event_20230413_0000186,quakeml:eu.emsc/event/20230413_0000186,KO.MERS,5362.0,5410.0,48.0,updated
ev_KO_GAZ_.emsc_event_20230307_0000069,quakeml:eu.emsc/event/20230307_0000069,KO.GAZ,4559.0,4550.0,-9.0,updated
ev_KO_DYBB_.emsc_event_20230210_0000327,quakeml:eu.emsc/event/20230210_0000327,KO.DYBB,5415.0,,,no_emsc_pick
ev_KO_DARE_.emsc_event_20230311_0000277,quakeml:eu.emsc/event/20230311_0000277,KO.DARE,3964.0,3990.0,26.0,updated
ev_KO_KOZT_.emsc_event_20230306_0000039,quakeml:eu.emsc/event/20230306_0000039,KO.KOZT,4082.0,4030.0,-52.0,updated
ev_KO_URFA_.emsc_event_20230527_0000167,quakeml:eu.emsc/event/20230527_0000167,KO.URFA,5737.0,5880.0,143.0,updated
ev_KO_SARI_.emsc_event_20230417_0000059,quakeml:eu.emsc/event/20230417_0000059,KO.SARI,5093.0,5140.0,47.0,updated
ev_KO_BNN_.emsc_event_20230308_0000067,quakeml:eu.emsc/event/20230308_0000067,KO.BNN,5245.0,5280.0,35.0,updated
ev_KO_TAHT_.emsc_event_20230304_0000078,quakeml:eu.emsc/event/20230304_0000078,KO.TAHT,3415.0,3440.0,25.0,updated
ev_KO_SVRC_.emsc_event_20230314_0000254,quakeml:eu.emsc/event/20230314_0000254,KO.SVRC,4543.0,4610.0,67.0,updated
ev_KO_MERS_.emsc_event_20230305_0000093,quakeml:eu.emsc/event/20230305_0000093,KO.MERS,5750.0,5820.0,70.0,updated
ev_KO_SARI_.emsc_event_20230307_0000270,quakeml:eu.emsc/event/20230307_0000270,KO.SARI,5612.0,5810.0,198.0,updated
ev_KO_TAHT_.emsc_event_20230304_0000093,quakeml:eu.emsc/event/20230304_0000093,KO.TAHT,4380.0,4370.0,-10.0,updated
ev_KO_KMRS_.emsc_event_20230308_0000132,quakeml:eu.emsc/event/20230308_0000132,KO.KMRS,4409.0,4480.0,71.0,updated
ev_KO_URFA_.emsc_event_20230522_0000002,quakeml:eu.emsc/event/20230522_0000002,KO.URFA,4572.0,4620.0,48.0,updated
ev_KO_KMRS_.emsc_event_20230306_0000303,quakeml:eu.emsc/event/20230306_0000303,KO.KMRS,5768.0,5570.0,-198.0,updated
ev_KO_CEYT_.emsc_event_20230307_0000111,quakeml:eu.emsc/event/20230307_0000111,KO.CEYT,4861.0,4810.0,-51.0,updated
ev_KO_GAZ_.emsc_event_20230307_0000096,quakeml:eu.emsc/event/20230307_0000096,KO.GAZ,4971.0,4980.0,9.0,updated
ev_KO_URFA_.emsc_event_20230507_0000034,quakeml:eu.emsc/event/20230507_0000034,KO.URFA,5160.0,5190.0,30.0,updated
ev_KO_CEYT_.emsc_event_20230307_0000105,quakeml:eu.emsc/event/20230307_0000105,KO.CEYT,5026.0,,,no_emsc_pick
ev_KO_GAZ_.emsc_event_20230307_0000082,quakeml:eu.emsc/event/20230307_0000082,KO.GAZ,5552.0,5570.0,18.0,updated
ev_KO_KMRS_.emsc_event_20230306_0000317,quakeml:eu.emsc/event/20230306_0000317,KO.KMRS,5761.0,5880.0,119.0,updated
ev_KO_CEYT_.emsc_event_20230308_0000038,quakeml:eu.emsc/event/20230308_0000038,KO.CEYT,5497.0,5620.0,123.0,updated
ev_KO_SARI_.emsc_event_20230530_0000108,quakeml:eu.emsc/event/20230530_0000108,KO.SARI,4826.0,,,no_emsc_pick
ev_KO_DARE_.emsc_event_20230306_0000136,quakeml:eu.emsc/event/20230306_0000136,KO.DARE,5521.0,5580.0,59.0,updated
ev_KO_KMRS_.emsc_event_20230305_0000172,quakeml:eu.emsc/event/20230305_0000172,KO.KMRS,4307.0,4300.0,-7.0,updated
ev_KO_CEYT_.emsc_event_20230306_0000221,quakeml:eu.emsc/event/20230306_0000221,KO.CEYT,5475.0,,,no_emsc_pick
ev_KO_GULA_.emsc_event_20230725_0000185,quakeml:eu.emsc/event/20230725_0000185,KO.GULA,5709.0,5697.0,-12.0,updated
ev_KO_SARI_.emsc_event_20230323_0000176,quakeml:eu.emsc/event/20230323_0000176,KO.SARI,3826.0,3820.0,-6.0,updated
ev_KO_SARI_.emsc_event_20230306_0000140,quakeml:eu.emsc/event/20230306_0000140,KO.SARI,4355.0,4440.0,85.0,updated
ev_KO_CEYT_.emsc_event_20230308_0000004,quakeml:eu.emsc/event/20230308_0000004,KO.CEYT,5028.0,,,no_emsc_pick
ev_KO_SVRC_.emsc_event_20230312_0000154,quakeml:eu.emsc/event/20230312_0000154,KO.SVRC,5929.0,,,no_emsc_pick
ev_KO_CEYT_.emsc_event_20230306_0000235,quakeml:eu.emsc/event/20230306_0000235,KO.CEYT,5805.0,,,no_emsc_pick
ev_KO_KOZT_.emsc_event_20230306_0000213,quakeml:eu.emsc/event/20230306_0000213,KO.KOZT,4307.0,4340.0,33.0,updated
ev_KO_SARI_.emsc_event_20230621_0000170,quakeml:eu.emsc/event/20230621_0000170,KO.SARI,3787.0,,,no_emsc_pick
ev_KO_GULA_.emsc_event_20230528_0000119,quakeml:eu.emsc/event/20230528_0000119,KO.GULA,5976.0,,,no_emsc_pick
ev_KO_SARI_.emsc_event_20230308_0000198,quakeml:eu.emsc/event/20230308_0000198,KO.SARI,5224.0,5190.0,-34.0,updated
ev_KO_TAHT_.emsc_event_20230304_0000246,quakeml:eu.emsc/event/20230304_0000246,KO.TAHT,3869.0,3950.0,81.0,updated
ev_KO_KOZT_.emsc_event_20230308_0000036,quakeml:eu.emsc/event/20230308_0000036,KO.KOZT,4147.0,4190.0,43.0,updated
ev_KO_TAHT_.emsc_event_20230428_0000129,quakeml:eu.emsc/event/20230428_0000129,KO.TAHT,5803.0,5830.0,27.0,updated
ev_KO_MERS_.emsc_event_20230607_0000056,quakeml:eu.emsc/event/20230607_0000056,KO.MERS,5996.0,,,no_emsc_pick
ev_KO_SARI_.emsc_event_20230511_0000155,quakeml:eu.emsc/event/20230511_0000155,KO.SARI,5394.0,5470.0,76.0,updated
ev_KO_DARE_.emsc_event_20230305_0000192,quakeml:eu.emsc/event/20230305_0000192,KO.DARE,3717.0,3650.0,-67.0,updated
ev_KO_SARI_.emsc_event_20230609_0000106,quakeml:eu.emsc/event/20230609_0000106,KO.SARI,3282.0,,,no_emsc_pick
ev_KO_CEYT_.emsc_event_20230312_0000107,quakeml:eu.emsc/event/20230312_0000107,KO.CEYT,3988.0,3950.0,-38.0,updated
ev_KO_KOZT_.emsc_event_20230305_0000062,quakeml:eu.emsc/event/20230305_0000062,KO.KOZT,4060.0,4170.0,110.0,updated
ev_KO_CEYT_.emsc_event_20230226_0000181,quakeml:eu.emsc/event/20230226_0000181,KO.CEYT,5493.0,5520.0,27.0,updated
ev_KO_CEYT_.emsc_event_20230802_0000182,quakeml:eu.emsc/event/20230802_0000182,KO.CEYT,4570.0,4670.0,100.0,updated
ev_KO_GAZ_.emsc_event_20230306_0000173,quakeml:eu.emsc/event/20230306_0000173,KO.GAZ,5040.0,5160.0,120.0,updated
ev_KO_KARA_.emsc_event_20230520_0000192,quakeml:eu.emsc/event/20230520_0000192,KO.KARA,4568.0,4440.0,-128.0,updated
ev_KO_BNN_.emsc_event_20230306_0000054,quakeml:eu.emsc/event/20230306_0000054,KO.BNN,5384.0,5500.0,116.0,updated
ev_KO_TAHT_.emsc_event_20230307_0000037,quakeml:eu.emsc/event/20230307_0000037,KO.TAHT,5832.0,5900.0,68.0,updated
ev_KO_SARI_.emsc_event_20230502_0000069,quakeml:eu.emsc/event/20230502_0000069,KO.SARI,4212.0,4230.0,18.0,updated
ev_KO_GAZ_.emsc_event_20230307_0000294,quakeml:eu.emsc/event/20230307_0000294,KO.GAZ,3368.0,3450.0,82.0,updated
ev_KO_MERS_.emsc_event_20230306_0000037,quakeml:eu.emsc/event/20230306_0000037,KO.MERS,5430.0,5550.0,120.0,updated
ev_KO_CEYT_.emsc_event_20230722_0000046,quakeml:eu.emsc/event/20230722_0000046,KO.CEYT,5506.0,,,no_emsc_pick
ev_KO_MERS_.emsc_event_20230304_0000176,quakeml:eu.emsc/event/20230304_0000176,KO.MERS,5968.0,,,no_emsc_pick
ev_KO_SARI_.emsc_event_20230305_0000133,quakeml:eu.emsc/event/20230305_0000133,KO.SARI,4602.0,4630.0,28.0,updated
ev_KO_DARE_.emsc_event_20230306_0000320,quakeml:eu.emsc/event/20230306_0000320,KO.DARE,4509.0,4520.0,11.0,updated
ev_KO_URFA_.emsc_event_20230213_0000276,quakeml:eu.emsc/event/20230213_0000276,KO.URFA,4450.0,4530.0,80.0,updated
ev_KO_SARI_.emsc_event_20230424_0000234,quakeml:eu.emsc/event/20230424_0000234,KO.SARI,4836.0,4850.0,14.0,updated
ev_KO_SARI_.emsc_event_20230305_0000127,quakeml:eu.emsc/event/20230305_0000127,KO.SARI,5622.0,,,no_emsc_pick
ev_KO_BNN_.emsc_event_20230311_0000301,quakeml:eu.emsc/event/20230311_0000301,KO.BNN,4882.0,4890.0,8.0,updated
ev_KO_DARE_.emsc_event_20230307_0000038,quakeml:eu.emsc/event/20230307_0000038,KO.DARE,5237.0,,,no_emsc_pick
ev_KO_URFA_.emsc_event_20230315_0000178,quakeml:eu.emsc/event/20230315_0000178,KO.URFA,5549.0,5590.0,41.0,updated
ev_KO_URFA_.emsc_event_20230304_0000111,quakeml:eu.emsc/event/20230304_0000111,KO.URFA,5582.0,5620.0,38.0,updated
ev_KO_DARE_.emsc_event_20230305_0000179,quakeml:eu.emsc/event/20230305_0000179,KO.DARE,4891.0,,,no_emsc_pick
ev_KO_DARE_.emsc_event_20230308_0000105,quakeml:eu.emsc/event/20230308_0000105,KO.DARE,4833.0,4830.0,-3.0,updated
ev_KO_CEYT_.emsc_event_20230707_0000064,quakeml:eu.emsc/event/20230707_0000064,KO.CEYT,5024.0,5140.0,116.0,updated
ev_KO_URFA_.emsc_event_20230306_0000050,quakeml:eu.emsc/event/20230306_0000050,KO.URFA,5577.0,5630.0,53.0,updated
ev_KO_DARE_.emsc_event_20230307_0000010,quakeml:eu.emsc/event/20230307_0000010,KO.DARE,3973.0,3970.0,-3.0,updated
ev_KO_CEYT_.emsc_event_20230306_0000023,quakeml:eu.emsc/event/20230306_0000023,KO.CEYT,5081.0,5170.0,89.0,updated
ev_KO_CEYT_.emsc_event_20230306_0000037,quakeml:eu.emsc/event/20230306_0000037,KO.CEYT,3715.0,3800.0,85.0,updated
ev_KO_SVRC_.emsc_event_20230308_0000080,quakeml:eu.emsc/event/20230308_0000080,KO.SVRC,4555.0,4590.0,35.0,updated
ev_KO_CEYT_.emsc_event_20230304_0000176,quakeml:eu.emsc/event/20230304_0000176,KO.CEYT,4893.0,4930.0,37.0,updated
ev_KO_DARE_.emsc_event_20230610_0000014,quakeml:eu.emsc/event/20230610_0000014,KO.DARE,5140.0,5050.0,-90.0,updated
ev_KO_DARE_.emsc_event_20230306_0000308,quakeml:eu.emsc/event/20230306_0000308,KO.DARE,4907.0,4910.0,3.0,updated
ev_KO_SARI_.emsc_event_20230304_0000217,quakeml:eu.emsc/event/20230304_0000217,KO.SARI,4009.0,4080.0,71.0,updated
ev_KO_KMRS_.emsc_event_20230304_0000068,quakeml:eu.emsc/event/20230304_0000068,KO.KMRS,5330.0,5260.0,-70.0,updated
ev_KO_DARE_.emsc_event_20230307_0000004,quakeml:eu.emsc/event/20230307_0000004,KO.DARE,4048.0,3980.0,-68.0,updated
ev_KO_DARE_.emsc_event_20230306_0000309,quakeml:eu.emsc/event/20230306_0000309,KO.DARE,5478.0,5560.0,82.0,updated
ev_KO_MERS_.emsc_event_20230415_0000091,quakeml:eu.emsc/event/20230415_0000091,KO.MERS,5686.0,5750.0,64.0,updated
ev_KO_DARE_.emsc_event_20230304_0000248,quakeml:eu.emsc/event/20230304_0000248,KO.DARE,5058.0,5100.0,42.0,updated
ev_KO_DARE_.emsc_event_20230428_0000127,quakeml:eu.emsc/event/20230428_0000127,KO.DARE,5199.0,,,no_emsc_pick
ev_KO_SARI_.emsc_event_20230330_0000249,quakeml:eu.emsc/event/20230330_0000249,KO.SARI,5291.0,5180.0,-111.0,updated
ev_KO_BNN_.emsc_event_20230306_0000096,quakeml:eu.emsc/event/20230306_0000096,KO.BNN,4835.0,4920.0,85.0,updated
ev_KO_DARE_.emsc_event_20230307_0000005,quakeml:eu.emsc/event/20230307_0000005,KO.DARE,5140.0,5190.0,50.0,updated
ev_KO_SARI_.emsc_event_20230304_0000202,quakeml:eu.emsc/event/20230304_0000202,KO.SARI,3902.0,,,no_emsc_pick
ev_KO_BNN_.emsc_event_20230306_0000082,quakeml:eu.emsc/event/20230306_0000082,KO.BNN,5535.0,5620.0,85.0,updated
ev_KO_DARE_.emsc_event_20230428_0000133,quakeml:eu.emsc/event/20230428_0000133,KO.DARE,4505.0,4420.0,-85.0,updated
ev_KO_CEYT_.emsc_event_20230306_0000022,quakeml:eu.emsc/event/20230306_0000022,KO.CEYT,4722.0,,,no_emsc_pick
ev_KO_DYBB_.emsc_event_20230417_0000056,quakeml:eu.emsc/event/20230417_0000056,KO.DYBB,5221.0,,,no_emsc_pick
ev_KO_URFA_.emsc_event_20230308_0000248,quakeml:eu.emsc/event/20230308_0000248,KO.URFA,5676.0,5660.0,-16.0,updated
ev_KO_KOZT_.emsc_event_20230305_0000088,quakeml:eu.emsc/event/20230305_0000088,KO.KOZT,5648.0,5710.0,62.0,updated
ev_KO_SARI_.emsc_event_20230523_0000223,quakeml:eu.emsc/event/20230523_0000223,KO.SARI,4216.0,,,no_emsc_pick
ev_KO_BNN_.emsc_event_20230311_0000300,quakeml:eu.emsc/event/20230311_0000300,KO.BNN,5901.0,,,no_emsc_pick
ev_KO_SVRC_.emsc_event_20230307_0000180,quakeml:eu.emsc/event/20230307_0000180,KO.SVRC,3917.0,3940.0,23.0,updated
ev_KO_SARI_.emsc_event_20230307_0000067,quakeml:eu.emsc/event/20230307_0000067,KO.SARI,4955.0,5020.0,65.0,updated
ev_KO_KMRS_.emsc_event_20230307_0000218,quakeml:eu.emsc/event/20230307_0000218,KO.KMRS,5000.0,4970.0,-30.0,updated
ev_KO_CEYT_.emsc_event_20230307_0000306,quakeml:eu.emsc/event/20230307_0000306,KO.CEYT,5041.0,5060.0,19.0,updated
ev_KO_SARI_.emsc_event_20230312_0000298,quakeml:eu.emsc/event/20230312_0000298,KO.SARI,4315.0,4330.0,15.0,updated
ev_KO_URFA_.emsc_event_20230306_0000045,quakeml:eu.emsc/event/20230306_0000045,KO.URFA,4363.0,4450.0,87.0,updated
ev_KO_CEYT_.emsc_event_20230307_0000312,quakeml:eu.emsc/event/20230307_0000312,KO.CEYT,4525.0,4590.0,65.0,updated
ev_KO_KARA_.emsc_event_20230521_0000274,quakeml:eu.emsc/event/20230521_0000274,KO.KARA,5559.0,5660.0,101.0,updated
ev_KO_SARI_.emsc_event_20230307_0000073,quakeml:eu.emsc/event/20230307_0000073,KO.SARI,3887.0,3970.0,83.0,updated
ev_KO_URFA_.emsc_event_20230429_0000167,quakeml:eu.emsc/event/20230429_0000167,KO.URFA,4518.0,4640.0,122.0,updated
ev_KO_MERS_.emsc_event_20230426_0000029,quakeml:eu.emsc/event/20230426_0000029,KO.MERS,5613.0,5690.0,77.0,updated
ev_KO_SARI_.emsc_event_20230305_0000132,quakeml:eu.emsc/event/20230305_0000132,KO.SARI,4063.0,,,no_emsc_pick
ev_KO_KOZT_.emsc_event_20230307_0000136,quakeml:eu.emsc/event/20230307_0000136,KO.KOZT,4558.0,4520.0,-38.0,updated
ev_KO_BNN_.emsc_event_20230304_0000114,quakeml:eu.emsc/event/20230304_0000114,KO.BNN,5971.0,,,no_emsc_pick
ev_KO_BNN_.emsc_event_20230306_0000041,quakeml:eu.emsc/event/20230306_0000041,KO.BNN,5975.0,,,no_emsc_pick
ev_KO_GAZ_.emsc_event_20230304_0000027,quakeml:eu.emsc/event/20230304_0000027,KO.GAZ,4904.0,4990.0,86.0,updated
ev_KO_DARE_.emsc_event_20230514_0000084,quakeml:eu.emsc/event/20230514_0000084,KO.DARE,5705.0,5810.0,105.0,updated
ev_KO_URFA_.emsc_event_20230607_0000024,quakeml:eu.emsc/event/20230607_0000024,KO.URFA,4696.0,,,no_emsc_pick
ev_KO_CEYT_.emsc_event_20230805_0000170,quakeml:eu.emsc/event/20230805_0000170,KO.CEYT,4846.0,4745.0,-101.0,updated
ev_KO_SVRC_.emsc_event_20230307_0000143,quakeml:eu.emsc/event/20230307_0000143,KO.SVRC,5754.0,,,no_emsc_pick
ev_KO_KOZT_.emsc_event_20230308_0000037,quakeml:eu.emsc/event/20230308_0000037,KO.KOZT,4610.0,4700.0,90.0,updated
ev_KO_CEYT_.emsc_event_20230625_0000092,quakeml:eu.emsc/event/20230625_0000092,KO.CEYT,5467.0,5480.0,13.0,updated
ev_KO_CEYT_.emsc_event_20230305_0000290,quakeml:eu.emsc/event/20230305_0000290,KO.CEYT,5958.0,,,no_emsc_pick
ev_KO_CEYT_.emsc_event_20230422_0000240,quakeml:eu.emsc/event/20230422_0000240,KO.CEYT,5009.0,5090.0,81.0,updated
ev_KO_KOZT_.emsc_event_20230308_0000023,quakeml:eu.emsc/event/20230308_0000023,KO.KOZT,5244.0,5260.0,16.0,updated
ev_KO_TAHT_.emsc_event_20230306_0000312,quakeml:eu.emsc/event/20230306_0000312,KO.TAHT,4968.0,5000.0,32.0,updated
ev_KO_CEYT_.emsc_event_20230307_0000138,quakeml:eu.emsc/event/20230307_0000138,KO.CEYT,4815.0,,,no_emsc_pick
ev_KO_DYBB_.emsc_event_20230609_0000109,quakeml:eu.emsc/event/20230609_0000109,KO.DYBB,5185.0,,,no_emsc_pick
ev_KO_GAZ_.emsc_event_20230308_0000182,quakeml:eu.emsc/event/20230308_0000182,KO.GAZ,5759.0,5840.0,81.0,updated
ev_KO_BNN_.emsc_event_20230306_0000294,quakeml:eu.emsc/event/20230306_0000294,KO.BNN,5169.0,5000.0,-169.0,updated
ev_KO_SARI_.emsc_event_20230727_0000082,quakeml:eu.emsc/event/20230727_0000082,KO.SARI,4678.0,4720.0,42.0,updated
ev_KO_SVRC_.emsc_event_20230308_0000283,quakeml:eu.emsc/event/20230308_0000283,KO.SVRC,4209.0,4260.0,51.0,updated
ev_KO_KMRS_.emsc_event_20230307_0000026,quakeml:eu.emsc/event/20230307_0000026,KO.KMRS,4634.0,4650.0,16.0,updated
ev_KO_BNN_.emsc_event_20230725_0000202,quakeml:eu.emsc/event/20230725_0000202,KO.BNN,5312.0,5350.0,38.0,updated
ev_KO_KMRS_.emsc_event_20230307_0000032,quakeml:eu.emsc/event/20230307_0000032,KO.KMRS,5749.0,5860.0,111.0,updated
ev_KO_SARI_.emsc_event_20230613_0000010,quakeml:eu.emsc/event/20230613_0000010,KO.SARI,4132.0,,,no_emsc_pick
ev_KO_URFA_.emsc_event_20230307_0000177,quakeml:eu.emsc/event/20230307_0000177,KO.URFA,5668.0,5690.0,22.0,updated
ev_KO_CEYT_.emsc_event_20230601_0000155,quakeml:eu.emsc/event/20230601_0000155,KO.CEYT,5680.0,5660.0,-20.0,updated
ev_KO_BNN_.emsc_event_20230306_0000280,quakeml:eu.emsc/event/20230306_0000280,KO.BNN,5030.0,5030.0,0.0,updated
ev_KO_DARE_.emsc_event_20230705_0000031,quakeml:eu.emsc/event/20230705_0000031,KO.DARE,4725.0,4581.0,-144.0,updated
ev_KO_DARE_.emsc_event_20230515_0000149,quakeml:eu.emsc/event/20230515_0000149,KO.DARE,5409.0,5430.0,21.0,updated
ev_KO_SARI_.emsc_event_20230306_0000169,quakeml:eu.emsc/event/20230306_0000169,KO.SARI,3957.0,4070.0,113.0,updated
ev_KO_CEYT_.emsc_event_20230305_0000045,quakeml:eu.emsc/event/20230305_0000045,KO.CEYT,5321.0,,,no_emsc_pick
ev_KO_KMRS_.emsc_event_20230306_0000316,quakeml:eu.emsc/event/20230306_0000316,KO.KMRS,4185.0,4270.0,85.0,updated
ev_KO_SARI_.emsc_event_20230304_0000028,quakeml:eu.emsc/event/20230304_0000028,KO.SARI,4097.0,4140.0,43.0,updated
ev_KO_GAZ_.emsc_event_20230307_0000083,quakeml:eu.emsc/event/20230307_0000083,KO.GAZ,3694.0,3750.0,56.0,updated
ev_KO_KMRS_.emsc_event_20230304_0000257,quakeml:eu.emsc/event/20230304_0000257,KO.KMRS,4869.0,4920.0,51.0,updated
ev_KO_URFA_.emsc_event_20230314_0000077,quakeml:eu.emsc/event/20230314_0000077,KO.URFA,5105.0,5160.0,55.0,updated
ev_KO_URFA_.emsc_event_20230308_0000062,quakeml:eu.emsc/event/20230308_0000062,KO.URFA,4907.0,4900.0,-7.0,updated
ev_KO_SARI_.emsc_event_20230307_0000265,quakeml:eu.emsc/event/20230307_0000265,KO.SARI,4914.0,4910.0,-4.0,updated
ev_KO_GULA_.emsc_event_20230805_0000097,quakeml:eu.emsc/event/20230805_0000097,KO.GULA,5144.0,5240.0,96.0,updated
ev_KO_TAHT_.emsc_event_20230304_0000092,quakeml:eu.emsc/event/20230304_0000092,KO.TAHT,5831.0,,,no_emsc_pick
ev_KO_SARI_.emsc_event_20230521_0000174,quakeml:eu.emsc/event/20230521_0000174,KO.SARI,4666.0,,,no_emsc_pick
ev_KO_TAHT_.emsc_event_20230311_0000279,quakeml:eu.emsc/event/20230311_0000279,KO.TAHT,4212.0,4220.0,8.0,updated
ev_KO_URFA_.emsc_event_20230304_0000306,quakeml:eu.emsc/event/20230304_0000306,KO.URFA,5024.0,,,no_emsc_pick
ev_KO_BNN_.emsc_event_20230306_0000257,quakeml:eu.emsc/event/20230306_0000257,KO.BNN,5781.0,5910.0,129.0,updated
ev_KO_YESY_.emsc_event_20230419_0000113,quakeml:eu.emsc/event/20230419_0000113,KO.YESY,5402.0,,,no_emsc_pick
ev_KO_SVRC_.emsc_event_20230306_0000071,quakeml:eu.emsc/event/20230306_0000071,KO.SVRC,5281.0,5230.0,-51.0,updated
ev_KO_TAHT_.emsc_event_20230306_0000138,quakeml:eu.emsc/event/20230306_0000138,KO.TAHT,5797.0,5820.0,23.0,updated
ev_KO_TAHT_.emsc_event_20230304_0000079,quakeml:eu.emsc/event/20230304_0000079,KO.TAHT,5271.0,5380.0,109.0,updated
ev_KO_KOZT_.emsc_event_20230308_0000209,quakeml:eu.emsc/event/20230308_0000209,KO.KOZT,5608.0,5750.0,142.0,updated
ev_KO_KOZT_.emsc_event_20230305_0000261,quakeml:eu.emsc/event/20230305_0000261,KO.KOZT,4228.0,4330.0,102.0,updated
ev_KO_SVRC_.emsc_event_20230308_0000254,quakeml:eu.emsc/event/20230308_0000254,KO.SVRC,4631.0,4650.0,19.0,updated
ev_KO_MERS_.emsc_event_20230305_0000086,quakeml:eu.emsc/event/20230305_0000086,KO.MERS,5596.0,,,no_emsc_pick
ev_KO_GAZ_.emsc_event_20230307_0000068,quakeml:eu.emsc/event/20230307_0000068,KO.GAZ,5038.0,5170.0,132.0,updated
ev_KO_KARA_.emsc_event_20230526_0000046,quakeml:eu.emsc/event/20230526_0000046,KO.KARA,5454.0,,,no_emsc_pick
ev_KO_SVRC_.emsc_event_20230304_0000124,quakeml:eu.emsc/event/20230304_0000124,KO.SVRC,5743.0,,,no_emsc_pick
ev_KO_GAZ_.emsc_event_20230305_0000129,quakeml:eu.emsc/event/20230305_0000129,KO.GAZ,5450.0,5490.0,40.0,updated
ev_KO_SARI_.emsc_event_20230505_0000299,quakeml:eu.emsc/event/20230505_0000299,KO.SARI,3863.0,,,no_emsc_pick
ev_KO_CEYT_.emsc_event_20230305_0000086,quakeml:eu.emsc/event/20230305_0000086,KO.CEYT,4696.0,4760.0,64.0,updated
ev_KO_KOZT_.emsc_event_20230306_0000004,quakeml:eu.emsc/event/20230306_0000004,KO.KOZT,5373.0,5420.0,47.0,updated
ev_KO_GAZ_.emsc_event_20230305_0000101,quakeml:eu.emsc/event/20230305_0000101,KO.GAZ,5300.0,5240.0,-60.0,updated
ev_KO_KOZT_.emsc_event_20230308_0000235,quakeml:eu.emsc/event/20230308_0000235,KO.KOZT,3723.0,3830.0,107.0,updated
ev_KO_SVRC_.emsc_event_20230307_0000341,quakeml:eu.emsc/event/20230307_0000341,KO.SVRC,4900.0,4900.0,0.0,updated
ev_KO_CEYT_.emsc_event_20230502_0000137,quakeml:eu.emsc/event/20230502_0000137,KO.CEYT,5075.0,,,no_emsc_pick
ev_KO_KOZT_.emsc_event_20230307_0000308,quakeml:eu.emsc/event/20230307_0000308,KO.KOZT,4638.0,,,no_emsc_pick
ev_KO_BNN_.emsc_event_20230307_0000167,quakeml:eu.emsc/event/20230307_0000167,KO.BNN,3915.0,3940.0,25.0,updated
ev_KO_GAZ_.emsc_event_20230304_0000219,quakeml:eu.emsc/event/20230304_0000219,KO.GAZ,4658.0,4680.0,22.0,updated
ev_KO_SVRC_.emsc_event_20230305_0000214,quakeml:eu.emsc/event/20230305_0000214,KO.SVRC,4953.0,,,no_emsc_pick
ev_KO_URFA_.emsc_event_20230607_0000232,quakeml:eu.emsc/event/20230607_0000232,KO.URFA,4964.0,,,no_emsc_pick
ev_KO_BNN_.emsc_event_20230305_0000032,quakeml:eu.emsc/event/20230305_0000032,KO.BNN,5066.0,5100.0,34.0,updated
ev_KO_GAZ_.emsc_event_20230305_0000115,quakeml:eu.emsc/event/20230305_0000115,KO.GAZ,4605.0,4570.0,-35.0,updated
ev_KO_KOZT_.emsc_event_20230306_0000010,quakeml:eu.emsc/event/20230306_0000010,KO.KOZT,5470.0,5320.0,-150.0,updated
ev_KO_TAHT_.emsc_event_20230515_0000146,quakeml:eu.emsc/event/20230515_0000146,KO.TAHT,3651.0,3520.0,-131.0,updated
ev_KO_URFA_.emsc_event_20230306_0000284,quakeml:eu.emsc/event/20230306_0000284,KO.URFA,4823.0,4910.0,87.0,updated
ev_KO_MERS_.emsc_event_20230312_0000310,quakeml:eu.emsc/event/20230312_0000310,KO.MERS,5621.0,5690.0,69.0,updated
ev_KO_CEYT_.emsc_event_20230401_0000228,quakeml:eu.emsc/event/20230401_0000228,KO.CEYT,4904.0,4960.0,56.0,updated
ev_KO_SARI_.emsc_event_20230304_0000160,quakeml:eu.emsc/event/20230304_0000160,KO.SARI,4748.0,4860.0,112.0,updated
ev_KO_DARE_.emsc_event_20230305_0000232,quakeml:eu.emsc/event/20230305_0000232,KO.DARE,3997.0,4010.0,13.0,updated
ev_KO_MERS_.emsc_event_20230610_0000074,quakeml:eu.emsc/event/20230610_0000074,KO.MERS,5958.0,,,no_emsc_pick
ev_KO_DARE_.emsc_event_20230321_0000108,quakeml:eu.emsc/event/20230321_0000108,KO.DARE,3457.0,3550.0,93.0,updated
ev_KO_BNN_.emsc_event_20230302_0000176,quakeml:eu.emsc/event/20230302_0000176,KO.BNN,4878.0,4850.0,-28.0,updated
ev_KO_CEYT_.emsc_event_20230710_0000091,quakeml:eu.emsc/event/20230710_0000091,KO.CEYT,5351.0,,,no_emsc_pick
ev_KO_URFA_.emsc_event_20230305_0000142,quakeml:eu.emsc/event/20230305_0000142,KO.URFA,4514.0,4630.0,116.0,updated
ev_KO_SARI_.emsc_event_20230305_0000278,quakeml:eu.emsc/event/20230305_0000278,KO.SARI,4038.0,4110.0,72.0,updated
ev_KO_KMRS_.emsc_event_20230305_0000007,quakeml:eu.emsc/event/20230305_0000007,KO.KMRS,5726.0,5820.0,94.0,updated
ev_KO_DARE_.emsc_event_20230305_0000226,quakeml:eu.emsc/event/20230305_0000226,KO.DARE,4690.0,4690.0,0.0,updated
ev_KO_CEYT_.emsc_event_20230305_0000131,quakeml:eu.emsc/event/20230305_0000131,KO.CEYT,5627.0,5610.0,-17.0,updated
ev_KO_TAHT_.emsc_event_20230308_0000282,quakeml:eu.emsc/event/20230308_0000282,KO.TAHT,5578.0,5660.0,82.0,updated
ev_KO_DARE_.emsc_event_20230304_0000102,quakeml:eu.emsc/event/20230304_0000102,KO.DARE,4205.0,4180.0,-25.0,updated
ev_KO_BNN_.emsc_event_20230305_0000191,quakeml:eu.emsc/event/20230305_0000191,KO.BNN,5996.0,,,no_emsc_pick
ev_KO_CEYT_.emsc_event_20230610_0000074,quakeml:eu.emsc/event/20230610_0000074,KO.CEYT,4753.0,,,no_emsc_pick
ev_KO_SVRC_.emsc_event_20230313_0000305,quakeml:eu.emsc/event/20230313_0000305,KO.SVRC,4509.0,4610.0,101.0,updated
ev_KO_DARE_.emsc_event_20230301_0000098,quakeml:eu.emsc/event/20230301_0000098,KO.DARE,5033.0,5120.0,87.0,updated
ev_KO_SARI_.emsc_event_20230731_0000178,quakeml:eu.emsc/event/20230731_0000178,KO.SARI,4393.0,4313.0,-80.0,updated
ev_KO_URFA_.emsc_event_20230308_0000102,quakeml:eu.emsc/event/20230308_0000102,KO.URFA,4451.0,,,no_emsc_pick
ev_KO_SARI_.emsc_event_20230409_0000093,quakeml:eu.emsc/event/20230409_0000093,KO.SARI,4341.0,4430.0,89.0,updated
ev_KO_SARI_.emsc_event_20230304_0000148,quakeml:eu.emsc/event/20230304_0000148,KO.SARI,4376.0,4510.0,134.0,updated
ev_KO_KMRS_.emsc_event_20230306_0000276,quakeml:eu.emsc/event/20230306_0000276,KO.KMRS,4218.0,4230.0,12.0,updated
ev_KO_SARI_.emsc_event_20230226_0000183,quakeml:eu.emsc/event/20230226_0000183,KO.SARI,3892.0,3820.0,-72.0,updated
ev_KO_TAHT_.emsc_event_20230307_0000340,quakeml:eu.emsc/event/20230307_0000340,KO.TAHT,4869.0,4940.0,71.0,updated
ev_KO_BNN_.emsc_event_20230321_0000254,quakeml:eu.emsc/event/20230321_0000254,KO.BNN,5530.0,5430.0,-100.0,updated
ev_KO_GAZ_.emsc_event_20230307_0000108,quakeml:eu.emsc/event/20230307_0000108,KO.GAZ,4979.0,5020.0,41.0,updated
ev_KO_GAZ_.emsc_event_20230306_0000204,quakeml:eu.emsc/event/20230306_0000204,KO.GAZ,4802.0,4860.0,58.0,updated
ev_KO_BNN_.emsc_event_20230308_0000106,quakeml:eu.emsc/event/20230308_0000106,KO.BNN,5352.0,,,no_emsc_pick
ev_KO_GAZ_.emsc_event_20230306_0000210,quakeml:eu.emsc/event/20230306_0000210,KO.GAZ,4967.0,4970.0,3.0,updated
ev_KO_SARI_.emsc_event_20230530_0000096,quakeml:eu.emsc/event/20230530_0000096,KO.SARI,4824.0,,,no_emsc_pick
ev_KO_TAHT_.emsc_event_20230518_0000072,quakeml:eu.emsc/event/20230518_0000072,KO.TAHT,5172.0,5200.0,28.0,updated
ev_KO_GAZ_.emsc_event_20230307_0000134,quakeml:eu.emsc/event/20230307_0000134,KO.GAZ,4836.0,4900.0,64.0,updated
ev_KO_BNN_.emsc_event_20230330_0000201,quakeml:eu.emsc/event/20230330_0000201,KO.BNN,4859.0,4850.0,-9.0,updated
ev_KO_GAZ_.emsc_event_20230305_0000075,quakeml:eu.emsc/event/20230305_0000075,KO.GAZ,5233.0,5280.0,47.0,updated
ev_KO_BNN_.emsc_event_20230516_0000104,quakeml:eu.emsc/event/20230516_0000104,KO.BNN,5090.0,,,no_emsc_pick
ev_KO_GAZ_.emsc_event_20230306_0000238,quakeml:eu.emsc/event/20230306_0000238,KO.GAZ,5638.0,5720.0,82.0,updated
ev_KO_SARI_.emsc_event_20230305_0000293,quakeml:eu.emsc/event/20230305_0000293,KO.SARI,4834.0,4900.0,66.0,updated
ev_KO_DYBB_.emsc_event_20230228_0000155,quakeml:eu.emsc/event/20230228_0000155,KO.DYBB,5621.0,,,no_emsc_pick
ev_KO_DARE_.emsc_event_20230306_0000080,quakeml:eu.emsc/event/20230306_0000080,KO.DARE,4829.0,4830.0,1.0,updated
ev_KO_SVRC_.emsc_event_20230311_0000293,quakeml:eu.emsc/event/20230311_0000293,KO.SVRC,5944.0,,,no_emsc_pick
ev_KO_TAHT_.emsc_event_20230304_0000125,quakeml:eu.emsc/event/20230304_0000125,KO.TAHT,5770.0,5770.0,0.0,updated
ev_KO_DARE_.emsc_event_20230511_0000240,quakeml:eu.emsc/event/20230511_0000240,KO.DARE,3951.0,4020.0,69.0,updated
ev_KO_DARE_.emsc_event_20230418_0000067,quakeml:eu.emsc/event/20230418_0000067,KO.DARE,5458.0,5520.0,62.0,updated
ev_KO_SVRC_.emsc_event_20230305_0000189,quakeml:eu.emsc/event/20230305_0000189,KO.SVRC,5651.0,5730.0,79.0,updated
ev_KO_KMRS_.emsc_event_20230305_0000211,quakeml:eu.emsc/event/20230305_0000211,KO.KMRS,4323.0,4430.0,107.0,updated
ev_KO_URFA_.emsc_event_20230307_0000215,quakeml:eu.emsc/event/20230307_0000215,KO.URFA,4301.0,4310.0,9.0,updated
ev_KO_SARI_.emsc_event_20230306_0000223,quakeml:eu.emsc/event/20230306_0000223,KO.SARI,4313.0,4350.0,37.0,updated
ev_KO_DARE_.emsc_event_20230305_0000030,quakeml:eu.emsc/event/20230305_0000030,KO.DARE,5285.0,5360.0,75.0,updated
ev_KO_DARE_.emsc_event_20230308_0000058,quakeml:eu.emsc/event/20230308_0000058,KO.DARE,4300.0,4400.0,100.0,updated
ev_KO_KMRS_.emsc_event_20230305_0000205,quakeml:eu.emsc/event/20230305_0000205,KO.KMRS,3831.0,3810.0,-21.0,updated
ev_KO_SARI_.emsc_event_20230308_0000006,quakeml:eu.emsc/event/20230308_0000006,KO.SARI,4039.0,4180.0,141.0,updated
ev_KO_DARE_.emsc_event_20230710_0000184,quakeml:eu.emsc/event/20230710_0000184,KO.DARE,4781.0,4820.0,39.0,updated
ev_KO_KMRS_.emsc_event_20230308_0000251,quakeml:eu.emsc/event/20230308_0000251,KO.KMRS,4171.0,4210.0,39.0,updated
ev_KO_DARE_.emsc_event_20230304_0000300,quakeml:eu.emsc/event/20230304_0000300,KO.DARE,4700.0,4690.0,-10.0,updated
ev_KO_KOZT_.emsc_event_20230308_0000180,quakeml:eu.emsc/event/20230308_0000180,KO.KOZT,5867.0,5950.0,83.0,updated
ev_KO_CEYT_.emsc_event_20230508_0000231,quakeml:eu.emsc/event/20230508_0000231,KO.CEYT,4924.0,,,no_emsc_pick
ev_KO_DARE_.emsc_event_20230308_0000070,quakeml:eu.emsc/event/20230308_0000070,KO.DARE,5347.0,,,no_emsc_pick
ev_KO_URFA_.emsc_event_20230306_0000125,quakeml:eu.emsc/event/20230306_0000125,KO.URFA,4624.0,4680.0,56.0,updated
ev_KO_SARI_.emsc_event_20230210_0000274,quakeml:eu.emsc/event/20230210_0000274,KO.SARI,3965.0,4030.0,65.0,updated
ev_KO_URFA_.emsc_event_20230304_0000070,quakeml:eu.emsc/event/20230304_0000070,KO.URFA,5658.0,5680.0,22.0,updated
ev_KO_TAHT_.emsc_event_20230308_0000094,quakeml:eu.emsc/event/20230308_0000094,KO.TAHT,3573.0,3700.0,127.0,updated
ev_KO_SVRC_.emsc_event_20230303_0000262,quakeml:eu.emsc/event/20230303_0000262,KO.SVRC,5569.0,5650.0,81.0,updated
ev_KO_SARI_.emsc_event_20230307_0000107,quakeml:eu.emsc/event/20230307_0000107,KO.SARI,5789.0,,,no_emsc_pick
ev_KO_DARE_.emsc_event_20230306_0000255,quakeml:eu.emsc/event/20230306_0000255,KO.DARE,4061.0,4120.0,59.0,updated
ev_KO_KMRS_.emsc_event_20230305_0000239,quakeml:eu.emsc/event/20230305_0000239,KO.KMRS,3865.0,3920.0,55.0,updated
ev_KO_GAZ_.emsc_event_20230306_0000006,quakeml:eu.emsc/event/20230306_0000006,KO.GAZ,5042.0,5200.0,158.0,updated
ev_KO_GAZ_.emsc_event_20230304_0000147,quakeml:eu.emsc/event/20230304_0000147,KO.GAZ,4868.0,4880.0,12.0,updated
ev_KO_SVRC_.emsc_event_20230308_0000136,quakeml:eu.emsc/event/20230308_0000136,KO.SVRC,3409.0,3430.0,21.0,updated
ev_KO_URFA_.emsc_event_20230510_0000002,quakeml:eu.emsc/event/20230510_0000002,KO.URFA,5581.0,,,no_emsc_pick
ev_KO_BNN_.emsc_event_20230326_0000099,quakeml:eu.emsc/event/20230326_0000099,KO.BNN,5020.0,5000.0,-20.0,updated
ev_KO_GAZ_.emsc_event_20230308_0000237,quakeml:eu.emsc/event/20230308_0000237,KO.GAZ,3361.0,3350.0,-11.0,updated
ev_KO_DARE_.emsc_event_20230328_0000123,quakeml:eu.emsc/event/20230328_0000123,KO.DARE,4279.0,4190.0,-89.0,updated
ev_KO_SVRC_.emsc_event_20230306_0000313,quakeml:eu.emsc/event/20230306_0000313,KO.SVRC,4404.0,4530.0,126.0,updated
ev_KO_DARE_.emsc_event_20230220_0000008,quakeml:eu.emsc/event/20230220_0000008,KO.DARE,4237.0,4080.0,-157.0,updated
ev_KO_KOZT_.emsc_event_20230307_0000056,quakeml:eu.emsc/event/20230307_0000056,KO.KOZT,5833.0,,,no_emsc_pick
ev_KO_DARE_.emsc_event_20230306_0000282,quakeml:eu.emsc/event/20230306_0000282,KO.DARE,5576.0,,,no_emsc_pick
ev_KO_SARI_.emsc_event_20230313_0000037,quakeml:eu.emsc/event/20230313_0000037,KO.SARI,5751.0,,,no_emsc_pick
ev_KO_TAHT_.emsc_event_20230304_0000333,quakeml:eu.emsc/event/20230304_0000333,KO.TAHT,4879.0,4740.0,-139.0,updated
ev_KO_URFA_.emsc_event_20230419_0000219,quakeml:eu.emsc/event/20230419_0000219,KO.URFA,5032.0,4990.0,-42.0,updated
ev_KO_GAZ_.emsc_event_20230307_0000336,quakeml:eu.emsc/event/20230307_0000336,KO.GAZ,4979.0,5010.0,31.0,updated
ev_KO_SVRC_.emsc_event_20230717_0000025,quakeml:eu.emsc/event/20230717_0000025,KO.SVRC,5830.0,,,no_emsc_pick
ev_KO_DARE_.emsc_event_20230607_0000220,quakeml:eu.emsc/event/20230607_0000220,KO.DARE,3439.0,,,no_emsc_pick
ev_KO_TAHT_.emsc_event_20230308_0000057,quakeml:eu.emsc/event/20230308_0000057,KO.TAHT,3627.0,3630.0,3.0,updated
ev_KO_GAZ_.emsc_event_20230307_0000322,quakeml:eu.emsc/event/20230307_0000322,KO.GAZ,5697.0,5770.0,73.0,updated
ev_KO_SVRC_.emsc_event_20230612_0000172,quakeml:eu.emsc/event/20230612_0000172,KO.SVRC,5835.0,5820.0,-15.0,updated
ev_KO_DYBB_.emsc_event_20230622_0000093,quakeml:eu.emsc/event/20230622_0000093,KO.DYBB,5838.0,,,no_emsc_pick
ev_KO_TAHT_.emsc_event_20230304_0000327,quakeml:eu.emsc/event/20230304_0000327,KO.TAHT,5844.0,5890.0,46.0,updated
ev_KO_DARE_.emsc_event_20230306_0000296,quakeml:eu.emsc/event/20230306_0000296,KO.DARE,4704.0,4800.0,96.0,updated
ev_KO_SVRC_.emsc_event_20230305_0000162,quakeml:eu.emsc/event/20230305_0000162,KO.SVRC,5931.0,,,no_emsc_pick
ev_KO_GAZ_.emsc_event_20230308_0000209,quakeml:eu.emsc/event/20230308_0000209,KO.GAZ,5529.0,5670.0,141.0,updated
ev_KO_SVRC_.emsc_event_20230606_0000083,quakeml:eu.emsc/event/20230606_0000083,KO.SVRC,4529.0,4430.0,-99.0,updated
ev_KO_BNN_.emsc_event_20230515_0000149,quakeml:eu.emsc/event/20230515_0000149,KO.BNN,5929.0,,,no_emsc_pick
ev_KO_SARI_.emsc_event_20230415_0000251,quakeml:eu.emsc/event/20230415_0000251,KO.SARI,4643.0,4690.0,47.0,updated
ev_KO_BNN_.emsc_event_20230307_0000213,quakeml:eu.emsc/event/20230307_0000213,KO.BNN,3957.0,3750.0,-207.0,updated
ev_KO_DARE_.emsc_event_20230306_0000280,quakeml:eu.emsc/event/20230306_0000280,KO.DARE,5079.0,5050.0,-29.0,updated
ev_KO_KOZT_.emsc_event_20230307_0000068,quakeml:eu.emsc/event/20230307_0000068,KO.KOZT,5612.0,5710.0,98.0,updated
ev_KO_DARE_.emsc_event_20230306_0000294,quakeml:eu.emsc/event/20230306_0000294,KO.DARE,4061.0,3940.0,-121.0,updated
ev_KO_CEYT_.emsc_event_20230505_0000298,quakeml:eu.emsc/event/20230505_0000298,KO.CEYT,4753.0,4810.0,57.0,updated
ev_KO_KMRS_.emsc_event_20230308_0000284,quakeml:eu.emsc/event/20230308_0000284,KO.KMRS,5492.0,5540.0,48.0,updated
ev_KO_DARE_.emsc_event_20230725_0000202,quakeml:eu.emsc/event/20230725_0000202,KO.DARE,5863.0,5940.0,77.0,updated
ev_KO_GAZ_.emsc_event_20230305_0000261,quakeml:eu.emsc/event/20230305_0000261,KO.GAZ,4447.0,4570.0,123.0,updated
ev_KO_CEYT_.emsc_event_20230711_0000162,quakeml:eu.emsc/event/20230711_0000162,KO.CEYT,5578.0,,,no_emsc_pick
ev_KO_GAZ_.emsc_event_20230308_0000235,quakeml:eu.emsc/event/20230308_0000235,KO.GAZ,5658.0,5830.0,172.0,updated
ev_KO_MERS_.emsc_event_20230505_0000298,quakeml:eu.emsc/event/20230505_0000298,KO.MERS,5529.0,5580.0,51.0,updated
ev_KO_SARI_.emsc_event_20230312_0000305,quakeml:eu.emsc/event/20230312_0000305,KO.SARI,3809.0,,,no_emsc_pick
ev_KO_CEYT_.emsc_event_20230702_0000062,quakeml:eu.emsc/event/20230702_0000062,KO.CEYT,4130.0,,,no_emsc_pick
ev_KO_GAZ_.emsc_event_20230307_0000308,quakeml:eu.emsc/event/20230307_0000308,KO.GAZ,4902.0,4950.0,48.0,updated
ev_KO_CEYT_.emsc_event_20230503_0000173,quakeml:eu.emsc/event/20230503_0000173,KO.CEYT,5385.0,,,no_emsc_pick
ev_KO_GULA_.emsc_event_20230512_0000228,quakeml:eu.emsc/event/20230512_0000228,KO.GULA,5940.0,5970.0,30.0,updated
ev_KO_SVRC_.emsc_event_20230314_0000121,quakeml:eu.emsc/event/20230314_0000121,KO.SVRC,4512.0,4620.0,108.0,updated
ev_KO_SVRC_.emsc_event_20230305_0000148,quakeml:eu.emsc/event/20230305_0000148,KO.SVRC,5591.0,5670.0,79.0,updated
ev_KO_CEYT_.emsc_event_20230306_0000183,quakeml:eu.emsc/event/20230306_0000183,KO.CEYT,5329.0,5380.0,51.0,updated
ev_KO_SVRC_.emsc_event_20230307_0000009,quakeml:eu.emsc/event/20230307_0000009,KO.SVRC,5916.0,,,no_emsc_pick
ev_KO_GAZ_.emsc_event_20230306_0000004,quakeml:eu.emsc/event/20230306_0000004,KO.GAZ,5504.0,5560.0,56.0,updated
ev_KO_KOZT_.emsc_event_20230305_0000115,quakeml:eu.emsc/event/20230305_0000115,KO.KOZT,4397.0,4410.0,13.0,updated
ev_KO_KOZT_.emsc_event_20230304_0000219,quakeml:eu.emsc/event/20230304_0000219,KO.KOZT,4359.0,,,no_emsc_pick
ev_KO_URFA_.emsc_event_20230329_0000149,quakeml:eu.emsc/event/20230329_0000149,KO.URFA,5623.0,5670.0,47.0,updated
ev_KO_URFA_.emsc_event_20230301_0000103,quakeml:eu.emsc/event/20230301_0000103,KO.URFA,5184.0,5240.0,56.0,updated
ev_KO_SVRC_.emsc_event_20230304_0000250,quakeml:eu.emsc/event/20230304_0000250,KO.SVRC,5882.0,5960.0,78.0,updated
ev_KO_URFA_.emsc_event_20230306_0000127,quakeml:eu.emsc/event/20230306_0000127,KO.URFA,4517.0,4590.0,73.0,updated
ev_KO_CEYT_.emsc_event_20230307_0000270,quakeml:eu.emsc/event/20230307_0000270,KO.CEYT,3489.0,3610.0,121.0,updated
ev_KO_TAHT_.emsc_event_20230308_0000082,quakeml:eu.emsc/event/20230308_0000082,KO.TAHT,5257.0,,,no_emsc_pick
ev_KO_SARI_.emsc_event_20230307_0000111,quakeml:eu.emsc/event/20230307_0000111,KO.SARI,4342.0,,,no_emsc_pick
ev_KO_MERS_.emsc_event_20230305_0000319,quakeml:eu.emsc/event/20230305_0000319,KO.MERS,5638.0,5660.0,22.0,updated
ev_KO_DARE_.emsc_event_20230304_0000302,quakeml:eu.emsc/event/20230304_0000302,KO.DARE,4330.0,,,no_emsc_pick
ev_KO_SARI_.emsc_event_20230305_0000050,quakeml:eu.emsc/event/20230305_0000050,KO.SARI,5301.0,5360.0,59.0,updated
ev_KO_MERS_.emsc_event_20230307_0000258,quakeml:eu.emsc/event/20230307_0000258,KO.MERS,5634.0,5690.0,56.0,updated
ev_KO_SARI_.emsc_event_20230308_0000038,quakeml:eu.emsc/event/20230308_0000038,KO.SARI,3595.0,3650.0,55.0,updated
ev_KO_SARI_.emsc_event_20230307_0000105,quakeml:eu.emsc/event/20230307_0000105,KO.SARI,4183.0,4230.0,47.0,updated
ev_KO_DARE_.emsc_event_20230306_0000257,quakeml:eu.emsc/event/20230306_0000257,KO.DARE,4020.0,4070.0,50.0,updated
ev_KO_KMRS_.emsc_event_20230304_0000137,quakeml:eu.emsc/event/20230304_0000137,KO.KMRS,3423.0,3420.0,-3.0,updated
ev_KO_CEYT_.emsc_event_20230307_0000264,quakeml:eu.emsc/event/20230307_0000264,KO.CEYT,4617.0,4740.0,123.0,updated
ev_KO_MERS_.emsc_event_20230306_0000140,quakeml:eu.emsc/event/20230306_0000140,KO.MERS,5679.0,,,no_emsc_pick
ev_KO_DARE_.emsc_event_20230308_0000066,quakeml:eu.emsc/event/20230308_0000066,KO.DARE,4149.0,4260.0,111.0,updated
ev_KO_KMRS_.emsc_event_20230306_0000076,quakeml:eu.emsc/event/20230306_0000076,KO.KMRS,4141.0,4290.0,149.0,updated
ev_KO_URFA_.emsc_event_20230304_0000072,quakeml:eu.emsc/event/20230304_0000072,KO.URFA,4782.0,4840.0,58.0,updated
ev_KO_DARE_.emsc_event_20230305_0000032,quakeml:eu.emsc/event/20230305_0000032,KO.DARE,4443.0,4520.0,77.0,updated
ev_KO_SARI_.emsc_event_20230306_0000221,quakeml:eu.emsc/event/20230306_0000221,KO.SARI,3556.0,3680.0,124.0,updated
ev_KO_CEYT_.emsc_event_20230306_0000140,quakeml:eu.emsc/event/20230306_0000140,KO.CEYT,4516.0,,,no_emsc_pick
ev_KO_MERS_.emsc_event_20230307_0000264,quakeml:eu.emsc/event/20230307_0000264,KO.MERS,5954.0,,,no_emsc_pick
ev_KO_KOZT_.emsc_event_20230307_0000083,quakeml:eu.emsc/event/20230307_0000083,KO.KOZT,4839.0,4870.0,31.0,updated
ev_KO_CEYT_.emsc_event_20230323_0000176,quakeml:eu.emsc/event/20230323_0000176,KO.CEYT,5138.0,5170.0,32.0,updated
ev_KO_URFA_.emsc_event_20230705_0000035,quakeml:eu.emsc/event/20230705_0000035,KO.URFA,5382.0,5450.0,68.0,updated
ev_KO_KMRS_.emsc_event_20230307_0000346,quakeml:eu.emsc/event/20230307_0000346,KO.KMRS,4224.0,,,no_emsc_pick
ev_KO_GULA_.emsc_event_20230304_0000327,quakeml:eu.emsc/event/20230304_0000327,KO.GULA,5898.0,5990.0,92.0,updated
ev_KO_SARI_.emsc_event_20230308_0000004,quakeml:eu.emsc/event/20230308_0000004,KO.SARI,4121.0,4170.0,49.0,updated
ev_KO_DARE_.emsc_event_20230212_0000355,quakeml:eu.emsc/event/20230212_0000355,KO.DARE,3950.0,3940.0,-10.0,updated
ev_KO_CEYT_.emsc_event_20230305_0000319,quakeml:eu.emsc/event/20230305_0000319,KO.CEYT,4789.0,4770.0,-19.0,updated
ev_KO_SARI_.emsc_event_20230306_0000235,quakeml:eu.emsc/event/20230306_0000235,KO.SARI,4595.0,,,no_emsc_pick
ev_KO_CEYT_.emsc_event_20230307_0000258,quakeml:eu.emsc/event/20230307_0000258,KO.CEYT,4731.0,4810.0,79.0,updated
ev_KO_DARE_.emsc_event_20230306_0000082,quakeml:eu.emsc/event/20230306_0000082,KO.DARE,3433.0,3490.0,57.0,updated
ev_KO_CEYT_.emsc_event_20230621_0000170,quakeml:eu.emsc/event/20230621_0000170,KO.CEYT,5553.0,5540.0,-13.0,updated
ev_KO_TAHT_.emsc_event_20230304_0000133,quakeml:eu.emsc/event/20230304_0000133,KO.TAHT,5441.0,5410.0,-31.0,updated
ev_KO_KMRS_.emsc_event_20230308_0000092,quakeml:eu.emsc/event/20230308_0000092,KO.KMRS,4244.0,4300.0,56.0,updated
ev_KO_DARE_.emsc_event_20230423_0000113,quakeml:eu.emsc/event/20230423_0000113,KO.DARE,3599.0,3730.0,131.0,updated
ev_KO_BNN_.emsc_event_20230330_0000203,quakeml:eu.emsc/event/20230330_0000203,KO.BNN,4889.0,4920.0,31.0,updated
ev_KO_GAZ_.emsc_event_20230307_0000136,quakeml:eu.emsc/event/20230307_0000136,KO.GAZ,4852.0,4880.0,28.0,updated
ev_KO_BNN_.emsc_event_20230304_0000248,quakeml:eu.emsc/event/20230304_0000248,KO.BNN,4927.0,4920.0,-7.0,updated
ev_KO_KOZT_.emsc_event_20230304_0000027,quakeml:eu.emsc/event/20230304_0000027,KO.KOZT,5852.0,5950.0,98.0,updated
ev_KO_BNN_.emsc_event_20230428_0000127,quakeml:eu.emsc/event/20230428_0000127,KO.BNN,5112.0,5220.0,108.0,updated
ev_KO_TAHT_.emsc_event_20230304_0000127,quakeml:eu.emsc/event/20230304_0000127,KO.TAHT,3804.0,3840.0,36.0,updated
ev_KO_BNN_.emsc_event_20230308_0000138,quakeml:eu.emsc/event/20230308_0000138,KO.BNN,5624.0,,,no_emsc_pick
ev_KO_KMRS_.emsc_event_20230308_0000086,quakeml:eu.emsc/event/20230308_0000086,KO.KMRS,3250.0,3240.0,-10.0,updated
ev_KO_TAHT_.emsc_event_20230306_0000066,quakeml:eu.emsc/event/20230306_0000066,KO.TAHT,5816.0,5820.0,4.0,updated
ev_KO_DARE_.emsc_event_20230306_0000096,quakeml:eu.emsc/event/20230306_0000096,KO.DARE,5145.0,5210.0,65.0,updated
ev_KO_BNN_.emsc_event_20230307_0000005,quakeml:eu.emsc/event/20230307_0000005,KO.BNN,5243.0,5240.0,-3.0,updated
ev_KO_SVRC_.emsc_event_20230403_0000106,quakeml:eu.emsc/event/20230403_0000106,KO.SVRC,5335.0,5090.0,-245.0,updated
ev_KO_CEYT_.emsc_event_20230609_0000106,quakeml:eu.emsc/event/20230609_0000106,KO.CEYT,5633.0,,,no_emsc_pick
ev_KO_URFA_.emsc_event_20230305_0000197,quakeml:eu.emsc/event/20230305_0000197,KO.URFA,4570.0,4700.0,130.0,updated
ev_KO_URFA_.emsc_event_20230420_0000006,quakeml:eu.emsc/event/20230420_0000006,KO.URFA,5516.0,5560.0,44.0,updated
ev_KO_SARI_.emsc_event_20230226_0000181,quakeml:eu.emsc/event/20230226_0000181,KO.SARI,3781.0,3730.0,-51.0,updated
ev_KO_GAZ_.emsc_event_20230308_0000037,quakeml:eu.emsc/event/20230308_0000037,KO.GAZ,5051.0,5130.0,79.0,updated
ev_KO_GAZ_.emsc_event_20230308_0000023,quakeml:eu.emsc/event/20230308_0000023,KO.GAZ,5470.0,5560.0,90.0,updated
ev_KO_DARE_.emsc_event_20230311_0000300,quakeml:eu.emsc/event/20230311_0000300,KO.DARE,4028.0,4070.0,42.0,updated
ev_KO_KOZT_.emsc_event_20230307_0000256,quakeml:eu.emsc/event/20230307_0000256,KO.KOZT,5456.0,5310.0,-146.0,updated
ev_KO_CEYT_.emsc_event_20230502_0000069,quakeml:eu.emsc/event/20230502_0000069,KO.CEYT,5939.0,,,no_emsc_pick
ev_KO_URFA_.emsc_event_20230307_0000029,quakeml:eu.emsc/event/20230307_0000029,KO.URFA,5318.0,5350.0,32.0,updated
ev_KO_DARE_.emsc_event_20230306_0000041,quakeml:eu.emsc/event/20230306_0000041,KO.DARE,4035.0,4000.0,-35.0,updated
ev_KO_CEYT_.emsc_event_20230305_0000133,quakeml:eu.emsc/event/20230305_0000133,KO.CEYT,5922.0,,,no_emsc_pick
ev_KO_URFA_.emsc_event_20230304_0000270,quakeml:eu.emsc/event/20230304_0000270,KO.URFA,5066.0,5120.0,54.0,updated
ev_KO_KMRS_.emsc_event_20230306_0000274,quakeml:eu.emsc/event/20230306_0000274,KO.KMRS,4481.0,4620.0,139.0,updated
ev_KO_DARE_.emsc_event_20230517_0000142,quakeml:eu.emsc/event/20230517_0000142,KO.DARE,4430.0,,,no_emsc_pick
ev_KO_SARI_.emsc_event_20230707_0000064,quakeml:eu.emsc/event/20230707_0000064,KO.SARI,4961.0,5080.0,119.0,updated
ev_KO_KMRS_.emsc_event_20230308_0000045,quakeml:eu.emsc/event/20230308_0000045,KO.KMRS,3216.0,3250.0,34.0,updated
ev_KO_DARE_.emsc_event_20230304_0000114,quakeml:eu.emsc/event/20230304_0000114,KO.DARE,5314.0,5380.0,66.0,updated
ev_KO_CEYT_.emsc_event_20230507_0000130,quakeml:eu.emsc/event/20230507_0000130,KO.CEYT,5047.0,5190.0,143.0,updated
ev_KO_SARI_.emsc_event_20230306_0000023,quakeml:eu.emsc/event/20230306_0000023,KO.SARI,4133.0,4170.0,37.0,updated
ev_KO_GAZ_.emsc_event_20230305_0000088,quakeml:eu.emsc/event/20230305_0000088,KO.GAZ,5613.0,5680.0,67.0,updated
ev_KO_DARE_.emsc_event_20230305_0000230,quakeml:eu.emsc/event/20230305_0000230,KO.DARE,4826.0,4890.0,64.0,updated
ev_KO_SARI_.emsc_event_20230304_0000176,quakeml:eu.emsc/event/20230304_0000176,KO.SARI,3992.0,4030.0,38.0,updated
ev_KO_DARE_.emsc_event_20230308_0000258,quakeml:eu.emsc/event/20230308_0000258,KO.DARE,5450.0,5400.0,-50.0,updated
ev_KO_KMRS_.emsc_event_20230304_0000309,quakeml:eu.emsc/event/20230304_0000309,KO.KMRS,4195.0,4230.0,35.0,updated
ev_KO_SARI_.emsc_event_20230306_0000037,quakeml:eu.emsc/event/20230306_0000037,KO.SARI,5970.0,,,no_emsc_pick
ev_KO_KMRS_.emsc_event_20230306_0000248,quakeml:eu.emsc/event/20230306_0000248,KO.KMRS,4230.0,4300.0,70.0,updated
ev_KO_CEYT_.emsc_event_20230304_0000217,quakeml:eu.emsc/event/20230304_0000217,KO.CEYT,5317.0,5360.0,43.0,updated
ev_KO_DARE_.emsc_event_20230306_0000069,quakeml:eu.emsc/event/20230306_0000069,KO.DARE,4423.0,4510.0,87.0,updated
ev_KO_TAHT_.emsc_event_20230508_0000249,quakeml:eu.emsc/event/20230508_0000249,KO.TAHT,5640.0,5690.0,50.0,updated
ev_KO_KOZT_.emsc_event_20230308_0000237,quakeml:eu.emsc/event/20230308_0000237,KO.KOZT,4962.0,4990.0,28.0,updated
ev_KO_TAHT_.emsc_event_20230304_0000047,quakeml:eu.emsc/event/20230304_0000047,KO.TAHT,5754.0,,,no_emsc_pick
ev_KO_KOZT_.emsc_event_20230306_0000006,quakeml:eu.emsc/event/20230306_0000006,KO.KOZT,4016.0,4160.0,144.0,updated
ev_KO_CEYT_.emsc_event_20230305_0000084,quakeml:eu.emsc/event/20230305_0000084,KO.CEYT,5289.0,,,no_emsc_pick
ev_KO_KOZT_.emsc_event_20230304_0000147,quakeml:eu.emsc/event/20230304_0000147,KO.KOZT,5815.0,5810.0,-5.0,updated
ev_KO_CEYT_.emsc_event_20230415_0000246,quakeml:eu.emsc/event/20230415_0000246,KO.CEYT,5433.0,5490.0,57.0,updated
ev_KO_GULA_.emsc_event_20230313_0000310,quakeml:eu.emsc/event/20230313_0000310,KO.GULA,4850.0,4870.0,20.0,updated
ev_KO_KMRS_.emsc_event_20230304_0000296,quakeml:eu.emsc/event/20230304_0000296,KO.KMRS,3584.0,,,no_emsc_pick
ev_KO_GAZ_.emsc_event_20230307_0000056,quakeml:eu.emsc/event/20230307_0000056,KO.GAZ,5458.0,,,no_emsc_pick
ev_KO_BNN_.emsc_event_20230305_0000030,quakeml:eu.emsc/event/20230305_0000030,KO.BNN,5994.0,,,no_emsc_pick
ev_KO_SVRC_.emsc_event_20230716_0000075,quakeml:eu.emsc/event/20230716_0000075,KO.SVRC,5338.0,5285.0,-53.0,updated
ev_KO_CEYT_.emsc_event_20230312_0000312,quakeml:eu.emsc/event/20230312_0000312,KO.CEYT,5146.0,5160.0,14.0,updated
ev_KO_URFA_.emsc_event_20230430_0000217,quakeml:eu.emsc/event/20230430_0000217,KO.URFA,3952.0,3930.0,-22.0,updated
ev_KO_KOZT_.emsc_event_20230307_0000336,quakeml:eu.emsc/event/20230307_0000336,KO.KOZT,4178.0,4180.0,2.0,updated
ev_KO_SVRC_.emsc_event_20230306_0000073,quakeml:eu.emsc/event/20230306_0000073,KO.SVRC,3311.0,3310.0,-1.0,updated
ev_KO_TAHT_.emsc_event_20230517_0000039,quakeml:eu.emsc/event/20230517_0000039,KO.TAHT,5644.0,,,no_emsc_pick
ev_KO_BNN_.emsc_event_20230710_0000184,quakeml:eu.emsc/event/20230710_0000184,KO.BNN,4347.0,4340.0,-7.0,updated
ev_KO_DARE_.emsc_event_20230311_0000274,quakeml:eu.emsc/event/20230311_0000274,KO.DARE,4430.0,4440.0,10.0,updated
ev_KO_BNN_.emsc_event_20230304_0000300,quakeml:eu.emsc/event/20230304_0000300,KO.BNN,5005.0,4980.0,-25.0,updated
ev_KO_GULA_.emsc_event_20230310_0000175,quakeml:eu.emsc/event/20230310_0000175,KO.GULA,5875.0,,,no_emsc_pick
ev_KO_BNN_.emsc_event_20230308_0000070,quakeml:eu.emsc/event/20230308_0000070,KO.BNN,5205.0,,,no_emsc_pick
ev_KO_SARI_.emsc_event_20230711_0000149,quakeml:eu.emsc/event/20230711_0000149,KO.SARI,3985.0,4040.0,55.0,updated
ev_KO_URFA_.emsc_event_20230328_0000133,quakeml:eu.emsc/event/20230328_0000133,KO.URFA,4596.0,4650.0,54.0,updated
ev_KO_KOZT_.emsc_event_20230305_0000288,quakeml:eu.emsc/event/20230305_0000288,KO.KOZT,5458.0,5240.0,-218.0,updated
ev_KO_KMRS_.emsc_event_20230308_0000125,quakeml:eu.emsc/event/20230308_0000125,KO.KMRS,5343.0,5450.0,107.0,updated
ev_KO_URFA_.emsc_event_20230306_0000251,quakeml:eu.emsc/event/20230306_0000251,KO.URFA,4858.0,4880.0,22.0,updated
ev_KO_URFA_.emsc_event_20230304_0000310,quakeml:eu.emsc/event/20230304_0000310,KO.URFA,4346.0,4370.0,24.0,updated
ev_KO_CEYT_.emsc_event_20230305_0000047,quakeml:eu.emsc/event/20230305_0000047,KO.CEYT,4275.0,4350.0,75.0,updated
ev_KO_DARE_.emsc_event_20230530_0000155,quakeml:eu.emsc/event/20230530_0000155,KO.DARE,5280.0,,,no_emsc_pick
ev_KO_GAZ_.emsc_event_20230307_0000095,quakeml:eu.emsc/event/20230307_0000095,KO.GAZ,5581.0,5680.0,99.0,updated
ev_KO_URFA_.emsc_event_20230308_0000074,quakeml:eu.emsc/event/20230308_0000074,KO.URFA,5637.0,,,no_emsc_pick
ev_KO_DYBB_.emsc_event_20230225_0000088,quakeml:eu.emsc/event/20230225_0000088,KO.DYBB,4541.0,,,no_emsc_pick
ev_KO_DARE_.emsc_event_20230326_0000099,quakeml:eu.emsc/event/20230326_0000099,KO.DARE,5304.0,5200.0,-104.0,updated
ev_KO_KMRS_.emsc_event_20230308_0000131,quakeml:eu.emsc/event/20230308_0000131,KO.KMRS,3303.0,3280.0,-23.0,updated
ev_KO_URFA_.emsc_event_20230307_0000161,quakeml:eu.emsc/event/20230307_0000161,KO.URFA,5839.0,5830.0,-9.0,updated
ev_KO_KMRS_.emsc_event_20230305_0000165,quakeml:eu.emsc/event/20230305_0000165,KO.KMRS,5024.0,5080.0,56.0,updated
ev_KO_BNN_.emsc_event_20230607_0000220,quakeml:eu.emsc/event/20230607_0000220,KO.BNN,5640.0,,,no_emsc_pick
ev_KO_SARI_.emsc_event_20230613_0000006,quakeml:eu.emsc/event/20230613_0000006,KO.SARI,4720.0,,,no_emsc_pick
ev_KO_KMRS_.emsc_event_20230306_0000328,quakeml:eu.emsc/event/20230306_0000328,KO.KMRS,5650.0,5700.0,50.0,updated
ev_KO_BNN_.emsc_event_20230306_0000296,quakeml:eu.emsc/event/20230306_0000296,KO.BNN,4810.0,4860.0,50.0,updated
ev_KO_DARE_.emsc_event_20230409_0000193,quakeml:eu.emsc/event/20230409_0000193,KO.DARE,3777.0,3890.0,113.0,updated
ev_KO_GAZ_.emsc_event_20230308_0000180,quakeml:eu.emsc/event/20230308_0000180,KO.GAZ,4892.0,4930.0,38.0,updated
ev_KO_SARI_.emsc_event_20230306_0000157,quakeml:eu.emsc/event/20230306_0000157,KO.SARI,3737.0,3770.0,33.0,updated
ev_KO_DARE_.emsc_event_20230801_0000226,quakeml:eu.emsc/event/20230801_0000226,KO.DARE,3218.0,3270.0,52.0,updated
ev_KO_MERS_.emsc_event_20230322_0000130,quakeml:eu.emsc/event/20230322_0000130,KO.MERS,5699.0,5770.0,71.0,updated
ev_KO_MERS_.emsc_event_20230305_0000047,quakeml:eu.emsc/event/20230305_0000047,KO.MERS,5721.0,5800.0,79.0,updated
ev_KO_TAHT_.emsc_event_20230308_0000135,quakeml:eu.emsc/event/20230308_0000135,KO.TAHT,5517.0,5560.0,43.0,updated
ev_KO_GAZ_.emsc_event_20230307_0000240,quakeml:eu.emsc/event/20230307_0000240,KO.GAZ,5717.0,5770.0,53.0,updated
ev_KO_DARE_.emsc_event_20230302_0000176,quakeml:eu.emsc/event/20230302_0000176,KO.DARE,4892.0,4880.0,-12.0,updated
ev_KO_KOZT_.emsc_event_20230306_0000204,quakeml:eu.emsc/event/20230306_0000204,KO.KOZT,5382.0,5430.0,48.0,updated
ev_KO_DARE_.emsc_event_20230617_0000027,quakeml:eu.emsc/event/20230617_0000027,KO.DARE,3636.0,3710.0,74.0,updated
ev_KO_MERS_.emsc_event_20230702_0000102,quakeml:eu.emsc/event/20230702_0000102,KO.MERS,5721.0,5544.0,-177.0,updated
ev_KO_SVRC_.emsc_event_20230307_0000141,quakeml:eu.emsc/event/20230307_0000141,KO.SVRC,5676.0,5680.0,4.0,updated
ev_KO_BNN_.emsc_event_20230305_0000226,quakeml:eu.emsc/event/20230305_0000226,KO.BNN,4843.0,4750.0,-93.0,updated
ev_KO_MERS_.emsc_event_20230220_0000241,quakeml:eu.emsc/event/20230220_0000241,KO.MERS,5671.0,5510.0,-161.0,updated
ev_KO_KOZT_.emsc_event_20230307_0000108,quakeml:eu.emsc/event/20230307_0000108,KO.KOZT,5918.0,,,no_emsc_pick
ev_KO_TAHT_.emsc_event_20230304_0000251,quakeml:eu.emsc/event/20230304_0000251,KO.TAHT,4706.0,4730.0,24.0,updated
ev_KO_BNN_.emsc_event_20230321_0000108,quakeml:eu.emsc/event/20230321_0000108,KO.BNN,5189.0,5330.0,141.0,updated
ev_KO_KOZT_.emsc_event_20230306_0000210,quakeml:eu.emsc/event/20230306_0000210,KO.KOZT,4707.0,4770.0,63.0,updated
ev_KO_URFA_.emsc_event_20230306_0000084,quakeml:eu.emsc/event/20230306_0000084,KO.URFA,5416.0,5450.0,34.0,updated
ev_KO_GAZ_.emsc_event_20230307_0000254,quakeml:eu.emsc/event/20230307_0000254,KO.GAZ,5359.0,5320.0,-39.0,updated
ev_KO_TAHT_.emsc_event_20230307_0000034,quakeml:eu.emsc/event/20230307_0000034,KO.TAHT,5458.0,5510.0,52.0,updated
ev_KO_DYBB_.emsc_event_20230508_0000202,quakeml:eu.emsc/event/20230508_0000202,KO.DYBB,4325.0,,,no_emsc_pick
ev_KO_CEYT_.emsc_event_20230530_0000097,quakeml:eu.emsc/event/20230530_0000097,KO.CEYT,4926.0,4880.0,-46.0,updated
ev_KO_DARE_.emsc_event_20230305_0000185,quakeml:eu.emsc/event/20230305_0000185,KO.DARE,4234.0,,,no_emsc_pick
ev_KO_TAHT_.emsc_event_20230319_0000160,quakeml:eu.emsc/event/20230319_0000160,KO.TAHT,3808.0,3820.0,12.0,updated
ev_KO_KOZT_.emsc_event_20230307_0000134,quakeml:eu.emsc/event/20230307_0000134,KO.KOZT,4051.0,4070.0,19.0,updated
ev_KO_DARE_.emsc_event_20230420_0000014,quakeml:eu.emsc/event/20230420_0000014,KO.DARE,4846.0,4820.0,-26.0,updated
ev_KO_KOZT_.emsc_event_20230305_0000075,quakeml:eu.emsc/event/20230305_0000075,KO.KOZT,3626.0,3710.0,84.0,updated
ev_KO_DARE_.emsc_event_20230305_0000191,quakeml:eu.emsc/event/20230305_0000191,KO.DARE,3734.0,3670.0,-64.0,updated
ev_KO_CEYT_.emsc_event_20230702_0000102,quakeml:eu.emsc/event/20230702_0000102,KO.CEYT,4633.0,4434.0,-199.0,updated
ev_KO_SVRC_.emsc_event_20230522_0000021,quakeml:eu.emsc/event/20230522_0000021,KO.SVRC,5170.0,,,no_emsc_pick
ev_KO_CEYT_.emsc_event_20230220_0000241,quakeml:eu.emsc/event/20230220_0000241,KO.CEYT,4580.0,4510.0,-70.0,updated
ev_KO_TAHT_.emsc_event_20230307_0000020,quakeml:eu.emsc/event/20230307_0000020,KO.TAHT,3719.0,3780.0,61.0,updated
ev_KO_CEYT_.emsc_event_20230305_0000245,quakeml:eu.emsc/event/20230305_0000245,KO.CEYT,3911.0,3940.0,29.0,updated
ev_KO_SARI_.emsc_event_20230610_0000075,quakeml:eu.emsc/event/20230610_0000075,KO.SARI,4718.0,,,no_emsc_pick
ev_KO_URFA_.emsc_event_20230304_0000112,quakeml:eu.emsc/event/20230304_0000112,KO.URFA,5540.0,5550.0,10.0,updated
ev_KO_KMRS_.emsc_event_20230304_0000057,quakeml:eu.emsc/event/20230304_0000057,KO.KMRS,3871.0,3910.0,39.0,updated
ev_KO_BNN_.emsc_event_20230423_0000139,quakeml:eu.emsc/event/20230423_0000139,KO.BNN,5780.0,5850.0,70.0,updated
ev_KO_TAHT_.emsc_event_20230304_0000292,quakeml:eu.emsc/event/20230304_0000292,KO.TAHT,5360.0,5460.0,100.0,updated
ev_KO_SVRC_.emsc_event_20230216_0000126,quakeml:eu.emsc/event/20230216_0000126,KO.SVRC,5639.0,5630.0,-9.0,updated
ev_KO_BNN_.emsc_event_20230630_0000218,quakeml:eu.emsc/event/20230630_0000218,KO.BNN,5834.0,5900.0,66.0,updated
ev_KO_KMRS_.emsc_event_20230304_0000043,quakeml:eu.emsc/event/20230304_0000043,KO.KMRS,4218.0,4280.0,62.0,updated
ev_KO_CEYT_.emsc_event_20230305_0000251,quakeml:eu.emsc/event/20230305_0000251,KO.CEYT,3775.0,3690.0,-85.0,updated
ev_KO_CEYT_.emsc_event_20230307_0000338,quakeml:eu.emsc/event/20230307_0000338,KO.CEYT,4947.0,4990.0,43.0,updated
ev_KO_MERS_.emsc_event_20230305_0000251,quakeml:eu.emsc/event/20230305_0000251,KO.MERS,5470.0,5330.0,-140.0,updated
ev_KO_SARI_.emsc_event_20230307_0000059,quakeml:eu.emsc/event/20230307_0000059,KO.SARI,5465.0,,,no_emsc_pick
ev_KO_MERS_.emsc_event_20230305_0000245,quakeml:eu.emsc/event/20230305_0000245,KO.MERS,5458.0,5520.0,62.0,updated
ev_KO_CEYT_.emsc_event_20230304_0000161,quakeml:eu.emsc/event/20230304_0000161,KO.CEYT,5686.0,5770.0,84.0,updated
ev_KO_DARE_.emsc_event_20230330_0000201,quakeml:eu.emsc/event/20230330_0000201,KO.DARE,4701.0,4700.0,-1.0,updated
ev_KO_KMRS_.emsc_event_20230307_0000232,quakeml:eu.emsc/event/20230307_0000232,KO.KMRS,5404.0,5450.0,46.0,updated
ev_KO_CEYT_.emsc_event_20230306_0000020,quakeml:eu.emsc/event/20230306_0000020,KO.CEYT,5763.0,,,no_emsc_pick
ev_KO_TAHT_.emsc_event_20230528_0000119,quakeml:eu.emsc/event/20230528_0000119,KO.TAHT,5738.0,5770.0,32.0,updated
ev_KO_URFA_.emsc_event_20230305_0000237,quakeml:eu.emsc/event/20230305_0000237,KO.URFA,4377.0,4420.0,43.0,updated
ev_KO_DARE_.emsc_event_20230330_0000200,quakeml:eu.emsc/event/20230330_0000200,KO.DARE,4244.0,4250.0,6.0,updated
ev_KO_MERS_.emsc_event_20230308_0000238,quakeml:eu.emsc/event/20230308_0000238,KO.MERS,5475.0,5550.0,75.0,updated
ev_KO_CEYT_.emsc_event_20230304_0000160,quakeml:eu.emsc/event/20230304_0000160,KO.CEYT,5899.0,,,no_emsc_pick
ev_KO_DARE_.emsc_event_20230322_0000024,quakeml:eu.emsc/event/20230322_0000024,KO.DARE,4529.0,,,no_emsc_pick
ev_KO_SARI_.emsc_event_20230624_0000003,quakeml:eu.emsc/event/20230624_0000003,KO.SARI,3875.0,,,no_emsc_pick
ev_KO_CEYT_.emsc_event_20230731_0000150,quakeml:eu.emsc/event/20230731_0000150,KO.CEYT,4251.0,4320.0,69.0,updated
ev_KO_BNN_.emsc_event_20230306_0000081,quakeml:eu.emsc/event/20230306_0000081,KO.BNN,5177.0,5230.0,53.0,updated
ev_KO_CEYT_.emsc_event_20230305_0000278,quakeml:eu.emsc/event/20230305_0000278,KO.CEYT,5077.0,5090.0,13.0,updated
ev_KO_DARE_.emsc_event_20230424_0000254,quakeml:eu.emsc/event/20230424_0000254,KO.DARE,4701.0,,,no_emsc_pick
ev_KO_CEYT_.emsc_event_20230304_0000174,quakeml:eu.emsc/event/20230304_0000174,KO.CEYT,4888.0,4950.0,62.0,updated
ev_KO_SARI_.emsc_event_20230305_0000119,quakeml:eu.emsc/event/20230305_0000119,KO.SARI,5679.0,5690.0,11.0,updated
ev_KO_DARE_.emsc_event_20230428_0000124,quakeml:eu.emsc/event/20230428_0000124,KO.DARE,4023.0,4000.0,-23.0,updated
ev_KO_URFA_.emsc_event_20230213_0000274,quakeml:eu.emsc/event/20230213_0000274,KO.URFA,4975.0,5070.0,95.0,updated
ev_KO_DARE_.emsc_event_20230306_0000322,quakeml:eu.emsc/event/20230306_0000322,KO.DARE,3679.0,3820.0,141.0,updated
ev_KO_SARI_.emsc_event_20230307_0000070,quakeml:eu.emsc/event/20230307_0000070,KO.SARI,5025.0,4970.0,-55.0,updated
ev_KO_SARI_.emsc_event_20230305_0000131,quakeml:eu.emsc/event/20230305_0000131,KO.SARI,3845.0,3810.0,-35.0,updated
ev_KO_DARE_.emsc_event_20230304_0000263,quakeml:eu.emsc/event/20230304_0000263,KO.DARE,3778.0,3830.0,52.0,updated
ev_KO_KMRS_.emsc_event_20230306_0000103,quakeml:eu.emsc/event/20230306_0000103,KO.KMRS,5581.0,5780.0,199.0,updated
ev_KO_MERS_.emsc_event_20230304_0000174,quakeml:eu.emsc/event/20230304_0000174,KO.MERS,5627.0,5710.0,83.0,updated
ev_KO_BNN_.emsc_event_20230326_0000105,quakeml:eu.emsc/event/20230326_0000105,KO.BNN,5479.0,5530.0,51.0,updated
ev_KO_URFA_.emsc_event_20230306_0000046,quakeml:eu.emsc/event/20230306_0000046,KO.URFA,4660.0,4700.0,40.0,updated
ev_KO_DARE_.emsc_event_20230308_0000113,quakeml:eu.emsc/event/20230308_0000113,KO.DARE,5400.0,5370.0,-30.0,updated
ev_KO_URFA_.emsc_event_20230306_0000052,quakeml:eu.emsc/event/20230306_0000052,KO.URFA,4503.0,4470.0,-33.0,updated
ev_KO_CEYT_.emsc_event_20230731_0000178,quakeml:eu.emsc/event/20230731_0000178,KO.CEYT,5974.0,,,no_emsc_pick
ev_KO_DARE_.emsc_event_20230308_0000107,quakeml:eu.emsc/event/20230308_0000107,KO.DARE,5271.0,,,no_emsc_pick
ev_KO_DYBB_.emsc_event_20230224_0000193,quakeml:eu.emsc/event/20230224_0000193,KO.DYBB,5570.0,,,no_emsc_pick
ev_KO_SARI_.emsc_event_20230610_0000074,quakeml:eu.emsc/event/20230610_0000074,KO.SARI,4122.0,,,no_emsc_pick
ev_KO_CEYT_.emsc_event_20230308_0000238,quakeml:eu.emsc/event/20230308_0000238,KO.CEYT,4583.0,,,no_emsc_pick
ev_KO_MERS_.emsc_event_20230731_0000150,quakeml:eu.emsc/event/20230731_0000150,KO.MERS,5748.0,5850.0,102.0,updated
ev_KO_DARE_.emsc_event_20230304_0000277,quakeml:eu.emsc/event/20230304_0000277,KO.DARE,5443.0,5180.0,-263.0,updated
ev_KO_SARI_.emsc_event_20230424_0000236,quakeml:eu.emsc/event/20230424_0000236,KO.SARI,5042.0,4870.0,-172.0,updated
ev_KO_SARI_.emsc_event_20230307_0000064,quakeml:eu.emsc/event/20230307_0000064,KO.SARI,5270.0,,,no_emsc_pick
ev_KO_TAHT_.emsc_event_20230528_0000131,quakeml:eu.emsc/event/20230528_0000131,KO.TAHT,3336.0,3390.0,54.0,updated
ev_KO_URFA_.emsc_event_20230308_0000288,quakeml:eu.emsc/event/20230308_0000288,KO.URFA,5641.0,5660.0,19.0,updated
ev_KO_KOZT_.emsc_event_20230307_0000121,quakeml:eu.emsc/event/20230307_0000121,KO.KOZT,5509.0,5500.0,-9.0,updated
ev_KO_CEYT_.emsc_event_20230226_0000183,quakeml:eu.emsc/event/20230226_0000183,KO.CEYT,5440.0,5440.0,0.0,updated
ev_KO_SVRC_.emsc_event_20230307_0000168,quakeml:eu.emsc/event/20230307_0000168,KO.SVRC,4652.0,4710.0,58.0,updated
ev_KO_KOZT_.emsc_event_20230305_0000060,quakeml:eu.emsc/event/20230305_0000060,KO.KOZT,5908.0,5970.0,62.0,updated
ev_KO_GAZ_.emsc_event_20230307_0000269,quakeml:eu.emsc/event/20230307_0000269,KO.GAZ,3781.0,3860.0,79.0,updated
ev_KO_DARE_.emsc_event_20230305_0000190,quakeml:eu.emsc/event/20230305_0000190,KO.DARE,3776.0,3770.0,-6.0,updated
ev_KO_SVRC_.emsc_event_20230306_0000264,quakeml:eu.emsc/event/20230306_0000264,KO.SVRC,4705.0,4710.0,5.0,updated
ev_KO_BNN_.emsc_event_20230304_0000103,quakeml:eu.emsc/event/20230304_0000103,KO.BNN,4929.0,5020.0,91.0,updated
ev_KO_TAHT_.emsc_event_20230308_0000108,quakeml:eu.emsc/event/20230308_0000108,KO.TAHT,5306.0,5360.0,54.0,updated
ev_KO_URFA_.emsc_event_20230422_0000230,quakeml:eu.emsc/event/20230422_0000230,KO.URFA,5594.0,,,no_emsc_pick
ev_KO_TAHT_.emsc_event_20230307_0000035,quakeml:eu.emsc/event/20230307_0000035,KO.TAHT,3279.0,3290.0,11.0,updated
ev_KO_BNN_.emsc_event_20230306_0000056,quakeml:eu.emsc/event/20230306_0000056,KO.BNN,4518.0,4610.0,92.0,updated
ev_KO_GAZ_.emsc_event_20230306_0000171,quakeml:eu.emsc/event/20230306_0000171,KO.GAZ,3742.0,3770.0,28.0,updated
ev_KO_KOZT_.emsc_event_20230305_0000074,quakeml:eu.emsc/event/20230305_0000074,KO.KOZT,5508.0,5540.0,32.0,updated
ev_KO_SVRC_.emsc_event_20230308_0000041,quakeml:eu.emsc/event/20230308_0000041,KO.SVRC,5945.0,,,no_emsc_pick
ev_KO_KOZT_.emsc_event_20230307_0000135,quakeml:eu.emsc/event/20230307_0000135,KO.KOZT,5361.0,5430.0,69.0,updated
ev_KO_GAZ_.emsc_event_20230304_0000030,quakeml:eu.emsc/event/20230304_0000030,KO.GAZ,3765.0,3840.0,75.0,updated
ev_KO_URFA_.emsc_event_20230716_0000083,quakeml:eu.emsc/event/20230716_0000083,KO.URFA,4597.0,4566.0,-31.0,updated
ev_KO_GAZ_.emsc_event_20230306_0000159,quakeml:eu.emsc/event/20230306_0000159,KO.GAZ,4584.0,4620.0,36.0,updated
ev_KO_BNN_.emsc_event_20230720_0000166,quakeml:eu.emsc/event/20230720_0000166,KO.BNN,5098.0,5130.0,32.0,updated
ev_KO_GAZ_.emsc_event_20230305_0000300,quakeml:eu.emsc/event/20230305_0000300,KO.GAZ,4965.0,4940.0,-25.0,updated
ev_KO_KOZT_.emsc_event_20230306_0000205,quakeml:eu.emsc/event/20230306_0000205,KO.KOZT,5829.0,,,no_emsc_pick
ev_KO_TAHT_.emsc_event_20230308_0000134,quakeml:eu.emsc/event/20230308_0000134,KO.TAHT,3499.0,3520.0,21.0,updated
ev_KO_KOZT_.emsc_event_20230307_0000109,quakeml:eu.emsc/event/20230307_0000109,KO.KOZT,4769.0,4670.0,-99.0,updated
ev_KO_DARE_.emsc_event_20230307_0000210,quakeml:eu.emsc/event/20230307_0000210,KO.DARE,4812.0,4740.0,-72.0,updated
ev_KO_SVRC_.emsc_event_20230218_0000128,quakeml:eu.emsc/event/20230218_0000128,KO.SVRC,5722.0,,,no_emsc_pick
ev_KO_GULA_.emsc_event_20230725_0000187,quakeml:eu.emsc/event/20230725_0000187,KO.GULA,5696.0,5780.0,84.0,updated
ev_KO_URFA_.emsc_event_20230305_0000035,quakeml:eu.emsc/event/20230305_0000035,KO.URFA,5376.0,5300.0,-76.0,updated
ev_KO_CEYT_.emsc_event_20230306_0000223,quakeml:eu.emsc/event/20230306_0000223,KO.CEYT,4559.0,4630.0,71.0,updated
ev_KO_KMRS_.emsc_event_20230305_0000164,quakeml:eu.emsc/event/20230305_0000164,KO.KMRS,3790.0,3850.0,60.0,updated
ev_KO_KMRS_.emsc_event_20230307_0000025,quakeml:eu.emsc/event/20230307_0000025,KO.KMRS,3195.0,3220.0,25.0,updated
ev_KO_URFA_.emsc_event_20230305_0000021,quakeml:eu.emsc/event/20230305_0000021,KO.URFA,4561.0,4610.0,49.0,updated
ev_KO_DARE_.emsc_event_20230306_0000108,quakeml:eu.emsc/event/20230306_0000108,KO.DARE,5101.0,5190.0,89.0,updated
ev_KO_SARI_.emsc_event_20230318_0000002,quakeml:eu.emsc/event/20230318_0000002,KO.SARI,5759.0,5970.0,211.0,updated
ev_KO_SVRC_.emsc_event_20230805_0000108,quakeml:eu.emsc/event/20230805_0000108,KO.SVRC,5370.0,5430.0,60.0,updated
ev_KO_GAZ_.emsc_event_20230308_0000181,quakeml:eu.emsc/event/20230308_0000181,KO.GAZ,4596.0,4580.0,-16.0,updated
ev_KO_CEYT_.emsc_event_20230308_0000006,quakeml:eu.emsc/event/20230308_0000006,KO.CEYT,4840.0,4920.0,80.0,updated
ev_KO_KMRS_.emsc_event_20230306_0000329,quakeml:eu.emsc/event/20230306_0000329,KO.KMRS,4153.0,4240.0,87.0,updated
ev_KO_SARI_.emsc_event_20230508_0000231,quakeml:eu.emsc/event/20230508_0000231,KO.SARI,3960.0,4130.0,170.0,updated
ev_KO_KMRS_.emsc_event_20230304_0000240,quakeml:eu.emsc/event/20230304_0000240,KO.KMRS,3327.0,,,no_emsc_pick
ev_KO_URFA_.emsc_event_20230603_0000070,quakeml:eu.emsc/event/20230603_0000070,KO.URFA,5497.0,5570.0,73.0,updated
ev_KO_DARE_.emsc_event_20230306_0000120,quakeml:eu.emsc/event/20230306_0000120,KO.DARE,4686.0,4760.0,74.0,updated
ev_KO_KOZT_.emsc_event_20230305_0000289,quakeml:eu.emsc/event/20230305_0000289,KO.KOZT,5412.0,5490.0,78.0,updated
ev_KO_KARA_.emsc_event_20230518_0000042,quakeml:eu.emsc/event/20230518_0000042,KO.KARA,5605.0,,,no_emsc_pick
ev_KO_CEYT_.emsc_event_20230225_0000127,quakeml:eu.emsc/event/20230225_0000127,KO.CEYT,5194.0,5200.0,6.0,updated
ev_KO_KMRS_.emsc_event_20230306_0000315,quakeml:eu.emsc/event/20230306_0000315,KO.KMRS,5868.0,,,no_emsc_pick
ev_KO_GAZ_.emsc_event_20230307_0000080,quakeml:eu.emsc/event/20230307_0000080,KO.GAZ,5422.0,,,no_emsc_pick
ev_KO_SARI_.emsc_event_20230508_0000225,quakeml:eu.emsc/event/20230508_0000225,KO.SARI,5778.0,,,no_emsc_pick
ev_KO_MERS_.emsc_event_20230306_0000223,quakeml:eu.emsc/event/20230306_0000223,KO.MERS,5834.0,,,no_emsc_pick
ev_KO_URFA_.emsc_event_20230520_0000155,quakeml:eu.emsc/event/20230520_0000155,KO.URFA,4574.0,4570.0,-4.0,updated
ev_KO_DARE_.emsc_event_20230529_0000024,quakeml:eu.emsc/event/20230529_0000024,KO.DARE,4576.0,4460.0,-116.0,updated
ev_KO_SARI_.emsc_event_20230306_0000181,quakeml:eu.emsc/event/20230306_0000181,KO.SARI,4613.0,,,no_emsc_pick
ev_KO_CEYT_.emsc_event_20230507_0000092,quakeml:eu.emsc/event/20230507_0000092,KO.CEYT,5680.0,5690.0,10.0,updated
ev_KO_KOZT_.emsc_event_20230305_0000262,quakeml:eu.emsc/event/20230305_0000262,KO.KOZT,4103.0,4080.0,-23.0,updated
ev_KO_SVRC_.emsc_event_20230308_0000257,quakeml:eu.emsc/event/20230308_0000257,KO.SVRC,4424.0,4470.0,46.0,updated
ev_KO_GAZ_.emsc_event_20230304_0000232,quakeml:eu.emsc/event/20230304_0000232,KO.GAZ,5324.0,5470.0,146.0,updated
ev_KO_BNN_.emsc_event_20230307_0000158,quakeml:eu.emsc/event/20230307_0000158,KO.BNN,3935.0,3810.0,-125.0,updated
ev_KO_TAHT_.emsc_event_20230307_0000237,quakeml:eu.emsc/event/20230307_0000237,KO.TAHT,5798.0,5850.0,52.0,updated
ev_KO_GAZ_.emsc_event_20230308_0000142,quakeml:eu.emsc/event/20230308_0000142,KO.GAZ,5028.0,5130.0,102.0,updated
ev_KO_TAHT_.emsc_event_20230705_0000015,quakeml:eu.emsc/event/20230705_0000015,KO.TAHT,5794.0,5676.0,-118.0,updated
ev_KO_GAZ_.emsc_event_20230305_0000116,quakeml:eu.emsc/event/20230305_0000116,KO.GAZ,5029.0,5080.0,51.0,updated
ev_KO_KOZT_.emsc_event_20230306_0000013,quakeml:eu.emsc/event/20230306_0000013,KO.KOZT,5221.0,5230.0,9.0,updated
ev_KO_URFA_.emsc_event_20230306_0000287,quakeml:eu.emsc/event/20230306_0000287,KO.URFA,5920.0,5950.0,30.0,updated
ev_KO_GAZ_.emsc_event_20230307_0000057,quakeml:eu.emsc/event/20230307_0000057,KO.GAZ,4687.0,,,no_emsc_pick
ev_KO_TAHT_.emsc_event_20230306_0000113,quakeml:eu.emsc/event/20230306_0000113,KO.TAHT,5709.0,,,no_emsc_pick
ev_KO_KOZT_.emsc_event_20230308_0000236,quakeml:eu.emsc/event/20230308_0000236,KO.KOZT,5876.0,,,no_emsc_pick
ev_KO_SARI_.emsc_event_20230616_0000176,quakeml:eu.emsc/event/20230616_0000176,KO.SARI,5082.0,,,no_emsc_pick
ev_KO_SVRC_.emsc_event_20230305_0000203,quakeml:eu.emsc/event/20230305_0000203,KO.SVRC,5591.0,5730.0,139.0,updated
ev_KO_BNN_.emsc_event_20230304_0000329,quakeml:eu.emsc/event/20230304_0000329,KO.BNN,5909.0,,,no_emsc_pick
ev_KO_GAZ_.emsc_event_20230307_0000043,quakeml:eu.emsc/event/20230307_0000043,KO.GAZ,5338.0,5440.0,102.0,updated
ev_KO_KMRS_.emsc_event_20230304_0000308,quakeml:eu.emsc/event/20230304_0000308,KO.KMRS,3390.0,3430.0,40.0,updated
ev_KO_URFA_.emsc_event_20230525_0000187,quakeml:eu.emsc/event/20230525_0000187,KO.URFA,5387.0,5290.0,-97.0,updated
ev_KO_KOZT_.emsc_event_20230307_0000294,quakeml:eu.emsc/event/20230307_0000294,KO.KOZT,4871.0,4870.0,-1.0,updated
ev_KO_CEYT_.emsc_event_20230304_0000216,quakeml:eu.emsc/event/20230304_0000216,KO.CEYT,4325.0,4370.0,45.0,updated
ev_KO_SARI_.emsc_event_20230308_0000207,quakeml:eu.emsc/event/20230308_0000207,KO.SARI,4590.0,4700.0,110.0,updated
ev_KO_SARI_.emsc_event_20230308_0000213,quakeml:eu.emsc/event/20230308_0000213,KO.SARI,5983.0,,,no_emsc_pick
ev_KO_URFA_.emsc_event_20230225_0000034,quakeml:eu.emsc/event/20230225_0000034,KO.URFA,4439.0,4520.0,81.0,updated
ev_KO_CEYT_.emsc_event_20230304_0000202,quakeml:eu.emsc/event/20230304_0000202,KO.CEYT,5087.0,5060.0,-27.0,updated
ev_KO_URFA_.emsc_event_20230306_0000318,quakeml:eu.emsc/event/20230306_0000318,KO.URFA,5252.0,5350.0,98.0,updated
ev_KO_SARI_.emsc_event_20230304_0000163,quakeml:eu.emsc/event/20230304_0000163,KO.SARI,5882.0,,,no_emsc_pick
ev_KO_SVRC_.emsc_event_20230304_0000084,quakeml:eu.emsc/event/20230304_0000084,KO.SVRC,4107.0,4170.0,63.0,updated
ev_KO_SARI_.emsc_event_20230306_0000022,quakeml:eu.emsc/event/20230306_0000022,KO.SARI,5626.0,5720.0,94.0,updated
ev_KO_KMRS_.emsc_event_20230304_0000334,quakeml:eu.emsc/event/20230304_0000334,KO.KMRS,4599.0,4650.0,51.0,updated
ev_KO_URFA_.emsc_event_20230624_0000073,quakeml:eu.emsc/event/20230624_0000073,KO.URFA,5669.0,5720.0,51.0,updated
ev_KO_CEYT_.emsc_event_20230523_0000223,quakeml:eu.emsc/event/20230523_0000223,KO.CEYT,4673.0,4670.0,-3.0,updated
ev_KO_GULA_.emsc_event_20230518_0000073,quakeml:eu.emsc/event/20230518_0000073,KO.GULA,5988.0,,,no_emsc_pick
ev_KO_KMRS_.emsc_event_20230308_0000044,quakeml:eu.emsc/event/20230308_0000044,KO.KMRS,4184.0,4270.0,86.0,updated
ev_KO_KMRS_.emsc_event_20230305_0000038,quakeml:eu.emsc/event/20230305_0000038,KO.KMRS,4640.0,4670.0,30.0,updated
ev_KO_SARI_.emsc_event_20230307_0000306,quakeml:eu.emsc/event/20230307_0000306,KO.SARI,4148.0,4130.0,-18.0,updated
ev_KO_DARE_.emsc_event_20230411_0000259,quakeml:eu.emsc/event/20230411_0000259,KO.DARE,3756.0,3830.0,74.0,updated
ev_KO_DARE_.emsc_event_20230306_0000054,quakeml:eu.emsc/event/20230306_0000054,KO.DARE,5581.0,,,no_emsc_pick
ev_KO_KMRS_.emsc_event_20230307_0000179,quakeml:eu.emsc/event/20230307_0000179,KO.KMRS,3604.0,3570.0,-34.0,updated
ev_KO_SARI_.emsc_event_20230307_0000312,quakeml:eu.emsc/event/20230307_0000312,KO.SARI,5377.0,5420.0,43.0,updated
ev_KO_CEYT_.emsc_event_20230312_0000298,quakeml:eu.emsc/event/20230312_0000298,KO.CEYT,5692.0,,,no_emsc_pick
ev_KO_BNN_.emsc_event_20230305_0000192,quakeml:eu.emsc/event/20230305_0000192,KO.BNN,5959.0,5990.0,31.0,updated
ev_KO_MERS_.emsc_event_20230304_0000216,quakeml:eu.emsc/event/20230304_0000216,KO.MERS,5801.0,5870.0,69.0,updated
ev_KO_CEYT_.emsc_event_20230305_0000132,quakeml:eu.emsc/event/20230305_0000132,KO.CEYT,5141.0,5140.0,-1.0,updated
ev_KO_DARE_.emsc_event_20230213_0000272,quakeml:eu.emsc/event/20230213_0000272,KO.DARE,4900.0,4970.0,70.0,updated
ev_KO_CEYT_.emsc_event_20230307_0000073,quakeml:eu.emsc/event/20230307_0000073,KO.CEYT,5007.0,5120.0,113.0,updated
ev_KO_CEYT_.emsc_event_20230524_0000213,quakeml:eu.emsc/event/20230524_0000213,KO.CEYT,5353.0,5350.0,-3.0,updated
ev_KO_DARE_.emsc_event_20230311_0000301,quakeml:eu.emsc/event/20230311_0000301,KO.DARE,4963.0,4980.0,17.0,updated
ev_KO_BNN_.emsc_event_20230308_0000105,quakeml:eu.emsc/event/20230308_0000105,KO.BNN,4758.0,4820.0,62.0,updated
ev_KO_BNN_.emsc_event_20230305_0000179,quakeml:eu.emsc/event/20230305_0000179,KO.BNN,5197.0,5260.0,63.0,updated
ev_KO_GAZ_.emsc_event_20230306_0000213,quakeml:eu.emsc/event/20230306_0000213,KO.GAZ,4545.0,4570.0,25.0,updated
ev_KO_BNN_.emsc_event_20230410_0000235,quakeml:eu.emsc/event/20230410_0000235,KO.BNN,4930.0,,,no_emsc_pick
ev_KO_BNN_.emsc_event_20230307_0000038,quakeml:eu.emsc/event/20230307_0000038,KO.BNN,4911.0,5060.0,149.0,updated
ev_KO_KOZT_.emsc_event_20230307_0000243,quakeml:eu.emsc/event/20230307_0000243,KO.KOZT,5452.0,5390.0,-62.0,updated
ev_KO_GAZ_.emsc_event_20230308_0000036,quakeml:eu.emsc/event/20230308_0000036,KO.GAZ,4942.0,5010.0,68.0,updated
ev_KO_TAHT_.emsc_event_20230523_0000107,quakeml:eu.emsc/event/20230523_0000107,KO.TAHT,5757.0,,,no_emsc_pick
ev_KO_GAZ_.emsc_event_20230305_0000062,quakeml:eu.emsc/event/20230305_0000062,KO.GAZ,5116.0,5240.0,124.0,updated
ev_KO_SARI_.emsc_event_20230805_0000170,quakeml:eu.emsc/event/20230805_0000170,KO.SARI,5657.0,5575.0,-82.0,updated
ev_KO_TAHT_.emsc_event_20230308_0000256,quakeml:eu.emsc/event/20230308_0000256,KO.TAHT,4849.0,4830.0,-19.0,updated
ev_KO_BNN_.emsc_event_20230307_0000004,quakeml:eu.emsc/event/20230307_0000004,KO.BNN,5711.0,5710.0,-1.0,updated
ev_KO_TAHT_.emsc_event_20230306_0000067,quakeml:eu.emsc/event/20230306_0000067,KO.TAHT,3486.0,3580.0,94.0,updated
ev_KO_DARE_.emsc_event_20230221_0000139,quakeml:eu.emsc/event/20230221_0000139,KO.DARE,4545.0,4630.0,85.0,updated
ev_KO_SARI_.emsc_event_20230305_0000290,quakeml:eu.emsc/event/20230305_0000290,KO.SARI,4596.0,,,no_emsc_pick
ev_KO_CEYT_.emsc_event_20230712_0000138,quakeml:eu.emsc/event/20230712_0000138,KO.CEYT,5348.0,5403.0,55.0,updated
ev_KO_BNN_.emsc_event_20230307_0000010,quakeml:eu.emsc/event/20230307_0000010,KO.BNN,5244.0,5330.0,86.0,updated
ev_KO_KOZT_.emsc_event_20230306_0000173,quakeml:eu.emsc/event/20230306_0000173,KO.KOZT,4550.0,4690.0,140.0,updated
ev_KO_SARI_.emsc_event_20230305_0000079,quakeml:eu.emsc/event/20230305_0000079,KO.SARI,5999.0,,,no_emsc_pick
ev_KO_SVRC_.emsc_event_20230327_0000167,quakeml:eu.emsc/event/20230327_0000167,KO.SVRC,5620.0,5620.0,0.0,updated
ev_KO_KMRS_.emsc_event_20230307_0000347,quakeml:eu.emsc/event/20230307_0000347,KO.KMRS,5598.0,,,no_emsc_pick
ev_KO_SARI_.emsc_event_20230307_0000138,quakeml:eu.emsc/event/20230307_0000138,KO.SARI,4100.0,,,no_emsc_pick
ev_KO_DARE_.emsc_event_20230305_0000027,quakeml:eu.emsc/event/20230305_0000027,KO.DARE,4554.0,4600.0,46.0,updated
ev_KO_DARE_.emsc_event_20230307_0000166,quakeml:eu.emsc/event/20230307_0000166,KO.DARE,4183.0,4230.0,47.0,updated
ev_KO_CEYT_.emsc_event_20230620_0000094,quakeml:eu.emsc/event/20230620_0000094,KO.CEYT,5112.0,5130.0,18.0,updated
ev_KO_SARI_.emsc_event_20230306_0000234,quakeml:eu.emsc/event/20230306_0000234,KO.SARI,5245.0,,,no_emsc_pick
ev_KO_TAHT_.emsc_event_20230328_0000113,quakeml:eu.emsc/event/20230328_0000113,KO.TAHT,5599.0,,,no_emsc_pick
ev_KO_CEYT_.emsc_event_20230727_0000082,quakeml:eu.emsc/event/20230727_0000082,KO.CEYT,4264.0,4340.0,76.0,updated
ev_KO_DARE_.emsc_event_20230307_0000172,quakeml:eu.emsc/event/20230307_0000172,KO.DARE,5857.0,5930.0,73.0,updated
ev_KO_CEYT_.emsc_event_20230429_0000063,quakeml:eu.emsc/event/20230429_0000063,KO.CEYT,4915.0,4930.0,15.0,updated
ev_KO_SVRC_.emsc_event_20230304_0000286,quakeml:eu.emsc/event/20230304_0000286,KO.SVRC,5986.0,,,no_emsc_pick
ev_KO_SARI_.emsc_event_20230601_0000155,quakeml:eu.emsc/event/20230601_0000155,KO.SARI,3174.0,,,no_emsc_pick
ev_KO_CEYT_.emsc_event_20230304_0000028,quakeml:eu.emsc/event/20230304_0000028,KO.CEYT,5048.0,5150.0,102.0,updated
ev_KO_CEYT_.emsc_event_20230306_0000169,quakeml:eu.emsc/event/20230306_0000169,KO.CEYT,4991.0,5170.0,179.0,updated
ev_KO_SARI_.emsc_event_20230305_0000045,quakeml:eu.emsc/event/20230305_0000045,KO.SARI,3736.0,3810.0,74.0,updated
ev_KO_KMRS_.emsc_event_20230306_0000077,quakeml:eu.emsc/event/20230306_0000077,KO.KMRS,4093.0,4070.0,-23.0,updated
ev_KO_URFA_.emsc_event_20230306_0000132,quakeml:eu.emsc/event/20230306_0000132,KO.URFA,4696.0,4750.0,54.0,updated
ev_KO_CEYT_.emsc_event_20230307_0000271,quakeml:eu.emsc/event/20230307_0000271,KO.CEYT,4965.0,5100.0,135.0,updated
ev_KO_URFA_.emsc_event_20230306_0000126,quakeml:eu.emsc/event/20230306_0000126,KO.URFA,4571.0,4620.0,49.0,updated
ev_KO_URFA_.emsc_event_20230304_0000067,quakeml:eu.emsc/event/20230304_0000067,KO.URFA,5829.0,5800.0,-29.0,updated
ev_KO_KMRS_.emsc_event_20230308_0000252,quakeml:eu.emsc/event/20230308_0000252,KO.KMRS,5815.0,5880.0,65.0,updated
ev_KO_BNN_.emsc_event_20230311_0000277,quakeml:eu.emsc/event/20230311_0000277,KO.BNN,5172.0,5180.0,8.0,updated
ev_KO_MERS_.emsc_event_20230727_0000082,quakeml:eu.emsc/event/20230727_0000082,KO.MERS,5494.0,5560.0,66.0,updated
ev_KO_SVRC_.emsc_event_20230213_0000122,quakeml:eu.emsc/event/20230213_0000122,KO.SVRC,5701.0,5710.0,9.0,updated
ev_KO_TAHT_.emsc_event_20230306_0000259,quakeml:eu.emsc/event/20230306_0000259,KO.TAHT,5939.0,5920.0,-19.0,updated
ev_KO_KOZT_.emsc_event_20230307_0000055,quakeml:eu.emsc/event/20230307_0000055,KO.KOZT,4519.0,,,no_emsc_pick
ev_KO_GAZ_.emsc_event_20230304_0000150,quakeml:eu.emsc/event/20230304_0000150,KO.GAZ,4994.0,5060.0,66.0,updated
ev_KO_TAHT_.emsc_event_20230304_0000318,quakeml:eu.emsc/event/20230304_0000318,KO.TAHT,5616.0,5630.0,14.0,updated
ev_KO_GAZ_.emsc_event_20230306_0000011,quakeml:eu.emsc/event/20230306_0000011,KO.GAZ,5373.0,5450.0,77.0,updated
ev_KO_URFA_.emsc_event_20230614_0000053,quakeml:eu.emsc/event/20230614_0000053,KO.URFA,5030.0,5080.0,50.0,updated
ev_KO_KMRS_.emsc_event_20230306_0000088,quakeml:eu.emsc/event/20230306_0000088,KO.KMRS,5748.0,,,no_emsc_pick
ev_KO_TAHT_.emsc_event_20230305_0000014,quakeml:eu.emsc/event/20230305_0000014,KO.TAHT,4104.0,4060.0,-44.0,updated
ev_KO_SVRC_.emsc_event_20230307_0000008,quakeml:eu.emsc/event/20230307_0000008,KO.SVRC,4619.0,4710.0,91.0,updated
ev_KO_DARE_.emsc_event_20230407_0000016,quakeml:eu.emsc/event/20230407_0000016,KO.DARE,4502.0,4490.0,-12.0,updated
ev_KO_URFA_.emsc_event_20230619_0000013,quakeml:eu.emsc/event/20230619_0000013,KO.URFA,4617.0,,,no_emsc_pick
ev_KO_CEYT_.emsc_event_20230212_0000094,quakeml:eu.emsc/event/20230212_0000094,KO.CEYT,4823.0,4810.0,-13.0,updated
ev_KO_CEYT_.emsc_event_20230505_0000299,quakeml:eu.emsc/event/20230505_0000299,KO.CEYT,5258.0,,,no_emsc_pick
ev_KO_KOZT_.emsc_event_20230307_0000069,quakeml:eu.emsc/event/20230307_0000069,KO.KOZT,4443.0,4460.0,17.0,updated
ev_KO_TAHT_.emsc_event_20230308_0000054,quakeml:eu.emsc/event/20230308_0000054,KO.TAHT,3548.0,3570.0,22.0,updated
ev_KO_SVRC_.emsc_event_20230309_0000211,quakeml:eu.emsc/event/20230309_0000211,KO.SVRC,4883.0,4750.0,-133.0,updated
ev_KO_TAHT_.emsc_event_20230307_0000169,quakeml:eu.emsc/event/20230307_0000169,KO.TAHT,5589.0,5650.0,61.0,updated
ev_KO_DARE_.emsc_event_20230219_0000014,quakeml:eu.emsc/event/20230219_0000014,KO.DARE,4201.0,4160.0,-41.0,updated
ev_KO_DARE_.emsc_event_20230622_0000201,quakeml:eu.emsc/event/20230622_0000201,KO.DARE,3905.0,3960.0,55.0,updated
ev_KO_TAHT_.emsc_event_20230308_0000040,quakeml:eu.emsc/event/20230308_0000040,KO.TAHT,5786.0,5890.0,104.0,updated
ev_KO_GAZ_.emsc_event_20230306_0000039,quakeml:eu.emsc/event/20230306_0000039,KO.GAZ,5024.0,5050.0,26.0,updated
ev_KO_KOZT_.emsc_event_20230307_0000045,quakeml:eu.emsc/event/20230307_0000045,KO.KOZT,5702.0,5720.0,18.0,updated
ev_KO_URFA_.emsc_event_20230311_0000277,quakeml:eu.emsc/event/20230311_0000277,KO.URFA,5897.0,5950.0,53.0,updated
ev_KO_CEYT_.emsc_event_20230306_0000186,quakeml:eu.emsc/event/20230306_0000186,KO.CEYT,4927.0,,,no_emsc_pick
ev_KO_TAHT_.emsc_event_20230304_0000308,quakeml:eu.emsc/event/20230304_0000308,KO.TAHT,5292.0,5360.0,68.0,updated
ev_KO_KOZT_.emsc_event_20230308_0000178,quakeml:eu.emsc/event/20230308_0000178,KO.KOZT,4353.0,4440.0,87.0,updated
ev_KO_KOZT_.emsc_event_20230306_0000349,quakeml:eu.emsc/event/20230306_0000349,KO.KOZT,4853.0,,,no_emsc_pick
ev_KO_SARI_.emsc_event_20230312_0000300,quakeml:eu.emsc/event/20230312_0000300,KO.SARI,5214.0,5150.0,-64.0,updated
ev_KO_DARE_.emsc_event_20230308_0000088,quakeml:eu.emsc/event/20230308_0000088,KO.DARE,3776.0,3820.0,44.0,updated
ev_KO_SARI_.emsc_event_20230310_0000241,quakeml:eu.emsc/event/20230310_0000241,KO.SARI,5723.0,,,no_emsc_pick
ev_KO_GAZ_.emsc_event_20230305_0000258,quakeml:eu.emsc/event/20230305_0000258,KO.GAZ,4738.0,,,no_emsc_pick
ev_KO_DARE_.emsc_event_20230409_0000237,quakeml:eu.emsc/event/20230409_0000237,KO.DARE,4512.0,4560.0,48.0,updated
ev_KO_SVRC_.emsc_event_20230304_0000255,quakeml:eu.emsc/event/20230304_0000255,KO.SVRC,5978.0,5990.0,12.0,updated
ev_KO_DARE_.emsc_event_20230527_0000167,quakeml:eu.emsc/event/20230527_0000167,KO.DARE,3396.0,3460.0,64.0,updated
ev_KO_KOZT_.emsc_event_20230305_0000110,quakeml:eu.emsc/event/20230305_0000110,KO.KOZT,4923.0,4960.0,37.0,updated
ev_KO_SVRC_.emsc_event_20230308_0000125,quakeml:eu.emsc/event/20230308_0000125,KO.SVRC,4775.0,4830.0,55.0,updated
ev_KO_GAZ_.emsc_event_20230304_0000154,quakeml:eu.emsc/event/20230304_0000154,KO.GAZ,4906.0,4920.0,14.0,updated
ev_KO_SARI_.emsc_event_20230305_0000096,quakeml:eu.emsc/event/20230305_0000096,KO.SARI,3981.0,4080.0,99.0,updated
ev_KO_BNN_.emsc_event_20230307_0000216,quakeml:eu.emsc/event/20230307_0000216,KO.BNN,4773.0,4880.0,107.0,updated
ev_KO_DARE_.emsc_event_20230615_0000017,quakeml:eu.emsc/event/20230615_0000017,KO.DARE,5566.0,5590.0,24.0,updated
ev_KO_KOZT_.emsc_event_20230307_0000079,quakeml:eu.emsc/event/20230307_0000079,KO.KOZT,5818.0,5880.0,62.0,updated
ev_KO_TAHT_.emsc_event_20230308_0000044,quakeml:eu.emsc/event/20230308_0000044,KO.TAHT,5616.0,,,no_emsc_pick
ev_KO_TAHT_.emsc_event_20230307_0000179,quakeml:eu.emsc/event/20230307_0000179,KO.TAHT,5267.0,5300.0,33.0,updated
ev_KO_GAZ_.emsc_event_20230305_0000264,quakeml:eu.emsc/event/20230305_0000264,KO.GAZ,4772.0,4740.0,-32.0,updated
ev_KO_DARE_.emsc_event_20230430_0000228,quakeml:eu.emsc/event/20230430_0000228,KO.DARE,4178.0,4020.0,-158.0,updated
ev_KO_KOZT_.emsc_event_20230304_0000220,quakeml:eu.emsc/event/20230304_0000220,KO.KOZT,4792.0,4840.0,48.0,updated
ev_KO_SVRC_.emsc_event_20230305_0000165,quakeml:eu.emsc/event/20230305_0000165,KO.SVRC,5129.0,5120.0,-9.0,updated
ev_KO_BNN_.emsc_event_20230307_0000202,quakeml:eu.emsc/event/20230307_0000202,KO.BNN,5321.0,5160.0,-161.0,updated
ev_KO_BNN_.emsc_event_20230725_0000198,quakeml:eu.emsc/event/20230725_0000198,KO.BNN,5471.0,5600.0,129.0,updated
ev_KO_TAHT_.emsc_event_20230304_0000320,quakeml:eu.emsc/event/20230304_0000320,KO.TAHT,5446.0,,,no_emsc_pick
ev_KO_GAZ_.emsc_event_20230306_0000029,quakeml:eu.emsc/event/20230306_0000029,KO.GAZ,5013.0,5080.0,67.0,updated
ev_KO_BNN_.emsc_event_20230406_0000042,quakeml:eu.emsc/event/20230406_0000042,KO.BNN,4870.0,4810.0,-60.0,updated
ev_KO_SARI_.emsc_event_20230308_0000015,quakeml:eu.emsc/event/20230308_0000015,KO.SARI,3618.0,3650.0,32.0,updated
ev_KO_SARI_.emsc_event_20230228_0000174,quakeml:eu.emsc/event/20230228_0000174,KO.SARI,4942.0,4910.0,-32.0,updated
ev_KO_CEYT_.emsc_event_20230306_0000145,quakeml:eu.emsc/event/20230306_0000145,KO.CEYT,3878.0,3900.0,22.0,updated
ev_KO_KOZT_.emsc_event_20230307_0000086,quakeml:eu.emsc/event/20230307_0000086,KO.KOZT,4153.0,4150.0,-3.0,updated
ev_KO_GAZ_.emsc_event_20230304_0000183,quakeml:eu.emsc/event/20230304_0000183,KO.GAZ,5395.0,5540.0,145.0,updated
ev_KO_CEYT_.emsc_event_20230304_0000004,quakeml:eu.emsc/event/20230304_0000004,KO.CEYT,5510.0,,,no_emsc_pick
ev_KO_SVRC_.emsc_event_20230624_0000080,quakeml:eu.emsc/event/20230624_0000080,KO.SVRC,5614.0,,,no_emsc_pick
ev_KO_BNN_.emsc_event_20230312_0000002,quakeml:eu.emsc/event/20230312_0000002,KO.BNN,5622.0,5680.0,58.0,updated
ev_KO_CEYT_.emsc_event_20230722_0000108,quakeml:eu.emsc/event/20230722_0000108,KO.CEYT,5983.0,,,no_emsc_pick
ev_KO_DARE_.emsc_event_20230521_0000267,quakeml:eu.emsc/event/20230521_0000267,KO.DARE,5710.0,5710.0,0.0,updated
ev_KO_SARI_.emsc_event_20230307_0000114,quakeml:eu.emsc/event/20230307_0000114,KO.SARI,4356.0,4460.0,104.0,updated
ev_KO_DARE_.emsc_event_20230306_0000246,quakeml:eu.emsc/event/20230306_0000246,KO.DARE,5092.0,5150.0,58.0,updated
ev_KO_DARE_.emsc_event_20230522_0000002,quakeml:eu.emsc/event/20230522_0000002,KO.DARE,4873.0,4780.0,-93.0,updated
ev_KO_SARI_.emsc_event_20230305_0000055,quakeml:eu.emsc/event/20230305_0000055,KO.SARI,5486.0,,,no_emsc_pick
ev_KO_KMRS_.emsc_event_20230308_0000256,quakeml:eu.emsc/event/20230308_0000256,KO.KMRS,3613.0,3570.0,-43.0,updated
ev_KO_DARE_.emsc_event_20230603_0000072,quakeml:eu.emsc/event/20230603_0000072,KO.DARE,3282.0,,,no_emsc_pick
ev_KO_URFA_.emsc_event_20230304_0000063,quakeml:eu.emsc/event/20230304_0000063,KO.URFA,5692.0,,,no_emsc_pick
ev_KO_DARE_.emsc_event_20230308_0000077,quakeml:eu.emsc/event/20230308_0000077,KO.DARE,4729.0,,,no_emsc_pick
ev_KO_MERS_.emsc_event_20230306_0000145,quakeml:eu.emsc/event/20230306_0000145,KO.MERS,5601.0,5690.0,89.0,updated
ev_KO_URFA_.emsc_event_20230306_0000136,quakeml:eu.emsc/event/20230306_0000136,KO.URFA,5829.0,5900.0,71.0,updated
ev_KO_TAHT_.emsc_event_20230308_0000093,quakeml:eu.emsc/event/20230308_0000093,KO.TAHT,5752.0,,,no_emsc_pick
ev_KO_SVRC_.emsc_event_20230303_0000265,quakeml:eu.emsc/event/20230303_0000265,KO.SVRC,5894.0,5890.0,-4.0,updated
ev_KO_SARI_.emsc_event_20230305_0000041,quakeml:eu.emsc/event/20230305_0000041,KO.SARI,3868.0,3960.0,92.0,updated
ev_KO_TAHT_.emsc_event_20230310_0000204,quakeml:eu.emsc/event/20230310_0000204,KO.TAHT,5612.0,,,no_emsc_pick
ev_KO_BNN_.emsc_event_20230614_0000053,quakeml:eu.emsc/event/20230614_0000053,KO.BNN,5970.0,,,no_emsc_pick
ev_KO_CEYT_.emsc_event_20230307_0000088,quakeml:eu.emsc/event/20230307_0000088,KO.CEYT,4700.0,4730.0,30.0,updated
ev_KO_TAHT_.emsc_event_20230307_0000347,quakeml:eu.emsc/event/20230307_0000347,KO.TAHT,3482.0,3550.0,68.0,updated
ev_KO_KOZT_.emsc_event_20230305_0000306,quakeml:eu.emsc/event/20230305_0000306,KO.KOZT,4109.0,4160.0,51.0,updated
ev_KO_GAZ_.emsc_event_20230306_0000203,quakeml:eu.emsc/event/20230306_0000203,KO.GAZ,5006.0,5030.0,24.0,updated
ev_KO_CEYT_.emsc_event_20230427_0000097,quakeml:eu.emsc/event/20230427_0000097,KO.CEYT,4142.0,4180.0,38.0,updated
ev_KO_URFA_.emsc_event_20230305_0000192,quakeml:eu.emsc/event/20230305_0000192,KO.URFA,5248.0,5250.0,2.0,updated
ev_KO_BNN_.emsc_event_20230306_0000330,quakeml:eu.emsc/event/20230306_0000330,KO.BNN,4941.0,4860.0,-81.0,updated
ev_KO_BNN_.emsc_event_20230624_0000073,quakeml:eu.emsc/event/20230624_0000073,KO.BNN,5465.0,5480.0,15.0,updated
ev_KO_TAHT_.emsc_event_20230305_0000212,quakeml:eu.emsc/event/20230305_0000212,KO.TAHT,5842.0,,,no_emsc_pick
ev_KO_KOZT_.emsc_event_20230306_0000177,quakeml:eu.emsc/event/20230306_0000177,KO.KOZT,5638.0,5690.0,52.0,updated
ev_KO_BNN_.emsc_event_20230525_0000193,quakeml:eu.emsc/event/20230525_0000193,KO.BNN,4864.0,4940.0,76.0,updated
ev_KO_SARI_.emsc_event_20230422_0000244,quakeml:eu.emsc/event/20230422_0000244,KO.SARI,4104.0,,,no_emsc_pick
ev_KO_KOZT_.emsc_event_20230304_0000036,quakeml:eu.emsc/event/20230304_0000036,KO.KOZT,5348.0,5100.0,-248.0,updated
ev_KO_SARI_.emsc_event_20230304_0000198,quakeml:eu.emsc/event/20230304_0000198,KO.SARI,5346.0,5320.0,-26.0,updated
ev_KO_SARI_.emsc_event_20230313_0000232,quakeml:eu.emsc/event/20230313_0000232,KO.SARI,4185.0,4240.0,55.0,updated
ev_KO_BNN_.emsc_event_20230308_0000129,quakeml:eu.emsc/event/20230308_0000129,KO.BNN,5565.0,5740.0,175.0,updated
ev_KO_SVRC_.emsc_event_20230307_0000232,quakeml:eu.emsc/event/20230307_0000232,KO.SVRC,5870.0,5930.0,60.0,updated
ev_KO_MERS_.emsc_event_20230307_0000088,quakeml:eu.emsc/event/20230307_0000088,KO.MERS,5896.0,,,no_emsc_pick
ev_KO_SVRC_.emsc_event_20230307_0000226,quakeml:eu.emsc/event/20230307_0000226,KO.SVRC,5248.0,5230.0,-18.0,updated
ev_KO_BNN_.emsc_event_20230305_0000141,quakeml:eu.emsc/event/20230305_0000141,KO.BNN,4443.0,4530.0,87.0,updated
ev_KO_TAHT_.emsc_event_20230306_0000063,quakeml:eu.emsc/event/20230306_0000063,KO.TAHT,5812.0,,,no_emsc_pick
ev_KO_CEYT_.emsc_event_20230511_0000178,quakeml:eu.emsc/event/20230511_0000178,KO.CEYT,5072.0,,,no_emsc_pick
ev_KO_GAZ_.emsc_event_20230307_0000127,quakeml:eu.emsc/event/20230307_0000127,KO.GAZ,5921.0,,,no_emsc_pick
ev_KO_MERS_.emsc_event_20230427_0000097,quakeml:eu.emsc/event/20230427_0000097,KO.MERS,5628.0,5690.0,62.0,updated
ev_KO_BNN_.emsc_event_20230525_0000187,quakeml:eu.emsc/event/20230525_0000187,KO.BNN,5658.0,5640.0,-18.0,updated
ev_KO_KOZT_.emsc_event_20230306_0000188,quakeml:eu.emsc/event/20230306_0000188,KO.KOZT,4148.0,4130.0,-18.0,updated
ev_KO_SARI_.emsc_event_20230306_0000026,quakeml:eu.emsc/event/20230306_0000026,KO.SARI,4401.0,4490.0,89.0,updated
ev_KO_KMRS_.emsc_event_20230306_0000259,quakeml:eu.emsc/event/20230306_0000259,KO.KMRS,4056.0,4070.0,14.0,updated
ev_KO_CEYT_.emsc_event_20230308_0000176,quakeml:eu.emsc/event/20230308_0000176,KO.CEYT,4766.0,4830.0,64.0,updated
ev_KO_KOZT_.emsc_event_20230307_0000284,quakeml:eu.emsc/event/20230307_0000284,KO.KOZT,4100.0,4070.0,-30.0,updated
ev_KO_DARE_.emsc_event_20230306_0000078,quakeml:eu.emsc/event/20230306_0000078,KO.DARE,5114.0,5060.0,-54.0,updated
ev_KO_TAHT_.emsc_event_20230306_0000088,quakeml:eu.emsc/event/20230306_0000088,KO.TAHT,3523.0,3550.0,27.0,updated
ev_KO_URFA_.emsc_event_20230307_0000010,quakeml:eu.emsc/event/20230307_0000010,KO.URFA,5687.0,5760.0,73.0,updated
ev_KO_URFA_.emsc_event_20230316_0000079,quakeml:eu.emsc/event/20230316_0000079,KO.URFA,5249.0,5280.0,31.0,updated
ev_KO_URFA_.emsc_event_20230307_0000004,quakeml:eu.emsc/event/20230307_0000004,KO.URFA,5433.0,5400.0,-33.0,updated
ev_KO_KMRS_.emsc_event_20230307_0000141,quakeml:eu.emsc/event/20230307_0000141,KO.KMRS,4347.0,4320.0,-27.0,updated
ev_KO_CEYT_.emsc_event_20230304_0000212,quakeml:eu.emsc/event/20230304_0000212,KO.CEYT,4564.0,4610.0,46.0,updated
ev_KO_SARI_.emsc_event_20230304_0000173,quakeml:eu.emsc/event/20230304_0000173,KO.SARI,5089.0,5130.0,41.0,updated
ev_KO_URFA_.emsc_event_20230306_0000308,quakeml:eu.emsc/event/20230306_0000308,KO.URFA,5362.0,5370.0,8.0,updated
ev_KO_CEYT_.emsc_event_20230322_0000069,quakeml:eu.emsc/event/20230322_0000069,KO.CEYT,5803.0,,,no_emsc_pick
ev_KO_DARE_.emsc_event_20230308_0000275,quakeml:eu.emsc/event/20230308_0000275,KO.DARE,4598.0,4520.0,-78.0,updated
ev_KO_URFA_.emsc_event_20230306_0000320,quakeml:eu.emsc/event/20230306_0000320,KO.URFA,4988.0,5000.0,12.0,updated
ev_KO_DARE_.emsc_event_20230213_0000276,quakeml:eu.emsc/event/20230213_0000276,KO.DARE,4761.0,4830.0,69.0,updated
ev_KO_CEYT_.emsc_event_20230305_0000136,quakeml:eu.emsc/event/20230305_0000136,KO.CEYT,5122.0,5120.0,-2.0,updated
ev_KO_MERS_.emsc_event_20230304_0000212,quakeml:eu.emsc/event/20230304_0000212,KO.MERS,5641.0,5710.0,69.0,updated
ev_KO_KMRS_.emsc_event_20230308_0000054,quakeml:eu.emsc/event/20230308_0000054,KO.KMRS,5754.0,5840.0,86.0,updated
ev_KO_SARI_.emsc_event_20230722_0000043,quakeml:eu.emsc/event/20230722_0000043,KO.SARI,5682.0,,,no_emsc_pick
ev_KO_SVRC_.emsc_event_20230313_0000316,quakeml:eu.emsc/event/20230313_0000316,KO.SVRC,4265.0,4380.0,115.0,updated
ev_KO_KMRS_.emsc_event_20230307_0000169,quakeml:eu.emsc/event/20230307_0000169,KO.KMRS,4123.0,4180.0,57.0,updated
ev_KO_MERS_.emsc_event_20230308_0000176,quakeml:eu.emsc/event/20230308_0000176,KO.MERS,5722.0,5780.0,58.0,updated
ev_KO_DARE_.emsc_event_20230306_0000050,quakeml:eu.emsc/event/20230306_0000050,KO.DARE,5412.0,5450.0,38.0,updated
ev_KO_KMRS_.emsc_event_20230308_0000040,quakeml:eu.emsc/event/20230308_0000040,KO.KMRS,4078.0,4150.0,72.0,updated
ev_KO_DARE_.emsc_event_20230304_0000111,quakeml:eu.emsc/event/20230304_0000111,KO.DARE,5474.0,5540.0,66.0,updated
ev_KO_BNN_.emsc_event_20230502_0000033,quakeml:eu.emsc/event/20230502_0000033,KO.BNN,5774.0,,,no_emsc_pick
ev_KO_SVRC_.emsc_event_20230324_0000110,quakeml:eu.emsc/event/20230324_0000110,KO.SVRC,5959.0,5950.0,-9.0,updated
ev_KO_KOZT_.emsc_event_20230305_0000272,quakeml:eu.emsc/event/20230305_0000272,KO.KOZT,4479.0,,,no_emsc_pick
ev_KO_SVRC_.emsc_event_20230308_0000247,quakeml:eu.emsc/event/20230308_0000247,KO.SVRC,4848.0,4600.0,-248.0,updated
ev_KO_URFA_.emsc_event_20230430_0000212,quakeml:eu.emsc/event/20230430_0000212,KO.URFA,4653.0,4670.0,17.0,updated
ev_KO_DARE_.emsc_event_20230419_0000230,quakeml:eu.emsc/event/20230419_0000230,KO.DARE,5584.0,,,no_emsc_pick
ev_KO_SARI_.emsc_event_20230307_0000289,quakeml:eu.emsc/event/20230307_0000289,KO.SARI,5762.0,5900.0,138.0,updated
ev_KO_SARI_.emsc_event_20230306_0000185,quakeml:eu.emsc/event/20230306_0000185,KO.SARI,5173.0,5170.0,-3.0,updated
ev_KO_BNN_.emsc_event_20230306_0000244,quakeml:eu.emsc/event/20230306_0000244,KO.BNN,4862.0,4910.0,48.0,updated
ev_KO_KOZT_.emsc_event_20230306_0000003,quakeml:eu.emsc/event/20230306_0000003,KO.KOZT,4726.0,4780.0,54.0,updated
ev_KO_KOZT_.emsc_event_20230304_0000142,quakeml:eu.emsc/event/20230304_0000142,KO.KOZT,5448.0,5510.0,62.0,updated
ev_KO_KOZT_.emsc_event_20230308_0000232,quakeml:eu.emsc/event/20230308_0000232,KO.KOZT,4342.0,4490.0,148.0,updated
ev_KO_BNN_.emsc_event_20230305_0000035,quakeml:eu.emsc/event/20230305_0000035,KO.BNN,5814.0,5910.0,96.0,updated
ev_KO_TAHT_.emsc_event_20230306_0000117,quakeml:eu.emsc/event/20230306_0000117,KO.TAHT,3751.0,3880.0,129.0,updated
ev_KO_GAZ_.emsc_event_20230307_0000053,quakeml:eu.emsc/event/20230307_0000053,KO.GAZ,4951.0,5030.0,79.0,updated
ev_KO_KOZT_.emsc_event_20230306_0000017,quakeml:eu.emsc/event/20230306_0000017,KO.KOZT,4542.0,4570.0,28.0,updated
ev_KO_GAZ_.emsc_event_20230305_0000112,quakeml:eu.emsc/event/20230305_0000112,KO.GAZ,4814.0,4780.0,-34.0,updated
ev_KO_URFA_.emsc_event_20230304_0000329,quakeml:eu.emsc/event/20230304_0000329,KO.URFA,5812.0,5990.0,178.0,updated
ev_KO_CEYT_.emsc_event_20230803_0000049,quakeml:eu.emsc/event/20230803_0000049,KO.CEYT,4672.0,4750.0,78.0,updated
ev_KO_GAZ_.emsc_event_20230308_0000185,quakeml:eu.emsc/event/20230308_0000185,KO.GAZ,5065.0,5180.0,115.0,updated
ev_KO_SVRC_.emsc_event_20230308_0000284,quakeml:eu.emsc/event/20230308_0000284,KO.SVRC,4495.0,4530.0,35.0,updated
ev_KO_URFA_.emsc_event_20230308_0000059,quakeml:eu.emsc/event/20230308_0000059,KO.URFA,4306.0,4330.0,24.0,updated
ev_KO_DARE_.emsc_event_20230629_0000227,quakeml:eu.emsc/event/20230629_0000227,KO.DARE,4522.0,,,no_emsc_pick
ev_KO_KMRS_.emsc_event_20230308_0000108,quakeml:eu.emsc/event/20230308_0000108,KO.KMRS,3463.0,3430.0,-33.0,updated
ev_KO_DARE_.emsc_event_20230306_0000118,quakeml:eu.emsc/event/20230306_0000118,KO.DARE,5010.0,,,no_emsc_pick
ev_KO_KMRS_.emsc_event_20230307_0000035,quakeml:eu.emsc/event/20230307_0000035,KO.KMRS,5271.0,,,no_emsc_pick
ev_KO_SARI_.emsc_event_20230306_0000146,quakeml:eu.emsc/event/20230306_0000146,KO.SARI,4482.0,4540.0,58.0,updated
ev_KO_KOZT_.emsc_event_20230304_0000181,quakeml:eu.emsc/event/20230304_0000181,KO.KOZT,4395.0,4510.0,115.0,updated
ev_KO_SARI_.emsc_event_20230605_0000099,quakeml:eu.emsc/event/20230605_0000099,KO.SARI,3927.0,,,no_emsc_pick
ev_KO_SARI_.emsc_event_20230307_0000262,quakeml:eu.emsc/event/20230307_0000262,KO.SARI,4040.0,,,no_emsc_pick
ev_KO_MERS_.emsc_event_20230803_0000049,quakeml:eu.emsc/event/20230803_0000049,KO.MERS,5935.0,,,no_emsc_pick
ev_KO_KMRS_.emsc_event_20230307_0000009,quakeml:eu.emsc/event/20230307_0000009,KO.KMRS,4536.0,4600.0,64.0,updated
ev_KO_KMRS_.emsc_event_20230305_0000148,quakeml:eu.emsc/event/20230305_0000148,KO.KMRS,4516.0,4590.0,74.0,updated
ev_KO_KMRS_.emsc_event_20230308_0000134,quakeml:eu.emsc/event/20230308_0000134,KO.KMRS,5727.0,5840.0,113.0,updated
ev_KO_GAZ_.emsc_event_20230306_0000175,quakeml:eu.emsc/event/20230306_0000175,KO.GAZ,5246.0,5300.0,54.0,updated
ev_KO_KARA_.emsc_event_20230615_0000003,quakeml:eu.emsc/event/20230615_0000003,KO.KARA,5446.0,5510.0,64.0,updated
ev_KO_TAHT_.emsc_event_20230305_0000164,quakeml:eu.emsc/event/20230305_0000164,KO.TAHT,5638.0,5700.0,62.0,updated
ev_KO_MERS_.emsc_event_20230312_0000129,quakeml:eu.emsc/event/20230312_0000129,KO.MERS,5872.0,,,no_emsc_pick
ev_KO_TAHT_.emsc_event_20230307_0000025,quakeml:eu.emsc/event/20230307_0000025,KO.TAHT,5455.0,5440.0,-15.0,updated
ev_KO_KOZT_.emsc_event_20230308_0000018,quakeml:eu.emsc/event/20230308_0000018,KO.KOZT,5511.0,5520.0,9.0,updated
ev_KO_KOZT_.emsc_event_20230307_0000125,quakeml:eu.emsc/event/20230307_0000125,KO.KOZT,3779.0,3840.0,61.0,updated
ev_KO_DARE_.emsc_event_20230405_0000033,quakeml:eu.emsc/event/20230405_0000033,KO.DARE,3733.0,3800.0,67.0,updated
ev_KO_URFA_.emsc_event_20230418_0000066,quakeml:eu.emsc/event/20230418_0000066,KO.URFA,4505.0,4520.0,15.0,updated
ev_KO_TAHT_.emsc_event_20230304_0000240,quakeml:eu.emsc/event/20230304_0000240,KO.TAHT,5168.0,5190.0,22.0,updated
ev_KO_URFA_.emsc_event_20230306_0000095,quakeml:eu.emsc/event/20230306_0000095,KO.URFA,4539.0,4660.0,121.0,updated
ev_KO_GAZ_.emsc_event_20230307_0000245,quakeml:eu.emsc/event/20230307_0000245,KO.GAZ,4951.0,5080.0,129.0,updated
ev_KO_DARE_.emsc_event_20230302_0000167,quakeml:eu.emsc/event/20230302_0000167,KO.DARE,4243.0,4270.0,27.0,updated
ev_KO_TAHT_.emsc_event_20230306_0000315,quakeml:eu.emsc/event/20230306_0000315,KO.TAHT,3656.0,3710.0,54.0,updated
ev_KO_KOZT_.emsc_event_20230308_0000024,quakeml:eu.emsc/event/20230308_0000024,KO.KOZT,4193.0,4270.0,77.0,updated
ev_KO_DARE_.emsc_event_20230305_0000143,quakeml:eu.emsc/event/20230305_0000143,KO.DARE,3400.0,3300.0,-100.0,updated
ev_KO_DARE_.emsc_event_20230307_0000002,quakeml:eu.emsc/event/20230307_0000002,KO.DARE,4812.0,4800.0,-12.0,updated
ev_KO_CEYT_.emsc_event_20230708_0000163,quakeml:eu.emsc/event/20230708_0000163,KO.CEYT,5926.0,,,no_emsc_pick
ev_KO_DARE_.emsc_event_20230307_0000016,quakeml:eu.emsc/event/20230307_0000016,KO.DARE,3500.0,3570.0,70.0,updated
ev_KO_DARE_.emsc_event_20230211_0000069,quakeml:eu.emsc/event/20230211_0000069,KO.DARE,4991.0,5040.0,49.0,updated
ev_KO_KMRS_.emsc_event_20230307_0000237,quakeml:eu.emsc/event/20230307_0000237,KO.KMRS,3598.0,3650.0,52.0,updated
ev_KO_GULA_.emsc_event_20230603_0000123,quakeml:eu.emsc/event/20230603_0000123,KO.GULA,5040.0,,,no_emsc_pick
ev_KO_CEYT_.emsc_event_20230306_0000025,quakeml:eu.emsc/event/20230306_0000025,KO.CEYT,4805.0,4880.0,75.0,updated
ev_KO_MERS_.emsc_event_20230307_0000301,quakeml:eu.emsc/event/20230307_0000301,KO.MERS,5537.0,,,no_emsc_pick
ev_KO_URFA_.emsc_event_20230308_0000267,quakeml:eu.emsc/event/20230308_0000267,KO.URFA,4402.0,,,no_emsc_pick
ev_KO_CEYT_.emsc_event_20230309_0000130,quakeml:eu.emsc/event/20230309_0000130,KO.CEYT,4904.0,4930.0,26.0,updated
ev_KO_GULA_.emsc_event_20230508_0000070,quakeml:eu.emsc/event/20230508_0000070,KO.GULA,5989.0,,,no_emsc_pick
ev_KO_DARE_.emsc_event_20230304_0000273,quakeml:eu.emsc/event/20230304_0000273,KO.DARE,5065.0,5150.0,85.0,updated
ev_KO_KMRS_.emsc_event_20230306_0000113,quakeml:eu.emsc/event/20230306_0000113,KO.KMRS,3796.0,3860.0,64.0,updated
ev_KO_KARA_.emsc_event_20230521_0000267,quakeml:eu.emsc/event/20230521_0000267,KO.KARA,4703.0,4670.0,-33.0,updated
ev_KO_DARE_.emsc_event_20230308_0000103,quakeml:eu.emsc/event/20230308_0000103,KO.DARE,3666.0,3730.0,64.0,updated
ev_KO_CEYT_.emsc_event_20230307_0000301,quakeml:eu.emsc/event/20230307_0000301,KO.CEYT,4647.0,4710.0,63.0,updated
ev_KO_CEYT_.emsc_event_20230707_0000062,quakeml:eu.emsc/event/20230707_0000062,KO.CEYT,5373.0,5366.0,-7.0,updated
ev_KO_BNN_.emsc_event_20230308_0000288,quakeml:eu.emsc/event/20230308_0000288,KO.BNN,5526.0,5570.0,44.0,updated
ev_KO_SARI_.emsc_event_20230308_0000149,quakeml:eu.emsc/event/20230308_0000149,KO.SARI,4056.0,4160.0,104.0,updated
ev_KO_MERS_.emsc_event_20230304_0000171,quakeml:eu.emsc/event/20230304_0000171,KO.MERS,5969.0,,,no_emsc_pick
ev_KO_URFA_.emsc_event_20230304_0000102,quakeml:eu.emsc/event/20230304_0000102,KO.URFA,4908.0,4860.0,-48.0,updated
ev_KO_CEYT_.emsc_event_20230627_0000116,quakeml:eu.emsc/event/20230627_0000116,KO.CEYT,4960.0,5030.0,70.0,updated
ev_KO_KMRS_.emsc_event_20230304_0000047,quakeml:eu.emsc/event/20230304_0000047,KO.KMRS,4099.0,4150.0,51.0,updated
ev_KO_DARE_.emsc_event_20230308_0000116,quakeml:eu.emsc/event/20230308_0000116,KO.DARE,4712.0,4620.0,-92.0,updated
ev_KO_GAZ_.emsc_event_20230307_0000293,quakeml:eu.emsc/event/20230307_0000293,KO.GAZ,4640.0,4600.0,-40.0,updated
ev_KO_SARI_.emsc_event_20230307_0000075,quakeml:eu.emsc/event/20230307_0000075,KO.SARI,5443.0,5510.0,67.0,updated
ev_KO_SARI_.emsc_event_20230305_0000134,quakeml:eu.emsc/event/20230305_0000134,KO.SARI,4190.0,,,no_emsc_pick
ev_KO_SARI_.emsc_event_20230308_0000148,quakeml:eu.emsc/event/20230308_0000148,KO.SARI,4296.0,,,no_emsc_pick
ev_KO_TAHT_.emsc_event_20230304_0000296,quakeml:eu.emsc/event/20230304_0000296,KO.TAHT,5056.0,5100.0,44.0,updated
ev_KO_SARI_.emsc_event_20230523_0000225,quakeml:eu.emsc/event/20230523_0000225,KO.SARI,4106.0,,,no_emsc_pick
ev_KO_YESY_.emsc_event_20230627_0000119,quakeml:eu.emsc/event/20230627_0000119,KO.YESY,5606.0,5730.0,124.0,updated
ev_KO_DARE_.emsc_event_20230717_0000039,quakeml:eu.emsc/event/20230717_0000039,KO.DARE,5026.0,,,no_emsc_pick
ev_KO_CEYT_.emsc_event_20230307_0000300,quakeml:eu.emsc/event/20230307_0000300,KO.CEYT,5697.0,5750.0,53.0,updated
ev_KO_DARE_.emsc_event_20230308_0000102,quakeml:eu.emsc/event/20230308_0000102,KO.DARE,4807.0,,,no_emsc_pick
ev_KO_GAZ_.emsc_event_20230307_0000287,quakeml:eu.emsc/event/20230307_0000287,KO.GAZ,5723.0,5730.0,7.0,updated
ev_KO_URFA_.emsc_event_20230301_0000098,quakeml:eu.emsc/event/20230301_0000098,KO.URFA,4461.0,4570.0,109.0,updated
ev_KO_SVRC_.emsc_event_20230729_0000144,quakeml:eu.emsc/event/20230729_0000144,KO.SVRC,5421.0,5420.0,-1.0,updated
ev_KO_URFA_.emsc_event_20230321_0000108,quakeml:eu.emsc/event/20230321_0000108,KO.URFA,5924.0,,,no_emsc_pick
ev_KO_BNN_.emsc_event_20230306_0000084,quakeml:eu.emsc/event/20230306_0000084,KO.BNN,5615.0,,,no_emsc_pick
ev_KO_DYBB_.emsc_event_20230208_0000410,quakeml:eu.emsc/event/20230208_0000410,KO.DYBB,5691.0,,,no_emsc_pick
ev_KO_SARI_.emsc_event_20230305_0000108,quakeml:eu.emsc/event/20230305_0000108,KO.SARI,5658.0,5700.0,42.0,updated
ev_KO_CEYT_.emsc_event_20230304_0000165,quakeml:eu.emsc/event/20230304_0000165,KO.CEYT,5489.0,,,no_emsc_pick
ev_KO_URFA_.emsc_event_20230305_0000232,quakeml:eu.emsc/event/20230305_0000232,KO.URFA,4991.0,4980.0,-11.0,updated
ev_KO_CEYT_.emsc_event_20230304_0000171,quakeml:eu.emsc/event/20230304_0000171,KO.CEYT,4670.0,,,no_emsc_pick
ev_KO_SVRC_.emsc_event_20230615_0000024,quakeml:eu.emsc/event/20230615_0000024,KO.SVRC,4440.0,4550.0,110.0,updated
ev_KO_SARI_.emsc_event_20230304_0000210,quakeml:eu.emsc/event/20230304_0000210,KO.SARI,5624.0,,,no_emsc_pick
ev_KO_DARE_.emsc_event_20230305_0000142,quakeml:eu.emsc/event/20230305_0000142,KO.DARE,4817.0,4920.0,103.0,updated
ev_KO_GAZ_.emsc_event_20230307_0000250,quakeml:eu.emsc/event/20230307_0000250,KO.GAZ,5233.0,5220.0,-13.0,updated
ev_KO_URFA_.emsc_event_20230306_0000080,quakeml:eu.emsc/event/20230306_0000080,KO.URFA,4336.0,4400.0,64.0,updated
ev_KO_KOZT_.emsc_event_20230307_0000118,quakeml:eu.emsc/event/20230307_0000118,KO.KOZT,4247.0,4370.0,123.0,updated
ev_KO_DARE_.emsc_event_20230215_0000201,quakeml:eu.emsc/event/20230215_0000201,KO.DARE,4660.0,4670.0,10.0,updated
ev_KO_URFA_.emsc_event_20230517_0000183,quakeml:eu.emsc/event/20230517_0000183,KO.URFA,5961.0,,,no_emsc_pick
ev_KO_URFA_.emsc_event_20230418_0000067,quakeml:eu.emsc/event/20230418_0000067,KO.URFA,5771.0,5840.0,69.0,updated
ev_KO_KOZT_.emsc_event_20230308_0000031,quakeml:eu.emsc/event/20230308_0000031,KO.KOZT,5445.0,5370.0,-75.0,updated
ev_KO_GAZ_.emsc_event_20230306_0000148,quakeml:eu.emsc/event/20230306_0000148,KO.GAZ,5346.0,5240.0,-106.0,updated
ev_KO_TAHT_.emsc_event_20230308_0000131,quakeml:eu.emsc/event/20230308_0000131,KO.TAHT,5295.0,5240.0,-55.0,updated
ev_KO_GAZ_.emsc_event_20230307_0000244,quakeml:eu.emsc/event/20230307_0000244,KO.GAZ,4990.0,5110.0,120.0,updated
ev_KO_SARI_.emsc_event_20230427_0000095,quakeml:eu.emsc/event/20230427_0000095,KO.SARI,5587.0,5670.0,83.0,updated
ev_KO_TAHT_.emsc_event_20230306_0000328,quakeml:eu.emsc/event/20230306_0000328,KO.TAHT,3418.0,3330.0,-88.0,updated
ev_KO_SARI_.emsc_event_20230219_0000107,quakeml:eu.emsc/event/20230219_0000107,KO.SARI,4158.0,4160.0,2.0,updated
ev_KO_KOZT_.emsc_event_20230307_0000124,quakeml:eu.emsc/event/20230307_0000124,KO.KOZT,5468.0,,,no_emsc_pick
ev_KO_GAZ_.emsc_event_20230306_0000160,quakeml:eu.emsc/event/20230306_0000160,KO.GAZ,5037.0,5070.0,33.0,updated
ev_KO_SVRC_.emsc_event_20230305_0000038,quakeml:eu.emsc/event/20230305_0000038,KO.SVRC,5365.0,5390.0,25.0,updated
ev_KO_KOZT_.emsc_event_20230307_0000130,quakeml:eu.emsc/event/20230307_0000130,KO.KOZT,5969.0,,,no_emsc_pick
ev_KO_GAZ_.emsc_event_20230307_0000278,quakeml:eu.emsc/event/20230307_0000278,KO.GAZ,4673.0,4790.0,117.0,updated
ev_KO_SARI_.emsc_event_20230520_0000097,quakeml:eu.emsc/event/20230520_0000097,KO.SARI,3652.0,,,no_emsc_pick
ev_KO_BNN_.emsc_event_20230306_0000053,quakeml:eu.emsc/event/20230306_0000053,KO.BNN,5384.0,5320.0,-64.0,updated
ev_KO_SVRC_.emsc_event_20230304_0000334,quakeml:eu.emsc/event/20230304_0000334,KO.SVRC,5395.0,5470.0,75.0,updated
ev_KO_KMRS_.emsc_event_20230308_0000135,quakeml:eu.emsc/event/20230308_0000135,KO.KMRS,3420.0,3500.0,80.0,updated
ev_KO_KMRS_.emsc_event_20230307_0000008,quakeml:eu.emsc/event/20230307_0000008,KO.KMRS,5243.0,5300.0,57.0,updated
ev_KO_SARI_.emsc_event_20230506_0000005,quakeml:eu.emsc/event/20230506_0000005,KO.SARI,4803.0,4730.0,-73.0,updated
ev_KO_SARI_.emsc_event_20230307_0000277,quakeml:eu.emsc/event/20230307_0000277,KO.SARI,4804.0,4930.0,126.0,updated
ev_KO_DARE_.emsc_event_20230306_0000125,quakeml:eu.emsc/event/20230306_0000125,KO.DARE,4568.0,4630.0,62.0,updated
ev_KO_CEYT_.emsc_event_20230305_0000057,quakeml:eu.emsc/event/20230305_0000057,KO.CEYT,5039.0,,,no_emsc_pick
ev_KO_CEYT_.emsc_event_20230305_0000043,quakeml:eu.emsc/event/20230305_0000043,KO.CEYT,4574.0,4630.0,56.0,updated
ev_KO_GAZ_.emsc_event_20230307_0000085,quakeml:eu.emsc/event/20230307_0000085,KO.GAZ,5852.0,5870.0,18.0,updated
ev_KO_KOZT_.emsc_event_20230304_0000180,quakeml:eu.emsc/event/20230304_0000180,KO.KOZT,4734.0,4780.0,46.0,updated
ev_KO_URFA_.emsc_event_20230306_0000255,quakeml:eu.emsc/event/20230306_0000255,KO.URFA,4931.0,4970.0,39.0,updated
ev_KO_KMRS_.emsc_event_20230304_0000251,quakeml:eu.emsc/event/20230304_0000251,KO.KMRS,3743.0,3800.0,57.0,updated
ev_KO_SARI_.emsc_event_20230307_0000263,quakeml:eu.emsc/event/20230307_0000263,KO.SARI,5246.0,5320.0,74.0,updated
ev_KO_DARE_.emsc_event_20230306_0000131,quakeml:eu.emsc/event/20230306_0000131,KO.DARE,5609.0,5790.0,181.0,updated
ev_KO_KMRS_.emsc_event_20230307_0000034,quakeml:eu.emsc/event/20230307_0000034,KO.KMRS,3385.0,3370.0,-15.0,updated
ev_KO_URFA_.emsc_event_20230305_0000030,quakeml:eu.emsc/event/20230305_0000030,KO.URFA,5658.0,5670.0,12.0,updated
ev_KO_MERS_.emsc_event_20230305_0000043,quakeml:eu.emsc/event/20230305_0000043,KO.MERS,5685.0,5790.0,105.0,updated
ev_KO_DARE_.emsc_event_20230307_0000215,quakeml:eu.emsc/event/20230307_0000215,KO.DARE,4768.0,4800.0,32.0,updated
ev_KO_BNN_.emsc_event_20230527_0000158,quakeml:eu.emsc/event/20230527_0000158,KO.BNN,4860.0,4870.0,10.0,updated
ev_KO_GULA_.emsc_event_20230515_0000156,quakeml:eu.emsc/event/20230515_0000156,KO.GULA,5848.0,,,no_emsc_pick
ev_KO_GAZ_.emsc_event_20230308_0000184,quakeml:eu.emsc/event/20230308_0000184,KO.GAZ,5649.0,,,no_emsc_pick
ev_KO_CEYT_.emsc_event_20230308_0000003,quakeml:eu.emsc/event/20230308_0000003,KO.CEYT,5035.0,5050.0,15.0,updated
ev_KO_URFA_.emsc_event_20230308_0000058,quakeml:eu.emsc/event/20230308_0000058,KO.URFA,4794.0,4930.0,136.0,updated
ev_KO_DARE_.emsc_event_20230419_0000219,quakeml:eu.emsc/event/20230419_0000219,KO.DARE,5579.0,5410.0,-169.0,updated
ev_KO_CEYT_.emsc_event_20230217_0000269,quakeml:eu.emsc/event/20230217_0000269,KO.CEYT,5260.0,5230.0,-30.0,updated
ev_KO_BNN_.emsc_event_20230521_0000270,quakeml:eu.emsc/event/20230521_0000270,KO.BNN,4920.0,5050.0,130.0,updated
ev_KO_TAHT_.emsc_event_20230304_0000057,quakeml:eu.emsc/event/20230304_0000057,KO.TAHT,5815.0,5830.0,15.0,updated
ev_KO_BNN_.emsc_event_20230305_0000034,quakeml:eu.emsc/event/20230305_0000034,KO.BNN,4828.0,4870.0,42.0,updated
ev_KO_CEYT_.emsc_event_20230305_0000094,quakeml:eu.emsc/event/20230305_0000094,KO.CEYT,4845.0,,,no_emsc_pick
ev_KO_DARE_.emsc_event_20230614_0000078,quakeml:eu.emsc/event/20230614_0000078,KO.DARE,5007.0,,,no_emsc_pick
ev_KO_DARE_.emsc_event_20230503_0000116,quakeml:eu.emsc/event/20230503_0000116,KO.DARE,5327.0,5380.0,53.0,updated
ev_KO_URFA_.emsc_event_20230306_0000282,quakeml:eu.emsc/event/20230306_0000282,KO.URFA,5689.0,5770.0,81.0,updated
ev_KO_KOZT_.emsc_event_20230304_0000157,quakeml:eu.emsc/event/20230304_0000157,KO.KOZT,4669.0,4710.0,41.0,updated
ev_KO_KMRS_.emsc_event_20230304_0000292,quakeml:eu.emsc/event/20230304_0000292,KO.KMRS,3234.0,3300.0,66.0,updated
ev_KO_GAZ_.emsc_event_20230307_0000046,quakeml:eu.emsc/event/20230307_0000046,KO.GAZ,4704.0,4760.0,56.0,updated
ev_KO_CEYT_.emsc_event_20230305_0000080,quakeml:eu.emsc/event/20230305_0000080,KO.CEYT,5036.0,,,no_emsc_pick
ev_KO_KOZT_.emsc_event_20230306_0000002,quakeml:eu.emsc/event/20230306_0000002,KO.KOZT,4095.0,4050.0,-45.0,updated
ev_KO_GAZ_.emsc_event_20230305_0000107,quakeml:eu.emsc/event/20230305_0000107,KO.GAZ,5669.0,,,no_emsc_pick
ev_KO_TAHT_.emsc_event_20230304_0000043,quakeml:eu.emsc/event/20230304_0000043,KO.TAHT,5846.0,5960.0,114.0,updated
ev_KO_URFA_.emsc_event_20230607_0000220,quakeml:eu.emsc/event/20230607_0000220,KO.URFA,5477.0,,,no_emsc_pick
ev_KO_BNN_.emsc_event_20230307_0000161,quakeml:eu.emsc/event/20230307_0000161,KO.BNN,5281.0,5310.0,29.0,updated
ev_KO_BNN_.emsc_event_20230308_0000074,quakeml:eu.emsc/event/20230308_0000074,KO.BNN,5467.0,,,no_emsc_pick
ev_KO_BNN_.emsc_event_20230305_0000008,quakeml:eu.emsc/event/20230305_0000008,KO.BNN,4832.0,4850.0,18.0,updated
ev_KO_KOZT_.emsc_event_20230307_0000326,quakeml:eu.emsc/event/20230307_0000326,KO.KOZT,5693.0,5740.0,47.0,updated
ev_KO_GAZ_.emsc_event_20230304_0000223,quakeml:eu.emsc/event/20230304_0000223,KO.GAZ,5009.0,5020.0,11.0,updated
ev_KO_BNN_.emsc_event_20230307_0000149,quakeml:eu.emsc/event/20230307_0000149,KO.BNN,3818.0,3620.0,-198.0,updated
ev_KO_SVRC_.emsc_event_20230308_0000252,quakeml:eu.emsc/event/20230308_0000252,KO.SVRC,4673.0,4730.0,57.0,updated
ev_KO_DARE_.emsc_event_20230510_0000002,quakeml:eu.emsc/event/20230510_0000002,KO.DARE,4105.0,4040.0,-65.0,updated
ev_KO_GAZ_.emsc_event_20230308_0000153,quakeml:eu.emsc/event/20230308_0000153,KO.GAZ,5404.0,,,no_emsc_pick
ev_KO_SARI_.emsc_event_20230306_0000184,quakeml:eu.emsc/event/20230306_0000184,KO.SARI,3716.0,3770.0,54.0,updated
ev_KO_GAZ_.emsc_event_20230308_0000147,quakeml:eu.emsc/event/20230308_0000147,KO.GAZ,4650.0,,,no_emsc_pick
ev_KO_DARE_.emsc_event_20230312_0000029,quakeml:eu.emsc/event/20230312_0000029,KO.DARE,4349.0,4310.0,-39.0,updated
ev_KO_DARE_.emsc_event_20230304_0000110,quakeml:eu.emsc/event/20230304_0000110,KO.DARE,5300.0,,,no_emsc_pick
ev_KO_CEYT_.emsc_event_20230312_0000289,quakeml:eu.emsc/event/20230312_0000289,KO.CEYT,5681.0,,,no_emsc_pick
ev_KO_KMRS_.emsc_event_20230308_0000041,quakeml:eu.emsc/event/20230308_0000041,KO.KMRS,4254.0,4170.0,-84.0,updated
ev_KO_TAHT_.emsc_event_20230421_0000071,quakeml:eu.emsc/event/20230421_0000071,KO.TAHT,5724.0,5780.0,56.0,updated
ev_KO_CEYT_.emsc_event_20230322_0000054,quakeml:eu.emsc/event/20230322_0000054,KO.CEYT,5185.0,,,no_emsc_pick
ev_KO_CEYT_.emsc_event_20230305_0000137,quakeml:eu.emsc/event/20230305_0000137,KO.CEYT,5054.0,5130.0,76.0,updated
ev_KO_DARE_.emsc_event_20230429_0000167,quakeml:eu.emsc/event/20230429_0000167,KO.DARE,4674.0,4690.0,16.0,updated
ev_KO_DARE_.emsc_event_20230306_0000045,quakeml:eu.emsc/event/20230306_0000045,KO.DARE,4656.0,,,no_emsc_pick
ev_KO_KMRS_.emsc_event_20230307_0000168,quakeml:eu.emsc/event/20230307_0000168,KO.KMRS,5451.0,5530.0,79.0,updated
ev_KO_GULA_.emsc_event_20230411_0000245,quakeml:eu.emsc/event/20230411_0000245,KO.GULA,5305.0,,,no_emsc_pick
ev_KO_DYBB_.emsc_event_20230313_0000003,quakeml:eu.emsc/event/20230313_0000003,KO.DYBB,5535.0,,,no_emsc_pick
ev_KO_SVRC_.emsc_event_20230304_0000095,quakeml:eu.emsc/event/20230304_0000095,KO.SVRC,4063.0,4100.0,37.0,updated
ev_KO_SVRC_.emsc_event_20230513_0000241,quakeml:eu.emsc/event/20230513_0000241,KO.SVRC,4235.0,4170.0,-65.0,updated
ev_KO_SVRC_.emsc_event_20230329_0000151,quakeml:eu.emsc/event/20230329_0000151,KO.SVRC,3880.0,4010.0,130.0,updated
ev_KO_URFA_.emsc_event_20230306_0000309,quakeml:eu.emsc/event/20230306_0000309,KO.URFA,5794.0,5910.0,116.0,updated
ev_KO_DARE_.emsc_event_20230403_0000044,quakeml:eu.emsc/event/20230403_0000044,KO.DARE,5224.0,5340.0,116.0,updated
ev_KO_DARE_.emsc_event_20230314_0000249,quakeml:eu.emsc/event/20230314_0000249,KO.DARE,5145.0,5270.0,125.0,updated
ev_KO_DARE_.emsc_event_20230308_0000248,quakeml:eu.emsc/event/20230308_0000248,KO.DARE,3281.0,3260.0,-21.0,updated
ev_KO_SARI_.emsc_event_20230308_0000216,quakeml:eu.emsc/event/20230308_0000216,KO.SARI,4186.0,4080.0,-106.0,updated
ev_KO_DARE_.emsc_event_20230212_0000147,quakeml:eu.emsc/event/20230212_0000147,KO.DARE,3940.0,3900.0,-40.0,updated
ev_KO_KMRS_.emsc_event_20230308_0000069,quakeml:eu.emsc/event/20230308_0000069,KO.KMRS,4409.0,4290.0,-119.0,updated
ev_KO_DYBB_.emsc_event_20230228_0000147,quakeml:eu.emsc/event/20230228_0000147,KO.DYBB,5201.0,,,no_emsc_pick
ev_KO_URFA_.emsc_event_20230325_0000003,quakeml:eu.emsc/event/20230325_0000003,KO.URFA,5763.0,5930.0,167.0,updated
ev_KO_SARI_.emsc_event_20230722_0000095,quakeml:eu.emsc/event/20230722_0000095,KO.SARI,4045.0,4000.0,-45.0,updated
ev_KO_SARI_.emsc_event_20230305_0000281,quakeml:eu.emsc/event/20230305_0000281,KO.SARI,4786.0,,,no_emsc_pick
ev_KO_KOZT_.emsc_event_20230306_0000162,quakeml:eu.emsc/event/20230306_0000162,KO.KOZT,5491.0,5450.0,-41.0,updated
ev_KO_GAZ_.emsc_event_20230305_0000067,quakeml:eu.emsc/event/20230305_0000067,KO.GAZ,4398.0,4450.0,52.0,updated
ev_KO_GAZ_.emsc_event_20230307_0000126,quakeml:eu.emsc/event/20230307_0000126,KO.GAZ,4514.0,4670.0,156.0,updated
ev_KO_KOZT_.emsc_event_20230304_0000023,quakeml:eu.emsc/event/20230304_0000023,KO.KOZT,4640.0,4610.0,-30.0,updated
ev_KO_DARE_.emsc_event_20230421_0000056,quakeml:eu.emsc/event/20230421_0000056,KO.DARE,3916.0,3930.0,14.0,updated
ev_KO_GAZ_.emsc_event_20230307_0000132,quakeml:eu.emsc/event/20230307_0000132,KO.GAZ,5817.0,5910.0,93.0,updated
ev_KO_GAZ_.emsc_event_20230305_0000073,quakeml:eu.emsc/event/20230305_0000073,KO.GAZ,4768.0,4670.0,-98.0,updated
ev_KO_KOZT_.emsc_event_20230306_0000176,quakeml:eu.emsc/event/20230306_0000176,KO.KOZT,4255.0,4340.0,85.0,updated
ev_KO_BNN_.emsc_event_20230306_0000319,quakeml:eu.emsc/event/20230306_0000319,KO.BNN,5336.0,5180.0,-156.0,updated
ev_KO_TAHT_.emsc_event_20230304_0000137,quakeml:eu.emsc/event/20230304_0000137,KO.TAHT,5579.0,5620.0,41.0,updated
ev_KO_SARI_.emsc_event_20230305_0000295,quakeml:eu.emsc/event/20230305_0000295,KO.SARI,3908.0,,,no_emsc_pick
ev_KO_BNN_.emsc_event_20230307_0000015,quakeml:eu.emsc/event/20230307_0000015,KO.BNN,5322.0,5260.0,-62.0,updated
ev_KO_TAHT_.emsc_event_20230306_0000076,quakeml:eu.emsc/event/20230306_0000076,KO.TAHT,5812.0,,,no_emsc_pick
ev_KO_BNN_.emsc_event_20230304_0000270,quakeml:eu.emsc/event/20230304_0000270,KO.BNN,5977.0,,,no_emsc_pick
ev_KO_GAZ_.emsc_event_20230308_0000027,quakeml:eu.emsc/event/20230308_0000027,KO.GAZ,4857.0,4930.0,73.0,updated
ev_KO_TAHT_.emsc_event_20230426_0000041,quakeml:eu.emsc/event/20230426_0000041,KO.TAHT,5103.0,5160.0,57.0,updated
ev_KO_SVRC_.emsc_event_20230306_0000103,quakeml:eu.emsc/event/20230306_0000103,KO.SVRC,5909.0,,,no_emsc_pick
ev_KO_BNN_.emsc_event_20230307_0000029,quakeml:eu.emsc/event/20230307_0000029,KO.BNN,5790.0,5860.0,70.0,updated
ev_KO_KOZT_.emsc_event_20230307_0000246,quakeml:eu.emsc/event/20230307_0000246,KO.KOZT,5454.0,5420.0,-34.0,updated
ev_KO_BNN_.emsc_event_20230329_0000149,quakeml:eu.emsc/event/20230329_0000149,KO.BNN,5517.0,5550.0,33.0,updated
ev_KO_BNN_.emsc_event_20230301_0000103,quakeml:eu.emsc/event/20230301_0000103,KO.BNN,5891.0,,,no_emsc_pick
ev_KO_TAHT_.emsc_event_20230308_0000092,quakeml:eu.emsc/event/20230308_0000092,KO.TAHT,5692.0,5750.0,58.0,updated
ev_KO_DARE_.emsc_event_20230308_0000062,quakeml:eu.emsc/event/20230308_0000062,KO.DARE,4203.0,4040.0,-163.0,updated
ev_KO_KMRS_.emsc_event_20230304_0000133,quakeml:eu.emsc/event/20230304_0000133,KO.KMRS,3177.0,3110.0,-67.0,updated
ev_KO_BNN_.emsc_event_20230614_0000052,quakeml:eu.emsc/event/20230614_0000052,KO.BNN,4824.0,4960.0,136.0,updated
ev_KO_MERS_.emsc_event_20230613_0000015,quakeml:eu.emsc/event/20230613_0000015,KO.MERS,5035.0,5090.0,55.0,updated
ev_KO_KOZT_.emsc_event_20230308_0000192,quakeml:eu.emsc/event/20230308_0000192,KO.KOZT,5417.0,5430.0,13.0,updated
ev_KO_KMRS_.emsc_event_20230308_0000257,quakeml:eu.emsc/event/20230308_0000257,KO.KMRS,5543.0,5620.0,77.0,updated
ev_KO_DARE_.emsc_event_20230304_0000306,quakeml:eu.emsc/event/20230304_0000306,KO.DARE,4046.0,,,no_emsc_pick
ev_KO_SARI_.emsc_event_20230307_0000115,quakeml:eu.emsc/event/20230307_0000115,KO.SARI,4340.0,,,no_emsc_pick
ev_KO_DARE_.emsc_event_20230308_0000076,quakeml:eu.emsc/event/20230308_0000076,KO.DARE,4911.0,,,no_emsc_pick
ev_KO_TAHT_.emsc_event_20230308_0000086,quakeml:eu.emsc/event/20230308_0000086,KO.TAHT,5361.0,5370.0,9.0,updated
ev_KO_KMRS_.emsc_event_20230304_0000127,quakeml:eu.emsc/event/20230304_0000127,KO.KMRS,5991.0,,,no_emsc_pick
ev_KO_CEYT_.emsc_event_20230208_0000390,quakeml:eu.emsc/event/20230208_0000390,KO.CEYT,5475.0,5490.0,15.0,updated
ev_KO_SARI_.emsc_event_20230306_0000219,quakeml:eu.emsc/event/20230306_0000219,KO.SARI,3920.0,4010.0,90.0,updated
ev_KO_URFA_.emsc_event_20230304_0000062,quakeml:eu.emsc/event/20230304_0000062,KO.URFA,5507.0,5520.0,13.0,updated
ev_KO_BNN_.emsc_event_20230619_0000012,quakeml:eu.emsc/event/20230619_0000012,KO.BNN,4853.0,,,no_emsc_pick
ev_KO_KOZT_.emsc_event_20230307_0000093,quakeml:eu.emsc/event/20230307_0000093,KO.KOZT,4287.0,4190.0,-97.0,updated
ev_KO_DARE_.emsc_event_20230405_0000191,quakeml:eu.emsc/event/20230405_0000191,KO.DARE,5084.0,5120.0,36.0,updated
ev_KO_GAZ_.emsc_event_20230304_0000182,quakeml:eu.emsc/event/20230304_0000182,KO.GAZ,4936.0,5090.0,154.0,updated
ev_KO_KOZT_.emsc_event_20230307_0000087,quakeml:eu.emsc/event/20230307_0000087,KO.KOZT,4734.0,4730.0,-4.0,updated
ev_KO_URFA_.emsc_event_20230515_0000149,quakeml:eu.emsc/event/20230515_0000149,KO.URFA,5776.0,5850.0,74.0,updated
ev_KO_SARI_.emsc_event_20230307_0000129,quakeml:eu.emsc/event/20230307_0000129,KO.SARI,4781.0,,,no_emsc_pick
ev_KO_SARI_.emsc_event_20230308_0000014,quakeml:eu.emsc/event/20230308_0000014,KO.SARI,5495.0,5500.0,5.0,updated
ev_KO_DARE_.emsc_event_20230307_0000177,quakeml:eu.emsc/event/20230307_0000177,KO.DARE,3986.0,3960.0,-26.0,updated
ev_KO_SARI_.emsc_event_20230601_0000150,quakeml:eu.emsc/event/20230601_0000150,KO.SARI,5606.0,,,no_emsc_pick
ev_KO_DARE_.emsc_event_20230305_0000036,quakeml:eu.emsc/event/20230305_0000036,KO.DARE,5253.0,5330.0,77.0,updated
ev_KO_KOZT_.emsc_event_20230304_0000221,quakeml:eu.emsc/event/20230304_0000221,KO.KOZT,4293.0,4360.0,67.0,updated
ev_KO_GAZ_.emsc_event_20230308_0000219,quakeml:eu.emsc/event/20230308_0000219,KO.GAZ,4163.0,3970.0,-193.0,updated
ev_KO_GAZ_.emsc_event_20230305_0000265,quakeml:eu.emsc/event/20230305_0000265,KO.GAZ,4718.0,4750.0,32.0,updated
ev_KO_TAHT_.emsc_event_20230521_0000269,quakeml:eu.emsc/event/20230521_0000269,KO.TAHT,5789.0,5840.0,51.0,updated
ev_KO_GAZ_.emsc_event_20230306_0000028,quakeml:eu.emsc/event/20230306_0000028,KO.GAZ,4853.0,4890.0,37.0,updated
ev_KO_CEYT_.emsc_event_20230312_0000048,quakeml:eu.emsc/event/20230312_0000048,KO.CEYT,5208.0,,,no_emsc_pick
ev_KO_GAZ_.emsc_event_20230304_0000169,quakeml:eu.emsc/event/20230304_0000169,KO.GAZ,4132.0,4230.0,98.0,updated
ev_KO_DARE_.emsc_event_20230520_0000195,quakeml:eu.emsc/event/20230520_0000195,KO.DARE,3476.0,,,no_emsc_pick
ev_KO_BNN_.emsc_event_20230307_0000203,quakeml:eu.emsc/event/20230307_0000203,KO.BNN,5197.0,5230.0,33.0,updated
ev_KO_DARE_.emsc_event_20230306_0000284,quakeml:eu.emsc/event/20230306_0000284,KO.DARE,4552.0,4640.0,88.0,updated
ev_KO_TAHT_.emsc_event_20230306_0000274,quakeml:eu.emsc/event/20230306_0000274,KO.TAHT,4259.0,4360.0,101.0,updated
ev_KO_SARI_.emsc_event_20230305_0000097,quakeml:eu.emsc/event/20230305_0000097,KO.SARI,5196.0,,,no_emsc_pick
ev_KO_BNN_.emsc_event_20230705_0000035,quakeml:eu.emsc/event/20230705_0000035,KO.BNN,5743.0,5810.0,67.0,updated
ev_KO_GAZ_.emsc_event_20230305_0000271,quakeml:eu.emsc/event/20230305_0000271,KO.GAZ,4893.0,4850.0,-43.0,updated
ev_KO_SVRC_.emsc_event_20230612_0000160,quakeml:eu.emsc/event/20230612_0000160,KO.SVRC,4578.0,4600.0,22.0,updated
ev_KO_BNN_.emsc_event_20230629_0000224,quakeml:eu.emsc/event/20230629_0000224,KO.BNN,5315.0,5430.0,115.0,updated
ev_KO_GAZ_.emsc_event_20230307_0000330,quakeml:eu.emsc/event/20230307_0000330,KO.GAZ,5076.0,,,no_emsc_pick
ev_KO_TAHT_.emsc_event_20230308_0000045,quakeml:eu.emsc/event/20230308_0000045,KO.TAHT,5390.0,5440.0,50.0,updated
ev_KO_SVRC_.emsc_event_20230304_0000254,quakeml:eu.emsc/event/20230304_0000254,KO.SVRC,5468.0,5430.0,-38.0,updated
ev_KO_TAHT_.emsc_event_20230305_0000011,quakeml:eu.emsc/event/20230305_0000011,KO.TAHT,5826.0,5750.0,-76.0,updated
ev_KO_KOZT_.emsc_event_20230307_0000050,quakeml:eu.emsc/event/20230307_0000050,KO.KOZT,5453.0,5510.0,57.0,updated
ev_KO_GAZ_.emsc_event_20230304_0000155,quakeml:eu.emsc/event/20230304_0000155,KO.GAZ,4942.0,5050.0,108.0,updated
ev_KO_KOZT_.emsc_event_20230308_0000179,quakeml:eu.emsc/event/20230308_0000179,KO.KOZT,4060.0,,,no_emsc_pick
ev_KO_TAHT_.emsc_event_20230304_0000309,quakeml:eu.emsc/event/20230304_0000309,KO.TAHT,5875.0,,,no_emsc_pick
ev_KO_SARI_.emsc_event_20230223_0000209,quakeml:eu.emsc/event/20230223_0000209,KO.SARI,3748.0,,,no_emsc_pick
ev_KO_DARE_.emsc_event_20230503_0000248,quakeml:eu.emsc/event/20230503_0000248,KO.DARE,5028.0,,,no_emsc_pick
ev_KO_GAZ_.emsc_event_20230308_0000231,quakeml:eu.emsc/event/20230308_0000231,KO.GAZ,3615.0,3690.0,75.0,updated
ev_KO_MERS_.emsc_event_20230510_0000061,quakeml:eu.emsc/event/20230510_0000061,KO.MERS,5862.0,,,no_emsc_pick
ev_KO_GAZ_.emsc_event_20230304_0000157,quakeml:eu.emsc/event/20230304_0000157,KO.GAZ,4982.0,5030.0,48.0,updated
ev_KO_DARE_.emsc_event_20230430_0000217,quakeml:eu.emsc/event/20230430_0000217,KO.DARE,5077.0,5090.0,13.0,updated
ev_KO_BNN_.emsc_event_20230306_0000131,quakeml:eu.emsc/event/20230306_0000131,KO.BNN,5199.0,5330.0,131.0,updated
ev_KO_TAHT_.emsc_event_20230307_0000146,quakeml:eu.emsc/event/20230307_0000146,KO.TAHT,3749.0,3730.0,-19.0,updated
ev_KO_DARE_.emsc_event_20230328_0000133,quakeml:eu.emsc/event/20230328_0000133,KO.DARE,4420.0,,,no_emsc_pick
ev_KO_SARI_.emsc_event_20230312_0000303,quakeml:eu.emsc/event/20230312_0000303,KO.SARI,4943.0,4990.0,47.0,updated
ev_KO_SVRC_.emsc_event_20230308_0000132,quakeml:eu.emsc/event/20230308_0000132,KO.SVRC,5784.0,5860.0,76.0,updated
ev_KO_KOZT_.emsc_event_20230307_0000046,quakeml:eu.emsc/event/20230307_0000046,KO.KOZT,5521.0,5580.0,59.0,updated
ev_KO_URFA_.emsc_event_20230311_0000274,quakeml:eu.emsc/event/20230311_0000274,KO.URFA,4571.0,4630.0,59.0,updated
ev_KO_URFA_.emsc_event_20230614_0000040,quakeml:eu.emsc/event/20230614_0000040,KO.URFA,4400.0,4380.0,-20.0,updated
ev_KO_GAZ_.emsc_event_20230306_0000002,quakeml:eu.emsc/event/20230306_0000002,KO.GAZ,5073.0,5090.0,17.0,updated
ev_KO_KMRS_.emsc_event_20230308_0000282,quakeml:eu.emsc/event/20230308_0000282,KO.KMRS,3685.0,3780.0,95.0,updated
ev_KO_DARE_.emsc_event_20230527_0000158,quakeml:eu.emsc/event/20230527_0000158,KO.DARE,5143.0,5250.0,107.0,updated
ev_KO_MERS_.emsc_event_20230222_0000266,quakeml:eu.emsc/event/20230222_0000266,KO.MERS,5692.0,5380.0,-312.0,updated
ev_KO_GAZ_.emsc_event_20230307_0000326,quakeml:eu.emsc/event/20230307_0000326,KO.GAZ,4307.0,4370.0,63.0,updated
ev_KO_KOZT_.emsc_event_20230308_0000147,quakeml:eu.emsc/event/20230308_0000147,KO.KOZT,5544.0,,,no_emsc_pick
ev_KO_TAHT_.emsc_event_20230306_0000276,quakeml:eu.emsc/event/20230306_0000276,KO.TAHT,5819.0,5870.0,51.0,updated
ev_KO_KMRS_.emsc_event_20230307_0000340,quakeml:eu.emsc/event/20230307_0000340,KO.KMRS,3941.0,3940.0,-1.0,updated
ev_KO_SARI_.emsc_event_20230803_0000049,quakeml:eu.emsc/event/20230803_0000049,KO.SARI,4197.0,4290.0,93.0,updated
ev_KO_TAHT_.emsc_event_20230527_0000157,quakeml:eu.emsc/event/20230527_0000157,KO.TAHT,4408.0,4490.0,82.0,updated
ev_KO_KMRS_.emsc_event_20230305_0000201,quakeml:eu.emsc/event/20230305_0000201,KO.KMRS,4418.0,4390.0,-28.0,updated
ev_KO_DARE_.emsc_event_20230307_0000161,quakeml:eu.emsc/event/20230307_0000161,KO.DARE,3500.0,3560.0,60.0,updated
ev_KO_DARE_.emsc_event_20230305_0000034,quakeml:eu.emsc/event/20230305_0000034,KO.DARE,5219.0,5210.0,-9.0,updated
ev_KO_DARE_.emsc_event_20230521_0000270,quakeml:eu.emsc/event/20230521_0000270,KO.DARE,5272.0,5420.0,148.0,updated
ev_KO_GAZ_.emsc_event_20230304_0000180,quakeml:eu.emsc/event/20230304_0000180,KO.GAZ,4531.0,,,no_emsc_pick
ev_KO_DARE_.emsc_event_20230304_0000310,quakeml:eu.emsc/event/20230304_0000310,KO.DARE,4719.0,4640.0,-79.0,updated
ev_KO_TAHT_.emsc_event_20230710_0000164,quakeml:eu.emsc/event/20230710_0000164,KO.TAHT,4213.0,4250.0,37.0,updated
ev_KO_DARE_.emsc_event_20230306_0000251,quakeml:eu.emsc/event/20230306_0000251,KO.DARE,4493.0,4550.0,57.0,updated
ev_KO_CEYT_.emsc_event_20230605_0000099,quakeml:eu.emsc/event/20230605_0000099,KO.CEYT,4952.0,4920.0,-32.0,updated
ev_KO_CEYT_.emsc_event_20230307_0000262,quakeml:eu.emsc/event/20230307_0000262,KO.CEYT,4879.0,4880.0,1.0,updated
ev_KO_KMRS_.emsc_event_20230304_0000131,quakeml:eu.emsc/event/20230304_0000131,KO.KMRS,4156.0,4210.0,54.0,updated
ev_KO_DARE_.emsc_event_20230305_0000008,quakeml:eu.emsc/event/20230305_0000008,KO.DARE,4549.0,,,no_emsc_pick
ev_KO_DARE_.emsc_event_20230308_0000074,quakeml:eu.emsc/event/20230308_0000074,KO.DARE,4357.0,,,no_emsc_pick
ev_KO_KOZT_.emsc_event_20230308_0000184,quakeml:eu.emsc/event/20230308_0000184,KO.KOZT,3821.0,3860.0,39.0,updated
ev_KO_DYBB_.emsc_event_20230423_0000151,quakeml:eu.emsc/event/20230423_0000151,KO.DYBB,4644.0,,,no_emsc_pick
ev_KO_URFA_.emsc_event_20230420_0000014,quakeml:eu.emsc/event/20230420_0000014,KO.URFA,4345.0,4420.0,75.0,updated
ev_KO_GULA_.emsc_event_20230421_0000071,quakeml:eu.emsc/event/20230421_0000071,KO.GULA,5912.0,,,no_emsc_pick
ev_KO_GAZ_.emsc_event_20230307_0000118,quakeml:eu.emsc/event/20230307_0000118,KO.GAZ,4426.0,4570.0,144.0,updated
ev_KO_KOZT_.emsc_event_20230307_0000250,quakeml:eu.emsc/event/20230307_0000250,KO.KOZT,5648.0,5660.0,12.0,updated
ev_KO_SARI_.emsc_event_20230702_0000113,quakeml:eu.emsc/event/20230702_0000113,KO.SARI,5986.0,,,no_emsc_pick
ev_KO_URFA_.emsc_event_20230305_0000185,quakeml:eu.emsc/event/20230305_0000185,KO.URFA,4753.0,4800.0,47.0,updated
ev_KO_GAZ_.emsc_event_20230306_0000214,quakeml:eu.emsc/event/20230306_0000214,KO.GAZ,5186.0,5270.0,84.0,updated
ev_KO_BNN_.emsc_event_20230308_0000116,quakeml:eu.emsc/event/20230308_0000116,KO.BNN,4996.0,4980.0,-16.0,updated
ev_KO_SARI_.emsc_event_20230702_0000107,quakeml:eu.emsc/event/20230702_0000107,KO.SARI,4427.0,4460.0,33.0,updated
ev_KO_URFA_.emsc_event_20230305_0000191,quakeml:eu.emsc/event/20230305_0000191,KO.URFA,5232.0,5240.0,8.0,updated
ev_KO_SVRC_.emsc_event_20230306_0000101,quakeml:eu.emsc/event/20230306_0000101,KO.SVRC,4025.0,4090.0,65.0,updated
ev_KO_TAHT_.emsc_event_20230305_0000205,quakeml:eu.emsc/event/20230305_0000205,KO.TAHT,5855.0,,,no_emsc_pick
ev_KO_KOZT_.emsc_event_20230306_0000148,quakeml:eu.emsc/event/20230306_0000148,KO.KOZT,5164.0,4950.0,-214.0,updated
ev_KO_GAZ_.emsc_event_20230307_0000124,quakeml:eu.emsc/event/20230307_0000124,KO.GAZ,4634.0,,,no_emsc_pick
ev_KO_KARA_.emsc_event_20230614_0000052,quakeml:eu.emsc/event/20230614_0000052,KO.KARA,5378.0,,,no_emsc_pick
ev_KO_SVRC_.emsc_event_20230304_0000068,quakeml:eu.emsc/event/20230304_0000068,KO.SVRC,4685.0,4630.0,-55.0,updated
ev_KO_KOZT_.emsc_event_20230306_0000160,quakeml:eu.emsc/event/20230306_0000160,KO.KOZT,4297.0,4280.0,-17.0,updated
ev_KO_TAHT_.emsc_event_20230304_0000121,quakeml:eu.emsc/event/20230304_0000121,KO.TAHT,5723.0,5680.0,-43.0,updated
ev_KO_BNN_.emsc_event_20230307_0000003,quakeml:eu.emsc/event/20230307_0000003,KO.BNN,4994.0,5070.0,76.0,updated
ev_KO_KOZT_.emsc_event_20230307_0000278,quakeml:eu.emsc/event/20230307_0000278,KO.KOZT,5814.0,5990.0,176.0,updated
ev_KO_DARE_.emsc_event_20230306_0000084,quakeml:eu.emsc/event/20230306_0000084,KO.DARE,4067.0,4020.0,-47.0,updated
ev_KO_KMRS_.emsc_event_20230308_0000094,quakeml:eu.emsc/event/20230308_0000094,KO.KMRS,5670.0,5810.0,140.0,updated
ev_KO_SARI_.emsc_event_20230621_0000217,quakeml:eu.emsc/event/20230621_0000217,KO.SARI,4615.0,,,no_emsc_pick
ev_KO_GAZ_.emsc_event_20230307_0000130,quakeml:eu.emsc/event/20230307_0000130,KO.GAZ,4703.0,4820.0,117.0,updated
ev_KO_TAHT_.emsc_event_20230305_0000239,quakeml:eu.emsc/event/20230305_0000239,KO.TAHT,5754.0,,,no_emsc_pick
ev_KO_BNN_.emsc_event_20230215_0000201,quakeml:eu.emsc/event/20230215_0000201,KO.BNN,4772.0,4690.0,-82.0,updated
ev_KO_SARI_.emsc_event_20230308_0000200,quakeml:eu.emsc/event/20230308_0000200,KO.SARI,5106.0,5120.0,14.0,updated
ev_KO_KOZT_.emsc_event_20230307_0000293,quakeml:eu.emsc/event/20230307_0000293,KO.KOZT,4384.0,4380.0,-4.0,updated
ev_KO_MERS_.emsc_event_20230305_0000121,quakeml:eu.emsc/event/20230305_0000121,KO.MERS,5710.0,5770.0,60.0,updated
ev_KO_SARI_.emsc_event_20230306_0000025,quakeml:eu.emsc/event/20230306_0000025,KO.SARI,5537.0,5600.0,63.0,updated
ev_KO_TAHT_.emsc_event_20230313_0000260,quakeml:eu.emsc/event/20230313_0000260,KO.TAHT,5890.0,5930.0,40.0,updated
ev_KO_CEYT_.emsc_event_20230305_0000121,quakeml:eu.emsc/event/20230305_0000121,KO.CEYT,4984.0,5010.0,26.0,updated
ev_KO_SARI_.emsc_event_20230309_0000130,quakeml:eu.emsc/event/20230309_0000130,KO.SARI,4019.0,4060.0,41.0,updated
ev_KO_KMRS_.emsc_event_20230304_0000333,quakeml:eu.emsc/event/20230304_0000333,KO.KMRS,3716.0,3570.0,-146.0,updated
ev_KO_SARI_.emsc_event_20230707_0000062,quakeml:eu.emsc/event/20230707_0000062,KO.SARI,5185.0,5176.0,-9.0,updated
ev_KO_DARE_.emsc_event_20230306_0000053,quakeml:eu.emsc/event/20230306_0000053,KO.DARE,5581.0,5610.0,29.0,updated
ev_KO_DARE_.emsc_event_20230304_0000112,quakeml:eu.emsc/event/20230304_0000112,KO.DARE,5211.0,5310.0,99.0,updated
ev_KO_KMRS_.emsc_event_20230304_0000327,quakeml:eu.emsc/event/20230304_0000327,KO.KMRS,4336.0,4250.0,-86.0,updated
ev_KO_URFA_.emsc_event_20230323_0000315,quakeml:eu.emsc/event/20230323_0000315,KO.URFA,4439.0,4490.0,51.0,updated
ev_KO_SARI_.emsc_event_20230306_0000019,quakeml:eu.emsc/event/20230306_0000019,KO.SARI,4510.0,4640.0,130.0,updated
ev_KO_URFA_.emsc_event_20230304_0000262,quakeml:eu.emsc/event/20230304_0000262,KO.URFA,4215.0,4270.0,55.0,updated
ev_KO_CEYT_.emsc_event_20230308_0000149,quakeml:eu.emsc/event/20230308_0000149,KO.CEYT,5131.0,5270.0,139.0,updated
ev_KO_SARI_.emsc_event_20230306_0000186,quakeml:eu.emsc/event/20230306_0000186,KO.SARI,3941.0,,,no_emsc_pick
ev_KO_KOZT_.emsc_event_20230306_0000028,quakeml:eu.emsc/event/20230306_0000028,KO.KOZT,4438.0,4480.0,42.0,updated
ev_KO_KOZT_.emsc_event_20230304_0000169,quakeml:eu.emsc/event/20230304_0000169,KO.KOZT,4556.0,4580.0,24.0,updated
ev_KO_BNN_.emsc_event_20230304_0000306,quakeml:eu.emsc/event/20230304_0000306,KO.BNN,5994.0,,,no_emsc_pick
ev_KO_SVRC_.emsc_event_20230308_0000250,quakeml:eu.emsc/event/20230308_0000250,KO.SVRC,5661.0,5820.0,159.0,updated
ev_KO_GAZ_.emsc_event_20230304_0000221,quakeml:eu.emsc/event/20230304_0000221,KO.GAZ,4589.0,4660.0,71.0,updated
ev_KO_BNN_.emsc_event_20230308_0000076,quakeml:eu.emsc/event/20230308_0000076,KO.BNN,5158.0,5260.0,102.0,updated
ev_KO_GULA_.emsc_event_20230513_0000240,quakeml:eu.emsc/event/20230513_0000240,KO.GULA,5836.0,5850.0,14.0,updated
ev_KO_KOZT_.emsc_event_20230308_0000219,quakeml:eu.emsc/event/20230308_0000219,KO.KOZT,4627.0,4390.0,-237.0,updated
ev_KO_KOZT_.emsc_event_20230305_0000265,quakeml:eu.emsc/event/20230305_0000265,KO.KOZT,5658.0,5740.0,82.0,updated
ev_KO_DARE_.emsc_event_20230301_0000103,quakeml:eu.emsc/event/20230301_0000103,KO.DARE,4178.0,4200.0,22.0,updated
ev_KO_KOZT_.emsc_event_20230305_0000271,quakeml:eu.emsc/event/20230305_0000271,KO.KOZT,5728.0,5750.0,22.0,updated
ev_KO_SVRC_.emsc_event_20230305_0000238,quakeml:eu.emsc/event/20230305_0000238,KO.SVRC,5936.0,,,no_emsc_pick
ev_KO_SVRC_.emsc_event_20230308_0000244,quakeml:eu.emsc/event/20230308_0000244,KO.SVRC,4468.0,4580.0,112.0,updated
ev_KO_KOZT_.emsc_event_20230307_0000330,quakeml:eu.emsc/event/20230307_0000330,KO.KOZT,5215.0,,,no_emsc_pick
ev_KO_DARE_.emsc_event_20230329_0000149,quakeml:eu.emsc/event/20230329_0000149,KO.DARE,3798.0,3710.0,-88.0,updated
ev_KO_CEYT_.emsc_event_20230320_0000088,quakeml:eu.emsc/event/20230320_0000088,KO.CEYT,5081.0,5190.0,109.0,updated
ev_KO_DARE_.emsc_event_20230614_0000052,quakeml:eu.emsc/event/20230614_0000052,KO.DARE,5074.0,5230.0,156.0,updated
ev_KO_KOZT_.emsc_event_20230304_0000155,quakeml:eu.emsc/event/20230304_0000155,KO.KOZT,5121.0,5260.0,139.0,updated
ev_KO_SVRC_.emsc_event_20230411_0000250,quakeml:eu.emsc/event/20230411_0000250,KO.SVRC,5747.0,5700.0,-47.0,updated
ev_KO_GAZ_.emsc_event_20230305_0000111,quakeml:eu.emsc/event/20230305_0000111,KO.GAZ,5842.0,5940.0,98.0,updated
ev_KO_CEYT_.emsc_event_20230305_0000096,quakeml:eu.emsc/event/20230305_0000096,KO.CEYT,4937.0,5050.0,113.0,updated
ev_KO_BNN_.emsc_event_20230305_0000036,quakeml:eu.emsc/event/20230305_0000036,KO.BNN,4860.0,4900.0,40.0,updated
ev_KO_TAHT_.emsc_event_20230304_0000055,quakeml:eu.emsc/event/20230304_0000055,KO.TAHT,5898.0,5850.0,-48.0,updated
ev_KO_BNN_.emsc_event_20230307_0000177,quakeml:eu.emsc/event/20230307_0000177,KO.BNN,5458.0,5460.0,2.0,updated
ev_KO_SVRC_.emsc_event_20230308_0000278,quakeml:eu.emsc/event/20230308_0000278,KO.SVRC,5590.0,5600.0,10.0,updated
ev_KO_KOZT_.emsc_event_20230308_0000231,quakeml:eu.emsc/event/20230308_0000231,KO.KOZT,4954.0,4980.0,26.0,updated
ev_KO_GAZ_.emsc_event_20230308_0000179,quakeml:eu.emsc/event/20230308_0000179,KO.GAZ,4237.0,,,no_emsc_pick
ev_KO_BNN_.emsc_event_20230317_0000206,quakeml:eu.emsc/event/20230317_0000206,KO.BNN,4655.0,4740.0,85.0,updated
ev_KO_URFA_.emsc_event_20230306_0000294,quakeml:eu.emsc/event/20230306_0000294,KO.URFA,5911.0,5960.0,49.0,updated
ev_KO_DARE_.emsc_event_20230705_0000035,quakeml:eu.emsc/event/20230705_0000035,KO.DARE,4274.0,4220.0,-54.0,updated
ev_KO_CEYT_.emsc_event_20230308_0000015,quakeml:eu.emsc/event/20230308_0000015,KO.CEYT,5502.0,5630.0,128.0,updated
ev_KO_SARI_.emsc_event_20230306_0000145,quakeml:eu.emsc/event/20230306_0000145,KO.SARI,5761.0,,,no_emsc_pick
ev_KO_SARI_.emsc_event_20230613_0000014,quakeml:eu.emsc/event/20230613_0000014,KO.SARI,5366.0,,,no_emsc_pick
ev_KO_SARI_.emsc_event_20230722_0000108,quakeml:eu.emsc/event/20230722_0000108,KO.SARI,4107.0,4130.0,23.0,updated
ev_KO_CEYT_.emsc_event_20230306_0000230,quakeml:eu.emsc/event/20230306_0000230,KO.CEYT,4801.0,4860.0,59.0,updated
ev_KO_MERS_.emsc_event_20230227_0000075,quakeml:eu.emsc/event/20230227_0000075,KO.MERS,5478.0,5490.0,12.0,updated
ev_KO_DARE_.emsc_event_20230707_0000160,quakeml:eu.emsc/event/20230707_0000160,KO.DARE,3246.0,3141.0,-105.0,updated
ev_KO_SARI_.emsc_event_20230306_0000151,quakeml:eu.emsc/event/20230306_0000151,KO.SARI,5869.0,,,no_emsc_pick
ev_KO_DARE_.emsc_event_20230307_0000203,quakeml:eu.emsc/event/20230307_0000203,KO.DARE,4896.0,4950.0,54.0,updated
ev_KO_GULA_.emsc_event_20230429_0000020,quakeml:eu.emsc/event/20230429_0000020,KO.GULA,5993.0,,,no_emsc_pick
ev_KO_SARI_.emsc_event_20230206_0000188,quakeml:eu.emsc/event/20230206_0000188,KO.SARI,5619.0,,,no_emsc_pick
ev_KO_CEYT_.emsc_event_20230305_0000055,quakeml:eu.emsc/event/20230305_0000055,KO.CEYT,4850.0,,,no_emsc_pick
ev_KO_URFA_.emsc_event_20230304_0000302,quakeml:eu.emsc/event/20230304_0000302,KO.URFA,4635.0,,,no_emsc_pick
ev_KO_CEYT_.emsc_event_20230307_0000114,quakeml:eu.emsc/event/20230307_0000114,KO.CEYT,4818.0,4910.0,92.0,updated
ev_KO_MERS_.emsc_event_20230306_0000230,quakeml:eu.emsc/event/20230306_0000230,KO.MERS,5717.0,5770.0,53.0,updated
ev_KO_CEYT_.emsc_event_20230227_0000075,quakeml:eu.emsc/event/20230227_0000075,KO.CEYT,4555.0,4650.0,95.0,updated
ev_KO_GAZ_.emsc_event_20230307_0000093,quakeml:eu.emsc/event/20230307_0000093,KO.GAZ,4988.0,5000.0,12.0,updated
ev_KO_DARE_.emsc_event_20230306_0000127,quakeml:eu.emsc/event/20230306_0000127,KO.DARE,4459.0,4530.0,71.0,updated
ev_KO_BNN_.emsc_event_20230503_0000248,quakeml:eu.emsc/event/20230503_0000248,KO.BNN,4827.0,4870.0,43.0,updated
ev_KO_TAHT_.emsc_event_20230304_0000096,quakeml:eu.emsc/event/20230304_0000096,KO.TAHT,5820.0,,,no_emsc_pick
ev_KO_URFA_.emsc_event_20230308_0000066,quakeml:eu.emsc/event/20230308_0000066,KO.URFA,4828.0,4980.0,152.0,updated
ev_KO_SVRC_.emsc_event_20230422_0000217,quakeml:eu.emsc/event/20230422_0000217,KO.SVRC,3284.0,3320.0,36.0,updated
ev_KO_URFA_.emsc_event_20230306_0000257,quakeml:eu.emsc/event/20230306_0000257,KO.URFA,5362.0,5420.0,58.0,updated
ev_KO_KOZT_.emsc_event_20230304_0000182,quakeml:eu.emsc/event/20230304_0000182,KO.KOZT,4673.0,4740.0,67.0,updated
ev_KO_GAZ_.emsc_event_20230307_0000087,quakeml:eu.emsc/event/20230307_0000087,KO.GAZ,3606.0,3680.0,74.0,updated
ev_KO_CEYT_.emsc_event_20230305_0000041,quakeml:eu.emsc/event/20230305_0000041,KO.CEYT,5004.0,5120.0,116.0,updated
ev_KO_KMRS_.emsc_event_20230306_0000312,quakeml:eu.emsc/event/20230306_0000312,KO.KMRS,3674.0,3730.0,56.0,updated
ev_KO_KOZT_.emsc_event_20230305_0000067,quakeml:eu.emsc/event/20230305_0000067,KO.KOZT,5730.0,5800.0,70.0,updated
ev_KO_DARE_.emsc_event_20230420_0000006,quakeml:eu.emsc/event/20230420_0000006,KO.DARE,5231.0,,,no_emsc_pick
ev_KO_KOZT_.emsc_event_20230307_0000126,quakeml:eu.emsc/event/20230307_0000126,KO.KOZT,4726.0,4810.0,84.0,updated
ev_KO_GAZ_.emsc_event_20230304_0000023,quakeml:eu.emsc/event/20230304_0000023,KO.GAZ,3601.0,3610.0,9.0,updated
ev_KO_SARI_.emsc_event_20230307_0000088,quakeml:eu.emsc/event/20230307_0000088,KO.SARI,4195.0,4230.0,35.0,updated
ev_KO_DARE_.emsc_event_20230305_0000197,quakeml:eu.emsc/event/20230305_0000197,KO.DARE,4887.0,5020.0,133.0,updated
ev_KO_TAHT_.emsc_event_20230307_0000026,quakeml:eu.emsc/event/20230307_0000026,KO.TAHT,3806.0,3870.0,64.0,updated
ev_KO_SVRC_.emsc_event_20230304_0000336,quakeml:eu.emsc/event/20230304_0000336,KO.SVRC,5253.0,5320.0,67.0,updated
ev_KO_TAHT_.emsc_event_20230424_0000260,quakeml:eu.emsc/event/20230424_0000260,KO.TAHT,5673.0,5760.0,87.0,updated
ev_KO_BNN_.emsc_event_20230304_0000110,quakeml:eu.emsc/event/20230304_0000110,KO.BNN,5518.0,,,no_emsc_pick
ev_KO_URFA_.emsc_event_20230311_0000300,quakeml:eu.emsc/event/20230311_0000300,KO.URFA,5114.0,5160.0,46.0,updated
ev_KO_KOZT_.emsc_event_20230307_0000132,quakeml:eu.emsc/event/20230307_0000132,KO.KOZT,5516.0,5570.0,54.0,updated
ev_KO_KARA_.emsc_event_20230527_0000158,quakeml:eu.emsc/event/20230527_0000158,KO.KARA,5308.0,5350.0,42.0,updated
ev_KO_KOZT_.emsc_event_20230305_0000073,quakeml:eu.emsc/event/20230305_0000073,KO.KOZT,3563.0,3330.0,-233.0,updated
ev_KO_GAZ_.emsc_event_20230306_0000176,quakeml:eu.emsc/event/20230306_0000176,KO.GAZ,5326.0,5450.0,124.0,updated
ev_KO_CEYT_.emsc_event_20230304_0000198,quakeml:eu.emsc/event/20230304_0000198,KO.CEYT,4962.0,4970.0,8.0,updated
ev_KO_KOZT_.emsc_event_20230308_0000027,quakeml:eu.emsc/event/20230308_0000027,KO.KOZT,4378.0,4470.0,92.0,updated
ev_KO_BNN_.emsc_event_20230308_0000248,quakeml:eu.emsc/event/20230308_0000248,KO.BNN,5604.0,5590.0,-14.0,updated
ev_KO_DARE_.emsc_event_20230605_0000211,quakeml:eu.emsc/event/20230605_0000211,KO.DARE,3934.0,3850.0,-84.0,updated
ev_KO_URFA_.emsc_event_20230306_0000082,quakeml:eu.emsc/event/20230306_0000082,KO.URFA,5564.0,5620.0,56.0,updated
ev_KO_KMRS_.emsc_event_20230304_0000092,quakeml:eu.emsc/event/20230304_0000092,KO.KMRS,4229.0,4310.0,81.0,updated
ev_KO_URFA_.emsc_event_20230223_0000079,quakeml:eu.emsc/event/20230223_0000079,KO.URFA,5507.0,5510.0,3.0,updated
ev_KO_SARI_.emsc_event_20230511_0000178,quakeml:eu.emsc/event/20230511_0000178,KO.SARI,4063.0,4110.0,47.0,updated
ev_KO_BNN_.emsc_event_20230314_0000249,quakeml:eu.emsc/event/20230314_0000249,KO.BNN,4836.0,4960.0,124.0,updated
ev_KO_TAHT_.emsc_event_20230306_0000302,quakeml:eu.emsc/event/20230306_0000302,KO.TAHT,5473.0,5570.0,97.0,updated
ev_KO_KMRS_.emsc_event_20230307_0000234,quakeml:eu.emsc/event/20230307_0000234,KO.KMRS,4296.0,4400.0,104.0,updated
ev_KO_URFA_.emsc_event_20230305_0000230,quakeml:eu.emsc/event/20230305_0000230,KO.URFA,4149.0,4190.0,41.0,updated
ev_KO_DARE_.emsc_event_20230306_0000319,quakeml:eu.emsc/event/20230306_0000319,KO.DARE,3478.0,3440.0,-38.0,updated
ev_KO_CEYT_.emsc_event_20230306_0000026,quakeml:eu.emsc/event/20230306_0000026,KO.CEYT,5816.0,,,no_emsc_pick
ev_KO_DARE_.emsc_event_20230307_0000015,quakeml:eu.emsc/event/20230307_0000015,KO.DARE,3464.0,3430.0,-34.0,updated
ev_KO_URFA_.emsc_event_20230318_0000129,quakeml:eu.emsc/event/20230318_0000129,KO.URFA,4435.0,4510.0,75.0,updated
ev_KO_KMRS_.emsc_event_20230304_0000079,quakeml:eu.emsc/event/20230304_0000079,KO.KMRS,3519.0,3620.0,101.0,updated
ev_KO_SVRC_.emsc_event_20230729_0000146,quakeml:eu.emsc/event/20230729_0000146,KO.SVRC,4433.0,4450.0,17.0,updated
ev_KO_URFA_.emsc_event_20230306_0000069,quakeml:eu.emsc/event/20230306_0000069,KO.URFA,4651.0,4660.0,9.0,updated
ev_KO_CEYT_.emsc_event_20230306_0000032,quakeml:eu.emsc/event/20230306_0000032,KO.CEYT,4676.0,4540.0,-136.0,updated
ev_KO_KMRS_.emsc_event_20230307_0000220,quakeml:eu.emsc/event/20230307_0000220,KO.KMRS,5856.0,5880.0,24.0,updated
ev_KO_URFA_.emsc_event_20230308_0000258,quakeml:eu.emsc/event/20230308_0000258,KO.URFA,5568.0,5540.0,-28.0,updated
ev_KO_SVRC_.emsc_event_20230607_0000202,quakeml:eu.emsc/event/20230607_0000202,KO.SVRC,5505.0,5550.0,45.0,updated
ev_KO_CEYT_.emsc_event_20230304_0000173,quakeml:eu.emsc/event/20230304_0000173,KO.CEYT,5606.0,5670.0,64.0,updated
ev_KO_SARI_.emsc_event_20230801_0000068,quakeml:eu.emsc/event/20230801_0000068,KO.SARI,3805.0,3890.0,85.0,updated
ev_KO_SARI_.emsc_event_20230305_0000136,quakeml:eu.emsc/event/20230305_0000136,KO.SARI,5112.0,5160.0,48.0,updated
ev_KO_SARI_.emsc_event_20230307_0000077,quakeml:eu.emsc/event/20230307_0000077,KO.SARI,5798.0,,,no_emsc_pick
ev_KO_KARA_.emsc_event_20230521_0000270,quakeml:eu.emsc/event/20230521_0000270,KO.KARA,5179.0,5240.0,61.0,updated
ev_KO_URFA_.emsc_event_20230306_0000041,quakeml:eu.emsc/event/20230306_0000041,KO.URFA,5049.0,5000.0,-49.0,updated
ev_KO_MERS_.emsc_event_20230306_0000032,quakeml:eu.emsc/event/20230306_0000032,KO.MERS,5555.0,5380.0,-175.0,updated
ev_KO_DARE_.emsc_event_20230307_0000029,quakeml:eu.emsc/event/20230307_0000029,KO.DARE,4060.0,4060.0,0.0,updated
ev_KO_TAHT_.emsc_event_20230325_0000034,quakeml:eu.emsc/event/20230325_0000034,KO.TAHT,5462.0,5600.0,138.0,updated
ev_KO_URFA_.emsc_event_20230304_0000114,quakeml:eu.emsc/event/20230304_0000114,KO.URFA,5735.0,5800.0,65.0,updated
ev_KO_SARI_.emsc_event_20230321_0000218,quakeml:eu.emsc/event/20230321_0000218,KO.SARI,5005.0,,,no_emsc_pick
ev_KO_GAZ_.emsc_event_20230307_0000285,quakeml:eu.emsc/event/20230307_0000285,KO.GAZ,5345.0,5320.0,-25.0,updated
ev_KO_URFA_.emsc_event_20230517_0000142,quakeml:eu.emsc/event/20230517_0000142,KO.URFA,4716.0,,,no_emsc_pick
ev_KO_DARE_.emsc_event_20230304_0000270,quakeml:eu.emsc/event/20230304_0000270,KO.DARE,3931.0,3980.0,49.0,updated
ev_KO_GAZ_.emsc_event_20230307_0000284,quakeml:eu.emsc/event/20230307_0000284,KO.GAZ,4920.0,4920.0,0.0,updated
ev_KO_MERS_.emsc_event_20230304_0000166,quakeml:eu.emsc/event/20230304_0000166,KO.MERS,5711.0,5810.0,99.0,updated
ev_KO_TAHT_.emsc_event_20230304_0000281,quakeml:eu.emsc/event/20230304_0000281,KO.TAHT,5811.0,5870.0,59.0,updated
ev_KO_GAZ_.emsc_event_20230306_0000188,quakeml:eu.emsc/event/20230306_0000188,KO.GAZ,4927.0,4970.0,43.0,updated
ev_KO_DARE_.emsc_event_20230624_0000073,quakeml:eu.emsc/event/20230624_0000073,KO.DARE,4051.0,4000.0,-51.0,updated
ev_KO_DARE_.emsc_event_20230306_0000330,quakeml:eu.emsc/event/20230306_0000330,KO.DARE,5066.0,5080.0,14.0,updated
ev_KO_SARI_.emsc_event_20230307_0000076,quakeml:eu.emsc/event/20230307_0000076,KO.SARI,5647.0,5720.0,73.0,updated
ev_KO_SARI_.emsc_event_20230305_0000137,quakeml:eu.emsc/event/20230305_0000137,KO.SARI,3981.0,4110.0,129.0,updated
ev_KO_KMRS_.emsc_event_20230306_0000105,quakeml:eu.emsc/event/20230306_0000105,KO.KMRS,5724.0,,,no_emsc_pick
ev_KO_MERS_.emsc_event_20230306_0000033,quakeml:eu.emsc/event/20230306_0000033,KO.MERS,5446.0,5390.0,-56.0,updated
ev_KO_KMRS_.emsc_event_20230304_0000044,quakeml:eu.emsc/event/20230304_0000044,KO.KMRS,3612.0,3660.0,48.0,updated
ev_KO_DARE_.emsc_event_20230305_0000141,quakeml:eu.emsc/event/20230305_0000141,KO.DARE,5106.0,5140.0,34.0,updated
ev_KO_SVRC_.emsc_event_20230308_0000084,quakeml:eu.emsc/event/20230308_0000084,KO.SVRC,4680.0,,,no_emsc_pick
ev_KO_DARE_.emsc_event_20230525_0000187,quakeml:eu.emsc/event/20230525_0000187,KO.DARE,3898.0,3870.0,-28.0,updated
ev_KO_URFA_.emsc_event_20230313_0000283,quakeml:eu.emsc/event/20230313_0000283,KO.URFA,5059.0,5130.0,71.0,updated
ev_KO_CEYT_.emsc_event_20230306_0000033,quakeml:eu.emsc/event/20230306_0000033,KO.CEYT,4606.0,4530.0,-76.0,updated
ev_KO_DARE_.emsc_event_20230306_0000318,quakeml:eu.emsc/event/20230306_0000318,KO.DARE,5799.0,5870.0,71.0,updated
ev_KO_CEYT_.emsc_event_20230304_0000166,quakeml:eu.emsc/event/20230304_0000166,KO.CEYT,4546.0,4590.0,44.0,updated
ev_KO_DARE_.emsc_event_20230525_0000193,quakeml:eu.emsc/event/20230525_0000193,KO.DARE,5239.0,5320.0,81.0,updated
ev_KO_KMRS_.emsc_event_20230304_0000078,quakeml:eu.emsc/event/20230304_0000078,KO.KMRS,5596.0,5670.0,74.0,updated
ev_KO_SARI_.emsc_event_20230304_0000207,quakeml:eu.emsc/event/20230304_0000207,KO.SARI,5519.0,5580.0,61.0,updated
ev_KO_CEYT_.emsc_event_20230308_0000216,quakeml:eu.emsc/event/20230308_0000216,KO.CEYT,5021.0,,,no_emsc_pick
ev_KO_CEYT_.emsc_event_20230722_0000095,quakeml:eu.emsc/event/20230722_0000095,KO.CEYT,4841.0,4830.0,-11.0,updated
ev_KO_GAZ_.emsc_event_20230305_0000306,quakeml:eu.emsc/event/20230305_0000306,KO.GAZ,4863.0,4910.0,47.0,updated
ev_KO_KOZT_.emsc_event_20230306_0000203,quakeml:eu.emsc/event/20230306_0000203,KO.KOZT,4751.0,4760.0,9.0,updated
ev_KO_TAHT_.emsc_event_20230308_0000132,quakeml:eu.emsc/event/20230308_0000132,KO.TAHT,5866.0,5950.0,84.0,updated
ev_KO_BNN_.emsc_event_20230212_0000152,quakeml:eu.emsc/event/20230212_0000152,KO.BNN,5960.0,,,no_emsc_pick
ev_KO_SARI_.emsc_event_20230511_0000179,quakeml:eu.emsc/event/20230511_0000179,KO.SARI,4875.0,4950.0,75.0,updated
ev_KO_GAZ_.emsc_event_20230307_0000247,quakeml:eu.emsc/event/20230307_0000247,KO.GAZ,5188.0,5220.0,32.0,updated
ev_KO_SVRC_.emsc_event_20230305_0000007,quakeml:eu.emsc/event/20230305_0000007,KO.SVRC,4195.0,4260.0,65.0,updated
ev_KO_TAHT_.emsc_event_20230306_0000303,quakeml:eu.emsc/event/20230306_0000303,KO.TAHT,3499.0,3280.0,-219.0,updated
ev_KO_CEYT_.emsc_event_20230324_0000021,quakeml:eu.emsc/event/20230324_0000021,KO.CEYT,5877.0,5890.0,13.0,updated
ev_KO_SARI_.emsc_event_20230719_0000282,quakeml:eu.emsc/event/20230719_0000282,KO.SARI,5716.0,5800.0,84.0,updated
ev_KO_TAHT_.emsc_event_20230306_0000317,quakeml:eu.emsc/event/20230306_0000317,KO.TAHT,3470.0,3520.0,50.0,updated
ev_KO_GAZ_.emsc_event_20230307_0000253,quakeml:eu.emsc/event/20230307_0000253,KO.GAZ,5598.0,5760.0,162.0,updated
ev_KO_BNN_.emsc_event_20230306_0000078,quakeml:eu.emsc/event/20230306_0000078,KO.BNN,5035.0,5020.0,-15.0,updated
ev_KO_CEYT_.emsc_event_20230305_0000295,quakeml:eu.emsc/event/20230305_0000295,KO.CEYT,4962.0,4970.0,8.0,updated
ev_KO_SARI_.emsc_event_20230609_0000116,quakeml:eu.emsc/event/20230609_0000116,KO.SARI,3995.0,,,no_emsc_pick
ev_KO_TAHT_.emsc_event_20230612_0000162,quakeml:eu.emsc/event/20230612_0000162,KO.TAHT,3374.0,3090.0,-284.0,updated
ev_KO_GAZ_.emsc_event_20230306_0000177,quakeml:eu.emsc/event/20230306_0000177,KO.GAZ,5070.0,5170.0,100.0,updated
ev_KO_GAZ_.emsc_event_20230304_0000036,quakeml:eu.emsc/event/20230304_0000036,KO.GAZ,5185.0,5110.0,-75.0,updated
ev_KO_BNN_.emsc_event_20230308_0000275,quakeml:eu.emsc/event/20230308_0000275,KO.BNN,4760.0,4760.0,0.0,updated
ev_KO_GAZ_.emsc_event_20230306_0000163,quakeml:eu.emsc/event/20230306_0000163,KO.GAZ,5369.0,,,no_emsc_pick
ev_KO_SARI_.emsc_event_20230609_0000102,quakeml:eu.emsc/event/20230609_0000102,KO.SARI,5984.0,,,no_emsc_pick
ev_KO_SARI_.emsc_event_20230520_0000080,quakeml:eu.emsc/event/20230520_0000080,KO.SARI,4478.0,,,no_emsc_pick
ev_KO_DARE_.emsc_event_20230306_0000132,quakeml:eu.emsc/event/20230306_0000132,KO.DARE,4470.0,4520.0,50.0,updated
ev_KO_KMRS_.emsc_event_20230308_0000122,quakeml:eu.emsc/event/20230308_0000122,KO.KMRS,4189.0,4240.0,51.0,updated
ev_KO_KMRS_.emsc_event_20230306_0000313,quakeml:eu.emsc/event/20230306_0000313,KO.KMRS,5556.0,5720.0,164.0,updated
ev_KO_GAZ_.emsc_event_20230307_0000086,quakeml:eu.emsc/event/20230307_0000086,KO.GAZ,5012.0,4980.0,-32.0,updated
ev_KO_BNN_.emsc_event_20230527_0000167,quakeml:eu.emsc/event/20230527_0000167,KO.BNN,5447.0,5580.0,133.0,updated
ev_KO_CEYT_.emsc_event_20230801_0000136,quakeml:eu.emsc/event/20230801_0000136,KO.CEYT,5134.0,5112.0,-22.0,updated
ev_KO_MERS_.emsc_event_20230306_0000225,quakeml:eu.emsc/event/20230306_0000225,KO.MERS,5289.0,5300.0,11.0,updated
ev_KO_KMRS_.emsc_event_20230304_0000246,quakeml:eu.emsc/event/20230304_0000246,KO.KMRS,5944.0,,,no_emsc_pick
ev_KO_CEYT_.emsc_event_20230307_0000115,quakeml:eu.emsc/event/20230307_0000115,KO.CEYT,5520.0,,,no_emsc_pick
ev_KO_DYBB_.emsc_event_20230325_0000056,quakeml:eu.emsc/event/20230325_0000056,KO.DYBB,5347.0,,,no_emsc_pick
ev_KO_CEYT_.emsc_event_20230306_0000219,quakeml:eu.emsc/event/20230306_0000219,KO.CEYT,5458.0,,,no_emsc_pick
ev_KO_BNN_.emsc_event_20230308_0000088,quakeml:eu.emsc/event/20230308_0000088,KO.BNN,5915.0,,,no_emsc_pick
ev_KO_TAHT_.emsc_event_20230419_0000229,quakeml:eu.emsc/event/20230419_0000229,KO.TAHT,5736.0,5790.0,54.0,updated
ev_KO_DARE_.emsc_event_20230306_0000126,quakeml:eu.emsc/event/20230306_0000126,KO.DARE,5152.0,5200.0,48.0,updated
ev_KO_URFA_.emsc_event_20230307_0000166,quakeml:eu.emsc/event/20230307_0000166,KO.URFA,4953.0,4980.0,27.0,updated
ev_KO_BNN_.emsc_event_20230430_0000228,quakeml:eu.emsc/event/20230430_0000228,KO.BNN,5891.0,5950.0,59.0,updated
ev_KO_KMRS_.emsc_event_20230305_0000162,quakeml:eu.emsc/event/20230305_0000162,KO.KMRS,4183.0,4240.0,57.0,updated
ev_KO_URFA_.emsc_event_20230305_0000027,quakeml:eu.emsc/event/20230305_0000027,KO.URFA,4551.0,4620.0,69.0,updated
ev_KO_DARE_.emsc_event_20230725_0000198,quakeml:eu.emsc/event/20230725_0000198,KO.DARE,3641.0,3750.0,109.0,updated
ev_KO_DARE_.emsc_event_20230307_0000202,quakeml:eu.emsc/event/20230307_0000202,KO.DARE,3482.0,3430.0,-52.0,updated
ev_KO_DARE_.emsc_event_20230307_0000216,quakeml:eu.emsc/event/20230307_0000216,KO.DARE,4507.0,4620.0,113.0,updated
ev_KO_KMRS_.emsc_event_20230307_0000037,quakeml:eu.emsc/event/20230307_0000037,KO.KMRS,3810.0,3870.0,60.0,updated
ev_KO_SVRC_.emsc_event_20230421_0000073,quakeml:eu.emsc/event/20230421_0000073,KO.SVRC,3825.0,3910.0,85.0,updated
ev_KO_SVRC_.emsc_event_20230423_0000132,quakeml:eu.emsc/event/20230423_0000132,KO.SVRC,4769.0,4790.0,21.0,updated
ev_KO_CEYT_.emsc_event_20230306_0000225,quakeml:eu.emsc/event/20230306_0000225,KO.CEYT,4544.0,4570.0,26.0,updated
ev_KO_SARI_.emsc_event_20230613_0000015,quakeml:eu.emsc/event/20230613_0000015,KO.SARI,5107.0,,,no_emsc_pick
ev_KO_CEYT_.emsc_event_20230601_0000150,quakeml:eu.emsc/event/20230601_0000150,KO.CEYT,4768.0,4810.0,42.0,updated
ev_KO_GAZ_.emsc_event_20230306_0000349,quakeml:eu.emsc/event/20230306_0000349,KO.GAZ,5181.0,,,no_emsc_pick
ev_KO_BNN_.emsc_event_20230521_0000267,quakeml:eu.emsc/event/20230521_0000267,KO.BNN,5327.0,5270.0,-57.0,updated
ev_KO_BNN_.emsc_event_20230307_0000162,quakeml:eu.emsc/event/20230307_0000162,KO.BNN,3993.0,4120.0,127.0,updated
ev_KO_URFA_.emsc_event_20230502_0000169,quakeml:eu.emsc/event/20230502_0000169,KO.URFA,4987.0,4970.0,-17.0,updated
ev_KO_GAZ_.emsc_event_20230307_0000045,quakeml:eu.emsc/event/20230307_0000045,KO.GAZ,5482.0,5480.0,-2.0,updated
ev_KO_GAZ_.emsc_event_20230308_0000178,quakeml:eu.emsc/event/20230308_0000178,KO.GAZ,4957.0,5020.0,63.0,updated
ev_KO_KOZT_.emsc_event_20230306_0000001,quakeml:eu.emsc/event/20230306_0000001,KO.KOZT,5439.0,5560.0,121.0,updated
ev_KO_CEYT_.emsc_event_20230319_0000082,quakeml:eu.emsc/event/20230319_0000082,KO.CEYT,3746.0,3900.0,154.0,updated
ev_KO_GAZ_.emsc_event_20230305_0000110,quakeml:eu.emsc/event/20230305_0000110,KO.GAZ,4556.0,4610.0,54.0,updated
ev_KO_KOZT_.emsc_event_20230304_0000154,quakeml:eu.emsc/event/20230304_0000154,KO.KOZT,4849.0,4790.0,-59.0,updated
ev_KO_GAZ_.emsc_event_20230307_0000051,quakeml:eu.emsc/event/20230307_0000051,KO.GAZ,5921.0,,,no_emsc_pick
ev_KO_SARI_.emsc_event_20230208_0000353,quakeml:eu.emsc/event/20230208_0000353,KO.SARI,5246.0,,,no_emsc_pick
ev_KO_SVRC_.emsc_event_20230305_0000211,quakeml:eu.emsc/event/20230305_0000211,KO.SVRC,5637.0,,,no_emsc_pick
ev_KO_KOZT_.emsc_event_20230305_0000258,quakeml:eu.emsc/event/20230305_0000258,KO.KOZT,3972.0,4060.0,88.0,updated
ev_KO_KMRS_.emsc_event_20230305_0000189,quakeml:eu.emsc/event/20230305_0000189,KO.KMRS,5541.0,,,no_emsc_pick
ev_KO_KOZT_.emsc_event_20230307_0000331,quakeml:eu.emsc/event/20230307_0000331,KO.KOZT,5471.0,5450.0,-21.0,updated
ev_KO_DARE_.emsc_event_20230614_0000053,quakeml:eu.emsc/event/20230614_0000053,KO.DARE,3984.0,4030.0,46.0,updated
ev_KO_URFA_.emsc_event_20230428_0000087,quakeml:eu.emsc/event/20230428_0000087,KO.URFA,5373.0,,,no_emsc_pick
ev_KO_DARE_.emsc_event_20230216_0000271,quakeml:eu.emsc/event/20230216_0000271,KO.DARE,4107.0,4190.0,83.0,updated
ev_KO_GAZ_.emsc_event_20230307_0000079,quakeml:eu.emsc/event/20230307_0000079,KO.GAZ,5402.0,5470.0,68.0,updated
ev_KO_SVRC_.emsc_event_20230306_0000060,quakeml:eu.emsc/event/20230306_0000060,KO.SVRC,5000.0,5050.0,50.0,updated
ev_KO_BNN_.emsc_event_20230603_0000072,quakeml:eu.emsc/event/20230603_0000072,KO.BNN,5551.0,5560.0,9.0,updated
ev_KO_BNN_.emsc_event_20230306_0000246,quakeml:eu.emsc/event/20230306_0000246,KO.BNN,4448.0,4570.0,122.0,updated
ev_KO_KOZT_.emsc_event_20230306_0000029,quakeml:eu.emsc/event/20230306_0000029,KO.KOZT,5678.0,5770.0,92.0,updated
ev_KO_BNN_.emsc_event_20230507_0000034,quakeml:eu.emsc/event/20230507_0000034,KO.BNN,5872.0,,,no_emsc_pick
ev_KO_KOZT_.emsc_event_20230305_0000264,quakeml:eu.emsc/event/20230305_0000264,KO.KOZT,4696.0,4650.0,-46.0,updated
ev_KO_BNN_.emsc_event_20230308_0000077,quakeml:eu.emsc/event/20230308_0000077,KO.BNN,4993.0,,,no_emsc_pick
ev_KO_CEYT_.emsc_event_20230416_0000024,quakeml:eu.emsc/event/20230416_0000024,KO.CEYT,4996.0,4980.0,-16.0,updated
ev_KO_GAZ_.emsc_event_20230304_0000220,quakeml:eu.emsc/event/20230304_0000220,KO.GAZ,3476.0,3540.0,64.0,updated
ev_KO_DARE_.emsc_event_20230419_0000226,quakeml:eu.emsc/event/20230419_0000226,KO.DARE,4633.0,4610.0,-23.0,updated
ev_KO_DARE_.emsc_event_20230306_0000046,quakeml:eu.emsc/event/20230306_0000046,KO.DARE,4396.0,4460.0,64.0,updated
ev_KO_SARI_.emsc_event_20230627_0000116,quakeml:eu.emsc/event/20230627_0000116,KO.SARI,5343.0,5400.0,57.0,updated
ev_KO_KMRS_.emsc_event_20230308_0000056,quakeml:eu.emsc/event/20230308_0000056,KO.KMRS,4170.0,,,no_emsc_pick
ev_KO_CEYT_.emsc_event_20230305_0000134,quakeml:eu.emsc/event/20230305_0000134,KO.CEYT,4755.0,4760.0,5.0,updated
ev_KO_CEYT_.emsc_event_20230308_0000148,quakeml:eu.emsc/event/20230308_0000148,KO.CEYT,5751.0,,,no_emsc_pick
ev_KO_URFA_.emsc_event_20230304_0000263,quakeml:eu.emsc/event/20230304_0000263,KO.URFA,5502.0,5580.0,78.0,updated
ev_KO_DARE_.emsc_event_20230213_0000274,quakeml:eu.emsc/event/20230213_0000274,KO.DARE,4048.0,4080.0,32.0,updated
ev_KO_DARE_.emsc_event_20230515_0000010,quakeml:eu.emsc/event/20230515_0000010,KO.DARE,5076.0,5050.0,-26.0,updated
ev_KO_URFA_.emsc_event_20230306_0000322,quakeml:eu.emsc/event/20230306_0000322,KO.URFA,5291.0,5400.0,109.0,updated
ev_KO_TAHT_.emsc_event_20230421_0000066,quakeml:eu.emsc/event/20230421_0000066,KO.TAHT,5835.0,5900.0,65.0,updated
ev_KO_SARI_.emsc_event_20230304_0000159,quakeml:eu.emsc/event/20230304_0000159,KO.SARI,5959.0,,,no_emsc_pick
ev_KO_SVRC_.emsc_event_20230405_0000215,quakeml:eu.emsc/event/20230405_0000215,KO.SVRC,5715.0,5730.0,15.0,updated
ev_KO_CEYT_.emsc_event_20230523_0000225,quakeml:eu.emsc/event/20230523_0000225,KO.CEYT,5130.0,5170.0,40.0,updated
ev_KO_URFA_.emsc_event_20230304_0000277,quakeml:eu.emsc/event/20230304_0000277,KO.URFA,4613.0,4490.0,-123.0,updated
ev_KO_SVRC_.emsc_event_20230313_0000300,quakeml:eu.emsc/event/20230313_0000300,KO.SVRC,5203.0,5190.0,-13.0,updated
ev_KO_DYBB_.emsc_event_20230415_0000258,quakeml:eu.emsc/event/20230415_0000258,KO.DYBB,5280.0,,,no_emsc_pick
ev_KO_DARE_.emsc_event_20230306_0000052,quakeml:eu.emsc/event/20230306_0000052,KO.DARE,4542.0,4530.0,-12.0,updated
ev_KO_SARI_.emsc_event_20230307_0000300,quakeml:eu.emsc/event/20230307_0000300,KO.SARI,4022.0,3970.0,-52.0,updated
ev_KO_SARI_.emsc_event_20230308_0000215,quakeml:eu.emsc/event/20230308_0000215,KO.SARI,3963.0,4050.0,87.0,updated
ev_KO_URFA_.emsc_event_20230322_0000024,quakeml:eu.emsc/event/20230322_0000024,KO.URFA,4728.0,,,no_emsc_pick
ev_KO_KMRS_.emsc_event_20230307_0000157,quakeml:eu.emsc/event/20230307_0000157,KO.KMRS,5871.0,,,no_emsc_pick
ev_KO_SARI_.emsc_event_20230304_0000165,quakeml:eu.emsc/event/20230304_0000165,KO.SARI,3658.0,,,no_emsc_pick
ev_KO_URFA_.emsc_event_20230330_0000200,quakeml:eu.emsc/event/20230330_0000200,KO.URFA,4816.0,4910.0,94.0,updated
ev_KO_DARE_.emsc_event_20230305_0000237,quakeml:eu.emsc/event/20230305_0000237,KO.DARE,4684.0,4750.0,66.0,updated
ev_KO_URFA_.emsc_event_20230428_0000124,quakeml:eu.emsc/event/20230428_0000124,KO.URFA,5048.0,5080.0,32.0,updated
ev_KO_URFA_.emsc_event_20230505_0000039,quakeml:eu.emsc/event/20230505_0000039,KO.URFA,4781.0,,,no_emsc_pick
ev_KO_SARI_.emsc_event_20230304_0000171,quakeml:eu.emsc/event/20230304_0000171,KO.SARI,4228.0,4310.0,82.0,updated
ev_KO_CEYT_.emsc_event_20230331_0000143,quakeml:eu.emsc/event/20230331_0000143,KO.CEYT,4830.0,,,no_emsc_pick
ev_KO_URFA_.emsc_event_20230424_0000254,quakeml:eu.emsc/event/20230424_0000254,KO.URFA,4360.0,4390.0,30.0,updated
ev_KO_SVRC_.emsc_event_20230222_0000234,quakeml:eu.emsc/event/20230222_0000234,KO.SVRC,5917.0,,,no_emsc_pick
ev_KO_KMRS_.emsc_event_20230305_0000002,quakeml:eu.emsc/event/20230305_0000002,KO.KMRS,3848.0,3890.0,42.0,updated
ev_KO_BNN_.emsc_event_20230307_0000016,quakeml:eu.emsc/event/20230307_0000016,KO.BNN,5320.0,5490.0,170.0,updated
ev_KO_CEYT_.emsc_event_20230621_0000177,quakeml:eu.emsc/event/20230621_0000177,KO.CEYT,5885.0,,,no_emsc_pick
ev_KO_TAHT_.emsc_event_20230305_0000238,quakeml:eu.emsc/event/20230305_0000238,KO.TAHT,5943.0,,,no_emsc_pick
ev_KO_TAHT_.emsc_event_20230314_0000251,quakeml:eu.emsc/event/20230314_0000251,KO.TAHT,5807.0,,,no_emsc_pick
ev_KO_TAHT_.emsc_event_20230716_0000073,quakeml:eu.emsc/event/20230716_0000073,KO.TAHT,5455.0,5417.0,-38.0,updated
ev_KO_SARI_.emsc_event_20230223_0000034,quakeml:eu.emsc/event/20230223_0000034,KO.SARI,4119.0,,,no_emsc_pick
ev_KO_TAHT_.emsc_event_20230702_0000194,quakeml:eu.emsc/event/20230702_0000194,KO.TAHT,3520.0,3590.0,70.0,updated
ev_KO_CEYT_.emsc_event_20230311_0000004,quakeml:eu.emsc/event/20230311_0000004,KO.CEYT,4567.0,4610.0,43.0,updated
ev_KO_GAZ_.emsc_event_20230308_0000018,quakeml:eu.emsc/event/20230308_0000018,KO.GAZ,5325.0,5340.0,15.0,updated
ev_KO_GAZ_.emsc_event_20230307_0000125,quakeml:eu.emsc/event/20230307_0000125,KO.GAZ,5742.0,,,no_emsc_pick
ev_KO_SVRC_.emsc_event_20230805_0000091,quakeml:eu.emsc/event/20230805_0000091,KO.SVRC,5981.0,,,no_emsc_pick
ev_KO_TAHT_.emsc_event_20230321_0000116,quakeml:eu.emsc/event/20230321_0000116,KO.TAHT,5946.0,,,no_emsc_pick
ev_KO_BNN_.emsc_event_20230305_0000143,quakeml:eu.emsc/event/20230305_0000143,KO.BNN,5644.0,5530.0,-114.0,updated
ev_KO_SVRC_.emsc_event_20230307_0000224,quakeml:eu.emsc/event/20230307_0000224,KO.SVRC,5155.0,,,no_emsc_pick
ev_KO_CEYT_.emsc_event_20230724_0000034,quakeml:eu.emsc/event/20230724_0000034,KO.CEYT,5455.0,5510.0,55.0,updated
ev_KO_URFA_.emsc_event_20230305_0000190,quakeml:eu.emsc/event/20230305_0000190,KO.URFA,5732.0,5820.0,88.0,updated
ev_KO_KOZT_.emsc_event_20230307_0000245,quakeml:eu.emsc/event/20230307_0000245,KO.KOZT,4152.0,4300.0,148.0,updated
ev_KO_TAHT_.emsc_event_20230304_0000108,quakeml:eu.emsc/event/20230304_0000108,KO.TAHT,3315.0,3360.0,45.0,updated
ev_KO_KMRS_.emsc_event_20230306_0000298,quakeml:eu.emsc/event/20230306_0000298,KO.KMRS,5827.0,5870.0,43.0,updated
ev_KO_DARE_.emsc_event_20230308_0000288,quakeml:eu.emsc/event/20230308_0000288,KO.DARE,3402.0,,,no_emsc_pick
ev_KO_CEYT_.emsc_event_20230219_0000107,quakeml:eu.emsc/event/20230219_0000107,KO.CEYT,5124.0,5170.0,46.0,updated
ev_KO_BNN_.emsc_event_20230304_0000273,quakeml:eu.emsc/event/20230304_0000273,KO.BNN,4877.0,4930.0,53.0,updated
ev_KO_GAZ_.emsc_event_20230308_0000024,quakeml:eu.emsc/event/20230308_0000024,KO.GAZ,4993.0,5100.0,107.0,updated
ev_KO_SVRC_.emsc_event_20230307_0000218,quakeml:eu.emsc/event/20230307_0000218,KO.SVRC,5147.0,5100.0,-47.0,updated
ev_KO_CEYT_.emsc_event_20230520_0000097,quakeml:eu.emsc/event/20230520_0000097,KO.CEYT,5490.0,,,no_emsc_pick
ev_KO_BNN_.emsc_event_20230308_0000103,quakeml:eu.emsc/event/20230308_0000103,KO.BNN,5463.0,5520.0,57.0,updated
ev_KO_KMRS_.emsc_event_20230307_0000180,quakeml:eu.emsc/event/20230307_0000180,KO.KMRS,5869.0,,,no_emsc_pick
ev_KO_DARE_.emsc_event_20230422_0000230,quakeml:eu.emsc/event/20230422_0000230,KO.DARE,5290.0,5350.0,60.0,updated
ev_KO_DARE_.emsc_event_20230218_0000120,quakeml:eu.emsc/event/20230218_0000120,KO.DARE,4854.0,4850.0,-4.0,updated
ev_KO_KMRS_.emsc_event_20230304_0000124,quakeml:eu.emsc/event/20230304_0000124,KO.KMRS,5520.0,,,no_emsc_pick
ev_KO_DARE_.emsc_event_20230603_0000070,quakeml:eu.emsc/event/20230603_0000070,KO.DARE,5477.0,,,no_emsc_pick
ev_KO_KARA_.emsc_event_20230525_0000193,quakeml:eu.emsc/event/20230525_0000193,KO.KARA,5211.0,5300.0,89.0,updated
ev_KO_KOZT_.emsc_event_20230308_0000185,quakeml:eu.emsc/event/20230308_0000185,KO.KOZT,4782.0,4920.0,138.0,updated
ev_KO_SARI_.emsc_event_20230305_0000057,quakeml:eu.emsc/event/20230305_0000057,KO.SARI,3869.0,3910.0,41.0,updated
ev_KO_DARE_.emsc_event_20230306_0000244,quakeml:eu.emsc/event/20230306_0000244,KO.DARE,5000.0,5030.0,30.0,updated
ev_KO_SARI_.emsc_event_20230307_0000102,quakeml:eu.emsc/event/20230307_0000102,KO.SARI,4986.0,5010.0,24.0,updated
ev_KO_KMRS_.emsc_event_20230308_0000240,quakeml:eu.emsc/event/20230308_0000240,KO.KMRS,3655.0,3610.0,-45.0,updated
ev_KO_URFA_.emsc_event_20230304_0000075,quakeml:eu.emsc/event/20230304_0000075,KO.URFA,4942.0,4960.0,18.0,updated
ev_KO_SARI_.emsc_event_20230210_0000271,quakeml:eu.emsc/event/20230210_0000271,KO.SARI,5189.0,5190.0,1.0,updated
ev_KO_CEYT_.emsc_event_20230307_0000263,quakeml:eu.emsc/event/20230307_0000263,KO.CEYT,5058.0,5120.0,62.0,updated
ev_KO_DARE_.emsc_event_20230307_0000174,quakeml:eu.emsc/event/20230307_0000174,KO.DARE,4904.0,4910.0,6.0,updated
ev_KO_DARE_.emsc_event_20230305_0000035,quakeml:eu.emsc/event/20230305_0000035,KO.DARE,3611.0,3580.0,-31.0,updated
ev_KO_GAZ_.emsc_event_20230304_0000181,quakeml:eu.emsc/event/20230304_0000181,KO.GAZ,5003.0,5100.0,97.0,updated
ev_KO_TAHT_.emsc_event_20230306_0000288,quakeml:eu.emsc/event/20230306_0000288,KO.TAHT,5919.0,,,no_emsc_pick
ev_KO_KMRS_.emsc_event_20230305_0000214,quakeml:eu.emsc/event/20230305_0000214,KO.KMRS,5526.0,5600.0,74.0,updated
ev_KO_SVRC_.emsc_event_20230328_0000048,quakeml:eu.emsc/event/20230328_0000048,KO.SVRC,5962.0,,,no_emsc_pick
ev_KO_KMRS_.emsc_event_20230305_0000200,quakeml:eu.emsc/event/20230305_0000200,KO.KMRS,3847.0,3900.0,53.0,updated
ev_KO_SARI_.emsc_event_20230308_0000003,quakeml:eu.emsc/event/20230308_0000003,KO.SARI,5326.0,5360.0,34.0,updated
ev_KO_KMRS_.emsc_event_20230307_0000341,quakeml:eu.emsc/event/20230307_0000341,KO.KMRS,5224.0,5240.0,16.0,updated
ev_KO_GULA_.emsc_event_20230304_0000320,quakeml:eu.emsc/event/20230304_0000320,KO.GULA,5995.0,,,no_emsc_pick
ev_KO_DARE_.emsc_event_20230305_0000021,quakeml:eu.emsc/event/20230305_0000021,KO.DARE,4441.0,4460.0,19.0,updated
ev_KO_URFA_.emsc_event_20230304_0000049,quakeml:eu.emsc/event/20230304_0000049,KO.URFA,5288.0,5390.0,102.0,updated
ev_KO_BNN_.emsc_event_20230306_0000118,quakeml:eu.emsc/event/20230306_0000118,KO.BNN,4854.0,4960.0,106.0,updated
ev_KO_GAZ_.emsc_event_20230305_0000272,quakeml:eu.emsc/event/20230305_0000272,KO.GAZ,4909.0,4960.0,51.0,updated
ev_KO_SARI_.emsc_event_20230217_0000269,quakeml:eu.emsc/event/20230217_0000269,KO.SARI,4130.0,4100.0,-30.0,updated
ev_KO_DARE_.emsc_event_20230306_0000287,quakeml:eu.emsc/event/20230306_0000287,KO.DARE,5672.0,5760.0,88.0,updated
ev_KO_SARI_.emsc_event_20230305_0000094,quakeml:eu.emsc/event/20230305_0000094,KO.SARI,4094.0,4170.0,76.0,updated
ev_KO_SVRC_.emsc_event_20230307_0000032,quakeml:eu.emsc/event/20230307_0000032,KO.SVRC,4147.0,4160.0,13.0,updated
ev_KO_SARI_.emsc_event_20230305_0000080,quakeml:eu.emsc/event/20230305_0000080,KO.SARI,5012.0,,,no_emsc_pick
ev_KO_KMRS_.emsc_event_20230308_0000283,quakeml:eu.emsc/event/20230308_0000283,KO.KMRS,5750.0,5830.0,80.0,updated
ev_KO_GAZ_.emsc_event_20230307_0000327,quakeml:eu.emsc/event/20230307_0000327,KO.GAZ,5316.0,5420.0,104.0,updated
ev_KO_GAZ_.emsc_event_20230305_0000266,quakeml:eu.emsc/event/20230305_0000266,KO.GAZ,5774.0,5960.0,186.0,updated
ev_KO_GAZ_.emsc_event_20230308_0000232,quakeml:eu.emsc/event/20230308_0000232,KO.GAZ,3971.0,4080.0,109.0,updated
ev_KO_GAZ_.emsc_event_20230306_0000003,quakeml:eu.emsc/event/20230306_0000003,KO.GAZ,5074.0,5140.0,66.0,updated
ev_KO_CEYT_.emsc_event_20230306_0000184,quakeml:eu.emsc/event/20230306_0000184,KO.CEYT,5456.0,,,no_emsc_pick
ev_KO_GAZ_.emsc_event_20230304_0000142,quakeml:eu.emsc/event/20230304_0000142,KO.GAZ,4857.0,4890.0,33.0,updated
ev_KO_KOZT_.emsc_event_20230307_0000053,quakeml:eu.emsc/event/20230307_0000053,KO.KOZT,5169.0,5270.0,101.0,updated
ev_KO_GAZ_.emsc_event_20230306_0000017,quakeml:eu.emsc/event/20230306_0000017,KO.GAZ,4767.0,4880.0,113.0,updated
ev_KO_KOZT_.emsc_event_20230305_0000112,quakeml:eu.emsc/event/20230305_0000112,KO.KOZT,5831.0,5810.0,-21.0,updated
ev_KO_DARE_.emsc_event_20230430_0000216,quakeml:eu.emsc/event/20230430_0000216,KO.DARE,5229.0,5290.0,61.0,updated
ev_KO_BNN_.emsc_event_20230310_0000196,quakeml:eu.emsc/event/20230310_0000196,KO.BNN,4825.0,4940.0,115.0,updated
ev_KO_KOZT_.emsc_event_20230308_0000135,quakeml:eu.emsc/event/20230308_0000135,KO.KOZT,5031.0,5020.0,-11.0,updated
ev_KO_MERS_.emsc_event_20230313_0000308,quakeml:eu.emsc/event/20230313_0000308,KO.MERS,5440.0,5490.0,50.0,updated
ev_KO_GAZ_.emsc_event_20230307_0000340,quakeml:eu.emsc/event/20230307_0000340,KO.GAZ,4390.0,,,no_emsc_pick
ev_KO_SVRC_.emsc_event_20230610_0000051,quakeml:eu.emsc/event/20230610_0000051,KO.SVRC,5281.0,5420.0,139.0,updated
ev_KO_GAZ_.emsc_event_20230305_0000201,quakeml:eu.emsc/event/20230305_0000201,KO.GAZ,4659.0,4690.0,31.0,updated
ev_KO_KOZT_.emsc_event_20230304_0000251,quakeml:eu.emsc/event/20230304_0000251,KO.KOZT,4436.0,4520.0,84.0,updated
ev_KO_KMRS_.emsc_event_20230304_0000180,quakeml:eu.emsc/event/20230304_0000180,KO.KMRS,3783.0,,,no_emsc_pick
ev_KO_SARI_.emsc_event_20230428_0000090,quakeml:eu.emsc/event/20230428_0000090,KO.SARI,5173.0,5250.0,77.0,updated
ev_KO_KOZT_.emsc_event_20230307_0000034,quakeml:eu.emsc/event/20230307_0000034,KO.KOZT,4973.0,5000.0,27.0,updated
ev_KO_GAZ_.emsc_event_20230304_0000131,quakeml:eu.emsc/event/20230304_0000131,KO.GAZ,4945.0,4980.0,35.0,updated
ev_KO_SARI_.emsc_event_20230220_0000034,quakeml:eu.emsc/event/20230220_0000034,KO.SARI,4165.0,4220.0,55.0,updated
ev_KO_BNN_.emsc_event_20230613_0000006,quakeml:eu.emsc/event/20230613_0000006,KO.BNN,5751.0,5910.0,159.0,updated
ev_KO_SARI_.emsc_event_20230607_0000220,quakeml:eu.emsc/event/20230607_0000220,KO.SARI,4813.0,,,no_emsc_pick
ev_KO_SARI_.emsc_event_20230306_0000296,quakeml:eu.emsc/event/20230306_0000296,KO.SARI,3659.0,3700.0,41.0,updated
ev_KO_TAHT_.emsc_event_20230307_0000134,quakeml:eu.emsc/event/20230307_0000134,KO.TAHT,4145.0,4250.0,105.0,updated
ev_KO_BNN_.emsc_event_20230306_0000157,quakeml:eu.emsc/event/20230306_0000157,KO.BNN,4912.0,4980.0,68.0,updated
ev_KO_TAHT_.emsc_event_20230305_0000075,quakeml:eu.emsc/event/20230305_0000075,KO.TAHT,5603.0,5660.0,57.0,updated
ev_KO_CEYT_.emsc_event_20230313_0000308,quakeml:eu.emsc/event/20230313_0000308,KO.CEYT,4521.0,4560.0,39.0,updated
ev_KO_SARI_.emsc_event_20230306_0000282,quakeml:eu.emsc/event/20230306_0000282,KO.SARI,5381.0,5410.0,29.0,updated
ev_KO_SARI_.emsc_event_20230408_0000114,quakeml:eu.emsc/event/20230408_0000114,KO.SARI,4084.0,4100.0,16.0,updated
ev_KO_GAZ_.emsc_event_20230304_0000125,quakeml:eu.emsc/event/20230304_0000125,KO.GAZ,3820.0,3850.0,30.0,updated
ev_KO_KOZT_.emsc_event_20230307_0000020,quakeml:eu.emsc/event/20230307_0000020,KO.KOZT,4564.0,4590.0,26.0,updated
ev_KO_SARI_.emsc_event_20230308_0000058,quakeml:eu.emsc/event/20230308_0000058,KO.SARI,5679.0,5890.0,211.0,updated
ev_KO_SVRC_.emsc_event_20230307_0000082,quakeml:eu.emsc/event/20230307_0000082,KO.SVRC,4403.0,4400.0,-3.0,updated
ev_KO_CEYT_.emsc_event_20230306_0000108,quakeml:eu.emsc/event/20230306_0000108,KO.CEYT,5058.0,5160.0,102.0,updated
ev_KO_SARI_.emsc_event_20230306_0000269,quakeml:eu.emsc/event/20230306_0000269,KO.SARI,5990.0,,,no_emsc_pick
ev_KO_SVRC_.emsc_event_20230609_0000109,quakeml:eu.emsc/event/20230609_0000109,KO.SVRC,3838.0,3880.0,42.0,updated
ev_KO_KOZT_.emsc_event_20230304_0000286,quakeml:eu.emsc/event/20230304_0000286,KO.KOZT,5420.0,5480.0,60.0,updated
ev_KO_DARE_.emsc_event_20230308_0000006,quakeml:eu.emsc/event/20230308_0000006,KO.DARE,5269.0,,,no_emsc_pick
ev_KO_CEYT_.emsc_event_20230307_0000210,quakeml:eu.emsc/event/20230307_0000210,KO.CEYT,5175.0,5130.0,-45.0,updated
ev_KO_MERS_.emsc_event_20230306_0000134,quakeml:eu.emsc/event/20230306_0000134,KO.MERS,5480.0,5540.0,60.0,updated
ev_KO_KOZT_.emsc_event_20230304_0000292,quakeml:eu.emsc/event/20230304_0000292,KO.KOZT,4790.0,4840.0,50.0,updated
ev_KO_SARI_.emsc_event_20230305_0000030,quakeml:eu.emsc/event/20230305_0000030,KO.SARI,5061.0,5150.0,89.0,updated
ev_KO_SVRC_.emsc_event_20230307_0000096,quakeml:eu.emsc/event/20230307_0000096,KO.SVRC,5286.0,5260.0,-26.0,updated
ev_KO_SARI_.emsc_event_20230521_0000274,quakeml:eu.emsc/event/20230521_0000274,KO.SARI,4009.0,,,no_emsc_pick
ev_KO_DARE_.emsc_event_20230306_0000223,quakeml:eu.emsc/event/20230306_0000223,KO.DARE,5511.0,5580.0,69.0,updated
ev_KO_URFA_.emsc_event_20230307_0000263,quakeml:eu.emsc/event/20230307_0000263,KO.URFA,5678.0,,,no_emsc_pick
ev_KO_KMRS_.emsc_event_20230307_0000326,quakeml:eu.emsc/event/20230307_0000326,KO.KMRS,4226.0,4220.0,-6.0,updated
ev_KO_DARE_.emsc_event_20230210_0000274,quakeml:eu.emsc/event/20230210_0000274,KO.DARE,4405.0,4440.0,35.0,updated
ev_KO_TAHT_.emsc_event_20230430_0000242,quakeml:eu.emsc/event/20230430_0000242,KO.TAHT,3249.0,3320.0,71.0,updated
ev_KO_DARE_.emsc_event_20230305_0000046,quakeml:eu.emsc/event/20230305_0000046,KO.DARE,5633.0,5590.0,-43.0,updated
ev_KO_GAZ_.emsc_event_20230308_0000282,quakeml:eu.emsc/event/20230308_0000282,KO.GAZ,4462.0,4550.0,88.0,updated
ev_KO_SARI_.emsc_event_20230306_0000255,quakeml:eu.emsc/event/20230306_0000255,KO.SARI,5259.0,,,no_emsc_pick
ev_KO_DARE_.emsc_event_20230307_0000107,quakeml:eu.emsc/event/20230307_0000107,KO.DARE,4557.0,4590.0,33.0,updated
ev_KO_URFA_.emsc_event_20230629_0000244,quakeml:eu.emsc/event/20230629_0000244,KO.URFA,3399.0,3515.0,116.0,updated
ev_KO_SARI_.emsc_event_20230710_0000184,quakeml:eu.emsc/event/20230710_0000184,KO.SARI,3293.0,3370.0,77.0,updated
ev_KO_SARI_.emsc_event_20230304_0000300,quakeml:eu.emsc/event/20230304_0000300,KO.SARI,3842.0,,,no_emsc_pick
ev_KO_URFA_.emsc_event_20230506_0000005,quakeml:eu.emsc/event/20230506_0000005,KO.URFA,5290.0,5310.0,20.0,updated
ev_KO_SARI_.emsc_event_20230308_0000070,quakeml:eu.emsc/event/20230308_0000070,KO.SARI,4285.0,,,no_emsc_pick
ev_KO_CEYT_.emsc_event_20230306_0000120,quakeml:eu.emsc/event/20230306_0000120,KO.CEYT,5421.0,5500.0,79.0,updated
ev_KO_BNN_.emsc_event_20230610_0000075,quakeml:eu.emsc/event/20230610_0000075,KO.BNN,5633.0,5640.0,7.0,updated
ev_KO_DARE_.emsc_event_20230406_0000151,quakeml:eu.emsc/event/20230406_0000151,KO.DARE,4868.0,4910.0,42.0,updated
ev_KO_TAHT_.emsc_event_20230308_0000237,quakeml:eu.emsc/event/20230308_0000237,KO.TAHT,5307.0,5360.0,53.0,updated
ev_KO_KOZT_.emsc_event_20230304_0000047,quakeml:eu.emsc/event/20230304_0000047,KO.KOZT,4084.0,4180.0,96.0,updated
ev_KO_TAHT_.emsc_event_20230306_0000006,quakeml:eu.emsc/event/20230306_0000006,KO.TAHT,5789.0,,,no_emsc_pick
ev_KO_MERS_.emsc_event_20230316_0000090,quakeml:eu.emsc/event/20230316_0000090,KO.MERS,5908.0,5800.0,-108.0,updated
ev_KO_SVRC_.emsc_event_20230722_0000102,quakeml:eu.emsc/event/20230722_0000102,KO.SVRC,5665.0,,,no_emsc_pick
ev_KO_DARE_.emsc_event_20230226_0000183,quakeml:eu.emsc/event/20230226_0000183,KO.DARE,4541.0,,,no_emsc_pick
ev_KO_URFA_.emsc_event_20230209_0000262,quakeml:eu.emsc/event/20230209_0000262,KO.URFA,4880.0,4960.0,80.0,updated
ev_KO_URFA_.emsc_event_20230427_0000095,quakeml:eu.emsc/event/20230427_0000095,KO.URFA,4805.0,4890.0,85.0,updated
ev_KO_CEYT_.emsc_event_20230305_0000190,quakeml:eu.emsc/event/20230305_0000190,KO.CEYT,5971.0,,,no_emsc_pick
ev_KO_TAHT_.emsc_event_20230307_0000336,quakeml:eu.emsc/event/20230307_0000336,KO.TAHT,5874.0,5860.0,-14.0,updated
ev_KO_SVRC_.emsc_event_20230222_0000290,quakeml:eu.emsc/event/20230222_0000290,KO.SVRC,5658.0,,,no_emsc_pick
ev_KO_GAZ_.emsc_event_20230304_0000333,quakeml:eu.emsc/event/20230304_0000333,KO.GAZ,3410.0,3320.0,-90.0,updated
ev_KO_SARI_.emsc_event_20230418_0000067,quakeml:eu.emsc/event/20230418_0000067,KO.SARI,5143.0,5200.0,57.0,updated
ev_KO_GAZ_.emsc_event_20230304_0000327,quakeml:eu.emsc/event/20230304_0000327,KO.GAZ,5116.0,5150.0,34.0,updated
ev_KO_GAZ_.emsc_event_20230308_0000057,quakeml:eu.emsc/event/20230308_0000057,KO.GAZ,5682.0,5780.0,98.0,updated
ev_KO_DARE_.emsc_event_20230305_0000293,quakeml:eu.emsc/event/20230305_0000293,KO.DARE,3994.0,4080.0,86.0,updated
ev_KO_DARE_.emsc_event_20230305_0000278,quakeml:eu.emsc/event/20230305_0000278,KO.DARE,4923.0,4950.0,27.0,updated
ev_KO_URFA_.emsc_event_20230304_0000210,quakeml:eu.emsc/event/20230304_0000210,KO.URFA,4750.0,,,no_emsc_pick
ev_KO_SARI_.emsc_event_20230330_0000175,quakeml:eu.emsc/event/20230330_0000175,KO.SARI,5044.0,5170.0,126.0,updated
ev_KO_KMRS_.emsc_event_20230306_0000214,quakeml:eu.emsc/event/20230306_0000214,KO.KMRS,5181.0,5240.0,59.0,updated
ev_KO_SARI_.emsc_event_20230305_0000226,quakeml:eu.emsc/event/20230305_0000226,KO.SARI,3686.0,,,no_emsc_pick
ev_KO_MERS_.emsc_event_20230308_0000113,quakeml:eu.emsc/event/20230308_0000113,KO.MERS,5960.0,,,no_emsc_pick
ev_KO_KMRS_.emsc_event_20230307_0000118,quakeml:eu.emsc/event/20230307_0000118,KO.KMRS,3760.0,3840.0,80.0,updated
ev_KO_URFA_.emsc_event_20230305_0000108,quakeml:eu.emsc/event/20230305_0000108,KO.URFA,4762.0,4730.0,-32.0,updated
ev_KO_SVRC_.emsc_event_20230417_0000056,quakeml:eu.emsc/event/20230417_0000056,KO.SVRC,3987.0,4010.0,23.0,updated
ev_KO_SARI_.emsc_event_20230305_0000232,quakeml:eu.emsc/event/20230305_0000232,KO.SARI,5216.0,5190.0,-26.0,updated
ev_KO_DARE_.emsc_event_20230304_0000160,quakeml:eu.emsc/event/20230304_0000160,KO.DARE,4063.0,4110.0,47.0,updated
ev_KO_SARI_.emsc_event_20230321_0000108,quakeml:eu.emsc/event/20230321_0000108,KO.SARI,4211.0,4330.0,119.0,updated
ev_KO_GAZ_.emsc_event_20230308_0000080,quakeml:eu.emsc/event/20230308_0000080,KO.GAZ,5442.0,,,no_emsc_pick
ev_KO_CEYT_.emsc_event_20230308_0000107,quakeml:eu.emsc/event/20230308_0000107,KO.CEYT,4763.0,,,no_emsc_pick
ev_KO_DARE_.emsc_event_20230731_0000178,quakeml:eu.emsc/event/20230731_0000178,KO.DARE,3846.0,3803.0,-43.0,updated
ev_KO_KMRS_.emsc_event_20230307_0000124,quakeml:eu.emsc/event/20230307_0000124,KO.KMRS,4163.0,,,no_emsc_pick
ev_KO_DARE_.emsc_event_20230306_0000009,quakeml:eu.emsc/event/20230306_0000009,KO.DARE,4846.0,4970.0,124.0,updated
ev_KO_DARE_.emsc_event_20230304_0000148,quakeml:eu.emsc/event/20230304_0000148,KO.DARE,3732.0,3870.0,138.0,updated
ev_KO_URFA_.emsc_event_20230307_0000075,quakeml:eu.emsc/event/20230307_0000075,KO.URFA,4615.0,4600.0,-15.0,updated
ev_KO_KMRS_.emsc_event_20230307_0000130,quakeml:eu.emsc/event/20230307_0000130,KO.KMRS,4626.0,4660.0,34.0,updated
ev_KO_URFA_.emsc_event_20230308_0000148,quakeml:eu.emsc/event/20230308_0000148,KO.URFA,5702.0,,,no_emsc_pick
ev_KO_SARI_.emsc_event_20230304_0000102,quakeml:eu.emsc/event/20230304_0000102,KO.SARI,5617.0,5590.0,-27.0,updated
ev_KO_GAZ_.emsc_event_20230308_0000094,quakeml:eu.emsc/event/20230308_0000094,KO.GAZ,5363.0,5480.0,117.0,updated
ev_KO_CEYT_.emsc_event_20230308_0000113,quakeml:eu.emsc/event/20230308_0000113,KO.CEYT,4821.0,4840.0,19.0,updated
ev_KO_KOZT_.emsc_event_20230304_0000133,quakeml:eu.emsc/event/20230304_0000133,KO.KOZT,4786.0,4760.0,-26.0,updated
ev_KO_BNN_.emsc_event_20230307_0000111,quakeml:eu.emsc/event/20230307_0000111,KO.BNN,5435.0,5240.0,-195.0,updated
ev_KO_BNN_.emsc_event_20230308_0000038,quakeml:eu.emsc/event/20230308_0000038,KO.BNN,4778.0,4820.0,42.0,updated
ev_KO_BNN_.emsc_event_20230307_0000105,quakeml:eu.emsc/event/20230307_0000105,KO.BNN,5200.0,5270.0,70.0,updated
ev_KO_KOZT_.emsc_event_20230304_0000127,quakeml:eu.emsc/event/20230304_0000127,KO.KOZT,5661.0,5730.0,69.0,updated
ev_KO_KOZT_.emsc_event_20230306_0000066,quakeml:eu.emsc/event/20230306_0000066,KO.KOZT,4205.0,4180.0,-25.0,updated
ev_KO_BNN_.emsc_event_20230306_0000221,quakeml:eu.emsc/event/20230306_0000221,KO.BNN,4726.0,4810.0,84.0,updated
ev_KO_KOZT_.emsc_event_20230305_0000203,quakeml:eu.emsc/event/20230305_0000203,KO.KOZT,5765.0,5940.0,175.0,updated
ev_KO_KMRS_.emsc_event_20230307_0000093,quakeml:eu.emsc/event/20230307_0000093,KO.KMRS,4192.0,4130.0,-62.0,updated
ev_KO_URFA_.emsc_event_20230305_0000097,quakeml:eu.emsc/event/20230305_0000097,KO.URFA,4901.0,4930.0,29.0,updated
ev_KO_SARI_.emsc_event_20230702_0000001,quakeml:eu.emsc/event/20230702_0000001,KO.SARI,3251.0,3082.0,-169.0,updated
ev_KO_SVRC_.emsc_event_20230308_0000236,quakeml:eu.emsc/event/20230308_0000236,KO.SVRC,5402.0,5460.0,58.0,updated
ev_KO_URFA_.emsc_event_20230616_0000205,quakeml:eu.emsc/event/20230616_0000205,KO.URFA,5233.0,5260.0,27.0,updated
ev_KO_SARI_.emsc_event_20230222_0000217,quakeml:eu.emsc/event/20230222_0000217,KO.SARI,5090.0,,,no_emsc_pick
ev_KO_GAZ_.emsc_event_20230304_0000253,quakeml:eu.emsc/event/20230304_0000253,KO.GAZ,5734.0,5830.0,96.0,updated
ev_KO_BNN_.emsc_event_20230211_0000146,quakeml:eu.emsc/event/20230211_0000146,KO.BNN,5487.0,,,no_emsc_pick
ev_KO_BNN_.emsc_event_20230308_0000004,quakeml:eu.emsc/event/20230308_0000004,KO.BNN,5221.0,5250.0,29.0,updated
ev_KO_DARE_.emsc_event_20230505_0000299,quakeml:eu.emsc/event/20230505_0000299,KO.DARE,4760.0,4620.0,-140.0,updated
ev_KO_GAZ_.emsc_event_20230306_0000312,quakeml:eu.emsc/event/20230306_0000312,KO.GAZ,3407.0,3450.0,43.0,updated
ev_KO_BNN_.emsc_event_20230306_0000235,quakeml:eu.emsc/event/20230306_0000235,KO.BNN,5621.0,5300.0,-321.0,updated
ev_KO_SVRC_.emsc_event_20230304_0000152,quakeml:eu.emsc/event/20230304_0000152,KO.SVRC,4569.0,4490.0,-79.0,updated
ev_KO_TAHT_.emsc_event_20230711_0000193,quakeml:eu.emsc/event/20230711_0000193,KO.TAHT,5592.0,5660.0,68.0,updated
ev_KO_DARE_.emsc_event_20230711_0000163,quakeml:eu.emsc/event/20230711_0000163,KO.DARE,5026.0,5010.0,-16.0,updated
ev_KO_KMRS_.emsc_event_20230304_0000221,quakeml:eu.emsc/event/20230304_0000221,KO.KMRS,3793.0,3850.0,57.0,updated
ev_KO_DARE_.emsc_event_20230613_0000010,quakeml:eu.emsc/event/20230613_0000010,KO.DARE,3569.0,,,no_emsc_pick
ev_KO_CEYT_.emsc_event_20230307_0000172,quakeml:eu.emsc/event/20230307_0000172,KO.CEYT,4371.0,4420.0,49.0,updated
ev_KO_URFA_.emsc_event_20230601_0000150,quakeml:eu.emsc/event/20230601_0000150,KO.URFA,5848.0,5920.0,72.0,updated
ev_KO_SARI_.emsc_event_20230705_0000031,quakeml:eu.emsc/event/20230705_0000031,KO.SARI,5988.0,,,no_emsc_pick
ev_KO_SVRC_.emsc_event_20230713_0000170,quakeml:eu.emsc/event/20230713_0000170,KO.SVRC,5472.0,5383.0,-89.0,updated
ev_KO_SARI_.emsc_event_20230515_0000149,quakeml:eu.emsc/event/20230515_0000149,KO.SARI,5089.0,,,no_emsc_pick
ev_KO_BNN_.emsc_event_20230415_0000251,quakeml:eu.emsc/event/20230415_0000251,KO.BNN,5308.0,5340.0,32.0,updated
ev_KO_SARI_.emsc_event_20230307_0000213,quakeml:eu.emsc/event/20230307_0000213,KO.SARI,4855.0,,,no_emsc_pick
ev_KO_URFA_.emsc_event_20230308_0000014,quakeml:eu.emsc/event/20230308_0000014,KO.URFA,4580.0,4540.0,-40.0,updated
ev_KO_MERS_.emsc_event_20230308_0000067,quakeml:eu.emsc/event/20230308_0000067,KO.MERS,5065.0,,,no_emsc_pick
ev_KO_BNN_.emsc_event_20230312_0000305,quakeml:eu.emsc/event/20230312_0000305,KO.BNN,4982.0,4870.0,-112.0,updated
ev_KO_SARI_.emsc_event_20230304_0000062,quakeml:eu.emsc/event/20230304_0000062,KO.SARI,5254.0,5290.0,36.0,updated
ev_KO_SARI_.emsc_event_20230316_0000246,quakeml:eu.emsc/event/20230316_0000246,KO.SARI,4776.0,4700.0,-76.0,updated
ev_KO_KMRS_.emsc_event_20230305_0000111,quakeml:eu.emsc/event/20230305_0000111,KO.KMRS,5856.0,5940.0,84.0,updated
ev_KO_URFA_.emsc_event_20230307_0000115,quakeml:eu.emsc/event/20230307_0000115,KO.URFA,5777.0,,,no_emsc_pick
ev_KO_URFA_.emsc_event_20230227_0000074,quakeml:eu.emsc/event/20230227_0000074,KO.URFA,5747.0,5760.0,13.0,updated
ev_KO_KMRS_.emsc_event_20230308_0000179,quakeml:eu.emsc/event/20230308_0000179,KO.KMRS,3584.0,,,no_emsc_pick
ev_KO_CEYT_.emsc_event_20230425_0000004,quakeml:eu.emsc/event/20230425_0000004,KO.CEYT,5099.0,5160.0,61.0,updated
ev_KO_CEYT_.emsc_event_20230308_0000067,quakeml:eu.emsc/event/20230308_0000067,KO.CEYT,4875.0,4920.0,45.0,updated
ev_KO_DARE_.emsc_event_20230307_0000265,quakeml:eu.emsc/event/20230307_0000265,KO.DARE,3637.0,3580.0,-57.0,updated
ev_KO_BNN_.emsc_event_20230722_0000046,quakeml:eu.emsc/event/20230722_0000046,KO.BNN,4707.0,4610.0,-97.0,updated
ev_KO_GAZ_.emsc_event_20230306_0000138,quakeml:eu.emsc/event/20230306_0000138,KO.GAZ,4903.0,4960.0,57.0,updated
ev_KO_KOZT_.emsc_event_20230308_0000041,quakeml:eu.emsc/event/20230308_0000041,KO.KOZT,5459.0,5440.0,-19.0,updated
ev_KO_GAZ_.emsc_event_20230304_0000079,quakeml:eu.emsc/event/20230304_0000079,KO.GAZ,3301.0,3290.0,-11.0,updated
ev_KO_TAHT_.emsc_event_20230523_0000238,quakeml:eu.emsc/event/20230523_0000238,KO.TAHT,5793.0,,,no_emsc_pick
ev_KO_GAZ_.emsc_event_20230307_0000234,quakeml:eu.emsc/event/20230307_0000234,KO.GAZ,5094.0,5240.0,146.0,updated
ev_KO_CEYT_.emsc_event_20230311_0000301,quakeml:eu.emsc/event/20230311_0000301,KO.CEYT,5123.0,5220.0,97.0,updated
ev_KO_GAZ_.emsc_event_20230307_0000220,quakeml:eu.emsc/event/20230307_0000220,KO.GAZ,5835.0,5890.0,55.0,updated
ev_KO_DARE_.emsc_event_20230520_0000091,quakeml:eu.emsc/event/20230520_0000091,KO.DARE,4820.0,4740.0,-80.0,updated
ev_KO_BNN_.emsc_event_20230707_0000064,quakeml:eu.emsc/event/20230707_0000064,KO.BNN,5929.0,,,no_emsc_pick
ev_KO_SVRC_.emsc_event_20230305_0000060,quakeml:eu.emsc/event/20230305_0000060,KO.SVRC,5639.0,5700.0,61.0,updated
ev_KO_URFA_.emsc_event_20230510_0000128,quakeml:eu.emsc/event/20230510_0000128,KO.URFA,5447.0,5380.0,-67.0,updated
ev_KO_SVRC_.emsc_event_20230307_0000121,quakeml:eu.emsc/event/20230307_0000121,KO.SVRC,5796.0,5840.0,44.0,updated
ev_KO_CEYT_.emsc_event_20230310_0000025,quakeml:eu.emsc/event/20230310_0000025,KO.CEYT,5628.0,,,no_emsc_pick
ev_KO_SARI_.emsc_event_20230219_0000163,quakeml:eu.emsc/event/20230219_0000163,KO.SARI,5591.0,5680.0,89.0,updated
ev_KO_SVRC_.emsc_event_20230228_0000155,quakeml:eu.emsc/event/20230228_0000155,KO.SVRC,4442.0,4430.0,-12.0,updated
ev_KO_BNN_.emsc_event_20230306_0000023,quakeml:eu.emsc/event/20230306_0000023,KO.BNN,5269.0,5350.0,81.0,updated
ev_KO_SVRC_.emsc_event_20230306_0000205,quakeml:eu.emsc/event/20230306_0000205,KO.SVRC,5419.0,5420.0,1.0,updated
ev_KO_BNN_.emsc_event_20230304_0000176,quakeml:eu.emsc/event/20230304_0000176,KO.BNN,4848.0,4870.0,22.0,updated
ev_KO_TAHT_.emsc_event_20230305_0000115,quakeml:eu.emsc/event/20230305_0000115,KO.TAHT,5786.0,5810.0,24.0,updated
ev_KO_TAHT_.emsc_event_20230304_0000219,quakeml:eu.emsc/event/20230304_0000219,KO.TAHT,5766.0,,,no_emsc_pick
ev_KO_KOZT_.emsc_event_20230308_0000069,quakeml:eu.emsc/event/20230308_0000069,KO.KOZT,5431.0,5400.0,-31.0,updated
ev_KO_KARA_.emsc_event_20230528_0000003,quakeml:eu.emsc/event/20230528_0000003,KO.KARA,5242.0,5310.0,68.0,updated
ev_KO_SARI_.emsc_event_20230325_0000003,quakeml:eu.emsc/event/20230325_0000003,KO.SARI,4218.0,4350.0,132.0,updated
ev_KO_TAHT_.emsc_event_20230610_0000044,quakeml:eu.emsc/event/20230610_0000044,KO.TAHT,5779.0,,,no_emsc_pick
ev_KO_DARE_.emsc_event_20230427_0000050,quakeml:eu.emsc/event/20230427_0000050,KO.DARE,4746.0,4750.0,4.0,updated
ev_KO_DARE_.emsc_event_20230304_0000202,quakeml:eu.emsc/event/20230304_0000202,KO.DARE,4960.0,4970.0,10.0,updated
ev_KO_KOZT_.emsc_event_20230308_0000082,quakeml:eu.emsc/event/20230308_0000082,KO.KOZT,3993.0,4100.0,107.0,updated
ev_KO_TAHT_.emsc_event_20230308_0000182,quakeml:eu.emsc/event/20230308_0000182,KO.TAHT,3739.0,3830.0,91.0,updated
ev_KO_MERS_.emsc_event_20230306_0000054,quakeml:eu.emsc/event/20230306_0000054,KO.MERS,5814.0,5990.0,176.0,updated
ev_KO_SARI_.emsc_event_20230304_0000248,quakeml:eu.emsc/event/20230304_0000248,KO.SARI,3908.0,3960.0,52.0,updated
ev_KO_SARI_.emsc_event_20230428_0000127,quakeml:eu.emsc/event/20230428_0000127,KO.SARI,4112.0,4250.0,138.0,updated
ev_KO_SARI_.emsc_event_20230306_0000309,quakeml:eu.emsc/event/20230306_0000309,KO.SARI,5150.0,5230.0,80.0,updated
ev_KO_CEYT_.emsc_event_20230518_0000042,quakeml:eu.emsc/event/20230518_0000042,KO.CEYT,4611.0,4670.0,59.0,updated
ev_KO_KMRS_.emsc_event_20230306_0000176,quakeml:eu.emsc/event/20230306_0000176,KO.KMRS,4534.0,4630.0,96.0,updated
ev_KO_BNN_.emsc_event_20230616_0000017,quakeml:eu.emsc/event/20230616_0000017,KO.BNN,5308.0,5400.0,92.0,updated
ev_KO_SARI_.emsc_event_20230308_0000138,quakeml:eu.emsc/event/20230308_0000138,KO.SARI,5204.0,,,no_emsc_pick
ev_KO_SARI_.emsc_event_20230307_0000005,quakeml:eu.emsc/event/20230307_0000005,KO.SARI,4190.0,4240.0,50.0,updated
ev_KO_DARE_.emsc_event_20230312_0000298,quakeml:eu.emsc/event/20230312_0000298,KO.DARE,4106.0,4130.0,24.0,updated
ev_KO_DARE_.emsc_event_20230305_0000132,quakeml:eu.emsc/event/20230305_0000132,KO.DARE,4847.0,4750.0,-97.0,updated
ev_KO_TAHT_.emsc_event_20230307_0000083,quakeml:eu.emsc/event/20230307_0000083,KO.TAHT,5412.0,5480.0,68.0,updated
ev_KO_DARE_.emsc_event_20230307_0000073,quakeml:eu.emsc/event/20230307_0000073,KO.DARE,5105.0,5180.0,75.0,updated
ev_KO_BNN_.emsc_event_20230226_0000181,quakeml:eu.emsc/event/20230226_0000181,KO.BNN,4978.0,4930.0,-48.0,updated
ev_KO_DARE_.emsc_event_20230307_0000067,quakeml:eu.emsc/event/20230307_0000067,KO.DARE,4168.0,4180.0,12.0,updated
ev_KO_DARE_.emsc_event_20230523_0000223,quakeml:eu.emsc/event/20230523_0000223,KO.DARE,5399.0,5400.0,1.0,updated
ev_KO_GAZ_.emsc_event_20230304_0000092,quakeml:eu.emsc/event/20230304_0000092,KO.GAZ,5014.0,,,no_emsc_pick
ev_KO_CEYT_.emsc_event_20230306_0000054,quakeml:eu.emsc/event/20230306_0000054,KO.CEYT,4392.0,4530.0,138.0,updated
ev_KO_DYBB_.emsc_event_20230313_0000305,quakeml:eu.emsc/event/20230313_0000305,KO.DYBB,5725.0,,,no_emsc_pick
ev_KO_DARE_.emsc_event_20230424_0000234,quakeml:eu.emsc/event/20230424_0000234,KO.DARE,4099.0,4050.0,-49.0,updated
ev_KO_DARE_.emsc_event_20230719_0000251,quakeml:eu.emsc/event/20230719_0000251,KO.DARE,4198.0,4119.0,-79.0,updated
ev_KO_DARE_.emsc_event_20230305_0000127,quakeml:eu.emsc/event/20230305_0000127,KO.DARE,4384.0,4420.0,36.0,updated
ev_KO_SARI_.emsc_event_20230308_0000105,quakeml:eu.emsc/event/20230308_0000105,KO.SARI,3841.0,4020.0,179.0,updated
ev_KO_SARI_.emsc_event_20230305_0000179,quakeml:eu.emsc/event/20230305_0000179,KO.SARI,4066.0,4150.0,84.0,updated
ev_KO_KMRS_.emsc_event_20230305_0000306,quakeml:eu.emsc/event/20230305_0000306,KO.KMRS,4079.0,4060.0,-19.0,updated
ev_KO_GAZ_.emsc_event_20230304_0000093,quakeml:eu.emsc/event/20230304_0000093,KO.GAZ,4664.0,4720.0,56.0,updated
ev_KO_URFA_.emsc_event_20230504_0000031,quakeml:eu.emsc/event/20230504_0000031,KO.URFA,4324.0,4570.0,246.0,updated
ev_KO_SARI_.emsc_event_20230307_0000038,quakeml:eu.emsc/event/20230307_0000038,KO.SARI,3986.0,4000.0,14.0,updated
ev_KO_KMRS_.emsc_event_20230307_0000247,quakeml:eu.emsc/event/20230307_0000247,KO.KMRS,5012.0,5020.0,8.0,updated
ev_KO_CEYT_.emsc_event_20230304_0000114,quakeml:eu.emsc/event/20230304_0000114,KO.CEYT,5012.0,,,no_emsc_pick
ev_KO_KMRS_.emsc_event_20230307_0000253,quakeml:eu.emsc/event/20230307_0000253,KO.KMRS,5491.0,,,no_emsc_pick
ev_KO_DYBB_.emsc_event_20230619_0000019,quakeml:eu.emsc/event/20230619_0000019,KO.DYBB,5815.0,,,no_emsc_pick
ev_KO_CEYT_.emsc_event_20230308_0000270,quakeml:eu.emsc/event/20230308_0000270,KO.CEYT,4960.0,5010.0,50.0,updated
ev_KO_CEYT_.emsc_event_20230421_0000091,quakeml:eu.emsc/event/20230421_0000091,KO.CEYT,5240.0,5380.0,140.0,updated
ev_KO_SARI_.emsc_event_20230306_0000320,quakeml:eu.emsc/event/20230306_0000320,KO.SARI,5129.0,5190.0,61.0,updated
ev_KO_BNN_.emsc_event_20230312_0000106,quakeml:eu.emsc/event/20230312_0000106,KO.BNN,4880.0,,,no_emsc_pick
ev_KO_DARE_.emsc_event_20230305_0000133,quakeml:eu.emsc/event/20230305_0000133,KO.DARE,4041.0,4050.0,9.0,updated
ev_KO_KMRS_.emsc_event_20230306_0000177,quakeml:eu.emsc/event/20230306_0000177,KO.KMRS,4539.0,4590.0,51.0,updated
ev_KO_URFA_.emsc_event_20230304_0000173,quakeml:eu.emsc/event/20230304_0000173,KO.URFA,5229.0,5230.0,1.0,updated
ev_KO_CEYT_.emsc_event_20230308_0000258,quakeml:eu.emsc/event/20230308_0000258,KO.CEYT,5151.0,5070.0,-81.0,updated
ev_KO_SARI_.emsc_event_20230306_0000308,quakeml:eu.emsc/event/20230306_0000308,KO.SARI,5038.0,5070.0,32.0,updated
ev_KO_KMRS_.emsc_event_20230304_0000036,quakeml:eu.emsc/event/20230304_0000036,KO.KMRS,5476.0,5310.0,-166.0,updated
ev_KO_SARI_.emsc_event_20230307_0000004,quakeml:eu.emsc/event/20230307_0000004,KO.SARI,4648.0,4630.0,-18.0,updated
ev_KO_MERS_.emsc_event_20230308_0000270,quakeml:eu.emsc/event/20230308_0000270,KO.MERS,5698.0,5770.0,72.0,updated
ev_KO_SVRC_.emsc_event_20230415_0000260,quakeml:eu.emsc/event/20230415_0000260,KO.SVRC,4005.0,4110.0,105.0,updated
ev_KO_SARI_.emsc_event_20230305_0000145,quakeml:eu.emsc/event/20230305_0000145,KO.SARI,5792.0,,,no_emsc_pick
ev_KO_DARE_.emsc_event_20230304_0000217,quakeml:eu.emsc/event/20230304_0000217,KO.DARE,4671.0,4700.0,29.0,updated
ev_KO_DARE_.emsc_event_20230603_0000176,quakeml:eu.emsc/event/20230603_0000176,KO.DARE,4442.0,4520.0,78.0,updated
ev_KO_DYBB_.emsc_event_20230526_0000101,quakeml:eu.emsc/event/20230526_0000101,KO.DYBB,4658.0,,,no_emsc_pick
ev_KO_SARI_.emsc_event_20230307_0000010,quakeml:eu.emsc/event/20230307_0000010,KO.SARI,4174.0,4200.0,26.0,updated
ev_KO_URFA_.emsc_event_20230306_0000026,quakeml:eu.emsc/event/20230306_0000026,KO.URFA,5530.0,5600.0,70.0,updated
ev_KO_KMRS_.emsc_event_20230306_0000163,quakeml:eu.emsc/event/20230306_0000163,KO.KMRS,5377.0,,,no_emsc_pick
ev_KO_BNN_.emsc_event_20230422_0000240,quakeml:eu.emsc/event/20230422_0000240,KO.BNN,4942.0,4990.0,48.0,updated
ev_KO_KOZT_.emsc_event_20230306_0000259,quakeml:eu.emsc/event/20230306_0000259,KO.KOZT,4411.0,4440.0,29.0,updated
ev_KO_TAHT_.emsc_event_20230307_0000055,quakeml:eu.emsc/event/20230307_0000055,KO.TAHT,5806.0,,,no_emsc_pick
ev_KO_BNN_.emsc_event_20230226_0000157,quakeml:eu.emsc/event/20230226_0000157,KO.BNN,4875.0,4800.0,-75.0,updated
ev_KO_KOZT_.emsc_event_20230304_0000318,quakeml:eu.emsc/event/20230304_0000318,KO.KOZT,4312.0,4320.0,8.0,updated
ev_KO_DARE_.emsc_event_20230308_0000198,quakeml:eu.emsc/event/20230308_0000198,KO.DARE,3980.0,4000.0,20.0,updated
ev_KO_CEYT_.emsc_event_20230627_0000198,quakeml:eu.emsc/event/20230627_0000198,KO.CEYT,3686.0,3615.0,-71.0,updated
ev_KO_BNN_.emsc_event_20230308_0000207,quakeml:eu.emsc/event/20230308_0000207,KO.BNN,5215.0,5320.0,105.0,updated
ev_KO_CEYT_.emsc_event_20230306_0000096,quakeml:eu.emsc/event/20230306_0000096,KO.CEYT,4999.0,,,no_emsc_pick
ev_KO_KOZT_.emsc_event_20230305_0000014,quakeml:eu.emsc/event/20230305_0000014,KO.KOZT,4645.0,4480.0,-165.0,updated
ev_KO_GAZ_.emsc_event_20230306_0000111,quakeml:eu.emsc/event/20230306_0000111,KO.GAZ,4923.0,4950.0,27.0,updated
ev_KO_CEYT_.emsc_event_20230312_0000171,quakeml:eu.emsc/event/20230312_0000171,KO.CEYT,4825.0,4840.0,15.0,updated
ev_KO_SVRC_.emsc_event_20230307_0000108,quakeml:eu.emsc/event/20230307_0000108,KO.SVRC,5227.0,5280.0,53.0,updated
ev_KO_GAZ_.emsc_event_20230306_0000105,quakeml:eu.emsc/event/20230306_0000105,KO.GAZ,5496.0,5560.0,64.0,updated
ev_KO_KOZT_.emsc_event_20230307_0000141,quakeml:eu.emsc/event/20230307_0000141,KO.KOZT,5661.0,5680.0,19.0,updated
ev_KO_GAZ_.emsc_event_20230304_0000044,quakeml:eu.emsc/event/20230304_0000044,KO.GAZ,3371.0,3400.0,29.0,updated
ev_KO_DARE_.emsc_event_20230513_0000028,quakeml:eu.emsc/event/20230513_0000028,KO.DARE,4022.0,4160.0,138.0,updated
ev_KO_CEYT_.emsc_event_20230418_0000071,quakeml:eu.emsc/event/20230418_0000071,KO.CEYT,4881.0,4840.0,-41.0,updated
ev_KO_SVRC_.emsc_event_20230306_0000204,quakeml:eu.emsc/event/20230306_0000204,KO.SVRC,5960.0,,,no_emsc_pick
ev_KO_URFA_.emsc_event_20230304_0000198,quakeml:eu.emsc/event/20230304_0000198,KO.URFA,5744.0,5750.0,6.0,updated
ev_KO_TAHT_.emsc_event_20230314_0000141,quakeml:eu.emsc/event/20230314_0000141,KO.TAHT,5899.0,,,no_emsc_pick
ev_KO_URFA_.emsc_event_20230310_0000057,quakeml:eu.emsc/event/20230310_0000057,KO.URFA,5071.0,5130.0,59.0,updated
ev_KO_TAHT_.emsc_event_20230307_0000069,quakeml:eu.emsc/event/20230307_0000069,KO.TAHT,5747.0,5760.0,13.0,updated
ev_KO_SVRC_.emsc_event_20230309_0000311,quakeml:eu.emsc/event/20230309_0000311,KO.SVRC,4012.0,4140.0,128.0,updated
ev_KO_KOZT_.emsc_event_20230308_0000054,quakeml:eu.emsc/event/20230308_0000054,KO.KOZT,5419.0,5450.0,31.0,updated
ev_KO_BNN_.emsc_event_20230307_0000306,quakeml:eu.emsc/event/20230307_0000306,KO.BNN,5263.0,5310.0,47.0,updated
ev_KO_KOZT_.emsc_event_20230307_0000169,quakeml:eu.emsc/event/20230307_0000169,KO.KOZT,3874.0,3890.0,16.0,updated
ev_KO_DARE_.emsc_event_20230502_0000069,quakeml:eu.emsc/event/20230502_0000069,KO.DARE,3837.0,3870.0,33.0,updated
ev_KO_MERS_.emsc_event_20230220_0000220,quakeml:eu.emsc/event/20230220_0000220,KO.MERS,5228.0,5290.0,62.0,updated
ev_KO_GAZ_.emsc_event_20230304_0000078,quakeml:eu.emsc/event/20230304_0000078,KO.GAZ,5470.0,5530.0,60.0,updated
ev_KO_KOZT_.emsc_event_20230308_0000040,quakeml:eu.emsc/event/20230308_0000040,KO.KOZT,4154.0,4200.0,46.0,updated
ev_KO_SARI_.emsc_event_20230305_0000192,quakeml:eu.emsc/event/20230305_0000192,KO.SARI,5103.0,5100.0,-3.0,updated
ev_KO_KMRS_.emsc_event_20230307_0000045,quakeml:eu.emsc/event/20230307_0000045,KO.KMRS,4957.0,4960.0,3.0,updated
ev_KO_SARI_.emsc_event_20230306_0000136,quakeml:eu.emsc/event/20230306_0000136,KO.SARI,5187.0,5230.0,43.0,updated
ev_KO_TAHT_.emsc_event_20230307_0000294,quakeml:eu.emsc/event/20230307_0000294,KO.TAHT,4924.0,4910.0,-14.0,updated
ev_KO_KMRS_.emsc_event_20230306_0000349,quakeml:eu.emsc/event/20230306_0000349,KO.KMRS,5281.0,,,no_emsc_pick
ev_KO_SARI_.emsc_event_20230304_0000063,quakeml:eu.emsc/event/20230304_0000063,KO.SARI,5064.0,5200.0,136.0,updated
ev_KO_GAZ_.emsc_event_20230305_0000189,quakeml:eu.emsc/event/20230305_0000189,KO.GAZ,4993.0,5040.0,47.0,updated
ev_KO_KMRS_.emsc_event_20230305_0000110,quakeml:eu.emsc/event/20230305_0000110,KO.KMRS,4830.0,4880.0,50.0,updated
ev_KO_MERS_.emsc_event_20230305_0000026,quakeml:eu.emsc/event/20230305_0000026,KO.MERS,5417.0,5490.0,73.0,updated
ev_KO_URFA_.emsc_event_20230305_0000055,quakeml:eu.emsc/event/20230305_0000055,KO.URFA,5783.0,,,no_emsc_pick
ev_KO_KMRS_.emsc_event_20230307_0000051,quakeml:eu.emsc/event/20230307_0000051,KO.KMRS,5935.0,,,no_emsc_pick
ev_KO_YESY_.emsc_event_20230722_0000201,quakeml:eu.emsc/event/20230722_0000201,KO.YESY,5567.0,5471.0,-96.0,updated
ev_KO_BNN_.emsc_event_20230222_0000100,quakeml:eu.emsc/event/20230222_0000100,KO.BNN,5000.0,5050.0,50.0,updated
ev_KO_TAHT_.emsc_event_20230505_0000297,quakeml:eu.emsc/event/20230505_0000297,KO.TAHT,3662.0,3640.0,-22.0,updated
ev_KO_KMRS_.emsc_event_20230307_0000079,quakeml:eu.emsc/event/20230307_0000079,KO.KMRS,5017.0,5090.0,73.0,updated
ev_KO_URFA_.emsc_event_20230308_0000001,quakeml:eu.emsc/event/20230308_0000001,KO.URFA,5236.0,5260.0,24.0,updated
ev_KO_DARE_.emsc_event_20230306_0000154,quakeml:eu.emsc/event/20230306_0000154,KO.DARE,4893.0,4910.0,17.0,updated
ev_KO_CEYT_.emsc_event_20230307_0000167,quakeml:eu.emsc/event/20230307_0000167,KO.CEYT,5963.0,,,no_emsc_pick
ev_KO_CEYT_.emsc_event_20230305_0000026,quakeml:eu.emsc/event/20230305_0000026,KO.CEYT,3675.0,3780.0,105.0,updated
ev_KO_CEYT_.emsc_event_20230305_0000032,quakeml:eu.emsc/event/20230305_0000032,KO.CEYT,5546.0,5590.0,44.0,updated
ev_KO_KMRS_.emsc_event_20230304_0000220,quakeml:eu.emsc/event/20230304_0000220,KO.KMRS,3750.0,3810.0,60.0,updated
ev_KO_URFA_.emsc_event_20230228_0000174,quakeml:eu.emsc/event/20230228_0000174,KO.URFA,5139.0,5120.0,-19.0,updated
ev_KO_DARE_.emsc_event_20230306_0000140,quakeml:eu.emsc/event/20230306_0000140,KO.DARE,5336.0,,,no_emsc_pick
ev_KO_URFA_.emsc_event_20230307_0000128,quakeml:eu.emsc/event/20230307_0000128,KO.URFA,4642.0,4680.0,38.0,updated
ev_KO_SVRC_.emsc_event_20230713_0000171,quakeml:eu.emsc/event/20230713_0000171,KO.SVRC,4336.0,4360.0,24.0,updated
ev_KO_GAZ_.emsc_event_20230306_0000313,quakeml:eu.emsc/event/20230306_0000313,KO.GAZ,5541.0,5740.0,199.0,updated
ev_KO_CEYT_.emsc_event_20230306_0000294,quakeml:eu.emsc/event/20230306_0000294,KO.CEYT,5791.0,5920.0,129.0,updated
ev_KO_BNN_.emsc_event_20230307_0000138,quakeml:eu.emsc/event/20230307_0000138,KO.BNN,5067.0,,,no_emsc_pick
ev_KO_DARE_.emsc_event_20230711_0000162,quakeml:eu.emsc/event/20230711_0000162,KO.DARE,4627.0,,,no_emsc_pick
ev_KO_CEYT_.emsc_event_20230725_0000202,quakeml:eu.emsc/event/20230725_0000202,KO.CEYT,4233.0,4290.0,57.0,updated
ev_KO_KARA_.emsc_event_20230530_0000097,quakeml:eu.emsc/event/20230530_0000097,KO.KARA,5278.0,5190.0,-88.0,updated
ev_KO_GAZ_.emsc_event_20230308_0000122,quakeml:eu.emsc/event/20230308_0000122,KO.GAZ,4964.0,5060.0,96.0,updated
ev_KO_SVRC_.emsc_event_20230304_0000147,quakeml:eu.emsc/event/20230304_0000147,KO.SVRC,5556.0,5510.0,-46.0,updated
ev_KO_BNN_.emsc_event_20230601_0000155,quakeml:eu.emsc/event/20230601_0000155,KO.BNN,4353.0,4300.0,-53.0,updated
ev_KO_TAHT_.emsc_event_20230711_0000186,quakeml:eu.emsc/event/20230711_0000186,KO.TAHT,5973.0,5927.0,-46.0,updated
ev_KO_GAZ_.emsc_event_20230304_0000246,quakeml:eu.emsc/event/20230304_0000246,KO.GAZ,5853.0,,,no_emsc_pick
ev_KO_MERS_.emsc_event_20230308_0000099,quakeml:eu.emsc/event/20230308_0000099,KO.MERS,5539.0,5480.0,-59.0,updated
ev_KO_CEYT_.emsc_event_20230306_0000280,quakeml:eu.emsc/event/20230306_0000280,KO.CEYT,4965.0,5010.0,45.0,updated
ev_KO_KOZT_.emsc_event_20230308_0000256,quakeml:eu.emsc/event/20230308_0000256,KO.KOZT,4514.0,4490.0,-24.0,updated
ev_KO_BNN_.emsc_event_20230305_0000045,quakeml:eu.emsc/event/20230305_0000045,KO.BNN,4882.0,4870.0,-12.0,updated
ev_KO_SVRC_.emsc_event_20230307_0000322,quakeml:eu.emsc/event/20230307_0000322,KO.SVRC,4140.0,4150.0,10.0,updated
ev_KO_CEYT_.emsc_event_20230308_0000099,quakeml:eu.emsc/event/20230308_0000099,KO.CEYT,4654.0,4630.0,-24.0,updated
ev_KO_GAZ_.emsc_event_20230305_0000162,quakeml:eu.emsc/event/20230305_0000162,KO.GAZ,4707.0,,,no_emsc_pick
ev_KO_KOZT_.emsc_event_20230306_0000067,quakeml:eu.emsc/event/20230306_0000067,KO.KOZT,5410.0,5340.0,-70.0,updated
ev_KO_TAHT_.emsc_event_20230530_0000107,quakeml:eu.emsc/event/20230530_0000107,KO.TAHT,5366.0,5400.0,34.0,updated
ev_KO_URFA_.emsc_event_20230601_0000186,quakeml:eu.emsc/event/20230601_0000186,KO.URFA,5337.0,5320.0,-17.0,updated
ev_KO_GAZ_.emsc_event_20230307_0000037,quakeml:eu.emsc/event/20230307_0000037,KO.GAZ,4597.0,4700.0,103.0,updated
ev_KO_URFA_.emsc_event_20230312_0000300,quakeml:eu.emsc/event/20230312_0000300,KO.URFA,5033.0,4970.0,-63.0,updated
ev_KO_SARI_.emsc_event_20230311_0000277,quakeml:eu.emsc/event/20230311_0000277,KO.SARI,4012.0,4000.0,-12.0,updated
ev_KO_MERS_.emsc_event_20230725_0000202,quakeml:eu.emsc/event/20230725_0000202,KO.MERS,5497.0,5520.0,23.0,updated
ev_KO_SVRC_.emsc_event_20230401_0000152,quakeml:eu.emsc/event/20230401_0000152,KO.SVRC,5852.0,5830.0,-22.0,updated
ev_KO_DARE_.emsc_event_20230306_0000183,quakeml:eu.emsc/event/20230306_0000183,KO.DARE,5079.0,5010.0,-69.0,updated
ev_KO_URFA_.emsc_event_20230307_0000074,quakeml:eu.emsc/event/20230307_0000074,KO.URFA,4582.0,4500.0,-82.0,updated
ev_KO_CEYT_.emsc_event_20230306_0000323,quakeml:eu.emsc/event/20230306_0000323,KO.CEYT,4774.0,4860.0,86.0,updated
ev_KO_CEYT_.emsc_event_20230211_0000050,quakeml:eu.emsc/event/20230211_0000050,KO.CEYT,5200.0,,,no_emsc_pick
ev_KO_SARI_.emsc_event_20230304_0000103,quakeml:eu.emsc/event/20230304_0000103,KO.SARI,4004.0,4130.0,126.0,updated
ev_KO_TAHT_.emsc_event_20230731_0000189,quakeml:eu.emsc/event/20230731_0000189,KO.TAHT,5499.0,5482.0,-17.0,updated
ev_KO_CEYT_.emsc_event_20230308_0000106,quakeml:eu.emsc/event/20230308_0000106,KO.CEYT,5184.0,,,no_emsc_pick
ev_KO_SARI_.emsc_event_20230321_0000121,quakeml:eu.emsc/event/20230321_0000121,KO.SARI,5155.0,5190.0,35.0,updated
ev_KO_SARI_.emsc_event_20230306_0000056,quakeml:eu.emsc/event/20230306_0000056,KO.SARI,3625.0,3760.0,135.0,updated
ev_KO_CEYT_.emsc_event_20230603_0000103,quakeml:eu.emsc/event/20230603_0000103,KO.CEYT,4305.0,4300.0,-5.0,updated
ev_KO_URFA_.emsc_event_20230424_0000232,quakeml:eu.emsc/event/20230424_0000232,KO.URFA,4649.0,4660.0,11.0,updated
ev_KO_GAZ_.emsc_event_20230306_0000298,quakeml:eu.emsc/event/20230306_0000298,KO.GAZ,5600.0,5710.0,110.0,updated
ev_KO_CEYT_.emsc_event_20230330_0000201,quakeml:eu.emsc/event/20230330_0000201,KO.CEYT,5361.0,,,no_emsc_pick
ev_KO_CEYT_.emsc_event_20230525_0000194,quakeml:eu.emsc/event/20230525_0000194,KO.CEYT,4954.0,5000.0,46.0,updated
ev_KO_DARE_.emsc_event_20230304_0000161,quakeml:eu.emsc/event/20230304_0000161,KO.DARE,4162.0,4120.0,-42.0,updated
ev_KO_DARE_.emsc_event_20230306_0000020,quakeml:eu.emsc/event/20230306_0000020,KO.DARE,4178.0,4280.0,102.0,updated
ev_KO_GULA_.emsc_event_20230521_0000024,quakeml:eu.emsc/event/20230521_0000024,KO.GULA,5955.0,5950.0,-5.0,updated
ev_KO_DARE_.emsc_event_20230308_0000211,quakeml:eu.emsc/event/20230308_0000211,KO.DARE,3681.0,3790.0,109.0,updated
ev_KO_SARI_.emsc_event_20230223_0000085,quakeml:eu.emsc/event/20230223_0000085,KO.SARI,4723.0,4770.0,47.0,updated
ev_KO_DARE_.emsc_event_20230307_0000338,quakeml:eu.emsc/event/20230307_0000338,KO.DARE,5566.0,5620.0,54.0,updated
ev_KO_MERS_.emsc_event_20230306_0000323,quakeml:eu.emsc/event/20230306_0000323,KO.MERS,5652.0,5730.0,78.0,updated
ev_KO_GAZ_.emsc_event_20230307_0000180,quakeml:eu.emsc/event/20230307_0000180,KO.GAZ,5819.0,,,no_emsc_pick
ev_KO_TAHT_.emsc_event_20230305_0000262,quakeml:eu.emsc/event/20230305_0000262,KO.TAHT,5857.0,5810.0,-47.0,updated
ev_KO_GAZ_.emsc_event_20230308_0000056,quakeml:eu.emsc/event/20230308_0000056,KO.GAZ,4955.0,4990.0,35.0,updated
ev_KO_SARI_.emsc_event_20230306_0000081,quakeml:eu.emsc/event/20230306_0000081,KO.SARI,4088.0,4110.0,22.0,updated
ev_KO_SVRC_.emsc_event_20230304_0000027,quakeml:eu.emsc/event/20230304_0000027,KO.SVRC,5416.0,5430.0,14.0,updated
ev_KO_SARI_.emsc_event_20230418_0000066,quakeml:eu.emsc/event/20230418_0000066,KO.SARI,5597.0,5660.0,63.0,updated
ev_KO_KOZT_.emsc_event_20230307_0000237,quakeml:eu.emsc/event/20230307_0000237,KO.KOZT,5220.0,5280.0,60.0,updated
ev_KO_BNN_.emsc_event_20230613_0000205,quakeml:eu.emsc/event/20230613_0000205,KO.BNN,5253.0,5060.0,-193.0,updated
ev_KO_BNN_.emsc_event_20230307_0000070,quakeml:eu.emsc/event/20230307_0000070,KO.BNN,5946.0,,,no_emsc_pick
ev_KO_TAHT_.emsc_event_20230306_0000013,quakeml:eu.emsc/event/20230306_0000013,KO.TAHT,5750.0,5800.0,50.0,updated
ev_KO_BNN_.emsc_event_20230305_0000131,quakeml:eu.emsc/event/20230305_0000131,KO.BNN,5048.0,5010.0,-38.0,updated
ev_KO_URFA_.emsc_event_20230206_0000438,quakeml:eu.emsc/event/20230206_0000438,KO.URFA,5991.0,,,no_emsc_pick
ev_KO_KOZT_.emsc_event_20230306_0000113,quakeml:eu.emsc/event/20230306_0000113,KO.KOZT,4370.0,4420.0,50.0,updated
ev_KO_BNN_.emsc_event_20230601_0000009,quakeml:eu.emsc/event/20230601_0000009,KO.BNN,5606.0,5660.0,54.0,updated
ev_KO_GAZ_.emsc_event_20230307_0000157,quakeml:eu.emsc/event/20230307_0000157,KO.GAZ,5632.0,5740.0,108.0,updated
ev_KO_SARI_.emsc_event_20230326_0000105,quakeml:eu.emsc/event/20230326_0000105,KO.SARI,4658.0,,,no_emsc_pick
ev_KO_GAZ_.emsc_event_20230307_0000143,quakeml:eu.emsc/event/20230307_0000143,KO.GAZ,4620.0,,,no_emsc_pick
ev_KO_GAZ_.emsc_event_20230305_0000002,quakeml:eu.emsc/event/20230305_0000002,KO.GAZ,4640.0,4720.0,80.0,updated
ev_KO_BNN_.emsc_event_20230610_0000074,quakeml:eu.emsc/event/20230610_0000074,KO.BNN,4995.0,5060.0,65.0,updated
ev_KO_BNN_.emsc_event_20230424_0000236,quakeml:eu.emsc/event/20230424_0000236,KO.BNN,5970.0,5990.0,20.0,updated
ev_KO_SARI_.emsc_event_20230409_0000033,quakeml:eu.emsc/event/20230409_0000033,KO.SARI,3971.0,4100.0,129.0,updated
ev_KO_MERS_.emsc_event_20230306_0000109,quakeml:eu.emsc/event/20230306_0000109,KO.MERS,5747.0,5630.0,-117.0,updated
ev_KO_BNN_.emsc_event_20230306_0000181,quakeml:eu.emsc/event/20230306_0000181,KO.BNN,5276.0,5190.0,-86.0,updated
ev_KO_TAHT_.emsc_event_20230320_0000095,quakeml:eu.emsc/event/20230320_0000095,KO.TAHT,5585.0,,,no_emsc_pick
ev_KO_CEYT_.emsc_event_20230326_0000099,quakeml:eu.emsc/event/20230326_0000099,KO.CEYT,4790.0,4800.0,10.0,updated
ev_KO_SARI_.emsc_event_20230307_0000158,quakeml:eu.emsc/event/20230307_0000158,KO.SARI,4820.0,,,no_emsc_pick
ev_KO_KMRS_.emsc_event_20230305_0000266,quakeml:eu.emsc/event/20230305_0000266,KO.KMRS,5566.0,5740.0,174.0,updated
ev_KO_CEYT_.emsc_event_20230213_0000307,quakeml:eu.emsc/event/20230213_0000307,KO.CEYT,5377.0,5380.0,3.0,updated
ev_KO_GAZ_.emsc_event_20230308_0000283,quakeml:eu.emsc/event/20230308_0000283,KO.GAZ,5791.0,5850.0,59.0,updated
ev_KO_YESY_.emsc_event_20230805_0000097,quakeml:eu.emsc/event/20230805_0000097,KO.YESY,5480.0,5580.0,100.0,updated
ev_KO_TAHT_.emsc_event_20230503_0000222,quakeml:eu.emsc/event/20230503_0000222,KO.TAHT,5833.0,,,no_emsc_pick
ev_KO_URFA_.emsc_event_20230306_0000146,quakeml:eu.emsc/event/20230306_0000146,KO.URFA,5682.0,5750.0,68.0,updated
ev_KO_BNN_.emsc_event_20230216_0000201,quakeml:eu.emsc/event/20230216_0000201,KO.BNN,4706.0,4680.0,-26.0,updated
ev_KO_KMRS_.emsc_event_20230308_0000232,quakeml:eu.emsc/event/20230308_0000232,KO.KMRS,3895.0,3970.0,75.0,updated
ev_KO_CEYT_.emsc_event_20230306_0000109,quakeml:eu.emsc/event/20230306_0000109,KO.CEYT,4833.0,4710.0,-123.0,updated
ev_KO_BNN_.emsc_event_20230616_0000176,quakeml:eu.emsc/event/20230616_0000176,KO.BNN,5906.0,5960.0,54.0,updated
ev_KO_SARI_.emsc_event_20230308_0000059,quakeml:eu.emsc/event/20230308_0000059,KO.SARI,5935.0,,,no_emsc_pick
ev_KO_SARI_.emsc_event_20230304_0000329,quakeml:eu.emsc/event/20230304_0000329,KO.SARI,4947.0,5080.0,133.0,updated
ev_KO_DARE_.emsc_event_20230308_0000007,quakeml:eu.emsc/event/20230308_0000007,KO.DARE,3475.0,3530.0,55.0,updated
ev_KO_KMRS_.emsc_event_20230306_0000017,quakeml:eu.emsc/event/20230306_0000017,KO.KMRS,3980.0,4050.0,70.0,updated
ev_KO_GAZ_.emsc_event_20230308_0000254,quakeml:eu.emsc/event/20230308_0000254,KO.GAZ,5565.0,5640.0,75.0,updated
ev_KO_GAZ_.emsc_event_20230304_0000124,quakeml:eu.emsc/event/20230304_0000124,KO.GAZ,5912.0,,,no_emsc_pick
ev_KO_SVRC_.emsc_event_20230305_0000129,quakeml:eu.emsc/event/20230305_0000129,KO.SVRC,4773.0,4740.0,-33.0,updated
ev_KO_SVRC_.emsc_event_20230307_0000068,quakeml:eu.emsc/event/20230307_0000068,KO.SVRC,5822.0,5880.0,58.0,updated
ev_KO_GAZ_.emsc_event_20230306_0000071,quakeml:eu.emsc/event/20230306_0000071,KO.GAZ,4787.0,4780.0,-7.0,updated
ev_KO_KOZT_.emsc_event_20230307_0000035,quakeml:eu.emsc/event/20230307_0000035,KO.KOZT,5191.0,,,no_emsc_pick
ev_KO_DARE_.emsc_event_20230305_0000084,quakeml:eu.emsc/event/20230305_0000084,KO.DARE,4747.0,,,no_emsc_pick
ev_KO_TAHT_.emsc_event_20230305_0000074,quakeml:eu.emsc/event/20230305_0000074,KO.TAHT,3413.0,3440.0,27.0,updated
ev_KO_DARE_.emsc_event_20230415_0000246,quakeml:eu.emsc/event/20230415_0000246,KO.DARE,4969.0,5000.0,31.0,updated
ev_KO_TAHT_.emsc_event_20230307_0000135,quakeml:eu.emsc/event/20230307_0000135,KO.TAHT,3478.0,3570.0,92.0,updated
ev_KO_GAZ_.emsc_event_20230308_0000240,quakeml:eu.emsc/event/20230308_0000240,KO.GAZ,4447.0,4460.0,13.0,updated
ev_KO_URFA_.emsc_event_20230306_0000185,quakeml:eu.emsc/event/20230306_0000185,KO.URFA,5960.0,,,no_emsc_pick
ev_KO_BNN_.emsc_event_20230508_0000231,quakeml:eu.emsc/event/20230508_0000231,KO.BNN,4903.0,4960.0,57.0,updated
ev_KO_KOZT_.emsc_event_20230304_0000250,quakeml:eu.emsc/event/20230304_0000250,KO.KOZT,5530.0,5590.0,60.0,updated
ev_KO_GAZ_.emsc_event_20230305_0000214,quakeml:eu.emsc/event/20230305_0000214,KO.GAZ,5738.0,,,no_emsc_pick
ev_KO_URFA_.emsc_event_20230307_0000289,quakeml:eu.emsc/event/20230307_0000289,KO.URFA,4431.0,4490.0,59.0,updated
ev_KO_DARE_.emsc_event_20230312_0000306,quakeml:eu.emsc/event/20230312_0000306,KO.DARE,4338.0,4370.0,32.0,updated
ev_KO_KOZT_.emsc_event_20230307_0000009,quakeml:eu.emsc/event/20230307_0000009,KO.KOZT,5574.0,5760.0,186.0,updated
ev_KO_SVRC_.emsc_event_20230305_0000101,quakeml:eu.emsc/event/20230305_0000101,KO.SVRC,4933.0,4890.0,-43.0,updated
ev_KO_KOZT_.emsc_event_20230308_0000134,quakeml:eu.emsc/event/20230308_0000134,KO.KOZT,5509.0,5540.0,31.0,updated
ev_KO_GAZ_.emsc_event_20230305_0000200,quakeml:eu.emsc/event/20230305_0000200,KO.GAZ,3986.0,4040.0,54.0,updated
ev_KO_GAZ_.emsc_event_20230307_0000341,quakeml:eu.emsc/event/20230307_0000341,KO.GAZ,5388.0,5410.0,22.0,updated
ev_KO_SARI_.emsc_event_20230313_0000056,quakeml:eu.emsc/event/20230313_0000056,KO.SARI,5619.0,5750.0,131.0,updated
ev_KO_TAHT_.emsc_event_20230306_0000213,quakeml:eu.emsc/event/20230306_0000213,KO.TAHT,5650.0,5700.0,50.0,updated
ev_KO_SVRC_.emsc_event_20230307_0000056,quakeml:eu.emsc/event/20230307_0000056,KO.SVRC,5781.0,5950.0,169.0,updated
ev_KO_KOZT_.emsc_event_20230308_0000122,quakeml:eu.emsc/event/20230308_0000122,KO.KOZT,4704.0,4770.0,66.0,updated
ev_KO_KMRS_.emsc_event_20230304_0000183,quakeml:eu.emsc/event/20230304_0000183,KO.KMRS,5419.0,5550.0,131.0,updated
ev_KO_KOZT_.emsc_event_20230304_0000246,quakeml:eu.emsc/event/20230304_0000246,KO.KOZT,5460.0,5550.0,90.0,updated
ev_KO_TAHT_.emsc_event_20230308_0000036,quakeml:eu.emsc/event/20230308_0000036,KO.TAHT,5749.0,5760.0,11.0,updated
ev_KO_BNN_.emsc_event_20230530_0000108,quakeml:eu.emsc/event/20230530_0000108,KO.BNN,5700.0,5780.0,80.0,updated
ev_KO_YESY_.emsc_event_20230313_0000310,quakeml:eu.emsc/event/20230313_0000310,KO.YESY,5867.0,,,no_emsc_pick
ev_KO_SVRC_.emsc_event_20230331_0000174,quakeml:eu.emsc/event/20230331_0000174,KO.SVRC,5877.0,,,no_emsc_pick
ev_KO_KOZT_.emsc_event_20230305_0000162,quakeml:eu.emsc/event/20230305_0000162,KO.KOZT,5388.0,5450.0,62.0,updated
ev_KO_GAZ_.emsc_event_20230306_0000067,quakeml:eu.emsc/event/20230306_0000067,KO.GAZ,5052.0,5120.0,68.0,updated
ev_KO_SVRC_.emsc_event_20230424_0000238,quakeml:eu.emsc/event/20230424_0000238,KO.SVRC,5551.0,5550.0,-1.0,updated
ev_KO_TAHT_.emsc_event_20230305_0000062,quakeml:eu.emsc/event/20230305_0000062,KO.TAHT,5844.0,,,no_emsc_pick
ev_KO_GAZ_.emsc_event_20230308_0000256,quakeml:eu.emsc/event/20230308_0000256,KO.GAZ,3709.0,3720.0,11.0,updated
ev_KO_BNN_.emsc_event_20230306_0000140,quakeml:eu.emsc/event/20230306_0000140,KO.BNN,5097.0,5160.0,63.0,updated
ev_KO_KOZT_.emsc_event_20230307_0000037,quakeml:eu.emsc/event/20230307_0000037,KO.KOZT,4518.0,4600.0,82.0,updated
ev_KO_SARI_.emsc_event_20230209_0000417,quakeml:eu.emsc/event/20230209_0000417,KO.SARI,5054.0,5100.0,46.0,updated
ev_KO_SVRC_.emsc_event_20230307_0000095,quakeml:eu.emsc/event/20230307_0000095,KO.SVRC,4363.0,4460.0,97.0,updated
ev_KO_SARI_.emsc_event_20230307_0000172,quakeml:eu.emsc/event/20230307_0000172,KO.SARI,5443.0,5520.0,77.0,updated
ev_KO_DARE_.emsc_event_20230601_0000155,quakeml:eu.emsc/event/20230601_0000155,KO.DARE,4639.0,4640.0,1.0,updated
ev_KO_CEYT_.emsc_event_20230515_0000149,quakeml:eu.emsc/event/20230515_0000149,KO.CEYT,4827.0,4890.0,63.0,updated
ev_KO_DARE_.emsc_event_20230307_0000138,quakeml:eu.emsc/event/20230307_0000138,KO.DARE,5245.0,,,no_emsc_pick
ev_KO_DARE_.emsc_event_20230305_0000079,quakeml:eu.emsc/event/20230305_0000079,KO.DARE,4820.0,,,no_emsc_pick
ev_KO_DARE_.emsc_event_20230306_0000234,quakeml:eu.emsc/event/20230306_0000234,KO.DARE,4053.0,,,no_emsc_pick
ev_KO_SARI_.emsc_event_20230307_0000166,quakeml:eu.emsc/event/20230307_0000166,KO.SARI,5556.0,,,no_emsc_pick
ev_KO_SARI_.emsc_event_20230211_0000119,quakeml:eu.emsc/event/20230211_0000119,KO.SARI,5047.0,4980.0,-67.0,updated
ev_KO_GULA_.emsc_event_20230709_0000067,quakeml:eu.emsc/event/20230709_0000067,KO.GULA,5955.0,,,no_emsc_pick
ev_KO_SARI_.emsc_event_20230305_0000027,quakeml:eu.emsc/event/20230305_0000027,KO.SARI,5835.0,,,no_emsc_pick
ev_KO_BNN_.emsc_event_20230711_0000162,quakeml:eu.emsc/event/20230711_0000162,KO.BNN,5796.0,,,no_emsc_pick
ev_KO_CEYT_.emsc_event_20230304_0000062,quakeml:eu.emsc/event/20230304_0000062,KO.CEYT,5243.0,5290.0,47.0,updated
ev_KO_BNN_.emsc_event_20230306_0000183,quakeml:eu.emsc/event/20230306_0000183,KO.BNN,5949.0,,,no_emsc_pick
ev_KO_DARE_.emsc_event_20230305_0000045,quakeml:eu.emsc/event/20230305_0000045,KO.DARE,4736.0,4740.0,4.0,updated
ev_KO_KMRS_.emsc_event_20230306_0000029,quakeml:eu.emsc/event/20230306_0000029,KO.KMRS,4764.0,4840.0,76.0,updated
ev_KO_SARI_.emsc_event_20230308_0000067,quakeml:eu.emsc/event/20230308_0000067,KO.SARI,5266.0,5350.0,84.0,updated
ev_KO_KMRS_.emsc_event_20230305_0000264,quakeml:eu.emsc/event/20230305_0000264,KO.KMRS,4004.0,3970.0,-34.0,updated
ev_KO_SVRC_.emsc_event_20230308_0000180,quakeml:eu.emsc/event/20230308_0000180,KO.SVRC,5472.0,5520.0,48.0,updated
ev_KO_GAZ_.emsc_event_20230305_0000014,quakeml:eu.emsc/event/20230305_0000014,KO.GAZ,4150.0,4070.0,-80.0,updated
ev_KO_KOZT_.emsc_event_20230306_0000111,quakeml:eu.emsc/event/20230306_0000111,KO.KOZT,4657.0,4580.0,-77.0,updated
ev_KO_TAHT_.emsc_event_20230304_0000150,quakeml:eu.emsc/event/20230304_0000150,KO.TAHT,5864.0,,,no_emsc_pick
ev_KO_GAZ_.emsc_event_20230306_0000259,quakeml:eu.emsc/event/20230306_0000259,KO.GAZ,4854.0,4910.0,56.0,updated
ev_KO_BNN_.emsc_event_20230305_0000133,quakeml:eu.emsc/event/20230305_0000133,KO.BNN,5640.0,5700.0,60.0,updated
ev_KO_SVRC_.emsc_event_20230307_0000254,quakeml:eu.emsc/event/20230307_0000254,KO.SVRC,5225.0,5080.0,-145.0,updated
ev_KO_GAZ_.emsc_event_20230304_0000318,quakeml:eu.emsc/event/20230304_0000318,KO.GAZ,4456.0,4540.0,84.0,updated
ev_KO_DARE_.emsc_event_20230312_0000106,quakeml:eu.emsc/event/20230312_0000106,KO.DARE,5127.0,5190.0,63.0,updated
ev_KO_SVRC_.emsc_event_20230616_0000193,quakeml:eu.emsc/event/20230616_0000193,KO.SVRC,5660.0,,,no_emsc_pick
ev_KO_BNN_.emsc_event_20230424_0000234,quakeml:eu.emsc/event/20230424_0000234,KO.BNN,5842.0,5900.0,58.0,updated
ev_KO_SVRC_.emsc_event_20230307_0000240,quakeml:eu.emsc/event/20230307_0000240,KO.SVRC,4173.0,4280.0,107.0,updated
ev_KO_SARI_.emsc_event_20230311_0000301,quakeml:eu.emsc/event/20230311_0000301,KO.SARI,3825.0,3850.0,25.0,updated
ev_KO_DARE_.emsc_event_20230418_0000006,quakeml:eu.emsc/event/20230418_0000006,KO.DARE,4080.0,4170.0,90.0,updated
ev_KO_KOZT_.emsc_event_20230306_0000105,quakeml:eu.emsc/event/20230306_0000105,KO.KOZT,5566.0,5540.0,-26.0,updated
ev_KO_GAZ_.emsc_event_20230307_0000141,quakeml:eu.emsc/event/20230307_0000141,KO.GAZ,4677.0,4710.0,33.0,updated
ev_KO_URFA_.emsc_event_20230312_0000276,quakeml:eu.emsc/event/20230312_0000276,KO.URFA,4937.0,4900.0,-37.0,updated
ev_KO_KOZT_.emsc_event_20230304_0000044,quakeml:eu.emsc/event/20230304_0000044,KO.KOZT,4897.0,4930.0,33.0,updated
ev_KO_TAHT_.emsc_event_20230521_0000024,quakeml:eu.emsc/event/20230521_0000024,KO.TAHT,5790.0,5750.0,-40.0,updated
ev_KO_GAZ_.emsc_event_20230308_0000054,quakeml:eu.emsc/event/20230308_0000054,KO.GAZ,5608.0,5660.0,52.0,updated
ev_KO_DARE_.emsc_event_20230305_0000290,quakeml:eu.emsc/event/20230305_0000290,KO.DARE,3842.0,3780.0,-62.0,updated
ev_KO_GAZ_.emsc_event_20230307_0000169,quakeml:eu.emsc/event/20230307_0000169,KO.GAZ,4872.0,4900.0,28.0,updated
ev_KO_TAHT_.emsc_event_20230411_0000220,quakeml:eu.emsc/event/20230411_0000220,KO.TAHT,5897.0,,,no_emsc_pick
ev_KO_DARE_.emsc_event_20230422_0000240,quakeml:eu.emsc/event/20230422_0000240,KO.DARE,5067.0,5090.0,23.0,updated
ev_KO_SARI_.emsc_event_20230503_0000073,quakeml:eu.emsc/event/20230503_0000073,KO.SARI,4549.0,4590.0,41.0,updated
ev_KO_URFA_.emsc_event_20230719_0000282,quakeml:eu.emsc/event/20230719_0000282,KO.URFA,5064.0,5110.0,46.0,updated
ev_KO_URFA_.emsc_event_20230225_0000095,quakeml:eu.emsc/event/20230225_0000095,KO.URFA,5271.0,5280.0,9.0,updated
ev_KO_TAHT_.emsc_event_20230306_0000039,quakeml:eu.emsc/event/20230306_0000039,KO.TAHT,5830.0,5820.0,-10.0,updated
ev_KO_BNN_.emsc_event_20230304_0000217,quakeml:eu.emsc/event/20230304_0000217,KO.BNN,5187.0,5270.0,83.0,updated
ev_KO_CEYT_.emsc_event_20230325_0000003,quakeml:eu.emsc/event/20230325_0000003,KO.CEYT,5980.0,,,no_emsc_pick
ev_KO_DARE_.emsc_event_20230305_0000284,quakeml:eu.emsc/event/20230305_0000284,KO.DARE,4867.0,5000.0,133.0,updated
ev_KO_KOZT_.emsc_event_20230304_0000078,quakeml:eu.emsc/event/20230304_0000078,KO.KOZT,5244.0,5320.0,76.0,updated
ev_KO_GAZ_.emsc_event_20230308_0000040,quakeml:eu.emsc/event/20230308_0000040,KO.GAZ,4868.0,5010.0,142.0,updated
ev_KO_CEYT_.emsc_event_20230322_0000027,quakeml:eu.emsc/event/20230322_0000027,KO.CEYT,4256.0,4320.0,64.0,updated
ev_KO_URFA_.emsc_event_20230304_0000207,quakeml:eu.emsc/event/20230304_0000207,KO.URFA,4562.0,4630.0,68.0,updated
ev_KO_KMRS_.emsc_event_20230306_0000203,quakeml:eu.emsc/event/20230306_0000203,KO.KMRS,4232.0,4230.0,-2.0,updated
ev_KO_DARE_.emsc_event_20230308_0000213,quakeml:eu.emsc/event/20230308_0000213,KO.DARE,4754.0,4780.0,26.0,updated
ev_KO_BNN_.emsc_event_20230621_0000170,quakeml:eu.emsc/event/20230621_0000170,KO.BNN,4990.0,4950.0,-40.0,updated
ev_KO_KOZT_.emsc_event_20230304_0000093,quakeml:eu.emsc/event/20230304_0000093,KO.KOZT,3892.0,3950.0,58.0,updated
ev_KO_DARE_.emsc_event_20230306_0000022,quakeml:eu.emsc/event/20230306_0000022,KO.DARE,5891.0,5940.0,49.0,updated
ev_KO_MERS_.emsc_event_20230307_0000039,quakeml:eu.emsc/event/20230307_0000039,KO.MERS,5721.0,5860.0,139.0,updated
ev_KO_DARE_.emsc_event_20230304_0000163,quakeml:eu.emsc/event/20230304_0000163,KO.DARE,4652.0,4760.0,108.0,updated
ev_KO_CEYT_.emsc_event_20230306_0000309,quakeml:eu.emsc/event/20230306_0000309,KO.CEYT,4864.0,,,no_emsc_pick
ev_KO_CEYT_.emsc_event_20230304_0000248,quakeml:eu.emsc/event/20230304_0000248,KO.CEYT,5028.0,5060.0,32.0,updated
ev_KO_CEYT_.emsc_event_20230428_0000127,quakeml:eu.emsc/event/20230428_0000127,KO.CEYT,4836.0,4940.0,104.0,updated
ev_KO_DARE_.emsc_event_20230308_0000207,quakeml:eu.emsc/event/20230308_0000207,KO.DARE,3553.0,3650.0,97.0,updated
ev_KO_CEYT_.emsc_event_20230307_0000005,quakeml:eu.emsc/event/20230307_0000005,KO.CEYT,4858.0,4890.0,32.0,updated
ev_KO_CEYT_.emsc_event_20230308_0000138,quakeml:eu.emsc/event/20230308_0000138,KO.CEYT,3775.0,3780.0,5.0,updated
ev_KO_DARE_.emsc_event_20230307_0000312,quakeml:eu.emsc/event/20230307_0000312,KO.DARE,5742.0,5830.0,88.0,updated
ev_KO_URFA_.emsc_event_20230307_0000076,quakeml:eu.emsc/event/20230307_0000076,KO.URFA,4871.0,4960.0,89.0,updated
ev_KO_SVRC_.emsc_event_20230222_0000244,quakeml:eu.emsc/event/20230222_0000244,KO.SVRC,5647.0,5630.0,-17.0,updated
ev_KO_MERS_.emsc_event_20230308_0000138,quakeml:eu.emsc/event/20230308_0000138,KO.MERS,5056.0,4990.0,-66.0,updated
ev_KO_KMRS_.emsc_event_20230307_0000127,quakeml:eu.emsc/event/20230307_0000127,KO.KMRS,5546.0,,,no_emsc_pick
ev_KO_MERS_.emsc_event_20230322_0000027,quakeml:eu.emsc/event/20230322_0000027,KO.MERS,5737.0,5780.0,43.0,updated
ev_KO_SARI_.emsc_event_20230411_0000259,quakeml:eu.emsc/event/20230411_0000259,KO.SARI,5355.0,5470.0,115.0,updated
ev_KO_SARI_.emsc_event_20230306_0000054,quakeml:eu.emsc/event/20230306_0000054,KO.SARI,4509.0,4640.0,131.0,updated
ev_KO_DARE_.emsc_event_20230307_0000306,quakeml:eu.emsc/event/20230307_0000306,KO.DARE,4950.0,5020.0,70.0,updated
ev_KO_SVRC_.emsc_event_20230224_0000193,quakeml:eu.emsc/event/20230224_0000193,KO.SVRC,4418.0,4480.0,62.0,updated
ev_KO_BNN_.emsc_event_20230502_0000069,quakeml:eu.emsc/event/20230502_0000069,KO.BNN,5346.0,5380.0,34.0,updated
ev_KO_URFA_.emsc_event_20230312_0000289,quakeml:eu.emsc/event/20230312_0000289,KO.URFA,5827.0,5860.0,33.0,updated
ev_KO_URFA_.emsc_event_20230610_0000072,quakeml:eu.emsc/event/20230610_0000072,KO.URFA,4447.0,4430.0,-17.0,updated
ev_KO_CEYT_.emsc_event_20230307_0000039,quakeml:eu.emsc/event/20230307_0000039,KO.CEYT,4915.0,4990.0,75.0,updated
ev_KO_TAHT_.emsc_event_20230307_0000269,quakeml:eu.emsc/event/20230307_0000269,KO.TAHT,5760.0,5840.0,80.0,updated
ev_KO_BNN_.emsc_event_20230706_0000169,quakeml:eu.emsc/event/20230706_0000169,KO.BNN,5470.0,,,no_emsc_pick
ev_KO_KMRS_.emsc_event_20230308_0000185,quakeml:eu.emsc/event/20230308_0000185,KO.KMRS,4293.0,4380.0,87.0,updated
ev_KO_TAHT_.emsc_event_20230306_0000171,quakeml:eu.emsc/event/20230306_0000171,KO.TAHT,4741.0,4800.0,59.0,updated
ev_KO_DARE_.emsc_event_20230306_0000181,quakeml:eu.emsc/event/20230306_0000181,KO.DARE,3470.0,3460.0,-10.0,updated
ev_KO_SARI_.emsc_event_20230216_0000263,quakeml:eu.emsc/event/20230216_0000263,KO.SARI,4791.0,,,no_emsc_pick
ev_KO_KOZT_.emsc_event_20230308_0000240,quakeml:eu.emsc/event/20230308_0000240,KO.KOZT,4287.0,4260.0,-27.0,updated
ev_KO_TAHT_.emsc_event_20230304_0000030,quakeml:eu.emsc/event/20230304_0000030,KO.TAHT,4668.0,4750.0,82.0,updated
ev_KO_GAZ_.emsc_event_20230307_0000035,quakeml:eu.emsc/event/20230307_0000035,KO.GAZ,4994.0,5050.0,56.0,updated
ev_KO_URFA_.emsc_event_20230209_0000301,quakeml:eu.emsc/event/20230209_0000301,KO.URFA,4872.0,4940.0,68.0,updated
ev_KO_DYBB_.emsc_event_20230407_0000187,quakeml:eu.emsc/event/20230407_0000187,KO.DYBB,5966.0,,,no_emsc_pick
ev_KO_URFA_.emsc_event_20230305_0000080,quakeml:eu.emsc/event/20230305_0000080,KO.URFA,5700.0,,,no_emsc_pick
ev_KO_GAZ_.emsc_event_20230304_0000250,quakeml:eu.emsc/event/20230304_0000250,KO.GAZ,5071.0,5100.0,29.0,updated
ev_KO_TAHT_.emsc_event_20230306_0000159,quakeml:eu.emsc/event/20230306_0000159,KO.TAHT,5746.0,,,no_emsc_pick
ev_KO_BNN_.emsc_event_20230308_0000007,quakeml:eu.emsc/event/20230308_0000007,KO.BNN,5351.0,5420.0,69.0,updated
ev_KO_CEYT_.emsc_event_20230306_0000296,quakeml:eu.emsc/event/20230306_0000296,KO.CEYT,5378.0,,,no_emsc_pick
ev_KO_SVRC_.emsc_event_20230331_0000202,quakeml:eu.emsc/event/20230331_0000202,KO.SVRC,5886.0,,,no_emsc_pick
ev_KO_BNN_.emsc_event_20230327_0000096,quakeml:eu.emsc/event/20230327_0000096,KO.BNN,5318.0,5390.0,72.0,updated
ev_KO_CEYT_.emsc_event_20230306_0000282,quakeml:eu.emsc/event/20230306_0000282,KO.CEYT,5003.0,5070.0,67.0,updated
ev_KO_URFA_.emsc_event_20230503_0000229,quakeml:eu.emsc/event/20230503_0000229,KO.URFA,5362.0,5360.0,-2.0,updated
ev_KO_KOZT_.emsc_event_20230305_0000200,quakeml:eu.emsc/event/20230305_0000200,KO.KOZT,4295.0,4350.0,55.0,updated
ev_KO_GAZ_.emsc_event_20230307_0000009,quakeml:eu.emsc/event/20230307_0000009,KO.GAZ,5088.0,5210.0,122.0,updated
ev_KO_GAZ_.emsc_event_20230308_0000134,quakeml:eu.emsc/event/20230308_0000134,KO.GAZ,5526.0,5570.0,44.0,updated
ev_KO_GAZ_.emsc_event_20230305_0000148,quakeml:eu.emsc/event/20230305_0000148,KO.GAZ,4835.0,,,no_emsc_pick
ev_KO_SARI_.emsc_event_20230306_0000108,quakeml:eu.emsc/event/20230306_0000108,KO.SARI,3824.0,3920.0,96.0,updated
ev_KO_SARI_.emsc_event_20230304_0000049,quakeml:eu.emsc/event/20230304_0000049,KO.SARI,5031.0,5110.0,79.0,updated
ev_KO_URFA_.emsc_event_20230308_0000003,quakeml:eu.emsc/event/20230308_0000003,KO.URFA,5625.0,5570.0,-55.0,updated
ev_KO_MERS_.emsc_event_20230308_0000070,quakeml:eu.emsc/event/20230308_0000070,KO.MERS,5915.0,,,no_emsc_pick
ev_KO_BNN_.emsc_event_20230711_0000200,quakeml:eu.emsc/event/20230711_0000200,KO.BNN,4933.0,4980.0,47.0,updated
ev_KO_BNN_.emsc_event_20230305_0000084,quakeml:eu.emsc/event/20230305_0000084,KO.BNN,4947.0,,,no_emsc_pick
ev_KO_CEYT_.emsc_event_20230306_0000269,quakeml:eu.emsc/event/20230306_0000269,KO.CEYT,3764.0,3770.0,6.0,updated
ev_KO_SARI_.emsc_event_20230307_0000210,quakeml:eu.emsc/event/20230307_0000210,KO.SARI,4054.0,,,no_emsc_pick
ev_KO_CEYT_.emsc_event_20230521_0000274,quakeml:eu.emsc/event/20230521_0000274,KO.CEYT,5073.0,,,no_emsc_pick
ev_KO_CEYT_.emsc_event_20230305_0000030,quakeml:eu.emsc/event/20230305_0000030,KO.CEYT,5097.0,5180.0,83.0,updated
ev_KO_SARI_.emsc_event_20230304_0000075,quakeml:eu.emsc/event/20230304_0000075,KO.SARI,5236.0,5220.0,-16.0,updated
ev_KO_URFA_.emsc_event_20230307_0000102,quakeml:eu.emsc/event/20230307_0000102,KO.URFA,5116.0,5150.0,34.0,updated
ev_KO_DARE_.emsc_event_20230508_0000225,quakeml:eu.emsc/event/20230508_0000225,KO.DARE,4583.0,4550.0,-33.0,updated
ev_KO_DARE_.emsc_event_20230210_0000115,quakeml:eu.emsc/event/20230210_0000115,KO.DARE,4081.0,4130.0,49.0,updated
ev_KO_CEYT_.emsc_event_20230710_0000184,quakeml:eu.emsc/event/20230710_0000184,KO.CEYT,5527.0,,,no_emsc_pick
ev_KO_KMRS_.emsc_event_20230307_0000053,quakeml:eu.emsc/event/20230307_0000053,KO.KMRS,4273.0,,,no_emsc_pick
ev_KO_CEYT_.emsc_event_20230304_0000300,quakeml:eu.emsc/event/20230304_0000300,KO.CEYT,5315.0,5300.0,-15.0,updated
ev_KO_KMRS_.emsc_event_20230305_0000112,quakeml:eu.emsc/event/20230305_0000112,KO.KMRS,4603.0,4520.0,-83.0,updated
ev_KO_DARE_.emsc_event_20230508_0000231,quakeml:eu.emsc/event/20230508_0000231,KO.DARE,5201.0,5130.0,-71.0,updated
ev_KO_CEYT_.emsc_event_20230308_0000070,quakeml:eu.emsc/event/20230308_0000070,KO.CEYT,4649.0,,,no_emsc_pick
ev_KO_SARI_.emsc_event_20230306_0000120,quakeml:eu.emsc/event/20230306_0000120,KO.SARI,3600.0,3710.0,110.0,updated
ev_KO_MERS_.emsc_event_20230306_0000269,quakeml:eu.emsc/event/20230306_0000269,KO.MERS,5393.0,5500.0,107.0,updated
ev_KO_KOZT_.emsc_event_20230308_0000056,quakeml:eu.emsc/event/20230308_0000056,KO.KOZT,4093.0,4080.0,-13.0,updated
ev_KO_URFA_.emsc_event_20230215_0000116,quakeml:eu.emsc/event/20230215_0000116,KO.URFA,5377.0,5490.0,113.0,updated
ev_KO_TAHT_.emsc_event_20230308_0000142,quakeml:eu.emsc/event/20230308_0000142,KO.TAHT,5832.0,,,no_emsc_pick
ev_KO_GAZ_.emsc_event_20230307_0000237,quakeml:eu.emsc/event/20230307_0000237,KO.GAZ,3808.0,3890.0,82.0,updated
ev_KO_DYBB_.emsc_event_20230303_0000088,quakeml:eu.emsc/event/20230303_0000088,KO.DYBB,4459.0,,,no_emsc_pick
ev_KO_SARI_.emsc_event_20230303_0000253,quakeml:eu.emsc/event/20230303_0000253,KO.SARI,5847.0,5930.0,83.0,updated
ev_KO_SARI_.emsc_event_20230305_0000190,quakeml:eu.emsc/event/20230305_0000190,KO.SARI,4226.0,,,no_emsc_pick
ev_KO_DARE_.emsc_event_20230427_0000090,quakeml:eu.emsc/event/20230427_0000090,KO.DARE,4907.0,4910.0,3.0,updated
ev_KO_GAZ_.emsc_event_20230306_0000113,quakeml:eu.emsc/event/20230306_0000113,KO.GAZ,4587.0,4640.0,53.0,updated
ev_KO_KOZT_.emsc_event_20230307_0000157,quakeml:eu.emsc/event/20230307_0000157,KO.KOZT,5707.0,5820.0,113.0,updated
ev_KO_CEYT_.emsc_event_20230418_0000067,quakeml:eu.emsc/event/20230418_0000067,KO.CEYT,4899.0,4960.0,61.0,updated
ev_KO_TAHT_.emsc_event_20230307_0000057,quakeml:eu.emsc/event/20230307_0000057,KO.TAHT,5817.0,,,no_emsc_pick
ev_KO_SARI_.emsc_event_20230502_0000009,quakeml:eu.emsc/event/20230502_0000009,KO.SARI,3901.0,4040.0,139.0,updated
ev_KO_BNN_.emsc_event_20230306_0000020,quakeml:eu.emsc/event/20230306_0000020,KO.BNN,5039.0,5120.0,81.0,updated
ev_KO_BNN_.emsc_event_20230304_0000161,quakeml:eu.emsc/event/20230304_0000161,KO.BNN,5231.0,5260.0,29.0,updated
ev_KO_KOZT_.emsc_event_20230307_0000143,quakeml:eu.emsc/event/20230307_0000143,KO.KOZT,5443.0,5660.0,217.0,updated
ev_KO_KOZT_.emsc_event_20230305_0000002,quakeml:eu.emsc/event/20230305_0000002,KO.KOZT,4421.0,4450.0,29.0,updated
ev_KO_BNN_.emsc_event_20230308_0000211,quakeml:eu.emsc/event/20230308_0000211,KO.BNN,5540.0,5670.0,130.0,updated
ev_KO_SARI_.emsc_event_20230424_0000254,quakeml:eu.emsc/event/20230424_0000254,KO.SARI,5814.0,,,no_emsc_pick
ev_KO_DARE_.emsc_event_20230304_0000215,quakeml:eu.emsc/event/20230304_0000215,KO.DARE,5214.0,5210.0,-4.0,updated
ev_KO_DARE_.emsc_event_20230305_0000119,quakeml:eu.emsc/event/20230305_0000119,KO.DARE,4217.0,4190.0,-27.0,updated
ev_KO_SARI_.emsc_event_20230428_0000124,quakeml:eu.emsc/event/20230428_0000124,KO.SARI,5088.0,5130.0,42.0,updated
ev_KO_DYBB_.emsc_event_20230310_0000177,quakeml:eu.emsc/event/20230310_0000177,KO.DYBB,5637.0,,,no_emsc_pick
ev_KO_CEYT_.emsc_event_20230305_0000226,quakeml:eu.emsc/event/20230305_0000226,KO.CEYT,5378.0,5350.0,-28.0,updated
ev_KO_KMRS_.emsc_event_20230306_0000175,quakeml:eu.emsc/event/20230306_0000175,KO.KMRS,4956.0,5010.0,54.0,updated
ev_KO_MERS_.emsc_event_20230304_0000116,quakeml:eu.emsc/event/20230304_0000116,KO.MERS,5592.0,5680.0,88.0,updated
ev_KO_SARI_.emsc_event_20230330_0000200,quakeml:eu.emsc/event/20230330_0000200,KO.SARI,5615.0,5670.0,55.0,updated
ev_KO_TAHT_.emsc_event_20230308_0000181,quakeml:eu.emsc/event/20230308_0000181,KO.TAHT,5807.0,5790.0,-17.0,updated
ev_KO_SARI_.emsc_event_20230322_0000024,quakeml:eu.emsc/event/20230322_0000024,KO.SARI,5634.0,,,no_emsc_pick
ev_KO_CEYT_.emsc_event_20230304_0000116,quakeml:eu.emsc/event/20230304_0000116,KO.CEYT,4746.0,4760.0,14.0,updated
ev_KO_DARE_.emsc_event_20230610_0000074,quakeml:eu.emsc/event/20230610_0000074,KO.DARE,5378.0,5480.0,102.0,updated
ev_KO_KMRS_.emsc_event_20230307_0000245,quakeml:eu.emsc/event/20230307_0000245,KO.KMRS,4162.0,4280.0,118.0,updated
ev_KO_BNN_.emsc_event_20230530_0000097,quakeml:eu.emsc/event/20230530_0000097,KO.BNN,4937.0,4890.0,-47.0,updated
ev_KO_URFA_.emsc_event_20230307_0000300,quakeml:eu.emsc/event/20230307_0000300,KO.URFA,5899.0,5940.0,41.0,updated
ev_KO_SARI_.emsc_event_20230308_0000107,quakeml:eu.emsc/event/20230308_0000107,KO.SARI,4173.0,,,no_emsc_pick
ev_KO_DARE_.emsc_event_20230307_0000064,quakeml:eu.emsc/event/20230307_0000064,KO.DARE,4094.0,,,no_emsc_pick
ev_KO_KOZT_.emsc_event_20230306_0000298,quakeml:eu.emsc/event/20230306_0000298,KO.KOZT,5638.0,5680.0,42.0,updated
ev_KO_DARE_.emsc_event_20230424_0000236,quakeml:eu.emsc/event/20230424_0000236,KO.DARE,4068.0,4020.0,-48.0,updated
ev_KO_SARI_.emsc_event_20230304_0000263,quakeml:eu.emsc/event/20230304_0000263,KO.SARI,4533.0,4580.0,47.0,updated
ev_KO_DARE_.emsc_event_20230305_0000131,quakeml:eu.emsc/event/20230305_0000131,KO.DARE,4300.0,4190.0,-110.0,updated
ev_KO_DARE_.emsc_event_20230307_0000070,quakeml:eu.emsc/event/20230307_0000070,KO.DARE,3982.0,4120.0,138.0,updated
ev_KO_SARI_.emsc_event_20230306_0000322,quakeml:eu.emsc/event/20230306_0000322,KO.SARI,5098.0,5230.0,132.0,updated
ev_KO_URFA_.emsc_event_20230304_0000159,quakeml:eu.emsc/event/20230304_0000159,KO.URFA,4803.0,4620.0,-183.0,updated
ev_KO_KARA_.emsc_event_20230601_0000155,quakeml:eu.emsc/event/20230601_0000155,KO.KARA,5823.0,5840.0,17.0,updated
ev_KO_SARI_.emsc_event_20230308_0000113,quakeml:eu.emsc/event/20230308_0000113,KO.SARI,4051.0,,,no_emsc_pick
ev_KO_BNN_.emsc_event_20230226_0000183,quakeml:eu.emsc/event/20230226_0000183,KO.BNN,5085.0,5050.0,-35.0,updated
ev_KO_URFA_.emsc_event_20230304_0000158,quakeml:eu.emsc/event/20230304_0000158,KO.URFA,4675.0,4790.0,115.0,updated
ev_KO_URFA_.emsc_event_20230309_0000124,quakeml:eu.emsc/event/20230309_0000124,KO.URFA,4985.0,5070.0,85.0,updated
ev_KO_CEYT_.emsc_event_20230308_0000273,quakeml:eu.emsc/event/20230308_0000273,KO.CEYT,4506.0,,,no_emsc_pick
ev_KO_URFA_.emsc_event_20230306_0000019,quakeml:eu.emsc/event/20230306_0000019,KO.URFA,5669.0,5840.0,171.0,updated
ev_KO_CEYT_.emsc_event_20230304_0000103,quakeml:eu.emsc/event/20230304_0000103,KO.CEYT,4876.0,,,no_emsc_pick
ev_KO_SARI_.emsc_event_20230308_0000106,quakeml:eu.emsc/event/20230308_0000106,KO.SARI,4187.0,,,no_emsc_pick
ev_KO_URFA_.emsc_event_20230707_0000062,quakeml:eu.emsc/event/20230707_0000062,KO.URFA,5446.0,5526.0,80.0,updated
ev_KO_CEYT_.emsc_event_20230306_0000056,quakeml:eu.emsc/event/20230306_0000056,KO.CEYT,5250.0,,,no_emsc_pick
ev_KO_TAHT_.emsc_event_20230502_0000065,quakeml:eu.emsc/event/20230502_0000065,KO.TAHT,5780.0,,,no_emsc_pick
ev_KO_KMRS_.emsc_event_20230307_0000244,quakeml:eu.emsc/event/20230307_0000244,KO.KMRS,4786.0,4850.0,64.0,updated
ev_KO_KMRS_.emsc_event_20230306_0000148,quakeml:eu.emsc/event/20230306_0000148,KO.KMRS,5479.0,5410.0,-69.0,updated
ev_KO_URFA_.emsc_event_20230306_0000025,quakeml:eu.emsc/event/20230306_0000025,KO.URFA,5772.0,5810.0,38.0,updated
ev_KO_KMRS_.emsc_event_20230306_0000160,quakeml:eu.emsc/event/20230306_0000160,KO.KMRS,4240.0,4240.0,0.0,updated
ev_KO_SARI_.emsc_event_20230330_0000201,quakeml:eu.emsc/event/20230330_0000201,KO.SARI,3704.0,3750.0,46.0,updated
ev_KO_URFA_.emsc_event_20230304_0000164,quakeml:eu.emsc/event/20230304_0000164,KO.URFA,4634.0,4690.0,56.0,updated
ev_KO_SVRC_.emsc_event_20230311_0000152,quakeml:eu.emsc/event/20230311_0000152,KO.SVRC,4838.0,,,no_emsc_pick
ev_KO_KMRS_.emsc_event_20230307_0000278,quakeml:eu.emsc/event/20230307_0000278,KO.KMRS,4467.0,4520.0,53.0,updated
ev_KO_URFA_.emsc_event_20230308_0000200,quakeml:eu.emsc/event/20230308_0000200,KO.URFA,5013.0,5070.0,57.0,updated
ev_KO_BNN_.emsc_event_20230614_0000154,quakeml:eu.emsc/event/20230614_0000154,KO.BNN,4794.0,4880.0,86.0,updated
ev_KO_MERS_.emsc_event_20230308_0000273,quakeml:eu.emsc/event/20230308_0000273,KO.MERS,5589.0,5710.0,121.0,updated
ev_KO_KOZT_.emsc_event_20230308_0000094,quakeml:eu.emsc/event/20230308_0000094,KO.KOZT,5649.0,,,no_emsc_pick
ev_KO_DARE_.emsc_event_20230307_0000059,quakeml:eu.emsc/event/20230307_0000059,KO.DARE,5828.0,,,no_emsc_pick
ev_KO_DARE_.emsc_event_20230305_0000118,quakeml:eu.emsc/event/20230305_0000118,KO.DARE,4883.0,4940.0,57.0,updated
ev_KO_BNN_.emsc_event_20230304_0000160,quakeml:eu.emsc/event/20230304_0000160,KO.BNN,5623.0,,,no_emsc_pick
ev_KO_CEYT_.emsc_event_20230306_0000081,quakeml:eu.emsc/event/20230306_0000081,KO.CEYT,5155.0,,,no_emsc_pick
ev_KO_KMRS_.emsc_event_20230307_0000293,quakeml:eu.emsc/event/20230307_0000293,KO.KMRS,3845.0,3900.0,55.0,updated
ev_KO_GAZ_.emsc_event_20230304_0000047,quakeml:eu.emsc/event/20230304_0000047,KO.GAZ,4882.0,5040.0,158.0,updated
ev_KO_KMRS_.emsc_event_20230307_0000287,quakeml:eu.emsc/event/20230307_0000287,KO.KMRS,5720.0,5760.0,40.0,updated
ev_KO_BNN_.emsc_event_20230305_0000278,quakeml:eu.emsc/event/20230305_0000278,KO.BNN,5151.0,5160.0,9.0,updated
ev_KO_CEYT_.emsc_event_20230220_0000237,quakeml:eu.emsc/event/20230220_0000237,KO.CEYT,4798.0,4850.0,52.0,updated
ev_KO_MERS_.emsc_event_20230326_0000105,quakeml:eu.emsc/event/20230326_0000105,KO.MERS,5819.0,,,no_emsc_pick
ev_KO_SVRC_.emsc_event_20230212_0000305,quakeml:eu.emsc/event/20230212_0000305,KO.SVRC,4949.0,,,no_emsc_pick
ev_KO_KOZT_.emsc_event_20230304_0000333,quakeml:eu.emsc/event/20230304_0000333,KO.KOZT,4834.0,4710.0,-124.0,updated
ev_KO_CEYT_.emsc_event_20230326_0000105,quakeml:eu.emsc/event/20230326_0000105,KO.CEYT,4397.0,4470.0,73.0,updated
ev_KO_TAHT_.emsc_event_20230312_0000295,quakeml:eu.emsc/event/20230312_0000295,KO.TAHT,5958.0,,,no_emsc_pick
ev_KO_MERS_.emsc_event_20230220_0000237,quakeml:eu.emsc/event/20230220_0000237,KO.MERS,5523.0,5550.0,27.0,updated
ev_KO_URFA_.emsc_event_20230702_0000107,quakeml:eu.emsc/event/20230702_0000107,KO.URFA,5748.0,5830.0,82.0,updated
ev_KO_SARI_.emsc_event_20230305_0000191,quakeml:eu.emsc/event/20230305_0000191,KO.SARI,5146.0,5170.0,24.0,updated
ev_KO_KOZT_.emsc_event_20230308_0000057,quakeml:eu.emsc/event/20230308_0000057,KO.KOZT,5484.0,5490.0,6.0,updated
ev_KO_SARI_.emsc_event_20230305_0000185,quakeml:eu.emsc/event/20230305_0000185,KO.SARI,5526.0,5590.0,64.0,updated
ev_KO_SVRC_.emsc_event_20230319_0000077,quakeml:eu.emsc/event/20230319_0000077,KO.SVRC,4391.0,4340.0,-51.0,updated
ev_KO_TAHT_.emsc_event_20230312_0000281,quakeml:eu.emsc/event/20230312_0000281,KO.TAHT,5501.0,5570.0,69.0,updated
ev_KO_BNN_.emsc_event_20230731_0000178,quakeml:eu.emsc/event/20230731_0000178,KO.BNN,5483.0,5453.0,-30.0,updated
ev_KO_DYBB_.emsc_event_20230515_0000145,quakeml:eu.emsc/event/20230515_0000145,KO.DYBB,5245.0,,,no_emsc_pick
ev_KO_KOZT_.emsc_event_20230304_0000327,quakeml:eu.emsc/event/20230304_0000327,KO.KOZT,4060.0,4100.0,40.0,updated
ev_KO_BNN_.emsc_event_20230304_0000148,quakeml:eu.emsc/event/20230304_0000148,KO.BNN,5480.0,5590.0,110.0,updated
ev_KO_DARE_.emsc_event_20230325_0000063,quakeml:eu.emsc/event/20230325_0000063,KO.DARE,5568.0,,,no_emsc_pick
ev_KO_SVRC_.emsc_event_20230709_0000071,quakeml:eu.emsc/event/20230709_0000071,KO.SVRC,5825.0,,,no_emsc_pick
ev_KO_MERS_.emsc_event_20230307_0000164,quakeml:eu.emsc/event/20230307_0000164,KO.MERS,5798.0,,,no_emsc_pick
ev_KO_CEYT_.emsc_event_20230306_0000240,quakeml:eu.emsc/event/20230306_0000240,KO.CEYT,4720.0,4780.0,60.0,updated
ev_KO_GAZ_.emsc_event_20230304_0000286,quakeml:eu.emsc/event/20230304_0000286,KO.GAZ,4799.0,4900.0,101.0,updated
ev_KO_SARI_.emsc_event_20230326_0000099,quakeml:eu.emsc/event/20230326_0000099,KO.SARI,4097.0,,,no_emsc_pick
ev_KO_MERS_.emsc_event_20230516_0000073,quakeml:eu.emsc/event/20230516_0000073,KO.MERS,5860.0,5930.0,70.0,updated
ev_KO_URFA_.emsc_event_20230319_0000057,quakeml:eu.emsc/event/20230319_0000057,KO.URFA,5170.0,5170.0,0.0,updated
ev_KO_KMRS_.emsc_event_20230307_0000046,quakeml:eu.emsc/event/20230307_0000046,KO.KMRS,4264.0,4250.0,-14.0,updated
ev_KO_GAZ_.emsc_event_20230304_0000292,quakeml:eu.emsc/event/20230304_0000292,KO.GAZ,3575.0,3670.0,95.0,updated
ev_KO_KMRS_.emsc_event_20230305_0000107,quakeml:eu.emsc/event/20230305_0000107,KO.KMRS,5675.0,,,no_emsc_pick
ev_KO_KMRS_.emsc_event_20230308_0000153,quakeml:eu.emsc/event/20230308_0000153,KO.KMRS,5348.0,,,no_emsc_pick
ev_KO_KMRS_.emsc_event_20230304_0000223,quakeml:eu.emsc/event/20230304_0000223,KO.KMRS,4982.0,5070.0,88.0,updated
ev_KO_MERS_.emsc_event_20230306_0000240,quakeml:eu.emsc/event/20230306_0000240,KO.MERS,5416.0,5490.0,74.0,updated
ev_KO_DARE_.emsc_event_20230613_0000006,quakeml:eu.emsc/event/20230613_0000006,KO.DARE,3984.0,4080.0,96.0,updated
ev_KO_CEYT_.emsc_event_20230307_0000164,quakeml:eu.emsc/event/20230307_0000164,KO.CEYT,5030.0,,,no_emsc_pick
ev_KO_CEYT_.emsc_event_20230304_0000329,quakeml:eu.emsc/event/20230304_0000329,KO.CEYT,4932.0,5050.0,118.0,updated
ev_KO_DARE_.emsc_event_20230306_0000157,quakeml:eu.emsc/event/20230306_0000157,KO.DARE,4628.0,4680.0,52.0,updated
ev_KO_SARI_.emsc_event_20230423_0000098,quakeml:eu.emsc/event/20230423_0000098,KO.SARI,4519.0,4400.0,-119.0,updated
ev_KO_KOZT_.emsc_event_20230307_0000340,quakeml:eu.emsc/event/20230307_0000340,KO.KOZT,3830.0,3890.0,60.0,updated
ev_KO_KOZT_.emsc_event_20230305_0000201,quakeml:eu.emsc/event/20230305_0000201,KO.KOZT,5779.0,5770.0,-9.0,updated
ev_KO_BNN_.emsc_event_20230306_0000223,quakeml:eu.emsc/event/20230306_0000223,KO.BNN,5141.0,5170.0,29.0,updated
ev_KO_GAZ_.emsc_event_20230308_0000135,quakeml:eu.emsc/event/20230308_0000135,KO.GAZ,3545.0,3590.0,45.0,updated
ev_KO_GAZ_.emsc_event_20230307_0000008,quakeml:eu.emsc/event/20230307_0000008,KO.GAZ,5306.0,5380.0,74.0,updated
ev_KO_SVRC_.emsc_event_20230306_0000011,quakeml:eu.emsc/event/20230306_0000011,KO.SVRC,5772.0,5860.0,88.0,updated
ev_KO_TAHT_.emsc_event_20230508_0000217,quakeml:eu.emsc/event/20230508_0000217,KO.TAHT,5821.0,5860.0,39.0,updated
ev_KO_GULA_.emsc_event_20230513_0000230,quakeml:eu.emsc/event/20230513_0000230,KO.GULA,5963.0,,,no_emsc_pick
ev_KO_BNN_.emsc_event_20230308_0000006,quakeml:eu.emsc/event/20230308_0000006,KO.BNN,4964.0,5000.0,36.0,updated
ev_KO_CEYT_.emsc_event_20230306_0000297,quakeml:eu.emsc/event/20230306_0000297,KO.CEYT,4212.0,4280.0,68.0,updated
ev_KO_GAZ_.emsc_event_20230304_0000251,quakeml:eu.emsc/event/20230304_0000251,KO.GAZ,3820.0,3870.0,50.0,updated
ev_KO_KMRS_.emsc_event_20230307_0000085,quakeml:eu.emsc/event/20230307_0000085,KO.KMRS,5875.0,5870.0,-5.0,updated
ev_KO_TAHT_.emsc_event_20230505_0000243,quakeml:eu.emsc/event/20230505_0000243,KO.TAHT,5875.0,5870.0,-5.0,updated
ev_KO_SARI_.emsc_event_20230311_0000274,quakeml:eu.emsc/event/20230311_0000274,KO.SARI,5479.0,5550.0,71.0,updated
ev_KO_MERS_.emsc_event_20230306_0000297,quakeml:eu.emsc/event/20230306_0000297,KO.MERS,5778.0,5820.0,42.0,updated
ev_KO_GAZ_.emsc_event_20230307_0000034,quakeml:eu.emsc/event/20230307_0000034,KO.GAZ,3502.0,3470.0,-32.0,updated
ev_KO_URFA_.emsc_event_20230312_0000303,quakeml:eu.emsc/event/20230312_0000303,KO.URFA,5147.0,5190.0,43.0,updated
ev_KO_KOZT_.emsc_event_20230304_0000131,quakeml:eu.emsc/event/20230304_0000131,KO.KOZT,4573.0,4650.0,77.0,updated
ev_KO_KOZT_.emsc_event_20230304_0000125,quakeml:eu.emsc/event/20230304_0000125,KO.KOZT,5266.0,5270.0,4.0,updated
ev_KO_GAZ_.emsc_event_20230307_0000020,quakeml:eu.emsc/event/20230307_0000020,KO.GAZ,4692.0,4820.0,128.0,updated
ev_KO_KMRS_.emsc_event_20230308_0000184,quakeml:eu.emsc/event/20230308_0000184,KO.KMRS,5249.0,,,no_emsc_pick
ev_KO_BNN_.emsc_event_20230327_0000120,quakeml:eu.emsc/event/20230327_0000120,KO.BNN,5236.0,5300.0,64.0,updated
ev_KO_SARI_.emsc_event_20230517_0000142,quakeml:eu.emsc/event/20230517_0000142,KO.SARI,5765.0,,,no_emsc_pick
ev_KO_KMRS_.emsc_event_20230307_0000126,quakeml:eu.emsc/event/20230307_0000126,KO.KMRS,4706.0,4770.0,64.0,updated
ev_KO_CEYT_.emsc_event_20230307_0000038,quakeml:eu.emsc/event/20230307_0000038,KO.CEYT,4894.0,,,no_emsc_pick
ev_KO_SARI_.emsc_event_20230304_0000114,quakeml:eu.emsc/event/20230304_0000114,KO.SARI,5022.0,5040.0,18.0,updated
ev_KO_BNN_.emsc_event_20230218_0000219,quakeml:eu.emsc/event/20230218_0000219,KO.BNN,5700.0,5880.0,180.0,updated
ev_KO_CEYT_.emsc_event_20230308_0000105,quakeml:eu.emsc/event/20230308_0000105,KO.CEYT,5028.0,,,no_emsc_pick
ev_KO_CEYT_.emsc_event_20230305_0000179,quakeml:eu.emsc/event/20230305_0000179,KO.CEYT,5097.0,,,no_emsc_pick
ev_KO_GAZ_.emsc_event_20230308_0000082,quakeml:eu.emsc/event/20230308_0000082,KO.GAZ,4326.0,4350.0,24.0,updated
ev_KO_CEYT_.emsc_event_20230327_0000194,quakeml:eu.emsc/event/20230327_0000194,KO.CEYT,5251.0,,,no_emsc_pick
ev_KO_SARI_.emsc_event_20230306_0000041,quakeml:eu.emsc/event/20230306_0000041,KO.SARI,5080.0,5010.0,-70.0,updated
ev_KO_DYBB_.emsc_event_20230407_0000031,quakeml:eu.emsc/event/20230407_0000031,KO.DYBB,5806.0,,,no_emsc_pick
ev_KO_SVRC_.emsc_event_20230212_0000098,quakeml:eu.emsc/event/20230212_0000098,KO.SVRC,4216.0,4230.0,14.0,updated
ev_KO_DARE_.emsc_event_20230722_0000046,quakeml:eu.emsc/event/20230722_0000046,KO.DARE,4585.0,4620.0,35.0,updated
ev_KO_KMRS_.emsc_event_20230307_0000132,quakeml:eu.emsc/event/20230307_0000132,KO.KMRS,5942.0,,,no_emsc_pick
ev_KO_URFA_.emsc_event_20230305_0000136,quakeml:eu.emsc/event/20230305_0000136,KO.URFA,5406.0,5470.0,64.0,updated
ev_KO_MERS_.emsc_event_20230305_0000145,quakeml:eu.emsc/event/20230305_0000145,KO.MERS,5864.0,5940.0,76.0,updated
ev_KO_URFA_.emsc_event_20230307_0000077,quakeml:eu.emsc/event/20230307_0000077,KO.URFA,4388.0,4460.0,72.0,updated
ev_KO_SARI_.emsc_event_20230620_0000180,quakeml:eu.emsc/event/20230620_0000180,KO.SARI,3577.0,,,no_emsc_pick
ev_KO_CEYT_.emsc_event_20230306_0000320,quakeml:eu.emsc/event/20230306_0000320,KO.CEYT,5960.0,,,no_emsc_pick
ev_KO_DARE_.emsc_event_20230304_0000176,quakeml:eu.emsc/event/20230304_0000176,KO.DARE,5283.0,5380.0,97.0,updated
ev_KO_SARI_.emsc_event_20230308_0000258,quakeml:eu.emsc/event/20230308_0000258,KO.SARI,5327.0,5280.0,-47.0,updated
ev_KO_CEYT_.emsc_event_20230306_0000308,quakeml:eu.emsc/event/20230306_0000308,KO.CEYT,5548.0,5640.0,92.0,updated
ev_KO_CEYT_.emsc_event_20230305_0000145,quakeml:eu.emsc/event/20230305_0000145,KO.CEYT,4283.0,4350.0,67.0,updated
ev_KO_SARI_.emsc_event_20230306_0000069,quakeml:eu.emsc/event/20230306_0000069,KO.SARI,5443.0,5500.0,57.0,updated
ev_KO_CEYT_.emsc_event_20230307_0000004,quakeml:eu.emsc/event/20230307_0000004,KO.CEYT,5975.0,,,no_emsc_pick
ev_KO_CEYT_.emsc_event_20230307_0000010,quakeml:eu.emsc/event/20230307_0000010,KO.CEYT,5770.0,,,no_emsc_pick
ev_KO_KOZT_.emsc_event_20230304_0000092,quakeml:eu.emsc/event/20230304_0000092,KO.KOZT,4091.0,4170.0,79.0,updated
ev_KO_SARI_.emsc_event_20230305_0000230,quakeml:eu.emsc/event/20230305_0000230,KO.SARI,5822.0,,,no_emsc_pick
ev_KO_DARE_.emsc_event_20230306_0000023,quakeml:eu.emsc/event/20230306_0000023,KO.DARE,4902.0,5020.0,118.0,updated
ev_KO_KOZT_.emsc_event_20230307_0000234,quakeml:eu.emsc/event/20230307_0000234,KO.KOZT,4390.0,4520.0,130.0,updated
ev_KO_TAHT_.emsc_event_20230315_0000110,quakeml:eu.emsc/event/20230315_0000110,KO.TAHT,4950.0,4840.0,-110.0,updated
ev_KO_KOZT_.emsc_event_20230306_0000138,quakeml:eu.emsc/event/20230306_0000138,KO.KOZT,4145.0,4190.0,45.0,updated
ev_KO_GAZ_.emsc_event_20230308_0000041,quakeml:eu.emsc/event/20230308_0000041,KO.GAZ,4781.0,4770.0,-11.0,updated
ev_KO_SARI_.emsc_event_20230306_0000096,quakeml:eu.emsc/event/20230306_0000096,KO.SARI,3880.0,3990.0,110.0,updated
ev_KO_KOZT_.emsc_event_20230304_0000079,quakeml:eu.emsc/event/20230304_0000079,KO.KOZT,4986.0,5100.0,114.0,updated
ev_KO_GAZ_.emsc_event_20230307_0000168,quakeml:eu.emsc/event/20230307_0000168,KO.GAZ,5562.0,5650.0,88.0,updated
ev_KO_TAHT_.emsc_event_20230305_0000261,quakeml:eu.emsc/event/20230305_0000261,KO.TAHT,5626.0,,,no_emsc_pick
ev_KO_CEYT_.emsc_event_20230211_0000090,quakeml:eu.emsc/event/20230211_0000090,KO.CEYT,5326.0,5440.0,114.0,updated
ev_KO_BNN_.emsc_event_20230304_0000202,quakeml:eu.emsc/event/20230304_0000202,KO.BNN,4977.0,4850.0,-127.0,updated
ev_KO_SARI_.emsc_event_20230306_0000082,quakeml:eu.emsc/event/20230306_0000082,KO.SARI,4620.0,4670.0,50.0,updated
ev_KO_GAZ_.emsc_event_20230306_0000264,quakeml:eu.emsc/event/20230306_0000264,KO.GAZ,5533.0,5610.0,77.0,updated
ev_KO_SARI_.emsc_event_20230311_0000300,quakeml:eu.emsc/event/20230311_0000300,KO.SARI,5003.0,,,no_emsc_pick
ev_KO_URFA_.emsc_event_20230302_0000112,quakeml:eu.emsc/event/20230302_0000112,KO.URFA,5166.0,5220.0,54.0,updated
ev_KO_BNN_.emsc_event_20230307_0000067,quakeml:eu.emsc/event/20230307_0000067,KO.BNN,5833.0,5910.0,77.0,updated
ev_KO_TAHT_.emsc_event_20230306_0000004,quakeml:eu.emsc/event/20230306_0000004,KO.TAHT,3429.0,3470.0,41.0,updated
ev_KO_BNN_.emsc_event_20230222_0000088,quakeml:eu.emsc/event/20230222_0000088,KO.BNN,5083.0,5020.0,-63.0,updated
ev_KO_TAHT_.emsc_event_20230308_0000235,quakeml:eu.emsc/event/20230308_0000235,KO.TAHT,5111.0,5200.0,89.0,updated
ev_KO_TAHT_.emsc_event_20230307_0000308,quakeml:eu.emsc/event/20230307_0000308,KO.TAHT,3611.0,3670.0,59.0,updated
ev_KO_GAZ_.emsc_event_20230308_0000069,quakeml:eu.emsc/event/20230308_0000069,KO.GAZ,5014.0,4980.0,-34.0,updated
ev_KO_BNN_.emsc_event_20230312_0000298,quakeml:eu.emsc/event/20230312_0000298,KO.BNN,5348.0,5410.0,62.0,updated
ev_KO_CEYT_.emsc_event_20230311_0000075,quakeml:eu.emsc/event/20230311_0000075,KO.CEYT,4807.0,4920.0,113.0,updated
ev_KO_BNN_.emsc_event_20230307_0000073,quakeml:eu.emsc/event/20230307_0000073,KO.BNN,4875.0,4920.0,45.0,updated
ev_KO_DARE_.emsc_event_20230226_0000181,quakeml:eu.emsc/event/20230226_0000181,KO.DARE,4488.0,,,no_emsc_pick
ev_KO_BNN_.emsc_event_20230305_0000132,quakeml:eu.emsc/event/20230305_0000132,KO.BNN,5205.0,5060.0,-145.0,updated
ev_KO_SARI_.emsc_event_20230306_0000257,quakeml:eu.emsc/event/20230306_0000257,KO.SARI,4720.0,4740.0,20.0,updated
ev_KO_DARE_.emsc_event_20230307_0000105,quakeml:eu.emsc/event/20230307_0000105,KO.DARE,4892.0,4960.0,68.0,updated
ev_KO_TAHT_.emsc_event_20230313_0000012,quakeml:eu.emsc/event/20230313_0000012,KO.TAHT,5738.0,5910.0,172.0,updated
ev_KO_KMRS_.emsc_event_20230306_0000028,quakeml:eu.emsc/event/20230306_0000028,KO.KMRS,4070.0,4110.0,40.0,updated
ev_KO_DARE_.emsc_event_20230308_0000038,quakeml:eu.emsc/event/20230308_0000038,KO.DARE,4588.0,4610.0,22.0,updated
ev_KO_KMRS_.emsc_event_20230304_0000169,quakeml:eu.emsc/event/20230304_0000169,KO.KMRS,4270.0,4300.0,30.0,updated
ev_KO_CEYT_.emsc_event_20230306_0000136,quakeml:eu.emsc/event/20230306_0000136,KO.CEYT,4788.0,4820.0,32.0,updated
ev_KO_KMRS_.emsc_event_20230305_0000265,quakeml:eu.emsc/event/20230305_0000265,KO.KMRS,4410.0,4460.0,50.0,updated
ev_KO_KMRS_.emsc_event_20230308_0000219,quakeml:eu.emsc/event/20230308_0000219,KO.KMRS,4340.0,4120.0,-220.0,updated
ev_KO_SARI_.emsc_event_20230308_0000066,quakeml:eu.emsc/event/20230308_0000066,KO.SARI,5492.0,5690.0,198.0,updated
ev_KO_CEYT_.emsc_event_20230306_0000122,quakeml:eu.emsc/event/20230306_0000122,KO.CEYT,4268.0,4350.0,82.0,updated
ev_KO_KMRS_.emsc_event_20230305_0000271,quakeml:eu.emsc/event/20230305_0000271,KO.KMRS,4509.0,4480.0,-29.0,updated
ev_KO_DARE_.emsc_event_20230413_0000151,quakeml:eu.emsc/event/20230413_0000151,KO.DARE,3999.0,4020.0,21.0,updated
ev_KO_CEYT_.emsc_event_20230304_0000063,quakeml:eu.emsc/event/20230304_0000063,KO.CEYT,5061.0,5180.0,119.0,updated
ev_KO_KMRS_.emsc_event_20230307_0000330,quakeml:eu.emsc/event/20230307_0000330,KO.KMRS,4484.0,4520.0,36.0,updated
ev_KO_DARE_.emsc_event_20230305_0000050,quakeml:eu.emsc/event/20230305_0000050,KO.DARE,3943.0,3960.0,17.0,updated
ev_KO_SARI_.emsc_event_20230304_0000302,quakeml:eu.emsc/event/20230304_0000302,KO.SARI,5562.0,,,no_emsc_pick
ev_KO_DARE_.emsc_event_20230803_0000067,quakeml:eu.emsc/event/20230803_0000067,KO.DARE,5010.0,4879.0,-131.0,updated
ev_KO_DARE_.emsc_event_20230307_0000111,quakeml:eu.emsc/event/20230307_0000111,KO.DARE,5126.0,5070.0,-56.0,updated
ev_KO_BNN_.emsc_event_20230505_0000299,quakeml:eu.emsc/event/20230505_0000299,KO.BNN,5011.0,4900.0,-111.0,updated
ev_KO_DARE_.emsc_event_20230308_0000004,quakeml:eu.emsc/event/20230308_0000004,KO.DARE,4969.0,,,no_emsc_pick
ev_KO_TAHT_.emsc_event_20230305_0000088,quakeml:eu.emsc/event/20230305_0000088,KO.TAHT,3647.0,3720.0,73.0,updated
ev_KO_MERS_.emsc_event_20230306_0000122,quakeml:eu.emsc/event/20230306_0000122,KO.MERS,5685.0,,,no_emsc_pick
ev_KO_KMRS_.emsc_event_20230304_0000155,quakeml:eu.emsc/event/20230304_0000155,KO.KMRS,4252.0,4370.0,118.0,updated
ev_KO_URFA_.emsc_event_20230306_0000151,quakeml:eu.emsc/event/20230306_0000151,KO.URFA,4391.0,4500.0,109.0,updated
ev_KO_SARI_.emsc_event_20230604_0000090,quakeml:eu.emsc/event/20230604_0000090,KO.SARI,5060.0,,,no_emsc_pick
ev_KO_SVRC_.emsc_event_20230307_0000080,quakeml:eu.emsc/event/20230307_0000080,KO.SVRC,5373.0,,,no_emsc_pick
ev_KO_SARI_.emsc_event_20230305_0000026,quakeml:eu.emsc/event/20230305_0000026,KO.SARI,5877.0,5920.0,43.0,updated
ev_KO_YESY_.emsc_event_20230725_0000187,quakeml:eu.emsc/event/20230725_0000187,KO.YESY,5995.0,,,no_emsc_pick
ev_KO_BNN_.emsc_event_20230614_0000034,quakeml:eu.emsc/event/20230614_0000034,KO.BNN,5967.0,,,no_emsc_pick
ev_KO_SARI_.emsc_event_20230307_0000167,quakeml:eu.emsc/event/20230307_0000167,KO.SARI,4745.0,4840.0,95.0,updated
ev_KO_DARE_.emsc_event_20230306_0000235,quakeml:eu.emsc/event/20230306_0000235,KO.DARE,4172.0,,,no_emsc_pick
ev_KO_URFA_.emsc_event_20230722_0000108,quakeml:eu.emsc/event/20230722_0000108,KO.URFA,5847.0,5920.0,73.0,updated
ev_KO_DARE_.emsc_event_20230306_0000221,quakeml:eu.emsc/event/20230306_0000221,KO.DARE,4630.0,4740.0,110.0,updated
ev_KO_URFA_.emsc_event_20230613_0000014,quakeml:eu.emsc/event/20230613_0000014,KO.URFA,4960.0,5060.0,100.0,updated
ev_KO_KMRS_.emsc_event_20230308_0000231,quakeml:eu.emsc/event/20230308_0000231,KO.KMRS,3335.0,3380.0,45.0,updated
ev_KO_SARI_.emsc_event_20230305_0000032,quakeml:eu.emsc/event/20230305_0000032,KO.SARI,3862.0,3920.0,58.0,updated
ev_KO_BNN_.emsc_event_20230303_0000030,quakeml:eu.emsc/event/20230303_0000030,KO.BNN,4881.0,4970.0,89.0,updated
ev_KO_MERS_.emsc_event_20230405_0000237,quakeml:eu.emsc/event/20230405_0000237,KO.MERS,5682.0,,,no_emsc_pick
ev_KO_SVRC_.emsc_event_20230304_0000232,quakeml:eu.emsc/event/20230304_0000232,KO.SVRC,4914.0,5000.0,86.0,updated
ev_KO_SARI_.emsc_event_20230306_0000294,quakeml:eu.emsc/event/20230306_0000294,KO.SARI,3990.0,3850.0,-140.0,updated
ev_KO_TAHT_.emsc_event_20230307_0000136,quakeml:eu.emsc/event/20230307_0000136,KO.TAHT,5799.0,5810.0,11.0,updated
ev_KO_BNN_.emsc_event_20230727_0000082,quakeml:eu.emsc/event/20230727_0000082,KO.BNN,5276.0,5260.0,-16.0,updated
ev_KO_GAZ_.emsc_event_20230304_0000133,quakeml:eu.emsc/event/20230304_0000133,KO.GAZ,3656.0,3650.0,-6.0,updated
ev_KO_SARI_.emsc_event_20230725_0000202,quakeml:eu.emsc/event/20230725_0000202,KO.SARI,4691.0,4730.0,39.0,updated
ev_KO_GAZ_.emsc_event_20230304_0000127,quakeml:eu.emsc/event/20230304_0000127,KO.GAZ,5820.0,5850.0,30.0,updated
ev_KO_TAHT_.emsc_event_20230309_0000313,quakeml:eu.emsc/event/20230309_0000313,KO.TAHT,5314.0,5340.0,26.0,updated
ev_KO_BNN_.emsc_event_20230613_0000010,quakeml:eu.emsc/event/20230613_0000010,KO.BNN,5156.0,,,no_emsc_pick
ev_KO_GAZ_.emsc_event_20230306_0000066,quakeml:eu.emsc/event/20230306_0000066,KO.GAZ,4962.0,4990.0,28.0,updated
ev_KO_DARE_.emsc_event_20230415_0000251,quakeml:eu.emsc/event/20230415_0000251,KO.DARE,3476.0,3520.0,44.0,updated
ev_KO_SARI_.emsc_event_20230306_0000280,quakeml:eu.emsc/event/20230306_0000280,KO.SARI,3995.0,,,no_emsc_pick
ev_KO_GAZ_.emsc_event_20230308_0000257,quakeml:eu.emsc/event/20230308_0000257,KO.GAZ,5535.0,5600.0,65.0,updated
ev_KO_BNN_.emsc_event_20230306_0000169,quakeml:eu.emsc/event/20230306_0000169,KO.BNN,4989.0,5090.0,101.0,updated
ev_KO_GAZ_.emsc_event_20230305_0000203,quakeml:eu.emsc/event/20230305_0000203,KO.GAZ,4689.0,4810.0,121.0,updated
ev_KO_BNN_.emsc_event_20230304_0000028,quakeml:eu.emsc/event/20230304_0000028,KO.BNN,5215.0,5230.0,15.0,updated
ev_KO_CEYT_.emsc_event_20230304_0000088,quakeml:eu.emsc/event/20230304_0000088,KO.CEYT,5029.0,5150.0,121.0,updated
ev_KO_BNN_.emsc_event_20230307_0000265,quakeml:eu.emsc/event/20230307_0000265,KO.BNN,5814.0,5840.0,26.0,updated
ev_KO_SVRC_.emsc_event_20230307_0000043,quakeml:eu.emsc/event/20230307_0000043,KO.SVRC,5876.0,,,no_emsc_pick
ev_KO_SVRC_.emsc_event_20230213_0000169,quakeml:eu.emsc/event/20230213_0000169,KO.SVRC,4612.0,,,no_emsc_pick
ev_KO_DARE_.emsc_event_20230312_0000305,quakeml:eu.emsc/event/20230312_0000305,KO.DARE,4663.0,4470.0,-193.0,updated
ev_KO_TAHT_.emsc_event_20230308_0000023,quakeml:eu.emsc/event/20230308_0000023,KO.TAHT,3415.0,3430.0,15.0,updated
ev_KO_SVRC_.emsc_event_20230621_0000196,quakeml:eu.emsc/event/20230621_0000196,KO.SVRC,4726.0,,,no_emsc_pick
ev_KO_CEYT_.emsc_event_20230311_0000277,quakeml:eu.emsc/event/20230311_0000277,KO.CEYT,5861.0,5930.0,69.0,updated
ev_KO_KOZT_.emsc_event_20230306_0000312,quakeml:eu.emsc/event/20230306_0000312,KO.KOZT,4860.0,4920.0,60.0,updated
ev_KO_DARE_.emsc_event_20230305_0000097,quakeml:eu.emsc/event/20230305_0000097,KO.DARE,4215.0,,,no_emsc_pick
ev_KO_TAHT_.emsc_event_20230307_0000126,quakeml:eu.emsc/event/20230307_0000126,KO.TAHT,3733.0,3810.0,77.0,updated
ev_KO_SARI_.emsc_event_20230306_0000284,quakeml:eu.emsc/event/20230306_0000284,KO.SARI,5277.0,,,no_emsc_pick
ev_KO_KOZT_.emsc_event_20230307_0000026,quakeml:eu.emsc/event/20230307_0000026,KO.KOZT,4702.0,4750.0,48.0,updated
ev_KO_URFA_.emsc_event_20230711_0000163,quakeml:eu.emsc/event/20230711_0000163,KO.URFA,4564.0,4600.0,36.0,updated
ev_KO_GAZ_.emsc_event_20230304_0000137,quakeml:eu.emsc/event/20230304_0000137,KO.GAZ,3658.0,3710.0,52.0,updated
ev_KO_BNN_.emsc_event_20230722_0000108,quakeml:eu.emsc/event/20230722_0000108,KO.BNN,5223.0,5240.0,17.0,updated
ev_KO_KARA_.emsc_event_20230520_0000097,quakeml:eu.emsc/event/20230520_0000097,KO.KARA,5771.0,,,no_emsc_pick
ev_KO_SARI_.emsc_event_20230430_0000229,quakeml:eu.emsc/event/20230430_0000229,KO.SARI,5967.0,,,no_emsc_pick
ev_KO_TAHT_.emsc_event_20230307_0000132,quakeml:eu.emsc/event/20230307_0000132,KO.TAHT,3859.0,3920.0,61.0,updated
ev_KO_GAZ_.emsc_event_20230308_0000247,quakeml:eu.emsc/event/20230308_0000247,KO.GAZ,5150.0,5060.0,-90.0,updated
ev_KO_TAHT_.emsc_event_20230305_0000073,quakeml:eu.emsc/event/20230305_0000073,KO.TAHT,5310.0,5130.0,-180.0,updated
ev_KO_KOZT_.emsc_event_20230306_0000316,quakeml:eu.emsc/event/20230306_0000316,KO.KOZT,4701.0,4670.0,-31.0,updated
ev_KO_TAHT_.emsc_event_20230308_0000027,quakeml:eu.emsc/event/20230308_0000027,KO.TAHT,5898.0,,,no_emsc_pick
ev_KO_KOZT_.emsc_event_20230304_0000257,quakeml:eu.emsc/event/20230304_0000257,KO.KOZT,5946.0,,,no_emsc_pick
ev_KO_SVRC_.emsc_event_20230305_0000112,quakeml:eu.emsc/event/20230305_0000112,KO.SVRC,5405.0,5410.0,5.0,updated
ev_KO_SARI_.emsc_event_20230503_0000248,quakeml:eu.emsc/event/20230503_0000248,KO.SARI,3816.0,3860.0,44.0,updated
ev_KO_CEYT_.emsc_event_20230419_0000226,quakeml:eu.emsc/event/20230419_0000226,KO.CEYT,5442.0,5530.0,88.0,updated
ev_KO_GAZ_.emsc_event_20230307_0000346,quakeml:eu.emsc/event/20230307_0000346,KO.GAZ,4881.0,5020.0,139.0,updated
ev_KO_KOZT_.emsc_event_20230306_0000302,quakeml:eu.emsc/event/20230306_0000302,KO.KOZT,4987.0,5000.0,13.0,updated
ev_KO_DARE_.emsc_event_20230307_0000115,quakeml:eu.emsc/event/20230307_0000115,KO.DARE,4513.0,,,no_emsc_pick
ev_KO_SARI_.emsc_event_20230304_0000306,quakeml:eu.emsc/event/20230304_0000306,KO.SARI,5109.0,,,no_emsc_pick
ev_KO_DARE_.emsc_event_20230306_0000219,quakeml:eu.emsc/event/20230306_0000219,KO.DARE,4530.0,,,no_emsc_pick
ev_KO_SARI_.emsc_event_20230308_0000076,quakeml:eu.emsc/event/20230308_0000076,KO.SARI,4040.0,4190.0,150.0,updated
ev_KO_SARI_.emsc_event_20230314_0000063,quakeml:eu.emsc/event/20230314_0000063,KO.SARI,4268.0,,,no_emsc_pick
ev_KO_SARI_.emsc_event_20230308_0000062,quakeml:eu.emsc/event/20230308_0000062,KO.SARI,5629.0,5550.0,-79.0,updated
ev_KO_URFA_.emsc_event_20230307_0000265,quakeml:eu.emsc/event/20230307_0000265,KO.URFA,5361.0,5280.0,-81.0,updated
ev_KO_GAZ_.emsc_event_20230308_0000284,quakeml:eu.emsc/event/20230308_0000284,KO.GAZ,5484.0,5520.0,36.0,updated
ev_KO_CEYT_.emsc_event_20230307_0000216,quakeml:eu.emsc/event/20230307_0000216,KO.CEYT,5542.0,,,no_emsc_pick
ev_KO_SVRC_.emsc_event_20230610_0000080,quakeml:eu.emsc/event/20230610_0000080,KO.SVRC,5564.0,,,no_emsc_pick
ev_KO_DARE_.emsc_event_20230308_0000014,quakeml:eu.emsc/event/20230308_0000014,KO.DARE,4485.0,4420.0,-65.0,updated
ev_KO_SARI_.emsc_event_20230405_0000191,quakeml:eu.emsc/event/20230405_0000191,KO.SARI,5080.0,5120.0,40.0,updated
ev_KO_KMRS_.emsc_event_20230306_0000004,quakeml:eu.emsc/event/20230306_0000004,KO.KMRS,5662.0,5730.0,68.0,updated
ev_KO_SARI_.emsc_event_20230305_0000036,quakeml:eu.emsc/event/20230305_0000036,KO.SARI,3961.0,4020.0,59.0,updated
ev_KO_KMRS_.emsc_event_20230308_0000235,quakeml:eu.emsc/event/20230308_0000235,KO.KMRS,5293.0,5450.0,157.0,updated
ev_KO_BNN_.emsc_event_20230222_0000259,quakeml:eu.emsc/event/20230222_0000259,KO.BNN,5865.0,,,no_emsc_pick
ev_KO_SARI_.emsc_event_20230307_0000177,quakeml:eu.emsc/event/20230307_0000177,KO.SARI,4311.0,4290.0,-21.0,updated
ev_KO_URFA_.emsc_event_20230613_0000010,quakeml:eu.emsc/event/20230613_0000010,KO.URFA,5925.0,,,no_emsc_pick
ev_KO_DARE_.emsc_event_20230601_0000150,quakeml:eu.emsc/event/20230601_0000150,KO.DARE,5853.0,5930.0,77.0,updated
ev_KO_DARE_.emsc_event_20230716_0000237,quakeml:eu.emsc/event/20230716_0000237,KO.DARE,3995.0,4050.0,55.0,updated
ev_KO_KARA_.emsc_event_20230523_0000225,quakeml:eu.emsc/event/20230523_0000225,KO.KARA,5653.0,5630.0,-23.0,updated
ev_KO_KOZT_.emsc_event_20230304_0000280,quakeml:eu.emsc/event/20230304_0000280,KO.KOZT,5962.0,,,no_emsc_pick
ev_KO_TAHT_.emsc_event_20230306_0000028,quakeml:eu.emsc/event/20230306_0000028,KO.TAHT,5821.0,,,no_emsc_pick
ev_KO_TAHT_.emsc_event_20230304_0000169,quakeml:eu.emsc/event/20230304_0000169,KO.TAHT,4172.0,4200.0,28.0,updated
ev_KO_GAZ_.emsc_event_20230308_0000051,quakeml:eu.emsc/event/20230308_0000051,KO.GAZ,4913.0,4950.0,37.0,updated
ev_KO_DYBB_.emsc_event_20230603_0000069,quakeml:eu.emsc/event/20230603_0000069,KO.DYBB,5600.0,,,no_emsc_pick
ev_KO_CEYT_.emsc_event_20230302_0000165,quakeml:eu.emsc/event/20230302_0000165,KO.CEYT,5240.0,5220.0,-20.0,updated
ev_KO_DARE_.emsc_event_20230305_0000295,quakeml:eu.emsc/event/20230305_0000295,KO.DARE,5193.0,5180.0,-13.0,updated
ev_KO_TAHT_.emsc_event_20230308_0000219,quakeml:eu.emsc/event/20230308_0000219,KO.TAHT,4122.0,3930.0,-192.0,updated
ev_KO_SVRC_.emsc_event_20230306_0000175,quakeml:eu.emsc/event/20230306_0000175,KO.SVRC,5307.0,5370.0,63.0,updated
ev_KO_DARE_.emsc_event_20230722_0000095,quakeml:eu.emsc/event/20230722_0000095,KO.DARE,5263.0,5230.0,-33.0,updated
ev_KO_CEYT_.emsc_event_20230211_0000080,quakeml:eu.emsc/event/20230211_0000080,KO.CEYT,4693.0,4340.0,-353.0,updated
ev_KO_CEYT_.emsc_event_20230207_0000026,quakeml:eu.emsc/event/20230207_0000026,KO.CEYT,5671.0,5740.0,69.0,updated
ev_KO_GAZ_.emsc_event_20230308_0000045,quakeml:eu.emsc/event/20230308_0000045,KO.GAZ,3660.0,3740.0,80.0,updated
ev_KO_GAZ_.emsc_event_20230306_0000274,quakeml:eu.emsc/event/20230306_0000274,KO.GAZ,4660.0,4790.0,130.0,updated
ev_KO_SARI_.emsc_event_20230311_0000338,quakeml:eu.emsc/event/20230311_0000338,KO.SARI,5394.0,5470.0,76.0,updated
ev_KO_BNN_.emsc_event_20230305_0000136,quakeml:eu.emsc/event/20230305_0000136,KO.BNN,5956.0,,,no_emsc_pick
ev_KO_KOZT_.emsc_event_20230304_0000055,quakeml:eu.emsc/event/20230304_0000055,KO.KOZT,4141.0,4080.0,-61.0,updated
ev_KO_GAZ_.emsc_event_20230305_0000011,quakeml:eu.emsc/event/20230305_0000011,KO.GAZ,4554.0,4550.0,-4.0,updated
ev_KO_URFA_.emsc_event_20230520_0000091,quakeml:eu.emsc/event/20230520_0000091,KO.URFA,4447.0,4550.0,103.0,updated
ev_KO_TAHT_.emsc_event_20230308_0000231,quakeml:eu.emsc/event/20230308_0000231,KO.TAHT,5520.0,5590.0,70.0,updated
ev_KO_GAZ_.emsc_event_20230304_0000309,quakeml:eu.emsc/event/20230304_0000309,KO.GAZ,4978.0,5040.0,62.0,updated
ev_KO_DYBB_.emsc_event_20230314_0000051,quakeml:eu.emsc/event/20230314_0000051,KO.DYBB,5255.0,,,no_emsc_pick
ev_KO_GAZ_.emsc_event_20230306_0000248,quakeml:eu.emsc/event/20230306_0000248,KO.GAZ,5018.0,5130.0,112.0,updated
ev_KO_KMRS_.emsc_event_20230307_0000136,quakeml:eu.emsc/event/20230307_0000136,KO.KMRS,4190.0,4220.0,30.0,updated
ev_KO_BNN_.emsc_event_20230307_0000088,quakeml:eu.emsc/event/20230307_0000088,KO.BNN,5080.0,5110.0,30.0,updated
ev_KO_URFA_.emsc_event_20230312_0000298,quakeml:eu.emsc/event/20230312_0000298,KO.URFA,5575.0,5620.0,45.0,updated
ev_KO_GAZ_.emsc_event_20230308_0000092,quakeml:eu.emsc/event/20230308_0000092,KO.GAZ,5003.0,5050.0,47.0,updated
ev_KO_SARI_.emsc_event_20230306_0000045,quakeml:eu.emsc/event/20230306_0000045,KO.SARI,5847.0,,,no_emsc_pick
ev_KO_GAZ_.emsc_event_20230308_0000086,quakeml:eu.emsc/event/20230308_0000086,KO.GAZ,3582.0,3660.0,78.0,updated
ev_KO_SARI_.emsc_event_20230304_0000110,quakeml:eu.emsc/event/20230304_0000110,KO.SARI,4571.0,,,no_emsc_pick
ev_KO_CEYT_.emsc_event_20230624_0000073,quakeml:eu.emsc/event/20230624_0000073,KO.CEYT,5825.0,,,no_emsc_pick
ev_KO_MERS_.emsc_event_20230308_0000129,quakeml:eu.emsc/event/20230308_0000129,KO.MERS,4810.0,4960.0,150.0,updated
ev_KO_MERS_.emsc_event_20230424_0000246,quakeml:eu.emsc/event/20230424_0000246,KO.MERS,5292.0,5350.0,58.0,updated
ev_KO_URFA_.emsc_event_20230307_0000067,quakeml:eu.emsc/event/20230307_0000067,KO.URFA,5098.0,5190.0,92.0,updated
ev_KO_CEYT_.emsc_event_20230306_0000330,quakeml:eu.emsc/event/20230306_0000330,KO.CEYT,5008.0,5010.0,2.0,updated
ev_KO_KMRS_.emsc_event_20230308_0000037,quakeml:eu.emsc/event/20230308_0000037,KO.KMRS,4262.0,4350.0,88.0,updated
ev_KO_CEYT_.emsc_event_20230306_0000318,quakeml:eu.emsc/event/20230306_0000318,KO.CEYT,5445.0,,,no_emsc_pick
ev_KO_CEYT_.emsc_event_20230525_0000193,quakeml:eu.emsc/event/20230525_0000193,KO.CEYT,4915.0,,,no_emsc_pick
ev_KO_SARI_.emsc_event_20230308_0000248,quakeml:eu.emsc/event/20230308_0000248,KO.SARI,4656.0,4620.0,-36.0,updated
ev_KO_CEYT_.emsc_event_20230424_0000246,quakeml:eu.emsc/event/20230424_0000246,KO.CEYT,4664.0,4720.0,56.0,updated
ev_KO_CEYT_.emsc_event_20230308_0000129,quakeml:eu.emsc/event/20230308_0000129,KO.CEYT,4210.0,4380.0,170.0,updated
ev_KO_KOZT_.emsc_event_20230304_0000096,quakeml:eu.emsc/event/20230304_0000096,KO.KOZT,4090.0,4110.0,20.0,updated
ev_KO_DARE_.emsc_event_20230308_0000216,quakeml:eu.emsc/event/20230308_0000216,KO.DARE,4967.0,5010.0,43.0,updated
ev_KO_DYBB_.emsc_event_20230615_0000024,quakeml:eu.emsc/event/20230615_0000024,KO.DYBB,5593.0,,,no_emsc_pick
ev_KO_BNN_.emsc_event_20230511_0000178,quakeml:eu.emsc/event/20230511_0000178,KO.BNN,5177.0,5200.0,23.0,updated
ev_KO_CEYT_.emsc_event_20230305_0000141,quakeml:eu.emsc/event/20230305_0000141,KO.CEYT,5286.0,5390.0,104.0,updated
ev_KO_KMRS_.emsc_event_20230308_0000023,quakeml:eu.emsc/event/20230308_0000023,KO.KMRS,5596.0,5620.0,24.0,updated
ev_KO_SARI_.emsc_event_20230314_0000249,quakeml:eu.emsc/event/20230314_0000249,KO.SARI,3883.0,3920.0,37.0,updated
ev_KO_TAHT_.emsc_event_20230304_0000182,quakeml:eu.emsc/event/20230304_0000182,KO.TAHT,5954.0,,,no_emsc_pick
ev_KO_GAZ_.emsc_event_20230304_0000255,quakeml:eu.emsc/event/20230304_0000255,KO.GAZ,4667.0,4690.0,23.0,updated
ev_KO_BNN_.emsc_event_20230803_0000049,quakeml:eu.emsc/event/20230803_0000049,KO.BNN,5051.0,5080.0,29.0,updated
ev_KO_KOZT_.emsc_event_20230305_0000211,quakeml:eu.emsc/event/20230305_0000211,KO.KOZT,5793.0,,,no_emsc_pick
ev_KO_GAZ_.emsc_event_20230308_0000125,quakeml:eu.emsc/event/20230308_0000125,KO.GAZ,5487.0,5530.0,43.0,updated
ev_KO_DYBB_.emsc_event_20230612_0000160,quakeml:eu.emsc/event/20230612_0000160,KO.DYBB,5768.0,,,no_emsc_pick
ev_KO_GAZ_.emsc_event_20230308_0000131,quakeml:eu.emsc/event/20230308_0000131,KO.GAZ,3637.0,3620.0,-17.0,updated
ev_KO_CEYT_.emsc_event_20230306_0000287,quakeml:eu.emsc/event/20230306_0000287,KO.CEYT,4650.0,4700.0,50.0,updated
ev_KO_KOZT_.emsc_event_20230305_0000205,quakeml:eu.emsc/event/20230305_0000205,KO.KOZT,4514.0,4550.0,36.0,updated
ev_KO_TAHT_.emsc_event_20230306_0000148,quakeml:eu.emsc/event/20230306_0000148,KO.TAHT,3297.0,3160.0,-137.0,updated
ev_KO_KMRS_.emsc_event_20230308_0000180,quakeml:eu.emsc/event/20230308_0000180,KO.KMRS,4627.0,4660.0,33.0,updated
ev_KO_GAZ_.emsc_event_20230306_0000328,quakeml:eu.emsc/event/20230306_0000328,KO.GAZ,5467.0,5480.0,13.0,updated
ev_KO_KOZT_.emsc_event_20230308_0000251,quakeml:eu.emsc/event/20230308_0000251,KO.KOZT,4631.0,4680.0,49.0,updated
ev_KO_TAHT_.emsc_event_20230306_0000160,quakeml:eu.emsc/event/20230306_0000160,KO.TAHT,5935.0,5950.0,15.0,updated
ev_KO_KOZT_.emsc_event_20230304_0000121,quakeml:eu.emsc/event/20230304_0000121,KO.KOZT,4306.0,4270.0,-36.0,updated
ev_KO_SVRC_.emsc_event_20230306_0000029,quakeml:eu.emsc/event/20230306_0000029,KO.SVRC,5163.0,5250.0,87.0,updated
ev_KO_GAZ_.emsc_event_20230305_0000165,quakeml:eu.emsc/event/20230305_0000165,KO.GAZ,5240.0,5250.0,10.0,updated
ev_KO_CEYT_.emsc_event_20230430_0000216,quakeml:eu.emsc/event/20230430_0000216,KO.CEYT,4934.0,5060.0,126.0,updated
ev_KO_DARE_.emsc_event_20230408_0000212,quakeml:eu.emsc/event/20230408_0000212,KO.DARE,4490.0,4510.0,20.0,updated
ev_KO_DARE_.emsc_event_20230306_0000184,quakeml:eu.emsc/event/20230306_0000184,KO.DARE,4581.0,4630.0,49.0,updated
ev_KO_KOZT_.emsc_event_20230305_0000239,quakeml:eu.emsc/event/20230305_0000239,KO.KOZT,4360.0,4410.0,50.0,updated
ev_KO_URFA_.emsc_event_20230307_0000107,quakeml:eu.emsc/event/20230307_0000107,KO.URFA,4506.0,4570.0,64.0,updated
ev_KO_GAZ_.emsc_event_20230304_0000296,quakeml:eu.emsc/event/20230304_0000296,KO.GAZ,3330.0,,,no_emsc_pick
ev_KO_URFA_.emsc_event_20230305_0000046,quakeml:eu.emsc/event/20230305_0000046,KO.URFA,5069.0,5030.0,-39.0,updated
ev_KO_SARI_.emsc_event_20230304_0000070,quakeml:eu.emsc/event/20230304_0000070,KO.SARI,5124.0,5150.0,26.0,updated
ev_KO_URFA_.emsc_event_20230210_0000274,quakeml:eu.emsc/event/20230210_0000274,KO.URFA,5865.0,5760.0,-105.0,updated
ev_KO_DYBB_.emsc_event_20230303_0000264,quakeml:eu.emsc/event/20230303_0000264,KO.DYBB,5411.0,,,no_emsc_pick
ev_KO_SARI_.emsc_event_20230306_0000131,quakeml:eu.emsc/event/20230306_0000131,KO.SARI,4415.0,4470.0,55.0,updated
ev_KO_TAHT_.emsc_event_20230307_0000293,quakeml:eu.emsc/event/20230307_0000293,KO.TAHT,5771.0,5820.0,49.0,updated
ev_KO_DARE_.emsc_event_20230307_0000263,quakeml:eu.emsc/event/20230307_0000263,KO.DARE,5458.0,,,no_emsc_pick
ev_KO_DARE_.emsc_event_20230506_0000005,quakeml:eu.emsc/event/20230506_0000005,KO.DARE,3986.0,3930.0,-56.0,updated
ev_KO_SVRC_.emsc_event_20230304_0000183,quakeml:eu.emsc/event/20230304_0000183,KO.SVRC,4519.0,4370.0,-149.0,updated
ev_KO_BNN_.emsc_event_20230312_0000303,quakeml:eu.emsc/event/20230312_0000303,KO.BNN,5921.0,,,no_emsc_pick
ev_KO_SARI_.emsc_event_20230306_0000125,quakeml:eu.emsc/event/20230306_0000125,KO.SARI,5455.0,5510.0,55.0,updated
ev_KO_CEYT_.emsc_event_20230603_0000070,quakeml:eu.emsc/event/20230603_0000070,KO.CEYT,5273.0,,,no_emsc_pick
ev_KO_KMRS_.emsc_event_20230307_0000056,quakeml:eu.emsc/event/20230307_0000056,KO.KMRS,4940.0,5040.0,100.0,updated
ev_KO_DARE_.emsc_event_20230629_0000244,quakeml:eu.emsc/event/20230629_0000244,KO.DARE,5595.0,5415.0,-180.0,updated
ev_KO_CEYT_.emsc_event_20230306_0000244,quakeml:eu.emsc/event/20230306_0000244,KO.CEYT,5101.0,,,no_emsc_pick
ev_KO_DARE_.emsc_event_20230504_0000178,quakeml:eu.emsc/event/20230504_0000178,KO.DARE,3264.0,,,no_emsc_pick
ev_KO_CEYT_.emsc_event_20230307_0000174,quakeml:eu.emsc/event/20230307_0000174,KO.CEYT,5187.0,5280.0,93.0,updated
ev_KO_TAHT_.emsc_event_20230616_0000168,quakeml:eu.emsc/event/20230616_0000168,KO.TAHT,3628.0,3530.0,-98.0,updated
ev_KO_GULA_.emsc_event_20230330_0000054,quakeml:eu.emsc/event/20230330_0000054,KO.GULA,5939.0,5960.0,21.0,updated
ev_KO_SVRC_.emsc_event_20230512_0000067,quakeml:eu.emsc/event/20230512_0000067,KO.SVRC,5413.0,,,no_emsc_pick
ev_KO_TAHT_.emsc_event_20230505_0000284,quakeml:eu.emsc/event/20230505_0000284,KO.TAHT,5881.0,5960.0,79.0,updated
ev_KO_SARI_.emsc_event_20230307_0000215,quakeml:eu.emsc/event/20230307_0000215,KO.SARI,5917.0,,,no_emsc_pick
ev_KO_DARE_.emsc_event_20230225_0000082,quakeml:eu.emsc/event/20230225_0000082,KO.DARE,3949.0,3890.0,-59.0,updated
ev_KO_DARE_.emsc_event_20230221_0000200,quakeml:eu.emsc/event/20230221_0000200,KO.DARE,5747.0,,,no_emsc_pick
ev_KO_CEYT_.emsc_event_20230306_0000091,quakeml:eu.emsc/event/20230306_0000091,KO.CEYT,5026.0,,,no_emsc_pick
ev_KO_KOZT_.emsc_event_20230307_0000152,quakeml:eu.emsc/event/20230307_0000152,KO.KOZT,5409.0,5500.0,91.0,updated
ev_KO_GAZ_.emsc_event_20230304_0000057,quakeml:eu.emsc/event/20230304_0000057,KO.GAZ,4647.0,4620.0,-27.0,updated
ev_KO_GAZ_.emsc_event_20230304_0000043,quakeml:eu.emsc/event/20230304_0000043,KO.GAZ,5006.0,5080.0,74.0,updated
ev_KO_KOZT_.emsc_event_20230307_0000146,quakeml:eu.emsc/event/20230307_0000146,KO.KOZT,4469.0,4580.0,111.0,updated
ev_KO_SARI_.emsc_event_20230423_0000275,quakeml:eu.emsc/event/20230423_0000275,KO.SARI,5830.0,5870.0,40.0,updated
ev_KO_URFA_.emsc_event_20230305_0000293,quakeml:eu.emsc/event/20230305_0000293,KO.URFA,5264.0,5310.0,46.0,updated
ev_KO_YESY_.emsc_event_20230310_0000038,quakeml:eu.emsc/event/20230310_0000038,KO.YESY,5774.0,5800.0,26.0,updated
ev_KO_GAZ_.emsc_event_20230307_0000226,quakeml:eu.emsc/event/20230307_0000226,KO.GAZ,5062.0,5030.0,-32.0,updated
ev_KO_DARE_.emsc_event_20230520_0000097,quakeml:eu.emsc/event/20230520_0000097,KO.DARE,4538.0,,,no_emsc_pick
ev_KO_CEYT_.emsc_event_20230422_0000230,quakeml:eu.emsc/event/20230422_0000230,KO.CEYT,5181.0,5240.0,59.0,updated
ev_KO_SVRC_.emsc_event_20230307_0000127,quakeml:eu.emsc/event/20230307_0000127,KO.SVRC,5684.0,,,no_emsc_pick
ev_KO_DARE_.emsc_event_20230427_0000095,quakeml:eu.emsc/event/20230427_0000095,KO.DARE,4373.0,4520.0,147.0,updated
ev_KO_TAHT_.emsc_event_20230312_0000291,quakeml:eu.emsc/event/20230312_0000291,KO.TAHT,5821.0,5860.0,39.0,updated
ev_KO_CEYT_.emsc_event_20230206_0000060,quakeml:eu.emsc/event/20230206_0000060,KO.CEYT,5012.0,,,no_emsc_pick
ev_KO_DYBB_.emsc_event_20230226_0000062,quakeml:eu.emsc/event/20230226_0000062,KO.DYBB,5257.0,,,no_emsc_pick
ev_KO_MERS_.emsc_event_20230306_0000091,quakeml:eu.emsc/event/20230306_0000091,KO.MERS,5920.0,,,no_emsc_pick
ev_KO_GAZ_.emsc_event_20230307_0000232,quakeml:eu.emsc/event/20230307_0000232,KO.GAZ,5815.0,,,no_emsc_pick
ev_KO_CEYT_.emsc_event_20230713_0000131,quakeml:eu.emsc/event/20230713_0000131,KO.CEYT,5741.0,,,no_emsc_pick
ev_KO_BNN_.emsc_event_20230306_0000019,quakeml:eu.emsc/event/20230306_0000019,KO.BNN,5513.0,5650.0,137.0,updated
ev_KO_DARE_.emsc_event_20230219_0000107,quakeml:eu.emsc/event/20230219_0000107,KO.DARE,4865.0,4950.0,85.0,updated
ev_KO_KOZT_.emsc_event_20230306_0000276,quakeml:eu.emsc/event/20230306_0000276,KO.KOZT,4102.0,4120.0,18.0,updated
ev_KO_URFA_.emsc_event_20230304_0000148,quakeml:eu.emsc/event/20230304_0000148,KO.URFA,5661.0,5830.0,169.0,updated
ev_KO_SARI_.emsc_event_20230304_0000272,quakeml:eu.emsc/event/20230304_0000272,KO.SARI,5724.0,,,no_emsc_pick
ev_KO_DARE_.emsc_event_20230523_0000225,quakeml:eu.emsc/event/20230523_0000225,KO.DARE,4853.0,4830.0,-23.0,updated
ev_KO_URFA_.emsc_event_20230306_0000009,quakeml:eu.emsc/event/20230306_0000009,KO.URFA,4473.0,4570.0,97.0,updated
ev_KO_KMRS_.emsc_event_20230307_0000240,quakeml:eu.emsc/event/20230307_0000240,KO.KMRS,5712.0,5800.0,88.0,updated
ev_KO_URFA_.emsc_event_20230731_0000178,quakeml:eu.emsc/event/20230731_0000178,KO.URFA,5608.0,5623.0,15.0,updated
ev_KO_SARI_.emsc_event_20230406_0000280,quakeml:eu.emsc/event/20230406_0000280,KO.SARI,3686.0,3810.0,124.0,updated
ev_KO_KARA_.emsc_event_20230601_0000150,quakeml:eu.emsc/event/20230601_0000150,KO.KARA,5721.0,,,no_emsc_pick
ev_KO_SARI_.emsc_event_20230308_0000116,quakeml:eu.emsc/event/20230308_0000116,KO.SARI,3837.0,,,no_emsc_pick
ev_KO_CEYT_.emsc_event_20230304_0000107,quakeml:eu.emsc/event/20230304_0000107,KO.CEYT,4045.0,4190.0,145.0,updated
ev_KO_BNN_.emsc_event_20230702_0000107,quakeml:eu.emsc/event/20230702_0000107,KO.BNN,5399.0,5450.0,51.0,updated
ev_KO_KOZT_.emsc_event_20230307_0000185,quakeml:eu.emsc/event/20230307_0000185,KO.KOZT,5400.0,5410.0,10.0,updated
ev_KO_DARE_.emsc_event_20230308_0000148,quakeml:eu.emsc/event/20230308_0000148,KO.DARE,4168.0,,,no_emsc_pick
ev_KO_DARE_.emsc_event_20230305_0000134,quakeml:eu.emsc/event/20230305_0000134,KO.DARE,5272.0,5280.0,8.0,updated
ev_KO_DARE_.emsc_event_20230307_0000075,quakeml:eu.emsc/event/20230307_0000075,KO.DARE,4438.0,4500.0,62.0,updated
ev_KO_DYBB_.emsc_event_20230513_0000241,quakeml:eu.emsc/event/20230513_0000241,KO.DYBB,5404.0,,,no_emsc_pick
ev_KO_BNN_.emsc_event_20230324_0000037,quakeml:eu.emsc/event/20230324_0000037,KO.BNN,5930.0,,,no_emsc_pick
ev_KO_DARE_.emsc_event_20230331_0000143,quakeml:eu.emsc/event/20230331_0000143,KO.DARE,5172.0,5230.0,58.0,updated
ev_KO_MERS_.emsc_event_20230304_0000107,quakeml:eu.emsc/event/20230304_0000107,KO.MERS,5674.0,5750.0,76.0,updated
ev_KO_DARE_.emsc_event_20230304_0000210,quakeml:eu.emsc/event/20230304_0000210,KO.DARE,4335.0,,,no_emsc_pick
ev_KO_URFA_.emsc_event_20230304_0000160,quakeml:eu.emsc/event/20230304_0000160,KO.URFA,5159.0,5200.0,41.0,updated
ev_KO_DARE_.emsc_event_20230305_0000108,quakeml:eu.emsc/event/20230305_0000108,KO.DARE,4320.0,4180.0,-140.0,updated
ev_KO_TAHT_.emsc_event_20230308_0000184,quakeml:eu.emsc/event/20230308_0000184,KO.TAHT,5381.0,,,no_emsc_pick
ev_KO_SARI_.emsc_event_20230307_0000016,quakeml:eu.emsc/event/20230307_0000016,KO.SARI,4672.0,4750.0,78.0,updated
ev_KO_URFA_.emsc_event_20230429_0000102,quakeml:eu.emsc/event/20230429_0000102,KO.URFA,4556.0,4660.0,104.0,updated
ev_KO_MERS_.emsc_event_20230308_0000262,quakeml:eu.emsc/event/20230308_0000262,KO.MERS,5721.0,5810.0,89.0,updated
ev_KO_KMRS_.emsc_event_20230307_0000269,quakeml:eu.emsc/event/20230307_0000269,KO.KMRS,3638.0,3660.0,22.0,updated
ev_KO_URFA_.emsc_event_20230308_0000211,quakeml:eu.emsc/event/20230308_0000211,KO.URFA,5606.0,5720.0,114.0,updated
ev_KO_MERS_.emsc_event_20230306_0000053,quakeml:eu.emsc/event/20230306_0000053,KO.MERS,5814.0,5840.0,26.0,updated
ev_KO_URFA_.emsc_event_20230304_0000161,quakeml:eu.emsc/event/20230304_0000161,KO.URFA,5849.0,5920.0,71.0,updated
ev_KO_KMRS_.emsc_event_20230304_0000030,quakeml:eu.emsc/event/20230304_0000030,KO.KMRS,3788.0,3790.0,2.0,updated
ev_KO_SARI_.emsc_event_20230305_0000143,quakeml:eu.emsc/event/20230305_0000143,KO.SARI,4948.0,4850.0,-98.0,updated
ev_KO_URFA_.emsc_event_20230307_0000338,quakeml:eu.emsc/event/20230307_0000338,KO.URFA,5658.0,5700.0,42.0,updated
ev_KO_DYBB_.emsc_event_20230313_0000316,quakeml:eu.emsc/event/20230313_0000316,KO.DYBB,5481.0,,,no_emsc_pick
ev_KO_KMRS_.emsc_event_20230306_0000159,quakeml:eu.emsc/event/20230306_0000159,KO.KMRS,3795.0,3850.0,55.0,updated
ev_KO_DARE_.emsc_event_20230307_0000074,quakeml:eu.emsc/event/20230307_0000074,KO.DARE,5390.0,5200.0,-190.0,updated
ev_KO_KOZT_.emsc_event_20230306_0000288,quakeml:eu.emsc/event/20230306_0000288,KO.KOZT,4253.0,4320.0,67.0,updated
ev_KO_DARE_.emsc_event_20230308_0000149,quakeml:eu.emsc/event/20230308_0000149,KO.DARE,4856.0,4940.0,84.0,updated
ev_KO_DARE_.emsc_event_20230424_0000232,quakeml:eu.emsc/event/20230424_0000232,KO.DARE,5104.0,,,no_emsc_pick
ev_KO_SARI_.emsc_event_20230304_0000273,quakeml:eu.emsc/event/20230304_0000273,KO.SARI,3916.0,3970.0,54.0,updated
ev_KO_YESY_.emsc_event_20230411_0000245,quakeml:eu.emsc/event/20230411_0000245,KO.YESY,5453.0,,,no_emsc_pick
ev_KO_CEYT_.emsc_event_20230308_0000262,quakeml:eu.emsc/event/20230308_0000262,KO.CEYT,4891.0,4910.0,19.0,updated
ev_KO_SARI_.emsc_event_20230308_0000103,quakeml:eu.emsc/event/20230308_0000103,KO.SARI,4425.0,4480.0,55.0,updated
ev_KO_CEYT_.emsc_event_20230306_0000053,quakeml:eu.emsc/event/20230306_0000053,KO.CEYT,4392.0,4390.0,-2.0,updated
ev_KO_KMRS_.emsc_event_20230305_0000300,quakeml:eu.emsc/event/20230305_0000300,KO.KMRS,4183.0,,,no_emsc_pick
ev_KO_CEYT_.emsc_event_20230304_0000112,quakeml:eu.emsc/event/20230304_0000112,KO.CEYT,5286.0,5400.0,114.0,updated
ev_KO_MERS_.emsc_event_20230306_0000090,quakeml:eu.emsc/event/20230306_0000090,KO.MERS,5653.0,5640.0,-13.0,updated
ev_KO_GAZ_.emsc_event_20230307_0000227,quakeml:eu.emsc/event/20230307_0000227,KO.GAZ,5393.0,5430.0,37.0,updated
ev_KO_CEYT_.emsc_event_20230518_0000086,quakeml:eu.emsc/event/20230518_0000086,KO.CEYT,4645.0,4730.0,85.0,updated
ev_KO_BNN_.emsc_event_20230307_0000300,quakeml:eu.emsc/event/20230307_0000300,KO.BNN,5219.0,5160.0,-59.0,updated
ev_KO_SVRC_.emsc_event_20230305_0000067,quakeml:eu.emsc/event/20230305_0000067,KO.SVRC,5583.0,,,no_emsc_pick
ev_KO_CEYT_.emsc_event_20230306_0000084,quakeml:eu.emsc/event/20230306_0000084,KO.CEYT,5881.0,,,no_emsc_pick
ev_KO_BNN_.emsc_event_20230308_0000215,quakeml:eu.emsc/event/20230308_0000215,KO.BNN,4938.0,5060.0,122.0,updated
ev_KO_SARI_.emsc_event_20230207_0000030,quakeml:eu.emsc/event/20230207_0000030,KO.SARI,5062.0,5090.0,28.0,updated
ev_KO_GAZ_.emsc_event_20230306_0000103,quakeml:eu.emsc/event/20230306_0000103,KO.GAZ,5990.0,,,no_emsc_pick
ev_KO_KOZT_.emsc_event_20230305_0000006,quakeml:eu.emsc/event/20230305_0000006,KO.KOZT,5315.0,5340.0,25.0,updated
ev_KO_CEYT_.emsc_event_20230217_0000034,quakeml:eu.emsc/event/20230217_0000034,KO.CEYT,4990.0,5010.0,20.0,updated
ev_KO_SARI_.emsc_event_20230302_0000167,quakeml:eu.emsc/event/20230302_0000167,KO.SARI,5627.0,5720.0,93.0,updated
ev_KO_MERS_.emsc_event_20230518_0000086,quakeml:eu.emsc/event/20230518_0000086,KO.MERS,5617.0,5730.0,113.0,updated
ev_KO_BNN_.emsc_event_20230304_0000165,quakeml:eu.emsc/event/20230304_0000165,KO.BNN,4849.0,4890.0,41.0,updated
ev_KO_BNN_.emsc_event_20230304_0000171,quakeml:eu.emsc/event/20230304_0000171,KO.BNN,5148.0,,,no_emsc_pick
ev_KO_CEYT_.emsc_event_20230306_0000090,quakeml:eu.emsc/event/20230306_0000090,KO.CEYT,4527.0,4580.0,53.0,updated
ev_KO_GAZ_.emsc_event_20230306_0000117,quakeml:eu.emsc/event/20230306_0000117,KO.GAZ,5448.0,5550.0,102.0,updated
ev_KO_SARI_.emsc_event_20230306_0000118,quakeml:eu.emsc/event/20230306_0000118,KO.SARI,3822.0,3930.0,108.0,updated
ev_KO_CEYT_.emsc_event_20230305_0000034,quakeml:eu.emsc/event/20230305_0000034,KO.CEYT,4951.0,5080.0,129.0,updated
ev_KO_SARI_.emsc_event_20230304_0000059,quakeml:eu.emsc/event/20230304_0000059,KO.SARI,5100.0,5120.0,20.0,updated
ev_KO_BNN_.emsc_event_20230217_0000269,quakeml:eu.emsc/event/20230217_0000269,KO.BNN,5306.0,5270.0,-36.0,updated
ev_KO_CEYT_.emsc_event_20230521_0000270,quakeml:eu.emsc/event/20230521_0000270,KO.CEYT,4864.0,4990.0,126.0,updated
ev_KO_BNN_.emsc_event_20230503_0000229,quakeml:eu.emsc/event/20230503_0000229,KO.BNN,5781.0,5800.0,19.0,updated
ev_KO_SARI_.emsc_event_20230614_0000086,quakeml:eu.emsc/event/20230614_0000086,KO.SARI,3537.0,,,no_emsc_pick
ev_KO_DARE_.emsc_event_20230306_0000146,quakeml:eu.emsc/event/20230306_0000146,KO.DARE,3367.0,3370.0,3.0,updated
ev_KO_BNN_.emsc_event_20230305_0000094,quakeml:eu.emsc/event/20230305_0000094,KO.BNN,5089.0,5200.0,111.0,updated
ev_KO_SVRC_.emsc_event_20230214_0000216,quakeml:eu.emsc/event/20230214_0000216,KO.SVRC,5615.0,5680.0,65.0,updated
ev_KO_KMRS_.emsc_event_20230308_0000142,quakeml:eu.emsc/event/20230308_0000142,KO.KMRS,4242.0,4400.0,158.0,updated
ev_KO_BNN_.emsc_event_20230305_0000080,quakeml:eu.emsc/event/20230305_0000080,KO.BNN,5941.0,,,no_emsc_pick
ev_KO_KMRS_.emsc_event_20230304_0000232,quakeml:eu.emsc/event/20230304_0000232,KO.KMRS,5178.0,5300.0,122.0,updated
ev_KO_DARE_.emsc_event_20230401_0000012,quakeml:eu.emsc/event/20230401_0000012,KO.DARE,5209.0,5180.0,-29.0,updated
ev_KO_CEYT_.emsc_event_20230308_0000074,quakeml:eu.emsc/event/20230308_0000074,KO.CEYT,5576.0,,,no_emsc_pick
ev_KO_CEYT_.emsc_event_20230305_0000008,quakeml:eu.emsc/event/20230305_0000008,KO.CEYT,5496.0,5610.0,114.0,updated
ev_KO_KMRS_.emsc_event_20230307_0000043,quakeml:eu.emsc/event/20230307_0000043,KO.KMRS,4786.0,4920.0,134.0,updated
ev_KO_DARE_.emsc_event_20230307_0000262,quakeml:eu.emsc/event/20230307_0000262,KO.DARE,5185.0,5100.0,-85.0,updated
ev_KO_DARE_.emsc_event_20230605_0000099,quakeml:eu.emsc/event/20230605_0000099,KO.DARE,5192.0,5200.0,8.0,updated
ev_KO_SVRC_.emsc_event_20230312_0000130,quakeml:eu.emsc/event/20230312_0000130,KO.SVRC,5250.0,5160.0,-90.0,updated
ev_KO_GULA_.emsc_event_20230605_0000094,quakeml:eu.emsc/event/20230605_0000094,KO.GULA,5953.0,,,no_emsc_pick
ev_KO_URFA_.emsc_event_20230312_0000306,quakeml:eu.emsc/event/20230312_0000306,KO.URFA,4847.0,4870.0,23.0,updated
ev_KO_DARE_.emsc_event_20230216_0000239,quakeml:eu.emsc/event/20230216_0000239,KO.DARE,3439.0,,,no_emsc_pick
ev_KO_GULA_.emsc_event_20230616_0000157,quakeml:eu.emsc/event/20230616_0000157,KO.GULA,5983.0,,,no_emsc_pick
ev_KO_DARE_.emsc_event_20230307_0000289,quakeml:eu.emsc/event/20230307_0000289,KO.DARE,4588.0,4610.0,22.0,updated
ev_KO_KOZT_.emsc_event_20230305_0000238,quakeml:eu.emsc/event/20230305_0000238,KO.KOZT,5470.0,,,no_emsc_pick
ev_KO_BNN_.emsc_event_20230305_0000057,quakeml:eu.emsc/event/20230305_0000057,KO.BNN,4872.0,4920.0,48.0,updated
ev_KO_DARE_.emsc_event_20230306_0000185,quakeml:eu.emsc/event/20230306_0000185,KO.DARE,3750.0,3670.0,-80.0,updated
ev_KO_SVRC_.emsc_event_20230305_0000271,quakeml:eu.emsc/event/20230305_0000271,KO.SVRC,5661.0,5680.0,19.0,updated
ev_KO_SVRC_.emsc_event_20230305_0000265,quakeml:eu.emsc/event/20230305_0000265,KO.SVRC,5582.0,,,no_emsc_pick
ev_KO_BNN_.emsc_event_20230307_0000102,quakeml:eu.emsc/event/20230307_0000102,KO.BNN,5920.0,,,no_emsc_pick
ev_KO_KOZT_.emsc_event_20230308_0000250,quakeml:eu.emsc/event/20230308_0000250,KO.KOZT,5911.0,,,no_emsc_pick
ev_KO_GAZ_.emsc_event_20230306_0000329,quakeml:eu.emsc/event/20230306_0000329,KO.GAZ,4939.0,5010.0,71.0,updated
ev_KO_MERS_.emsc_event_20230725_0000210,quakeml:eu.emsc/event/20230725_0000210,KO.MERS,5524.0,5600.0,76.0,updated
ev_KO_KMRS_.emsc_event_20230308_0000181,quakeml:eu.emsc/event/20230308_0000181,KO.KMRS,3801.0,3810.0,9.0,updated
ev_KO_GAZ_.emsc_event_20230305_0000164,quakeml:eu.emsc/event/20230305_0000164,KO.GAZ,4577.0,4650.0,73.0,updated
ev_KO_KOZT_.emsc_event_20230304_0000120,quakeml:eu.emsc/event/20230304_0000120,KO.KOZT,4668.0,4760.0,92.0,updated
ev_KO_GAZ_.emsc_event_20230307_0000025,quakeml:eu.emsc/event/20230307_0000025,KO.GAZ,3715.0,3770.0,55.0,updated
ev_KO_GULA_.emsc_event_20230727_0000063,quakeml:eu.emsc/event/20230727_0000063,KO.GULA,5763.0,5870.0,107.0,updated
ev_KO_TAHT_.emsc_event_20230307_0000245,quakeml:eu.emsc/event/20230307_0000245,KO.TAHT,5823.0,5990.0,167.0,updated
ev_KO_CEYT_.emsc_event_20230725_0000210,quakeml:eu.emsc/event/20230725_0000210,KO.CEYT,3702.0,3770.0,68.0,updated
ev_KO_KOZT_.emsc_event_20230304_0000108,quakeml:eu.emsc/event/20230304_0000108,KO.KOZT,5364.0,5420.0,56.0,updated
ev_KO_GAZ_.emsc_event_20230304_0000240,quakeml:eu.emsc/event/20230304_0000240,KO.GAZ,3595.0,3600.0,5.0,updated
ev_KO_DYBB_.emsc_event_20230216_0000080,quakeml:eu.emsc/event/20230216_0000080,KO.DYBB,5323.0,,,no_emsc_pick
ev_KO_GAZ_.emsc_event_20230306_0000315,quakeml:eu.emsc/event/20230306_0000315,KO.GAZ,5652.0,5710.0,58.0,updated
ev_KO_URFA_.emsc_event_20230313_0000022,quakeml:eu.emsc/event/20230313_0000022,KO.URFA,4494.0,4570.0,76.0,updated
ev_KO_URFA_.emsc_event_20230415_0000246,quakeml:eu.emsc/event/20230415_0000246,KO.URFA,5446.0,,,no_emsc_pick
ev_KO_CEYT_.emsc_event_20230527_0000158,quakeml:eu.emsc/event/20230527_0000158,KO.CEYT,4989.0,5070.0,81.0,updated
ev_KO_GAZ_.emsc_event_20230304_0000254,quakeml:eu.emsc/event/20230304_0000254,KO.GAZ,4735.0,4830.0,95.0,updated
ev_KO_KMRS_.emsc_event_20230307_0000080,quakeml:eu.emsc/event/20230307_0000080,KO.KMRS,5115.0,,,no_emsc_pick
ev_KO_DARE_.emsc_event_20230417_0000063,quakeml:eu.emsc/event/20230417_0000063,KO.DARE,4918.0,5070.0,152.0,updated
ev_KO_KARA_.emsc_event_20230524_0000176,quakeml:eu.emsc/event/20230524_0000176,KO.KARA,5441.0,5430.0,-11.0,updated
ev_KO_KMRS_.emsc_event_20230306_0000213,quakeml:eu.emsc/event/20230306_0000213,KO.KMRS,3756.0,3800.0,44.0,updated
ev_KO_BNN_.emsc_event_20230511_0000179,quakeml:eu.emsc/event/20230511_0000179,KO.BNN,5822.0,5910.0,88.0,updated
ev_KO_KARA_.emsc_event_20230605_0000099,quakeml:eu.emsc/event/20230605_0000099,KO.KARA,5260.0,5240.0,-20.0,updated
ev_KO_MERS_.emsc_event_20230730_0000158,quakeml:eu.emsc/event/20230730_0000158,KO.MERS,5418.0,,,no_emsc_pick
ev_KO_DARE_.emsc_event_20230304_0000173,quakeml:eu.emsc/event/20230304_0000173,KO.DARE,4837.0,4830.0,-7.0,updated
ev_KO_SVRC_.emsc_event_20230307_0000287,quakeml:eu.emsc/event/20230307_0000287,KO.SVRC,4190.0,3970.0,-220.0,updated
ev_KO_KMRS_.emsc_event_20230308_0000036,quakeml:eu.emsc/event/20230308_0000036,KO.KMRS,4158.0,4080.0,-78.0,updated
ev_KO_DARE_.emsc_event_20230306_0000026,quakeml:eu.emsc/event/20230306_0000026,KO.DARE,3994.0,4000.0,6.0,updated
ev_KO_SARI_.emsc_event_20230306_0000078,quakeml:eu.emsc/event/20230306_0000078,KO.SARI,4015.0,,,no_emsc_pick
ev_KO_SARI_.emsc_event_20230304_0000111,quakeml:eu.emsc/event/20230304_0000111,KO.SARI,5348.0,5370.0,22.0,updated
ev_KO_BNN_.emsc_event_20230609_0000116,quakeml:eu.emsc/event/20230609_0000116,KO.BNN,5017.0,,,no_emsc_pick
ev_KO_CEYT_.emsc_event_20230220_0000193,quakeml:eu.emsc/event/20230220_0000193,KO.CEYT,5693.0,5680.0,-13.0,updated
ev_KO_SARI_.emsc_event_20230306_0000050,quakeml:eu.emsc/event/20230306_0000050,KO.SARI,5275.0,5320.0,45.0,updated
ev_KO_KMRS_.emsc_event_20230305_0000062,quakeml:eu.emsc/event/20230305_0000062,KO.KMRS,4336.0,4430.0,94.0,updated
ev_KO_URFA_.emsc_event_20230424_0000234,quakeml:eu.emsc/event/20230424_0000234,KO.URFA,5246.0,5250.0,4.0,updated
ev_KO_URFA_.emsc_event_20230305_0000127,quakeml:eu.emsc/event/20230305_0000127,KO.URFA,4860.0,4940.0,80.0,updated
ev_KO_BNN_.emsc_event_20230219_0000110,quakeml:eu.emsc/event/20230219_0000110,KO.BNN,5008.0,4910.0,-98.0,updated
ev_KO_URFA_.emsc_event_20230225_0000052,quakeml:eu.emsc/event/20230225_0000052,KO.URFA,5477.0,5470.0,-7.0,updated
ev_KO_URFA_.emsc_event_20230305_0000133,quakeml:eu.emsc/event/20230305_0000133,KO.URFA,5437.0,,,no_emsc_pick
ev_KO_DARE_.emsc_event_20230330_0000104,quakeml:eu.emsc/event/20230330_0000104,KO.DARE,4874.0,4900.0,26.0,updated
ev_KO_SARI_.emsc_event_20230308_0000275,quakeml:eu.emsc/event/20230308_0000275,KO.SARI,3592.0,,,no_emsc_pick
ev_KO_SARI_.emsc_event_20230213_0000276,quakeml:eu.emsc/event/20230213_0000276,KO.SARI,5997.0,,,no_emsc_pick
ev_KO_TAHT_.emsc_event_20230713_0000162,quakeml:eu.emsc/event/20230713_0000162,KO.TAHT,5833.0,,,no_emsc_pick
ev_KO_GAZ_.emsc_event_20230308_0000093,quakeml:eu.emsc/event/20230308_0000093,KO.GAZ,4915.0,5040.0,125.0,updated
ev_KO_BNN_.emsc_event_20230528_0000172,quakeml:eu.emsc/event/20230528_0000172,KO.BNN,4412.0,4500.0,88.0,updated
ev_KO_DARE_.emsc_event_20230722_0000043,quakeml:eu.emsc/event/20230722_0000043,KO.DARE,4246.0,4205.0,-41.0,updated
ev_KO_GULA_.emsc_event_20230627_0000119,quakeml:eu.emsc/event/20230627_0000119,KO.GULA,5587.0,5650.0,63.0,updated
ev_KO_URFA_.emsc_event_20230502_0000069,quakeml:eu.emsc/event/20230502_0000069,KO.URFA,5741.0,5750.0,9.0,updated
ev_KO_CEYT_.emsc_event_20230417_0000200,quakeml:eu.emsc/event/20230417_0000200,KO.CEYT,4966.0,,,no_emsc_pick
ev_KO_SVRC_.emsc_event_20230307_0000244,quakeml:eu.emsc/event/20230307_0000244,KO.SVRC,5305.0,5370.0,65.0,updated
ev_KO_GAZ_.emsc_event_20230304_0000308,quakeml:eu.emsc/event/20230304_0000308,KO.GAZ,3428.0,3480.0,52.0,updated
ev_KO_CEYT_.emsc_event_20230420_0000006,quakeml:eu.emsc/event/20230420_0000006,KO.CEYT,5280.0,5330.0,50.0,updated
ev_KO_SVRC_.emsc_event_20230307_0000250,quakeml:eu.emsc/event/20230307_0000250,KO.SVRC,5764.0,5760.0,-4.0,updated
ev_KO_BNN_.emsc_event_20230305_0000137,quakeml:eu.emsc/event/20230305_0000137,KO.BNN,5072.0,5130.0,58.0,updated
ev_KO_TAHT_.emsc_event_20230305_0000258,quakeml:eu.emsc/event/20230305_0000258,KO.TAHT,4247.0,,,no_emsc_pick
ev_KO_GAZ_.emsc_event_20230305_0000038,quakeml:eu.emsc/event/20230305_0000038,KO.GAZ,4712.0,4800.0,88.0,updated
ev_KO_GAZ_.emsc_event_20230308_0000044,quakeml:eu.emsc/event/20230308_0000044,KO.GAZ,4915.0,5020.0,105.0,updated
ev_KO_GAZ_.emsc_event_20230307_0000179,quakeml:eu.emsc/event/20230307_0000179,KO.GAZ,3233.0,3270.0,37.0,updated
ev_KO_URFA_.emsc_event_20230308_0000198,quakeml:eu.emsc/event/20230308_0000198,KO.URFA,5009.0,4990.0,-19.0,updated
ev_KO_GAZ_.emsc_event_20230304_0000334,quakeml:eu.emsc/event/20230304_0000334,KO.GAZ,4616.0,4730.0,114.0,updated
ev_KO_SVRC_.emsc_event_20230307_0000278,quakeml:eu.emsc/event/20230307_0000278,KO.SVRC,5542.0,5690.0,148.0,updated
ev_KO_DARE_.emsc_event_20230304_0000198,quakeml:eu.emsc/event/20230304_0000198,KO.DARE,5596.0,5580.0,-16.0,updated
ev_KO_GAZ_.emsc_event_20230304_0000320,quakeml:eu.emsc/event/20230304_0000320,KO.GAZ,4644.0,4770.0,126.0,updated
ev_KO_SVRC_.emsc_event_20230307_0000085,quakeml:eu.emsc/event/20230307_0000085,KO.SVRC,3963.0,3920.0,-43.0,updated
ev_KO_GAZ_.emsc_event_20230306_0000088,quakeml:eu.emsc/event/20230306_0000088,KO.GAZ,5503.0,5560.0,57.0,updated
ev_KO_SARI_.emsc_event_20230307_0000162,quakeml:eu.emsc/event/20230307_0000162,KO.SARI,4805.0,4940.0,135.0,updated
ev_KO_KOZT_.emsc_event_20230304_0000281,quakeml:eu.emsc/event/20230304_0000281,KO.KOZT,4470.0,4440.0,-30.0,updated
ev_KO_DARE_.emsc_event_20230308_0000001,quakeml:eu.emsc/event/20230308_0000001,KO.DARE,5379.0,5430.0,51.0,updated
ev_KO_URFA_.emsc_event_20230306_0000154,quakeml:eu.emsc/event/20230306_0000154,KO.URFA,4351.0,4360.0,9.0,updated
ev_KO_CEYT_.emsc_event_20230307_0000203,quakeml:eu.emsc/event/20230307_0000203,KO.CEYT,5101.0,5120.0,19.0,updated
ev_KO_KMRS_.emsc_event_20230306_0000011,quakeml:eu.emsc/event/20230306_0000011,KO.KMRS,4875.0,4970.0,95.0,updated
ev_KO_DARE_.emsc_event_20230307_0000128,quakeml:eu.emsc/event/20230307_0000128,KO.DARE,4970.0,,,no_emsc_pick
ev_KO_CEYT_.emsc_event_20230705_0000035,quakeml:eu.emsc/event/20230705_0000035,KO.CEYT,5822.0,,,no_emsc_pick
ev_KO_DARE_.emsc_event_20230228_0000174,quakeml:eu.emsc/event/20230228_0000174,KO.DARE,4164.0,4180.0,16.0,updated
ev_KO_DARE_.emsc_event_20230308_0000015,quakeml:eu.emsc/event/20230308_0000015,KO.DARE,4551.0,4560.0,9.0,updated
ev_KO_CEYT_.emsc_event_20230629_0000224,quakeml:eu.emsc/event/20230629_0000224,KO.CEYT,4409.0,4570.0,161.0,updated
ev_KO_MERS_.emsc_event_20230629_0000224,quakeml:eu.emsc/event/20230629_0000224,KO.MERS,5087.0,5210.0,123.0,updated
ev_KO_SARI_.emsc_event_20230601_0000127,quakeml:eu.emsc/event/20230601_0000127,KO.SARI,4103.0,,,no_emsc_pick
ev_KO_DARE_.emsc_event_20230305_0000041,quakeml:eu.emsc/event/20230305_0000041,KO.DARE,5159.0,5300.0,141.0,updated
ev_KO_DARE_.emsc_event_20230305_0000055,quakeml:eu.emsc/event/20230305_0000055,KO.DARE,5707.0,,,no_emsc_pick
ev_KO_SARI_.emsc_event_20230603_0000072,quakeml:eu.emsc/event/20230603_0000072,KO.SARI,4709.0,,,no_emsc_pick
ev_KO_SARI_.emsc_event_20230306_0000246,quakeml:eu.emsc/event/20230306_0000246,KO.SARI,3598.0,3790.0,192.0,updated
ev_KO_DARE_.emsc_event_20230307_0000114,quakeml:eu.emsc/event/20230307_0000114,KO.DARE,5171.0,5250.0,79.0,updated
ev_KO_KMRS_.emsc_event_20230306_0000039,quakeml:eu.emsc/event/20230306_0000039,KO.KMRS,4240.0,4180.0,-60.0,updated
ev_KO_SARI_.emsc_event_20230308_0000077,quakeml:eu.emsc/event/20230308_0000077,KO.SARI,3845.0,,,no_emsc_pick
ev_KO_MERS_.emsc_event_20230515_0000159,quakeml:eu.emsc/event/20230515_0000159,KO.MERS,5600.0,,,no_emsc_pick
ev_KO_SVRC_.emsc_event_20230305_0000107,quakeml:eu.emsc/event/20230305_0000107,KO.SVRC,4276.0,4360.0,84.0,updated
ev_KO_KOZT_.emsc_event_20230308_0000132,quakeml:eu.emsc/event/20230308_0000132,KO.KOZT,5794.0,5870.0,76.0,updated
ev_KO_SVRC_.emsc_event_20230307_0000046,quakeml:eu.emsc/event/20230307_0000046,KO.SVRC,5808.0,5850.0,42.0,updated
ev_KO_KOZT_.emsc_event_20230306_0000303,quakeml:eu.emsc/event/20230306_0000303,KO.KOZT,5597.0,5270.0,-327.0,updated
ev_KO_CEYT_.emsc_event_20230614_0000052,quakeml:eu.emsc/event/20230614_0000052,KO.CEYT,5060.0,,,no_emsc_pick
ev_KO_SARI_.emsc_event_20230527_0000167,quakeml:eu.emsc/event/20230527_0000167,KO.SARI,4433.0,,,no_emsc_pick
ev_KO_GAZ_.emsc_event_20230307_0000347,quakeml:eu.emsc/event/20230307_0000347,KO.GAZ,5300.0,,,no_emsc_pick
ev_KO_URFA_.emsc_event_20230306_0000183,quakeml:eu.emsc/event/20230306_0000183,KO.URFA,5448.0,5490.0,42.0,updated
ev_KO_GAZ_.emsc_event_20230305_0000212,quakeml:eu.emsc/event/20230305_0000212,KO.GAZ,4830.0,4920.0,90.0,updated
ev_KO_KOZT_.emsc_event_20230306_0000317,quakeml:eu.emsc/event/20230306_0000317,KO.KOZT,5562.0,5530.0,-32.0,updated
ev_KO_SARI_.emsc_event_20230308_0000088,quakeml:eu.emsc/event/20230308_0000088,KO.SARI,5158.0,,,no_emsc_pick
ev_KO_TAHT_.emsc_event_20230329_0000292,quakeml:eu.emsc/event/20230329_0000292,KO.TAHT,5789.0,5790.0,1.0,updated
ev_KO_BNN_.emsc_event_20230506_0000006,quakeml:eu.emsc/event/20230506_0000006,KO.BNN,4743.0,4840.0,97.0,updated
ev_KO_DARE_.emsc_event_20230312_0000300,quakeml:eu.emsc/event/20230312_0000300,KO.DARE,3943.0,3820.0,-123.0,updated
ev_KO_KOZT_.emsc_event_20230305_0000172,quakeml:eu.emsc/event/20230305_0000172,KO.KOZT,4806.0,4790.0,-16.0,updated
ev_KO_GAZ_.emsc_event_20230306_0000077,quakeml:eu.emsc/event/20230306_0000077,KO.GAZ,4867.0,4880.0,13.0,updated
ev_KO_SARI_.emsc_event_20230430_0000228,quakeml:eu.emsc/event/20230430_0000228,KO.SARI,4897.0,4920.0,23.0,updated
ev_KO_URFA_.emsc_event_20230711_0000162,quakeml:eu.emsc/event/20230711_0000162,KO.URFA,5432.0,5480.0,48.0,updated
ev_KO_SVRC_.emsc_event_20230308_0000147,quakeml:eu.emsc/event/20230308_0000147,KO.SVRC,5723.0,,,no_emsc_pick
ev_KO_SVRC_.emsc_event_20230304_0000223,quakeml:eu.emsc/event/20230304_0000223,KO.SVRC,5016.0,5030.0,14.0,updated
ev_KO_GAZ_.emsc_event_20230308_0000252,quakeml:eu.emsc/event/20230308_0000252,KO.GAZ,5559.0,5640.0,81.0,updated
ev_KO_URFA_.emsc_event_20230805_0000006,quakeml:eu.emsc/event/20230805_0000006,KO.URFA,4491.0,4530.0,39.0,updated
ev_KO_DARE_.emsc_event_20230305_0000096,quakeml:eu.emsc/event/20230305_0000096,KO.DARE,5138.0,5240.0,102.0,updated
ev_KO_GULA_.emsc_event_20230222_0000135,quakeml:eu.emsc/event/20230222_0000135,KO.GULA,5912.0,,,no_emsc_pick
ev_KO_SVRC_.emsc_event_20230308_0000153,quakeml:eu.emsc/event/20230308_0000153,KO.SVRC,4661.0,,,no_emsc_pick
ev_KO_GAZ_.emsc_event_20230306_0000063,quakeml:eu.emsc/event/20230306_0000063,KO.GAZ,4942.0,4980.0,38.0,updated
ev_KO_BNN_.emsc_event_20230613_0000015,quakeml:eu.emsc/event/20230613_0000015,KO.BNN,5332.0,5390.0,58.0,updated
ev_KO_GAZ_.emsc_event_20230305_0000238,quakeml:eu.emsc/event/20230305_0000238,KO.GAZ,4020.0,4100.0,80.0,updated
ev_KO_DARE_.emsc_event_20230305_0000080,quakeml:eu.emsc/event/20230305_0000080,KO.DARE,5292.0,,,no_emsc_pick
ev_KO_URFA_.emsc_event_20230616_0000176,quakeml:eu.emsc/event/20230616_0000176,KO.URFA,5316.0,5320.0,4.0,updated
ev_KO_SVRC_.emsc_event_20230410_0000261,quakeml:eu.emsc/event/20230410_0000261,KO.SVRC,4431.0,4490.0,59.0,updated
ev_KO_DARE_.emsc_event_20230217_0000269,quakeml:eu.emsc/event/20230217_0000269,KO.DARE,4726.0,4730.0,4.0,updated
ev_KO_KOZT_.emsc_event_20230305_0000164,quakeml:eu.emsc/event/20230305_0000164,KO.KOZT,4230.0,4270.0,40.0,updated
ev_KO_GAZ_.emsc_event_20230304_0000120,quakeml:eu.emsc/event/20230304_0000120,KO.GAZ,5599.0,5790.0,191.0,updated
ev_KO_KOZT_.emsc_event_20230307_0000025,quakeml:eu.emsc/event/20230307_0000025,KO.KOZT,4789.0,4820.0,31.0,updated
ev_KO_DARE_.emsc_event_20230305_0000094,quakeml:eu.emsc/event/20230305_0000094,KO.DARE,5198.0,5340.0,142.0,updated
ev_KO_TAHT_.emsc_event_20230308_0000018,quakeml:eu.emsc/event/20230308_0000018,KO.TAHT,3366.0,3430.0,64.0,updated
ev_KO_URFA_.emsc_event_20230209_0000059,quakeml:eu.emsc/event/20230209_0000059,KO.URFA,4600.0,4650.0,50.0,updated
ev_KO_TAHT_.emsc_event_20230307_0000125,quakeml:eu.emsc/event/20230307_0000125,KO.TAHT,5778.0,,,no_emsc_pick
ev_KO_DARE_.emsc_event_20230503_0000229,quakeml:eu.emsc/event/20230503_0000229,KO.DARE,4020.0,3960.0,-60.0,updated
ev_KO_GAZ_.emsc_event_20230308_0000250,quakeml:eu.emsc/event/20230308_0000250,KO.GAZ,5447.0,5560.0,113.0,updated
ev_KO_KOZT_.emsc_event_20230306_0000329,quakeml:eu.emsc/event/20230306_0000329,KO.KOZT,4618.0,4630.0,12.0,updated
ev_KO_BNN_.emsc_event_20230306_0000146,quakeml:eu.emsc/event/20230306_0000146,KO.BNN,5420.0,,,no_emsc_pick
ev_KO_KOZT_.emsc_event_20230304_0000240,quakeml:eu.emsc/event/20230304_0000240,KO.KOZT,4657.0,4630.0,-27.0,updated
ev_KO_GAZ_.emsc_event_20230308_0000278,quakeml:eu.emsc/event/20230308_0000278,KO.GAZ,4737.0,4830.0,93.0,updated
ev_KO_SARI_.emsc_event_20230528_0000058,quakeml:eu.emsc/event/20230528_0000058,KO.SARI,3749.0,,,no_emsc_pick
ev_KO_SARI_.emsc_event_20230430_0000216,quakeml:eu.emsc/event/20230430_0000216,KO.SARI,3939.0,4010.0,71.0,updated
ev_KO_BNN_.emsc_event_20230307_0000262,quakeml:eu.emsc/event/20230307_0000262,KO.BNN,5024.0,4950.0,-74.0,updated
ev_KO_GAZ_.emsc_event_20230304_0000108,quakeml:eu.emsc/event/20230304_0000108,KO.GAZ,5119.0,5160.0,41.0,updated
ev_KO_SVRC_.emsc_event_20230305_0000111,quakeml:eu.emsc/event/20230305_0000111,KO.SVRC,3980.0,4040.0,60.0,updated
ev_KO_KOZT_.emsc_event_20230306_0000315,quakeml:eu.emsc/event/20230306_0000315,KO.KOZT,5654.0,5650.0,-4.0,updated
ev_KO_CEYT_.emsc_event_20230510_0000002,quakeml:eu.emsc/event/20230510_0000002,KO.CEYT,5828.0,5870.0,42.0,updated
ev_KO_TAHT_.emsc_event_20230308_0000024,quakeml:eu.emsc/event/20230308_0000024,KO.TAHT,5876.0,,,no_emsc_pick
ev_KO_KOZT_.emsc_event_20230304_0000254,quakeml:eu.emsc/event/20230304_0000254,KO.KOZT,5840.0,5930.0,90.0,updated
ev_KO_DARE_.emsc_event_20230307_0000102,quakeml:eu.emsc/event/20230307_0000102,KO.DARE,4053.0,4090.0,37.0,updated
ev_KO_URFA_.emsc_event_20230508_0000225,quakeml:eu.emsc/event/20230508_0000225,KO.URFA,4485.0,4600.0,115.0,updated
ev_KO_CEYT_.emsc_event_20230306_0000131,quakeml:eu.emsc/event/20230306_0000131,KO.CEYT,4453.0,,,no_emsc_pick
ev_KO_KMRS_.emsc_event_20230305_0000262,quakeml:eu.emsc/event/20230305_0000262,KO.KMRS,4276.0,4280.0,4.0,updated
ev_KO_CEYT_.emsc_event_20230304_0000070,quakeml:eu.emsc/event/20230304_0000070,KO.CEYT,5055.0,5120.0,65.0,updated
ev_KO_CEYT_.emsc_event_20230505_0000216,quakeml:eu.emsc/event/20230505_0000216,KO.CEYT,5058.0,5100.0,42.0,updated
ev_KO_TAHT_.emsc_event_20230407_0000041,quakeml:eu.emsc/event/20230407_0000041,KO.TAHT,5625.0,5690.0,65.0,updated
ev_KO_SVRC_.emsc_event_20230325_0000056,quakeml:eu.emsc/event/20230325_0000056,KO.SVRC,4022.0,3950.0,-72.0,updated
ev_KO_BNN_.emsc_event_20230306_0000185,quakeml:eu.emsc/event/20230306_0000185,KO.BNN,5649.0,5740.0,91.0,updated
ev_KO_URFA_.emsc_event_20230315_0000056,quakeml:eu.emsc/event/20230315_0000056,KO.URFA,5643.0,5710.0,67.0,updated
ev_KO_SARI_.emsc_event_20230306_0000244,quakeml:eu.emsc/event/20230306_0000244,KO.SARI,3826.0,3840.0,14.0,updated
ev_KO_SARI_.emsc_event_20230603_0000070,quakeml:eu.emsc/event/20230603_0000070,KO.SARI,5423.0,,,no_emsc_pick
ev_KO_DARE_.emsc_event_20230305_0000057,quakeml:eu.emsc/event/20230305_0000057,KO.DARE,5071.0,5110.0,39.0,updated
ev_KO_KMRS_.emsc_event_20230306_0000013,quakeml:eu.emsc/event/20230306_0000013,KO.KMRS,3604.0,3550.0,-54.0,updated
ev_KO_DARE_.emsc_event_20230308_0000003,quakeml:eu.emsc/event/20230308_0000003,KO.DARE,5485.0,,,no_emsc_pick
ev_KO_DARE_.emsc_event_20230516_0000029,quakeml:eu.emsc/event/20230516_0000029,KO.DARE,5474.0,5480.0,6.0,updated
ev_KO_SARI_.emsc_event_20230305_0000035,quakeml:eu.emsc/event/20230305_0000035,KO.SARI,4924.0,4830.0,-94.0,updated
ev_KO_DYBB_.emsc_event_20230423_0000132,quakeml:eu.emsc/event/20230423_0000132,KO.DYBB,5803.0,,,no_emsc_pick
ev_KO_TAHT_.emsc_event_20230508_0000199,quakeml:eu.emsc/event/20230508_0000199,KO.TAHT,3260.0,3310.0,50.0,updated
ev_KO_SARI_.emsc_event_20230803_0000002,quakeml:eu.emsc/event/20230803_0000002,KO.SARI,4344.0,4260.0,-84.0,updated
ev_KO_SARI_.emsc_event_20230307_0000174,quakeml:eu.emsc/event/20230307_0000174,KO.SARI,3767.0,3780.0,13.0,updated
ev_KO_DYBB_.emsc_event_20230421_0000073,quakeml:eu.emsc/event/20230421_0000073,KO.DYBB,4854.0,,,no_emsc_pick
ev_KO_MERS_.emsc_event_20230306_0000131,quakeml:eu.emsc/event/20230306_0000131,KO.MERS,5761.0,,,no_emsc_pick
ev_KO_CEYT_.emsc_event_20230225_0000235,quakeml:eu.emsc/event/20230225_0000235,KO.CEYT,5832.0,5910.0,78.0,updated
ev_KO_KMRS_.emsc_event_20230306_0000007,quakeml:eu.emsc/event/20230306_0000007,KO.KMRS,4655.0,4460.0,-195.0,updated
ev_KO_GAZ_.emsc_event_20230304_0000336,quakeml:eu.emsc/event/20230304_0000336,KO.GAZ,5046.0,5100.0,54.0,updated
ev_KO_KOZT_.emsc_event_20230307_0000233,quakeml:eu.emsc/event/20230307_0000233,KO.KOZT,5432.0,5540.0,108.0,updated
ev_KO_GULA_.emsc_event_20230310_0000064,quakeml:eu.emsc/event/20230310_0000064,KO.GULA,4716.0,4650.0,-66.0,updated
ev_KO_DYBB_.emsc_event_20230305_0000007,quakeml:eu.emsc/event/20230305_0000007,KO.DYBB,5441.0,,,no_emsc_pick
ev_KO_TAHT_.emsc_event_20230305_0000272,quakeml:eu.emsc/event/20230305_0000272,KO.TAHT,3727.0,3780.0,53.0,updated
ev_KO_CEYT_.emsc_event_20230302_0000166,quakeml:eu.emsc/event/20230302_0000166,KO.CEYT,5449.0,,,no_emsc_pick
ev_KO_SARI_.emsc_event_20230716_0000083,quakeml:eu.emsc/event/20230716_0000083,KO.SARI,5534.0,5476.0,-58.0,updated
ev_KO_KOZT_.emsc_event_20230307_0000227,quakeml:eu.emsc/event/20230307_0000227,KO.KOZT,4358.0,4410.0,52.0,updated
ev_KO_SVRC_.emsc_event_20230616_0000195,quakeml:eu.emsc/event/20230616_0000195,KO.SVRC,5611.0,5630.0,19.0,updated
ev_KO_SVRC_.emsc_event_20230708_0000018,quakeml:eu.emsc/event/20230708_0000018,KO.SVRC,3856.0,3910.0,54.0,updated
ev_KO_GAZ_.emsc_event_20230305_0000006,quakeml:eu.emsc/event/20230305_0000006,KO.GAZ,5475.0,5520.0,45.0,updated
ev_KO_SARI_.emsc_event_20230422_0000230,quakeml:eu.emsc/event/20230422_0000230,KO.SARI,5142.0,5160.0,18.0,updated
ev_KO_KARA_.emsc_event_20230605_0000058,quakeml:eu.emsc/event/20230605_0000058,KO.KARA,5988.0,,,no_emsc_pick
ev_KO_TAHT_.emsc_event_20230308_0000232,quakeml:eu.emsc/event/20230308_0000232,KO.TAHT,4552.0,4640.0,88.0,updated
ev_KO_GULA_.emsc_event_20230713_0000162,quakeml:eu.emsc/event/20230713_0000162,KO.GULA,5962.0,,,no_emsc_pick
ev_KO_KOZT_.emsc_event_20230306_0000117,quakeml:eu.emsc/event/20230306_0000117,KO.KOZT,5775.0,5950.0,175.0,updated
ev_KO_TAHT_.emsc_event_20230627_0000119,quakeml:eu.emsc/event/20230627_0000119,KO.TAHT,5148.0,5150.0,2.0,updated
ev_KO_SARI_.emsc_event_20230308_0000288,quakeml:eu.emsc/event/20230308_0000288,KO.SARI,4555.0,4560.0,5.0,updated
ev_KO_BNN_.emsc_event_20230308_0000149,quakeml:eu.emsc/event/20230308_0000149,KO.BNN,5196.0,5220.0,24.0,updated
ev_KO_TAHT_.emsc_event_20230306_0000017,quakeml:eu.emsc/event/20230306_0000017,KO.TAHT,5926.0,,,no_emsc_pick
ev_KO_SARI_.emsc_event_20230713_0000131,quakeml:eu.emsc/event/20230713_0000131,KO.SARI,5081.0,,,no_emsc_pick
ev_KO_CEYT_.emsc_event_20230304_0000272,quakeml:eu.emsc/event/20230304_0000272,KO.CEYT,4380.0,4440.0,60.0,updated
ev_KO_URFA_.emsc_event_20230424_0000236,quakeml:eu.emsc/event/20230424_0000236,KO.URFA,5065.0,5020.0,-45.0,updated
ev_KO_URFA_.emsc_event_20230307_0000064,quakeml:eu.emsc/event/20230307_0000064,KO.URFA,4906.0,,,no_emsc_pick
ev_KO_DARE_.emsc_event_20230307_0000300,quakeml:eu.emsc/event/20230307_0000300,KO.DARE,4191.0,4110.0,-81.0,updated
ev_KO_SARI_.emsc_event_20230306_0000052,quakeml:eu.emsc/event/20230306_0000052,KO.SARI,5782.0,5780.0,-2.0,updated
ev_KO_SARI_.emsc_event_20230304_0000107,quakeml:eu.emsc/event/20230304_0000107,KO.SARI,5695.0,,,no_emsc_pick
ev_KO_SARI_.emsc_event_20230306_0000046,quakeml:eu.emsc/event/20230306_0000046,KO.SARI,5442.0,5480.0,38.0,updated
ev_KO_CEYT_.emsc_event_20230308_0000116,quakeml:eu.emsc/event/20230308_0000116,KO.CEYT,5307.0,5290.0,-17.0,updated
ev_KO_URFA_.emsc_event_20230307_0000070,quakeml:eu.emsc/event/20230307_0000070,KO.URFA,5107.0,5190.0,83.0,updated
ev_KO_KMRS_.emsc_event_20230305_0000074,quakeml:eu.emsc/event/20230305_0000074,KO.KMRS,5677.0,5730.0,53.0,updated
ev_KO_SARI_.emsc_event_20230213_0000274,quakeml:eu.emsc/event/20230213_0000274,KO.SARI,5183.0,5180.0,-3.0,updated
ev_KO_DARE_.emsc_event_20230304_0000159,quakeml:eu.emsc/event/20230304_0000159,KO.DARE,4615.0,4760.0,145.0,updated
ev_KO_KMRS_.emsc_event_20230307_0000135,quakeml:eu.emsc/event/20230307_0000135,KO.KMRS,5755.0,5820.0,65.0,updated
ev_KO_CEYT_.emsc_event_20230304_0000266,quakeml:eu.emsc/event/20230304_0000266,KO.CEYT,4774.0,4860.0,86.0,updated
ev_KO_SVRC_.emsc_event_20230711_0000168,quakeml:eu.emsc/event/20230711_0000168,KO.SVRC,5300.0,,,no_emsc_pick
ev_KO_SARI_.emsc_event_20230504_0000051,quakeml:eu.emsc/event/20230504_0000051,KO.SARI,4573.0,4600.0,27.0,updated
ev_KO_SVRC_.emsc_event_20230512_0000110,quakeml:eu.emsc/event/20230512_0000110,KO.SVRC,4504.0,4550.0,46.0,updated
ev_KO_SVRC_.emsc_event_20230307_0000285,quakeml:eu.emsc/event/20230307_0000285,KO.SVRC,4834.0,4770.0,-64.0,updated
ev_KO_GAZ_.emsc_event_20230306_0000288,quakeml:eu.emsc/event/20230306_0000288,KO.GAZ,5051.0,5140.0,89.0,updated
ev_KO_DARE_.emsc_event_20230304_0000171,quakeml:eu.emsc/event/20230304_0000171,KO.DARE,5388.0,5440.0,52.0,updated
ev_KO_TAHT_.emsc_event_20230304_0000181,quakeml:eu.emsc/event/20230304_0000181,KO.TAHT,5971.0,,,no_emsc_pick
ev_KO_URFA_.emsc_event_20230305_0000119,quakeml:eu.emsc/event/20230305_0000119,KO.URFA,4872.0,4860.0,-12.0,updated
ev_KO_URFA_.emsc_event_20230304_0000215,quakeml:eu.emsc/event/20230304_0000215,KO.URFA,3805.0,3830.0,25.0,updated
ev_KO_MERS_.emsc_event_20230304_0000266,quakeml:eu.emsc/event/20230304_0000266,KO.MERS,5653.0,5640.0,-13.0,updated
ev_KO_KMRS_.emsc_event_20230306_0000205,quakeml:eu.emsc/event/20230306_0000205,KO.KMRS,4521.0,4580.0,59.0,updated
ev_KO_MERS_.emsc_event_20230304_0000272,quakeml:eu.emsc/event/20230304_0000272,KO.MERS,5870.0,5950.0,80.0,updated
ev_KO_DARE_.emsc_event_20230308_0000215,quakeml:eu.emsc/event/20230308_0000215,KO.DARE,3678.0,3770.0,92.0,updated
ev_KO_KMRS_.emsc_event_20230307_0000109,quakeml:eu.emsc/event/20230307_0000109,KO.KMRS,4074.0,,,no_emsc_pick
ev_KO_CEYT_.emsc_event_20230612_0000146,quakeml:eu.emsc/event/20230612_0000146,KO.CEYT,4911.0,,,no_emsc_pick
ev_KO_SARI_.emsc_event_20230305_0000237,quakeml:eu.emsc/event/20230305_0000237,KO.SARI,5890.0,,,no_emsc_pick
ev_KO_DARE_.emsc_event_20230304_0000165,quakeml:eu.emsc/event/20230304_0000165,KO.DARE,4504.0,4580.0,76.0,updated
ev_KO_BNN_.emsc_event_20230308_0000015,quakeml:eu.emsc/event/20230308_0000015,KO.BNN,4807.0,4840.0,33.0,updated
ev_KO_BNN_.emsc_event_20230228_0000174,quakeml:eu.emsc/event/20230228_0000174,KO.BNN,5919.0,5970.0,51.0,updated
ev_KO_GAZ_.emsc_event_20230306_0000303,quakeml:eu.emsc/event/20230306_0000303,KO.GAZ,5545.0,5360.0,-185.0,updated
ev_KO_KOZT_.emsc_event_20230305_0000206,quakeml:eu.emsc/event/20230305_0000206,KO.KOZT,5443.0,5440.0,-3.0,updated
ev_KO_KMRS_.emsc_event_20230307_0000096,quakeml:eu.emsc/event/20230307_0000096,KO.KMRS,4786.0,4730.0,-56.0,updated
ev_KO_KOZT_.emsc_event_20230307_0000347,quakeml:eu.emsc/event/20230307_0000347,KO.KOZT,5565.0,5620.0,55.0,updated
ev_KO_TAHT_.emsc_event_20230305_0000306,quakeml:eu.emsc/event/20230305_0000306,KO.TAHT,5732.0,,,no_emsc_pick
ev_KO_GAZ_.emsc_event_20230308_0000132,quakeml:eu.emsc/event/20230308_0000132,KO.GAZ,3985.0,4000.0,15.0,updated
ev_KO_CEYT_.emsc_event_20230430_0000229,quakeml:eu.emsc/event/20230430_0000229,KO.CEYT,4246.0,4070.0,-176.0,updated
ev_KO_KOZT_.emsc_event_20230305_0000212,quakeml:eu.emsc/event/20230305_0000212,KO.KOZT,4318.0,4360.0,42.0,updated
ev_KO_GAZ_.emsc_event_20230306_0000317,quakeml:eu.emsc/event/20230306_0000317,KO.GAZ,5552.0,5630.0,78.0,updated
ev_KO_BNN_.emsc_event_20230307_0000114,quakeml:eu.emsc/event/20230307_0000114,KO.BNN,5412.0,5500.0,88.0,updated
ev_KO_MERS_.emsc_event_20230430_0000229,quakeml:eu.emsc/event/20230430_0000229,KO.MERS,5778.0,5680.0,-98.0,updated
ev_KO_CEYT_.emsc_event_20230428_0000096,quakeml:eu.emsc/event/20230428_0000096,KO.CEYT,4408.0,,,no_emsc_pick
ev_KO_TAHT_.emsc_event_20230304_0000036,quakeml:eu.emsc/event/20230304_0000036,KO.TAHT,3211.0,3030.0,-181.0,updated
ev_KO_TAHT_.emsc_event_20230629_0000248,quakeml:eu.emsc/event/20230629_0000248,KO.TAHT,5611.0,5533.0,-78.0,updated
ev_KO_GAZ_.emsc_event_20230305_0000172,quakeml:eu.emsc/event/20230305_0000172,KO.GAZ,5077.0,5060.0,-17.0,updated
ev_KO_KOZT_.emsc_event_20230306_0000077,quakeml:eu.emsc/event/20230306_0000077,KO.KOZT,4696.0,4680.0,-16.0,updated
ev_KO_SARI_.emsc_event_20230419_0000226,quakeml:eu.emsc/event/20230419_0000226,KO.SARI,3643.0,3690.0,47.0,updated
ev_KO_TAHT_.emsc_event_20230605_0000094,quakeml:eu.emsc/event/20230605_0000094,KO.TAHT,5783.0,,,no_emsc_pick
ev_KO_KOZT_.emsc_event_20230306_0000063,quakeml:eu.emsc/event/20230306_0000063,KO.KOZT,4163.0,4210.0,47.0,updated
ev_KO_SVRC_.emsc_event_20230307_0000326,quakeml:eu.emsc/event/20230307_0000326,KO.SVRC,5674.0,5660.0,-14.0,updated
ev_KO_BNN_.emsc_event_20230305_0000041,quakeml:eu.emsc/event/20230305_0000041,KO.BNN,4806.0,4880.0,74.0,updated
ev_KO_SARI_.emsc_event_20230614_0000053,quakeml:eu.emsc/event/20230614_0000053,KO.SARI,5166.0,,,no_emsc_pick
ev_KO_TAHT_.emsc_event_20230306_0000188,quakeml:eu.emsc/event/20230306_0000188,KO.TAHT,5810.0,5810.0,0.0,updated
ev_KO_GAZ_.emsc_event_20230304_0000281,quakeml:eu.emsc/event/20230304_0000281,KO.GAZ,4604.0,4600.0,-4.0,updated
ev_KO_MERS_.emsc_event_20230305_0000022,quakeml:eu.emsc/event/20230305_0000022,KO.MERS,5636.0,,,no_emsc_pick
ev_KO_CEYT_.emsc_event_20230308_0000076,quakeml:eu.emsc/event/20230308_0000076,KO.CEYT,5085.0,5160.0,75.0,updated
ev_KO_DARE_.emsc_event_20230506_0000006,quakeml:eu.emsc/event/20230506_0000006,KO.DARE,4768.0,4790.0,22.0,updated
ev_KO_TAHT_.emsc_event_20230307_0000284,quakeml:eu.emsc/event/20230307_0000284,KO.TAHT,5781.0,5750.0,-31.0,updated
ev_KO_KOZT_.emsc_event_20230306_0000088,quakeml:eu.emsc/event/20230306_0000088,KO.KOZT,5630.0,5710.0,80.0,updated
ev_KO_SARI_.emsc_event_20230304_0000067,quakeml:eu.emsc/event/20230304_0000067,KO.SARI,5650.0,5610.0,-40.0,updated
ev_KO_SARI_.emsc_event_20230427_0000221,quakeml:eu.emsc/event/20230427_0000221,KO.SARI,5947.0,,,no_emsc_pick
ev_KO_SARI_.emsc_event_20230306_0000132,quakeml:eu.emsc/event/20230306_0000132,KO.SARI,5380.0,,,no_emsc_pick
ev_KO_CEYT_.emsc_event_20230405_0000191,quakeml:eu.emsc/event/20230405_0000191,KO.CEYT,5401.0,,,no_emsc_pick
ev_KO_TAHT_.emsc_event_20230224_0000194,quakeml:eu.emsc/event/20230224_0000194,KO.TAHT,4952.0,5010.0,58.0,updated
ev_KO_BNN_.emsc_event_20230305_0000096,quakeml:eu.emsc/event/20230305_0000096,KO.BNN,4977.0,5100.0,123.0,updated
ev_KO_SARI_.emsc_event_20230307_0000216,quakeml:eu.emsc/event/20230307_0000216,KO.SARI,3577.0,3710.0,133.0,updated
ev_KO_CEYT_.emsc_event_20230307_0000177,quakeml:eu.emsc/event/20230307_0000177,KO.CEYT,5869.0,,,no_emsc_pick
ev_KO_CEYT_.emsc_event_20230305_0000036,quakeml:eu.emsc/event/20230305_0000036,KO.CEYT,4911.0,5010.0,99.0,updated
ev_KO_CEYT_.emsc_event_20230305_0000022,quakeml:eu.emsc/event/20230305_0000022,KO.CEYT,4726.0,,,no_emsc_pick
ev_KO_URFA_.emsc_event_20230306_0000234,quakeml:eu.emsc/event/20230306_0000234,KO.URFA,4942.0,,,no_emsc_pick
ev_KO_SARI_.emsc_event_20230307_0000202,quakeml:eu.emsc/event/20230307_0000202,KO.SARI,4663.0,,,no_emsc_pick
ev_KO_SARI_.emsc_event_20230725_0000198,quakeml:eu.emsc/event/20230725_0000198,KO.SARI,4387.0,4530.0,143.0,updated
ev_KO_URFA_.emsc_event_20230305_0000079,quakeml:eu.emsc/event/20230305_0000079,KO.URFA,4297.0,4350.0,53.0,updated
ev_KO_BNN_.emsc_event_20230306_0000026,quakeml:eu.emsc/event/20230306_0000026,KO.BNN,5427.0,5510.0,83.0,updated
ev_KO_KOZT_.emsc_event_20230304_0000308,quakeml:eu.emsc/event/20230304_0000308,KO.KOZT,4881.0,4900.0,19.0,updated
ev_KO_SVRC_.emsc_event_20230414_0000183,quakeml:eu.emsc/event/20230414_0000183,KO.SVRC,5988.0,,,no_emsc_pick
ev_KO_TAHT_.emsc_event_20230308_0000178,quakeml:eu.emsc/event/20230308_0000178,KO.TAHT,5930.0,,,no_emsc_pick
ev_KO_TAHT_.emsc_event_20230306_0000349,quakeml:eu.emsc/event/20230306_0000349,KO.TAHT,3418.0,,,no_emsc_pick
ev_KO_KMRS_.emsc_event_20230307_0000294,quakeml:eu.emsc/event/20230307_0000294,KO.KMRS,3706.0,3750.0,44.0,updated
ev_KO_URFA_.emsc_event_20230305_0000290,quakeml:eu.emsc/event/20230305_0000290,KO.URFA,5308.0,,,no_emsc_pick
ev_KO_SARI_.emsc_event_20230302_0000165,quakeml:eu.emsc/event/20230302_0000165,KO.SARI,3752.0,,,no_emsc_pick
ev_KO_SARI_.emsc_event_20230207_0000026,quakeml:eu.emsc/event/20230207_0000026,KO.SARI,4030.0,4130.0,100.0,updated
ev_KO_DARE_.emsc_event_20230511_0000179,quakeml:eu.emsc/event/20230511_0000179,KO.DARE,5543.0,5620.0,77.0,updated
ev_KO_KOZT_.emsc_event_20230307_0000151,quakeml:eu.emsc/event/20230307_0000151,KO.KOZT,5488.0,5290.0,-198.0,updated
ev_KO_URFA_.emsc_event_20230305_0000284,quakeml:eu.emsc/event/20230305_0000284,KO.URFA,4451.0,4520.0,69.0,updated
ev_KO_URFA_.emsc_event_20230805_0000170,quakeml:eu.emsc/event/20230805_0000170,KO.URFA,5810.0,5825.0,15.0,updated
ev_KO_TAHT_.emsc_event_20230305_0000110,quakeml:eu.emsc/event/20230305_0000110,KO.TAHT,3656.0,3680.0,24.0,updated
ev_KO_KOZT_.emsc_event_20230304_0000334,quakeml:eu.emsc/event/20230304_0000334,KO.KOZT,5945.0,,,no_emsc_pick
ev_KO_KOZT_.emsc_event_20230305_0000038,quakeml:eu.emsc/event/20230305_0000038,KO.KOZT,5980.0,,,no_emsc_pick
ev_KO_KOZT_.emsc_event_20230308_0000044,quakeml:eu.emsc/event/20230308_0000044,KO.KOZT,4035.0,4120.0,85.0,updated
ev_KO_SVRC_.emsc_event_20230307_0000130,quakeml:eu.emsc/event/20230307_0000130,KO.SVRC,5379.0,5490.0,111.0,updated
ev_KO_BNN_.emsc_event_20230426_0000005,quakeml:eu.emsc/event/20230426_0000005,KO.BNN,4877.0,4970.0,93.0,updated
ev_KO_KOZT_.emsc_event_20230307_0000179,quakeml:eu.emsc/event/20230307_0000179,KO.KOZT,5058.0,5100.0,42.0,updated
ev_KO_GAZ_.emsc_event_20230304_0000068,quakeml:eu.emsc/event/20230304_0000068,KO.GAZ,5365.0,5370.0,5.0,updated
ev_KO_DARE_.emsc_event_20230609_0000116,quakeml:eu.emsc/event/20230609_0000116,KO.DARE,5102.0,5170.0,68.0,updated
ev_KO_DARE_.emsc_event_20230427_0000082,quakeml:eu.emsc/event/20230427_0000082,KO.DARE,4924.0,4880.0,-44.0,updated
ev_KO_TAHT_.emsc_event_20230304_0000220,quakeml:eu.emsc/event/20230304_0000220,KO.TAHT,4811.0,4850.0,39.0,updated
ev_KO_SVRC_.emsc_event_20230307_0000124,quakeml:eu.emsc/event/20230307_0000124,KO.SVRC,5905.0,,,no_emsc_pick
ev_KO_KOZT_.emsc_event_20230304_0000320,quakeml:eu.emsc/event/20230304_0000320,KO.KOZT,4088.0,4180.0,92.0,updated
ev_KO_SARI_.emsc_event_20230413_0000083,quakeml:eu.emsc/event/20230413_0000083,KO.SARI,4751.0,4730.0,-21.0,updated
ev_KO_DARE_.emsc_event_20230523_0000232,quakeml:eu.emsc/event/20230523_0000232,KO.DARE,5163.0,5340.0,177.0,updated
ev_KO_DARE_.emsc_event_20230305_0000137,quakeml:eu.emsc/event/20230305_0000137,KO.DARE,4962.0,5020.0,58.0,updated
ev_KO_DARE_.emsc_event_20230307_0000076,quakeml:eu.emsc/event/20230307_0000076,KO.DARE,4200.0,4290.0,90.0,updated
ev_KO_TAHT_.emsc_event_20230307_0000086,quakeml:eu.emsc/event/20230307_0000086,KO.TAHT,5824.0,5820.0,-4.0,updated
ev_KO_CEYT_.emsc_event_20230308_0000274,quakeml:eu.emsc/event/20230308_0000274,KO.CEYT,4556.0,4650.0,94.0,updated
ev_KO_URFA_.emsc_event_20230307_0000312,quakeml:eu.emsc/event/20230307_0000312,KO.URFA,5973.0,,,no_emsc_pick
ev_KO_DARE_.emsc_event_20230610_0000072,quakeml:eu.emsc/event/20230610_0000072,KO.DARE,4577.0,4560.0,-17.0,updated
ev_KO_CEYT_.emsc_event_20230304_0000110,quakeml:eu.emsc/event/20230304_0000110,KO.CEYT,4684.0,4600.0,-84.0,updated
ev_KO_DARE_.emsc_event_20230312_0000289,quakeml:eu.emsc/event/20230312_0000289,KO.DARE,4154.0,4220.0,66.0,updated
ev_KO_SARI_.emsc_event_20230306_0000330,quakeml:eu.emsc/event/20230306_0000330,KO.SARI,3917.0,,,no_emsc_pick
ev_KO_SARI_.emsc_event_20230624_0000073,quakeml:eu.emsc/event/20230624_0000073,KO.SARI,4311.0,,,no_emsc_pick
ev_KO_SARI_.emsc_event_20230306_0000318,quakeml:eu.emsc/event/20230306_0000318,KO.SARI,5859.0,5940.0,81.0,updated
ev_KO_URFA_.emsc_event_20230304_0000163,quakeml:eu.emsc/event/20230304_0000163,KO.URFA,4428.0,4560.0,132.0,updated
ev_KO_URFA_.emsc_event_20230306_0000022,quakeml:eu.emsc/event/20230306_0000022,KO.URFA,5870.0,5960.0,90.0,updated
ev_KO_URFA_.emsc_event_20230308_0000213,quakeml:eu.emsc/event/20230308_0000213,KO.URFA,4469.0,4500.0,31.0,updated
ev_KO_KOZT_.emsc_event_20230308_0000087,quakeml:eu.emsc/event/20230308_0000087,KO.KOZT,5507.0,5330.0,-177.0,updated
ev_KO_DARE_.emsc_event_20230304_0000207,quakeml:eu.emsc/event/20230304_0000207,KO.DARE,4465.0,4520.0,55.0,updated
ev_KO_SARI_.emsc_event_20230308_0000129,quakeml:eu.emsc/event/20230308_0000129,KO.SARI,5315.0,5430.0,115.0,updated
ev_KO_SVRC_.emsc_event_20230320_0000084,quakeml:eu.emsc/event/20230320_0000084,KO.SVRC,5813.0,5810.0,-3.0,updated
ev_KO_DYBB_.emsc_event_20230614_0000049,quakeml:eu.emsc/event/20230614_0000049,KO.DYBB,5918.0,,,no_emsc_pick
ev_KO_KOZT_.emsc_event_20230308_0000093,quakeml:eu.emsc/event/20230308_0000093,KO.KOZT,4051.0,4210.0,159.0,updated
ev_KO_SARI_.emsc_event_20230305_0000141,quakeml:eu.emsc/event/20230305_0000141,KO.SARI,3607.0,3760.0,153.0,updated
ev_KO_MERS_.emsc_event_20230308_0000274,quakeml:eu.emsc/event/20230308_0000274,KO.MERS,5810.0,5890.0,80.0,updated
ev_KO_CEYT_.emsc_event_20230314_0000249,quakeml:eu.emsc/event/20230314_0000249,KO.CEYT,5000.0,,,no_emsc_pick
ev_KO_SARI_.emsc_event_20230525_0000187,quakeml:eu.emsc/event/20230525_0000187,KO.SARI,4675.0,,,no_emsc_pick
ev_KO_BNN_.emsc_event_20230722_0000095,quakeml:eu.emsc/event/20230722_0000095,KO.BNN,4976.0,4900.0,-76.0,updated
ev_KO_KOZT_.emsc_event_20230308_0000092,quakeml:eu.emsc/event/20230308_0000092,KO.KOZT,4036.0,4070.0,34.0,updated
ev_KO_BNN_.emsc_event_20230305_0000281,quakeml:eu.emsc/event/20230305_0000281,KO.BNN,3914.0,3760.0,-154.0,updated
ev_KO_KMRS_.emsc_event_20230304_0000027,quakeml:eu.emsc/event/20230304_0000027,KO.KMRS,4651.0,4720.0,69.0,updated
ev_KO_SARI_.emsc_event_20230306_0000319,quakeml:eu.emsc/event/20230306_0000319,KO.SARI,4676.0,,,no_emsc_pick
ev_KO_KOZT_.emsc_event_20230308_0000086,quakeml:eu.emsc/event/20230308_0000086,KO.KOZT,4792.0,4840.0,48.0,updated
ev_KO_CEYT_.emsc_event_20230306_0000078,quakeml:eu.emsc/event/20230306_0000078,KO.CEYT,4934.0,4940.0,6.0,updated
ev_KO_BNN_.emsc_event_20230305_0000295,quakeml:eu.emsc/event/20230305_0000295,KO.BNN,4837.0,4850.0,13.0,updated
ev_KO_SARI_.emsc_event_20230307_0000015,quakeml:eu.emsc/event/20230307_0000015,KO.SARI,4654.0,,,no_emsc_pick
ev_KO_CEYT_.emsc_event_20230306_0000050,quakeml:eu.emsc/event/20230306_0000050,KO.CEYT,5166.0,5220.0,54.0,updated
ev_KO_URFA_.emsc_event_20230707_0000064,quakeml:eu.emsc/event/20230707_0000064,KO.URFA,5746.0,5910.0,164.0,updated
ev_KO_GAZ_.emsc_event_20230304_0000096,quakeml:eu.emsc/event/20230304_0000096,KO.GAZ,5050.0,5060.0,10.0,updated
ev_KO_CEYT_.emsc_event_20230304_0000111,quakeml:eu.emsc/event/20230304_0000111,KO.CEYT,5093.0,5140.0,47.0,updated
ev_KO_SARI_.emsc_event_20230304_0000270,quakeml:eu.emsc/event/20230304_0000270,KO.SARI,5161.0,5190.0,29.0,updated
ev_KO_URFA_.emsc_event_20230315_0000123,quakeml:eu.emsc/event/20230315_0000123,KO.URFA,4879.0,4940.0,61.0,updated
ev_KO_TAHT_.emsc_event_20230307_0000093,quakeml:eu.emsc/event/20230307_0000093,KO.TAHT,5910.0,5950.0,40.0,updated
ev_KO_CEYT_.emsc_event_20230308_0000275,quakeml:eu.emsc/event/20230308_0000275,KO.CEYT,5431.0,5450.0,19.0,updated
ev_KO_CEYT_.emsc_event_20230412_0000004,quakeml:eu.emsc/event/20230412_0000004,KO.CEYT,4728.0,4670.0,-58.0,updated
ev_KO_DARE_.emsc_event_20230307_0000077,quakeml:eu.emsc/event/20230307_0000077,KO.DARE,4609.0,4650.0,41.0,updated
ev_KO_TAHT_.emsc_event_20230307_0000087,quakeml:eu.emsc/event/20230307_0000087,KO.TAHT,5313.0,5330.0,17.0,updated
ev_KO_DARE_.emsc_event_20230305_0000136,quakeml:eu.emsc/event/20230305_0000136,KO.DARE,5197.0,5260.0,63.0,updated
ev_KO_SARI_.emsc_event_20230307_0000029,quakeml:eu.emsc/event/20230307_0000029,KO.SARI,4765.0,4800.0,35.0,updated
ev_KO_TAHT_.emsc_event_20230304_0000221,quakeml:eu.emsc/event/20230304_0000221,KO.TAHT,5721.0,5800.0,79.0,updated
ev_KO_KOZT_.emsc_event_20230308_0000051,quakeml:eu.emsc/event/20230308_0000051,KO.KOZT,4581.0,4610.0,29.0,updated
ev_KO_GAZ_.emsc_event_20230307_0000224,quakeml:eu.emsc/event/20230307_0000224,KO.GAZ,5123.0,,,no_emsc_pick
ev_KO_SVRC_.emsc_event_20230309_0000314,quakeml:eu.emsc/event/20230309_0000314,KO.SVRC,5758.0,5830.0,72.0,updated
ev_KO_DARE_.emsc_event_20230307_0000088,quakeml:eu.emsc/event/20230307_0000088,KO.DARE,5353.0,5400.0,47.0,updated
ev_KO_KOZT_.emsc_event_20230306_0000274,quakeml:eu.emsc/event/20230306_0000274,KO.KOZT,3989.0,4020.0,31.0,updated
ev_KO_CEYT_.emsc_event_20230216_0000307,quakeml:eu.emsc/event/20230216_0000307,KO.CEYT,5337.0,,,no_emsc_pick
ev_KO_SARI_.emsc_event_20230420_0000006,quakeml:eu.emsc/event/20230420_0000006,KO.SARI,5153.0,5210.0,57.0,updated
ev_KO_TAHT_.emsc_event_20230312_0000293,quakeml:eu.emsc/event/20230312_0000293,KO.TAHT,5786.0,,,no_emsc_pick
ev_KO_URFA_.emsc_event_20230302_0000262,quakeml:eu.emsc/event/20230302_0000262,KO.URFA,4452.0,4440.0,-12.0,updated
ev_KO_KOZT_.emsc_event_20230308_0000045,quakeml:eu.emsc/event/20230308_0000045,KO.KOZT,4775.0,4880.0,105.0,updated
ev_KO_GAZ_.emsc_event_20230304_0000055,quakeml:eu.emsc/event/20230304_0000055,KO.GAZ,5114.0,5080.0,-34.0,updated
ev_KO_DARE_.emsc_event_20230511_0000178,quakeml:eu.emsc/event/20230511_0000178,KO.DARE,4927.0,4970.0,43.0,updated
ev_KO_KOZT_.emsc_event_20230305_0000011,quakeml:eu.emsc/event/20230305_0000011,KO.KOZT,4474.0,4390.0,-84.0,updated
ev_KO_GAZ_.emsc_event_20230307_0000218,quakeml:eu.emsc/event/20230307_0000218,KO.GAZ,5216.0,5250.0,34.0,updated
ev_KO_TAHT_.emsc_event_20230308_0000179,quakeml:eu.emsc/event/20230308_0000179,KO.TAHT,5235.0,,,no_emsc_pick
ev_KO_KOZT_.emsc_event_20230304_0000309,quakeml:eu.emsc/event/20230304_0000309,KO.KOZT,4403.0,4470.0,67.0,updated
ev_KO_KOZT_.emsc_event_20230306_0000248,quakeml:eu.emsc/event/20230306_0000248,KO.KOZT,4616.0,4650.0,34.0,updated
ev_KO_SARI_.emsc_event_20230215_0000217,quakeml:eu.emsc/event/20230215_0000217,KO.SARI,4872.0,4790.0,-82.0,updated
ev_KO_BNN_.emsc_event_20230308_0000216,quakeml:eu.emsc/event/20230308_0000216,KO.BNN,5306.0,5300.0,-6.0,updated
ev_KO_URFA_.emsc_event_20230306_0000235,quakeml:eu.emsc/event/20230306_0000235,KO.URFA,5426.0,5250.0,-176.0,updated
ev_KO_CEYT_.emsc_event_20230307_0000162,quakeml:eu.emsc/event/20230307_0000162,KO.CEYT,5984.0,,,no_emsc_pick
ev_KO_CEYT_.emsc_event_20230521_0000267,quakeml:eu.emsc/event/20230521_0000267,KO.CEYT,4316.0,4340.0,24.0,updated
ev_KO_DARE_.emsc_event_20230722_0000108,quakeml:eu.emsc/event/20230722_0000108,KO.DARE,3785.0,,,no_emsc_pick
ev_KO_SVRC_.emsc_event_20230219_0000269,quakeml:eu.emsc/event/20230219_0000269,KO.SVRC,4435.0,4630.0,195.0,updated
ev_KO_SARI_.emsc_event_20230307_0000203,quakeml:eu.emsc/event/20230307_0000203,KO.SARI,4076.0,4140.0,64.0,updated
ev_KO_DARE_.emsc_event_20230306_0000151,quakeml:eu.emsc/event/20230306_0000151,KO.DARE,4659.0,4680.0,21.0,updated
ev_KO_KMRS_.emsc_event_20230307_0000068,quakeml:eu.emsc/event/20230307_0000068,KO.KMRS,4531.0,4580.0,49.0,updated
ev_KO_BNN_.emsc_event_20230222_0000139,quakeml:eu.emsc/event/20230222_0000139,KO.BNN,5441.0,5520.0,79.0,updated
ev_KO_GULA_.emsc_event_20230508_0000207,quakeml:eu.emsc/event/20230508_0000207,KO.GULA,5608.0,5660.0,52.0,updated
ev_KO_KMRS_.emsc_event_20230305_0000129,quakeml:eu.emsc/event/20230305_0000129,KO.KMRS,5337.0,5320.0,-17.0,updated
ev_KO_SARI_.emsc_event_20230705_0000035,quakeml:eu.emsc/event/20230705_0000035,KO.SARI,4709.0,4770.0,61.0,updated
ev_KO_SARI_.emsc_event_20230629_0000224,quakeml:eu.emsc/event/20230629_0000224,KO.SARI,5045.0,5180.0,135.0,updated
ev_KO_DARE_.emsc_event_20230613_0000014,quakeml:eu.emsc/event/20230613_0000014,KO.DARE,4011.0,4040.0,29.0,updated
ev_KO_SARI_.emsc_event_20230304_0000072,quakeml:eu.emsc/event/20230304_0000072,KO.SARI,5385.0,5480.0,95.0,updated
ev_KO_YESY_.emsc_event_20230803_0000033,quakeml:eu.emsc/event/20230803_0000033,KO.YESY,5688.0,5800.0,112.0,updated
ev_KO_CEYT_.emsc_event_20230601_0000127,quakeml:eu.emsc/event/20230601_0000127,KO.CEYT,4807.0,4850.0,43.0,updated
ev_KO_CEYT_.emsc_event_20230306_0000246,quakeml:eu.emsc/event/20230306_0000246,KO.CEYT,5291.0,5380.0,89.0,updated
ev_KO_MERS_.emsc_event_20230521_0000267,quakeml:eu.emsc/event/20230521_0000267,KO.MERS,5714.0,,,no_emsc_pick
ev_KO_URFA_.emsc_event_20230305_0000050,quakeml:eu.emsc/event/20230305_0000050,KO.URFA,5029.0,5110.0,81.0,updated
ev_KO_URFA_.emsc_event_20230803_0000067,quakeml:eu.emsc/event/20230803_0000067,KO.URFA,4608.0,4629.0,21.0,updated
ev_KO_KMRS_.emsc_event_20230304_0000219,quakeml:eu.emsc/event/20230304_0000219,KO.KMRS,3863.0,,,no_emsc_pick
ev_KO_SARI_.emsc_event_20230306_0000127,quakeml:eu.emsc/event/20230306_0000127,KO.SARI,5675.0,5750.0,75.0,updated
ev_KO_CEYT_.emsc_event_20230308_0000077,quakeml:eu.emsc/event/20230308_0000077,KO.CEYT,5278.0,,,no_emsc_pick
ev_KO_SARI_.emsc_event_20230329_0000149,quakeml:eu.emsc/event/20230329_0000149,KO.SARI,4413.0,4380.0,-33.0,updated
ev_KO_BNN_.emsc_event_20230210_0000272,quakeml:eu.emsc/event/20230210_0000272,KO.BNN,5665.0,,,no_emsc_pick
ev_KO_SARI_.emsc_event_20230301_0000103,quakeml:eu.emsc/event/20230301_0000103,KO.SARI,4897.0,,,no_emsc_pick
ev_KO_MERS_.emsc_event_20230306_0000285,quakeml:eu.emsc/event/20230306_0000285,KO.MERS,5421.0,5520.0,99.0,updated
ev_KO_GAZ_.emsc_event_20230307_0000026,quakeml:eu.emsc/event/20230307_0000026,KO.GAZ,4443.0,4490.0,47.0,updated
ev_KO_SARI_.emsc_event_20230614_0000052,quakeml:eu.emsc/event/20230614_0000052,KO.SARI,3834.0,,,no_emsc_pick
ev_KO_SVRC_.emsc_event_20230305_0000266,quakeml:eu.emsc/event/20230305_0000266,KO.SVRC,4942.0,5030.0,88.0,updated
ev_KO_TAHT_.emsc_event_20230304_0000023,quakeml:eu.emsc/event/20230304_0000023,KO.TAHT,5159.0,5160.0,1.0,updated
ev_KO_SVRC_.emsc_event_20230627_0000125,quakeml:eu.emsc/event/20230627_0000125,KO.SVRC,3189.0,3148.0,-41.0,updated
ev_KO_SVRC_.emsc_event_20230307_0000327,quakeml:eu.emsc/event/20230307_0000327,KO.SVRC,4969.0,5060.0,91.0,updated
ev_KO_DARE_.emsc_event_20230306_0000186,quakeml:eu.emsc/event/20230306_0000186,KO.DARE,5241.0,5240.0,-1.0,updated
ev_KO_BNN_.emsc_event_20230307_0000115,quakeml:eu.emsc/event/20230307_0000115,KO.BNN,5530.0,,,no_emsc_pick
ev_KO_MERS_.emsc_event_20230615_0000003,quakeml:eu.emsc/event/20230615_0000003,KO.MERS,5591.0,5660.0,69.0,updated
ev_KO_MERS_.emsc_event_20230306_0000291,quakeml:eu.emsc/event/20230306_0000291,KO.MERS,5769.0,,,no_emsc_pick
ev_KO_GAZ_.emsc_event_20230307_0000032,quakeml:eu.emsc/event/20230307_0000032,KO.GAZ,5747.0,5850.0,103.0,updated
ev_KO_KOZT_.emsc_event_20230304_0000137,quakeml:eu.emsc/event/20230304_0000137,KO.KOZT,5046.0,5040.0,-6.0,updated
ev_KO_BNN_.emsc_event_20230306_0000219,quakeml:eu.emsc/event/20230306_0000219,KO.BNN,5118.0,5210.0,92.0,updated
ev_KO_KOZT_.emsc_event_20230306_0000076,quakeml:eu.emsc/event/20230306_0000076,KO.KOZT,4470.0,4460.0,-10.0,updated
ev_KO_URFA_.emsc_event_20230709_0000094,quakeml:eu.emsc/event/20230709_0000094,KO.URFA,4547.0,,,no_emsc_pick
ev_KO_SVRC_.emsc_event_20230304_0000156,quakeml:eu.emsc/event/20230304_0000156,KO.SVRC,3250.0,3270.0,20.0,updated
ev_KO_DARE_.emsc_event_20230614_0000030,quakeml:eu.emsc/event/20230614_0000030,KO.DARE,4806.0,4690.0,-116.0,updated
ev_KO_GAZ_.emsc_event_20230306_0000316,quakeml:eu.emsc/event/20230306_0000316,KO.GAZ,4962.0,5040.0,78.0,updated
ev_KO_CEYT_.emsc_event_20230615_0000003,quakeml:eu.emsc/event/20230615_0000003,KO.CEYT,4499.0,4570.0,71.0,updated
ev_KO_CEYT_.emsc_event_20230306_0000291,quakeml:eu.emsc/event/20230306_0000291,KO.CEYT,4343.0,4390.0,47.0,updated
ev_KO_TAHT_.emsc_event_20230508_0000211,quakeml:eu.emsc/event/20230508_0000211,KO.TAHT,5724.0,5740.0,16.0,updated
ev_KO_GAZ_.emsc_event_20230304_0000257,quakeml:eu.emsc/event/20230304_0000257,KO.GAZ,5068.0,5150.0,82.0,updated
ev_KO_BNN_.emsc_event_20230716_0000237,quakeml:eu.emsc/event/20230716_0000237,KO.BNN,5789.0,5880.0,91.0,updated
ev_KO_KMRS_.emsc_event_20230307_0000083,quakeml:eu.emsc/event/20230307_0000083,KO.KMRS,3276.0,3330.0,54.0,updated
ev_KO_KOZT_.emsc_event_20230307_0000346,quakeml:eu.emsc/event/20230307_0000346,KO.KOZT,5196.0,5290.0,94.0,updated
ev_KO_BNN_.emsc_event_20230307_0000129,quakeml:eu.emsc/event/20230307_0000129,KO.BNN,3860.0,3810.0,-50.0,updated
ev_KO_GAZ_.emsc_event_20230306_0000302,quakeml:eu.emsc/event/20230306_0000302,KO.GAZ,3581.0,3650.0,69.0,updated
ev_KO_CEYT_.emsc_event_20230306_0000285,quakeml:eu.emsc/event/20230306_0000285,KO.CEYT,4812.0,4870.0,58.0,updated
ev_KO_SVRC_.emsc_event_20230304_0000142,quakeml:eu.emsc/event/20230304_0000142,KO.SVRC,5979.0,,,no_emsc_pick
ev_KO_BNN_.emsc_event_20230621_0000177,quakeml:eu.emsc/event/20230621_0000177,KO.BNN,4428.0,4380.0,-48.0,updated
ev_KO_DARE_.emsc_event_20230304_0000164,quakeml:eu.emsc/event/20230304_0000164,KO.DARE,4892.0,4950.0,58.0,updated
ev_KO_DARE_.emsc_event_20230306_0000025,quakeml:eu.emsc/event/20230306_0000025,KO.DARE,5772.0,5840.0,68.0,updated
ev_KO_KMRS_.emsc_event_20230307_0000108,quakeml:eu.emsc/event/20230307_0000108,KO.KMRS,4801.0,4860.0,59.0,updated
ev_KO_TAHT_.emsc_event_20230312_0000126,quakeml:eu.emsc/event/20230312_0000126,KO.TAHT,4613.0,4680.0,67.0,updated
ev_KO_URFA_.emsc_event_20230305_0000118,quakeml:eu.emsc/event/20230305_0000118,KO.URFA,4368.0,4430.0,62.0,updated
ev_KO_TAHT_.emsc_event_20230304_0000180,quakeml:eu.emsc/event/20230304_0000180,KO.TAHT,5906.0,,,no_emsc_pick
ev_KO_KMRS_.emsc_event_20230306_0000210,quakeml:eu.emsc/event/20230306_0000210,KO.KMRS,4194.0,,,no_emsc_pick
ev_KO_DARE_.emsc_event_20230308_0000200,quakeml:eu.emsc/event/20230308_0000200,KO.DARE,4073.0,4180.0,107.0,updated
ev_KO_DARE_.emsc_event_20230306_0000019,quakeml:eu.emsc/event/20230306_0000019,KO.DARE,3425.0,3510.0,85.0,updated
ev_KO_BNN_.emsc_event_20230219_0000107,quakeml:eu.emsc/event/20230219_0000107,KO.BNN,5303.0,5280.0,-23.0,updated
ev_KO_KMRS_.emsc_event_20230307_0000134,quakeml:eu.emsc/event/20230307_0000134,KO.KMRS,4684.0,4810.0,126.0,updated
ev_KO_DARE_.emsc_event_20230304_0000158,quakeml:eu.emsc/event/20230304_0000158,KO.DARE,4925.0,5030.0,105.0,updated
ev_KO_KMRS_.emsc_event_20230305_0000075,quakeml:eu.emsc/event/20230305_0000075,KO.KMRS,4524.0,4560.0,36.0,updated
ev_KO_SARI_.emsc_event_20230421_0000083,quakeml:eu.emsc/event/20230421_0000083,KO.SARI,5057.0,5160.0,103.0,updated
ev_KO_DARE_.emsc_event_20230210_0000072,quakeml:eu.emsc/event/20230210_0000072,KO.DARE,4772.0,,,no_emsc_pick
ev_KO_CEYT_.emsc_event_20230304_0000273,quakeml:eu.emsc/event/20230304_0000273,KO.CEYT,4995.0,,,no_emsc_pick
ev_KO_SARI_.emsc_event_20230304_0000112,quakeml:eu.emsc/event/20230304_0000112,KO.SARI,5136.0,5220.0,84.0,updated
ev_KO_URFA_.emsc_event_20230610_0000075,quakeml:eu.emsc/event/20230610_0000075,KO.URFA,5674.0,5690.0,16.0,updated
ev_KO_BNN_.emsc_event_20230520_0000097,quakeml:eu.emsc/event/20230520_0000097,KO.BNN,4842.0,,,no_emsc_pick
ev_KO_SARI_.emsc_event_20230306_0000053,quakeml:eu.emsc/event/20230306_0000053,KO.SARI,4509.0,,,no_emsc_pick
ev_KO_DARE_.emsc_event_20230707_0000062,quakeml:eu.emsc/event/20230707_0000062,KO.DARE,5194.0,5176.0,-18.0,updated
ev_KO_GAZ_.emsc_event_20230308_0000084,quakeml:eu.emsc/event/20230308_0000084,KO.GAZ,5251.0,,,no_emsc_pick
ev_KO_DARE_.emsc_event_20230702_0000107,quakeml:eu.emsc/event/20230702_0000107,KO.DARE,3352.0,3390.0,38.0,updated
ev_KO_KOZT_.emsc_event_20230304_0000057,quakeml:eu.emsc/event/20230304_0000057,KO.KOZT,4569.0,4570.0,1.0,updated
ev_KO_BNN_.emsc_event_20230305_0000134,quakeml:eu.emsc/event/20230305_0000134,KO.BNN,5173.0,5160.0,-13.0,updated
ev_KO_SVRC_.emsc_event_20230307_0000253,quakeml:eu.emsc/event/20230307_0000253,KO.SVRC,4655.0,4730.0,75.0,updated
ev_KO_BNN_.emsc_event_20230308_0000148,quakeml:eu.emsc/event/20230308_0000148,KO.BNN,5477.0,,,no_emsc_pick
ev_KO_SVRC_.emsc_event_20230307_0000247,quakeml:eu.emsc/event/20230307_0000247,KO.SVRC,5090.0,5080.0,-10.0,updated
ev_KO_URFA_.emsc_event_20230325_0000063,quakeml:eu.emsc/event/20230325_0000063,KO.URFA,5608.0,,,no_emsc_pick
ev_KO_BNN_.emsc_event_20230523_0000225,quakeml:eu.emsc/event/20230523_0000225,KO.BNN,5252.0,5160.0,-92.0,updated
ev_KO_DARE_.emsc_event_20230312_0000115,quakeml:eu.emsc/event/20230312_0000115,KO.DARE,4337.0,4470.0,133.0,updated
ev_KO_TAHT_.emsc_event_20230306_0000002,quakeml:eu.emsc/event/20230306_0000002,KO.TAHT,5845.0,5820.0,-25.0,updated
ev_KO_CEYT_.emsc_event_20230527_0000007,quakeml:eu.emsc/event/20230527_0000007,KO.CEYT,3519.0,3490.0,-29.0,updated
ev_KO_KOZT_.emsc_event_20230304_0000043,quakeml:eu.emsc/event/20230304_0000043,KO.KOZT,4125.0,4160.0,35.0,updated
ev_KO_GAZ_.emsc_event_20230307_0000146,quakeml:eu.emsc/event/20230307_0000146,KO.GAZ,4889.0,5060.0,171.0,updated
ev_KO_GAZ_.emsc_event_20230305_0000007,quakeml:eu.emsc/event/20230305_0000007,KO.GAZ,5726.0,5790.0,64.0,updated
ev_KO_DARE_.emsc_event_20230702_0000113,quakeml:eu.emsc/event/20230702_0000113,KO.DARE,4800.0,4880.0,80.0,updated
ev_KO_SVRC_.emsc_event_20230306_0000163,quakeml:eu.emsc/event/20230306_0000163,KO.SVRC,4591.0,,,no_emsc_pick
ev_KO_SARI_.emsc_event_20230306_0000084,quakeml:eu.emsc/event/20230306_0000084,KO.SARI,4600.0,4660.0,60.0,updated
ev_KO_TAHT_.emsc_event_20230426_0000035,quakeml:eu.emsc/event/20230426_0000035,KO.TAHT,3643.0,3640.0,-3.0,updated
ev_KO_DYBB_.emsc_event_20230803_0000025,quakeml:eu.emsc/event/20230803_0000025,KO.DYBB,5290.0,5112.0,-178.0,updated
ev_KO_BNN_.emsc_event_20230331_0000143,quakeml:eu.emsc/event/20230331_0000143,KO.BNN,5224.0,5250.0,26.0,updated
ev_KO_GAZ_.emsc_event_20230306_0000276,quakeml:eu.emsc/event/20230306_0000276,KO.GAZ,5003.0,5000.0,-3.0,updated
ev_KO_URFA_.emsc_event_20230623_0000026,quakeml:eu.emsc/event/20230623_0000026,KO.URFA,4620.0,4700.0,80.0,updated
ev_KO_SVRC_.emsc_event_20230306_0000177,quakeml:eu.emsc/event/20230306_0000177,KO.SVRC,5911.0,5950.0,39.0,updated
ev_KO_BNN_.emsc_event_20230617_0000082,quakeml:eu.emsc/event/20230617_0000082,KO.BNN,5933.0,,,no_emsc_pick
ev_KO_SARI_.emsc_event_20230521_0000270,quakeml:eu.emsc/event/20230521_0000270,KO.SARI,4012.0,,,no_emsc_pick
ev_KO_KMRS_.emsc_event_20230308_0000237,quakeml:eu.emsc/event/20230308_0000237,KO.KMRS,3470.0,3420.0,-50.0,updated
ev_KO_CEYT_.emsc_event_20230306_0000118,quakeml:eu.emsc/event/20230306_0000118,KO.CEYT,5093.0,,,no_emsc_pick
ev_KO_SARI_.emsc_event_20230305_0000034,quakeml:eu.emsc/event/20230305_0000034,KO.SARI,3919.0,3980.0,61.0,updated
ev_KO_KMRS_.emsc_event_20230306_0000006,quakeml:eu.emsc/event/20230306_0000006,KO.KMRS,4266.0,4330.0,64.0,updated
ev_KO_KOZT_.emsc_event_20230304_0000296,quakeml:eu.emsc/event/20230304_0000296,KO.KOZT,4872.0,,,no_emsc_pick
ev_KO_KMRS_.emsc_event_20230304_0000147,quakeml:eu.emsc/event/20230304_0000147,KO.KMRS,4561.0,4540.0,-21.0,updated
ev_KO_DARE_.emsc_event_20230628_0000200,quakeml:eu.emsc/event/20230628_0000200,KO.DARE,3477.0,3510.0,33.0,updated
ev_KO_DARE_.emsc_event_20230803_0000049,quakeml:eu.emsc/event/20230803_0000049,KO.DARE,5449.0,5440.0,-9.0,updated
ev_KO_URFA_.emsc_event_20230506_0000029,quakeml:eu.emsc/event/20230506_0000029,KO.URFA,4930.0,4910.0,-20.0,updated
ev_KO_URFA_.emsc_event_20230613_0000006,quakeml:eu.emsc/event/20230613_0000006,KO.URFA,5368.0,5410.0,42.0,updated
ev_KO_SARI_.emsc_event_20230307_0000161,quakeml:eu.emsc/event/20230307_0000161,KO.SARI,4253.0,4230.0,-23.0,updated
ev_KO_SARI_.emsc_event_20230308_0000074,quakeml:eu.emsc/event/20230308_0000074,KO.SARI,4362.0,,,no_emsc_pick
ev_KO_SARI_.emsc_event_20230305_0000008,quakeml:eu.emsc/event/20230305_0000008,KO.SARI,3642.0,3680.0,38.0,updated
ev_KO_KMRS_.emsc_event_20230307_0000336,quakeml:eu.emsc/event/20230307_0000336,KO.KMRS,4186.0,4220.0,34.0,updated
ev_KO_SARI_.emsc_event_20230307_0000149,quakeml:eu.emsc/event/20230307_0000149,KO.SARI,4739.0,,,no_emsc_pick
ev_KO_SVRC_.emsc_event_20230603_0000196,quakeml:eu.emsc/event/20230603_0000196,KO.SVRC,5622.0,5630.0,8.0,updated
ev_KO_BNN_.emsc_event_20230306_0000184,quakeml:eu.emsc/event/20230306_0000184,KO.BNN,4900.0,4900.0,0.0,updated
ev_KO_SARI_.emsc_event_20230306_0000251,quakeml:eu.emsc/event/20230306_0000251,KO.SARI,5235.0,,,no_emsc_pick
ev_KO_SARI_.emsc_event_20230304_0000310,quakeml:eu.emsc/event/20230304_0000310,KO.SARI,5914.0,,,no_emsc_pick
ev_KO_DYBB_.emsc_event_20230422_0000217,quakeml:eu.emsc/event/20230422_0000217,KO.DYBB,4733.0,,,no_emsc_pick
ev_KO_URFA_.emsc_event_20230222_0000263,quakeml:eu.emsc/event/20230222_0000263,KO.URFA,4485.0,4590.0,105.0,updated
ev_KO_SVRC_.emsc_event_20230307_0000051,quakeml:eu.emsc/event/20230307_0000051,KO.SVRC,3890.0,3990.0,100.0,updated
ev_KO_SARI_.emsc_event_20230328_0000133,quakeml:eu.emsc/event/20230328_0000133,KO.SARI,5716.0,5810.0,94.0,updated
ev_KO_BNN_.emsc_event_20230506_0000005,quakeml:eu.emsc/event/20230506_0000005,KO.BNN,5807.0,5830.0,23.0,updated
ev_KO_BNN_.emsc_event_20230307_0000277,quakeml:eu.emsc/event/20230307_0000277,KO.BNN,3894.0,3870.0,-24.0,updated
ev_KO_DARE_.emsc_event_20230312_0000303,quakeml:eu.emsc/event/20230312_0000303,KO.DARE,4076.0,4070.0,-6.0,updated
ev_KO_BNN_.emsc_event_20230315_0000053,quakeml:eu.emsc/event/20230315_0000053,KO.BNN,5014.0,5060.0,46.0,updated
ev_KO_KOZT_.emsc_event_20230304_0000255,quakeml:eu.emsc/event/20230304_0000255,KO.KOZT,5451.0,5470.0,19.0,updated
ev_KO_GAZ_.emsc_event_20230305_0000211,quakeml:eu.emsc/event/20230305_0000211,KO.GAZ,4409.0,4480.0,71.0,updated
ev_KO_TAHT_.emsc_event_20230307_0000118,quakeml:eu.emsc/event/20230307_0000118,KO.TAHT,5332.0,5220.0,-112.0,updated
ev_KO_GAZ_.emsc_event_20230305_0000205,quakeml:eu.emsc/event/20230305_0000205,KO.GAZ,4620.0,4670.0,50.0,updated
ev_KO_SVRC_.emsc_event_20230621_0000184,quakeml:eu.emsc/event/20230621_0000184,KO.SVRC,5772.0,5780.0,8.0,updated
ev_KO_KOZT_.emsc_event_20230308_0000131,quakeml:eu.emsc/event/20230308_0000131,KO.KOZT,4786.0,4710.0,-76.0,updated
ev_KO_SVRC_.emsc_event_20230307_0000045,quakeml:eu.emsc/event/20230307_0000045,KO.SVRC,5931.0,5940.0,9.0,updated
ev_KO_SARI_.emsc_event_20230725_0000210,quakeml:eu.emsc/event/20230725_0000210,KO.SARI,5417.0,5450.0,33.0,updated
ev_KO_GAZ_.emsc_event_20230304_0000121,quakeml:eu.emsc/event/20230304_0000121,KO.GAZ,4579.0,4560.0,-19.0,updated
ev_KO_GAZ_.emsc_event_20230306_0000060,quakeml:eu.emsc/event/20230306_0000060,KO.GAZ,5340.0,,,no_emsc_pick
ev_KO_KOZT_.emsc_event_20230306_0000328,quakeml:eu.emsc/event/20230306_0000328,KO.KOZT,5412.0,5370.0,-42.0,updated
ev_KO_GAZ_.emsc_event_20230308_0000251,quakeml:eu.emsc/event/20230308_0000251,KO.GAZ,4956.0,5000.0,44.0,updated
ev_KO_DARE_.emsc_event_20230421_0000208,quakeml:eu.emsc/event/20230421_0000208,KO.DARE,4160.0,4270.0,110.0,updated
ev_KO_SARI_.emsc_event_20230527_0000158,quakeml:eu.emsc/event/20230527_0000158,KO.SARI,3898.0,,,no_emsc_pick
ev_KO_GAZ_.emsc_event_20230305_0000239,quakeml:eu.emsc/event/20230305_0000239,KO.GAZ,4659.0,4730.0,71.0,updated
ev_KO_MERS_.emsc_event_20230221_0000075,quakeml:eu.emsc/event/20230221_0000075,KO.MERS,5804.0,,,no_emsc_pick
ev_KO_SVRC_.emsc_event_20230307_0000079,quakeml:eu.emsc/event/20230307_0000079,KO.SVRC,5589.0,5670.0,81.0,updated
ev_KO_TAHT_.emsc_event_20230601_0000150,quakeml:eu.emsc/event/20230601_0000150,KO.TAHT,4713.0,4770.0,57.0,updated
ev_KO_BNN_.emsc_event_20230307_0000246,quakeml:eu.emsc/event/20230307_0000246,KO.BNN,3830.0,3790.0,-40.0,updated
ev_KO_KOZT_.emsc_event_20230307_0000029,quakeml:eu.emsc/event/20230307_0000029,KO.KOZT,5638.0,5680.0,42.0,updated
ev_KO_TAHT_.emsc_event_20230306_0000225,quakeml:eu.emsc/event/20230306_0000225,KO.TAHT,3651.0,3710.0,59.0,updated
ev_KO_BNN_.emsc_event_20230508_0000211,quakeml:eu.emsc/event/20230508_0000211,KO.BNN,5967.0,,,no_emsc_pick
ev_KO_GAZ_.emsc_event_20230308_0000248,quakeml:eu.emsc/event/20230308_0000248,KO.GAZ,5457.0,5420.0,-37.0,updated
ev_KO_SVRC_.emsc_event_20230307_0000074,quakeml:eu.emsc/event/20230307_0000074,KO.SVRC,3502.0,3420.0,-82.0,updated
ev_KO_DYBB_.emsc_event_20230731_0000135,quakeml:eu.emsc/event/20230731_0000135,KO.DYBB,5520.0,5482.0,-38.0,updated
ev_KO_DARE_.emsc_event_20230528_0000036,quakeml:eu.emsc/event/20230528_0000036,KO.DARE,3778.0,,,no_emsc_pick
ev_KO_DYBB_.emsc_event_20230213_0000276,quakeml:eu.emsc/event/20230213_0000276,KO.DYBB,5458.0,,,no_emsc_pick
ev_KO_DARE_.emsc_event_20230301_0000226,quakeml:eu.emsc/event/20230301_0000226,KO.DARE,4208.0,,,no_emsc_pick
ev_KO_CEYT_.emsc_event_20230419_0000229,quakeml:eu.emsc/event/20230419_0000229,KO.CEYT,4820.0,4900.0,80.0,updated
ev_KO_SARI_.emsc_event_20230308_0000086,quakeml:eu.emsc/event/20230308_0000086,KO.SARI,5089.0,5150.0,61.0,updated
ev_KO_SARI_.emsc_event_20230503_0000247,quakeml:eu.emsc/event/20230503_0000247,KO.SARI,3972.0,4100.0,128.0,updated
ev_KO_GAZ_.emsc_event_20230304_0000110,quakeml:eu.emsc/event/20230304_0000110,KO.GAZ,4296.0,4220.0,-76.0,updated
ev_KO_TAHT_.emsc_event_20230307_0000115,quakeml:eu.emsc/event/20230307_0000115,KO.TAHT,5958.0,,,no_emsc_pick
ev_KO_GAZ_.emsc_event_20230308_0000274,quakeml:eu.emsc/event/20230308_0000274,KO.GAZ,5170.0,5230.0,60.0,updated
ev_KO_BNN_.emsc_event_20230306_0000162,quakeml:eu.emsc/event/20230306_0000162,KO.BNN,3860.0,3820.0,-40.0,updated
ev_KO_DYBB_.emsc_event_20230210_0000007,quakeml:eu.emsc/event/20230210_0000007,KO.DYBB,5511.0,,,no_emsc_pick
ev_KO_GAZ_.emsc_event_20230306_0000045,quakeml:eu.emsc/event/20230306_0000045,KO.GAZ,5426.0,5480.0,54.0,updated
ev_KO_SARI_.emsc_event_20230308_0000092,quakeml:eu.emsc/event/20230308_0000092,KO.SARI,4043.0,4100.0,57.0,updated
ev_KO_KMRS_.emsc_event_20230304_0000176,quakeml:eu.emsc/event/20230304_0000176,KO.KMRS,4356.0,4300.0,-56.0,updated
ev_KO_SARI_.emsc_event_20230304_0000309,quakeml:eu.emsc/event/20230304_0000309,KO.SARI,3790.0,3870.0,80.0,updated
ev_KO_DARE_.emsc_event_20230308_0000027,quakeml:eu.emsc/event/20230308_0000027,KO.DARE,4889.0,4890.0,1.0,updated
ev_KO_URFA_.emsc_event_20230304_0000033,quakeml:eu.emsc/event/20230304_0000033,KO.URFA,5210.0,5250.0,40.0,updated
ev_KO_SARI_.emsc_event_20230306_0000248,quakeml:eu.emsc/event/20230306_0000248,KO.SARI,3650.0,3680.0,30.0,updated
ev_KO_KMRS_.emsc_event_20230306_0000023,quakeml:eu.emsc/event/20230306_0000023,KO.KMRS,3756.0,3880.0,124.0,updated
ev_KO_URFA_.emsc_event_20230304_0000027,quakeml:eu.emsc/event/20230304_0000027,KO.URFA,5087.0,5130.0,43.0,updated
ev_KO_BNN_.emsc_event_20230208_0000413,quakeml:eu.emsc/event/20230208_0000413,KO.BNN,4780.0,4870.0,90.0,updated
ev_KO_SARI_.emsc_event_20230305_0000011,quakeml:eu.emsc/event/20230305_0000011,KO.SARI,4117.0,,,no_emsc_pick
ev_KO_URFA_.emsc_event_20230605_0000091,quakeml:eu.emsc/event/20230605_0000091,KO.URFA,5270.0,5330.0,60.0,updated
ev_KO_SARI_.emsc_event_20230308_0000045,quakeml:eu.emsc/event/20230308_0000045,KO.SARI,5015.0,5070.0,55.0,updated
ev_KO_SARI_.emsc_event_20230306_0000274,quakeml:eu.emsc/event/20230306_0000274,KO.SARI,5610.0,5760.0,150.0,updated
ev_KO_TAHT_.emsc_event_20230319_0000082,quakeml:eu.emsc/event/20230319_0000082,KO.TAHT,5113.0,5220.0,107.0,updated
ev_KO_DARE_.emsc_event_20230305_0000067,quakeml:eu.emsc/event/20230305_0000067,KO.DARE,4535.0,4580.0,45.0,updated
ev_KO_DARE_.emsc_event_20230305_0000073,quakeml:eu.emsc/event/20230305_0000073,KO.DARE,5662.0,5480.0,-182.0,updated
ev_KO_SARI_.emsc_event_20230601_0000115,quakeml:eu.emsc/event/20230601_0000115,KO.SARI,3926.0,,,no_emsc_pick
ev_KO_GULA_.emsc_event_20230803_0000049,quakeml:eu.emsc/event/20230803_0000049,KO.GULA,5931.0,,,no_emsc_pick
ev_KO_SARI_.emsc_event_20230308_0000051,quakeml:eu.emsc/event/20230308_0000051,KO.SARI,3755.0,3810.0,55.0,updated
ev_KO_BNN_.emsc_event_20230711_0000168,quakeml:eu.emsc/event/20230711_0000168,KO.BNN,5825.0,,,no_emsc_pick
ev_KO_URFA_.emsc_event_20230711_0000193,quakeml:eu.emsc/event/20230711_0000193,KO.URFA,5453.0,5430.0,-23.0,updated
ev_KO_SARI_.emsc_event_20230521_0000269,quakeml:eu.emsc/event/20230521_0000269,KO.SARI,3995.0,,,no_emsc_pick
ev_KO_TAHT_.emsc_event_20230308_0000216,quakeml:eu.emsc/event/20230308_0000216,KO.TAHT,5695.0,5770.0,75.0,updated
ev_KO_MERS_.emsc_event_20230624_0000083,quakeml:eu.emsc/event/20230624_0000083,KO.MERS,5223.0,5300.0,77.0,updated
ev_KO_GAZ_.emsc_event_20230305_0000022,quakeml:eu.emsc/event/20230305_0000022,KO.GAZ,5618.0,,,no_emsc_pick
ev_KO_TAHT_.emsc_event_20230304_0000166,quakeml:eu.emsc/event/20230304_0000166,KO.TAHT,3186.0,3250.0,64.0,updated
ev_KO_BNN_.emsc_event_20230308_0000179,quakeml:eu.emsc/event/20230308_0000179,KO.BNN,5676.0,,,no_emsc_pick
ev_KO_TAHT_.emsc_event_20230306_0000033,quakeml:eu.emsc/event/20230306_0000033,KO.TAHT,3558.0,3540.0,-18.0,updated
ev_KO_BNN_.emsc_event_20230307_0000050,quakeml:eu.emsc/event/20230307_0000050,KO.BNN,3875.0,3910.0,35.0,updated
ev_KO_DARE_.emsc_event_20230304_0000182,quakeml:eu.emsc/event/20230304_0000182,KO.DARE,4597.0,4630.0,33.0,updated
ev_KO_DARE_.emsc_event_20230318_0000197,quakeml:eu.emsc/event/20230318_0000197,KO.DARE,5164.0,5160.0,-4.0,updated
ev_KO_DYBB_.emsc_event_20230522_0000002,quakeml:eu.emsc/event/20230522_0000002,KO.DYBB,5304.0,,,no_emsc_pick
ev_KO_GAZ_.emsc_event_20230305_0000036,quakeml:eu.emsc/event/20230305_0000036,KO.GAZ,5081.0,,,no_emsc_pick
ev_KO_GAZ_.emsc_event_20230307_0000177,quakeml:eu.emsc/event/20230307_0000177,KO.GAZ,4800.0,4790.0,-10.0,updated
ev_KO_KARA_.emsc_event_20230616_0000168,quakeml:eu.emsc/event/20230616_0000168,KO.KARA,5693.0,5540.0,-153.0,updated
ev_KO_BNN_.emsc_event_20230312_0000293,quakeml:eu.emsc/event/20230312_0000293,KO.BNN,5006.0,5080.0,74.0,updated
ev_KO_GAZ_.emsc_event_20230308_0000062,quakeml:eu.emsc/event/20230308_0000062,KO.GAZ,5598.0,5560.0,-38.0,updated
ev_KO_URFA_.emsc_event_20230502_0000073,quakeml:eu.emsc/event/20230502_0000073,KO.URFA,5436.0,5500.0,64.0,updated
ev_KO_SARI_.emsc_event_20230308_0000284,quakeml:eu.emsc/event/20230308_0000284,KO.SARI,5869.0,5960.0,91.0,updated
ev_KO_SARI_.emsc_event_20230314_0000291,quakeml:eu.emsc/event/20230314_0000291,KO.SARI,4080.0,4100.0,20.0,updated
ev_KO_URFA_.emsc_event_20230307_0000083,quakeml:eu.emsc/event/20230307_0000083,KO.URFA,5577.0,5650.0,73.0,updated
ev_KO_SARI_.emsc_event_20230421_0000071,quakeml:eu.emsc/event/20230421_0000071,KO.SARI,4079.0,4140.0,61.0,updated
ev_KO_KOZT_.emsc_event_20230307_0000203,quakeml:eu.emsc/event/20230307_0000203,KO.KOZT,4400.0,4430.0,30.0,updated
ev_KO_GAZ_.emsc_event_20230304_0000306,quakeml:eu.emsc/event/20230304_0000306,KO.GAZ,4909.0,,,no_emsc_pick
ev_KO_CEYT_.emsc_event_20230304_0000281,quakeml:eu.emsc/event/20230304_0000281,KO.CEYT,5161.0,5170.0,9.0,updated
ev_KO_SARI_.emsc_event_20230702_0000140,quakeml:eu.emsc/event/20230702_0000140,KO.SARI,4157.0,4062.0,-95.0,updated
ev_KO_SVRC_.emsc_event_20230306_0000146,quakeml:eu.emsc/event/20230306_0000146,KO.SVRC,5699.0,,,no_emsc_pick
ev_KO_BNN_.emsc_event_20230304_0000221,quakeml:eu.emsc/event/20230304_0000221,KO.BNN,5251.0,5290.0,39.0,updated
ev_KO_SARI_.emsc_event_20230215_0000150,quakeml:eu.emsc/event/20230215_0000150,KO.SARI,4518.0,4590.0,72.0,updated
ev_KO_GAZ_.emsc_event_20230308_0000076,quakeml:eu.emsc/event/20230308_0000076,KO.GAZ,4671.0,4800.0,129.0,updated
ev_KO_MERS_.emsc_event_20230306_0000303,quakeml:eu.emsc/event/20230306_0000303,KO.MERS,5775.0,5570.0,-205.0,updated
ev_KO_BNN_.emsc_event_20230307_0000087,quakeml:eu.emsc/event/20230307_0000087,KO.BNN,5988.0,,,no_emsc_pick
ev_KO_SARI_.emsc_event_20230307_0000346,quakeml:eu.emsc/event/20230307_0000346,KO.SARI,4031.0,4160.0,129.0,updated
ev_KO_KMRS_.emsc_event_20230308_0000004,quakeml:eu.emsc/event/20230308_0000004,KO.KMRS,3823.0,3890.0,67.0,updated
ev_KO_DARE_.emsc_event_20230304_0000155,quakeml:eu.emsc/event/20230304_0000155,KO.DARE,4149.0,4250.0,101.0,updated
ev_KO_URFA_.emsc_event_20230307_0000068,quakeml:eu.emsc/event/20230307_0000068,KO.URFA,5630.0,5620.0,-10.0,updated
ev_KO_BNN_.emsc_event_20230307_0000093,quakeml:eu.emsc/event/20230307_0000093,KO.BNN,4861.0,4810.0,-51.0,updated
ev_KO_URFA_.emsc_event_20230305_0000129,quakeml:eu.emsc/event/20230305_0000129,KO.URFA,4901.0,4880.0,-21.0,updated
ev_KO_SARI_.emsc_event_20230426_0000041,quakeml:eu.emsc/event/20230426_0000041,KO.SARI,5398.0,5470.0,72.0,updated
ev_KO_CEYT_.emsc_event_20230612_0000162,quakeml:eu.emsc/event/20230612_0000162,KO.CEYT,4726.0,4550.0,-176.0,updated
ev_KO_GULA_.emsc_event_20230603_0000239,quakeml:eu.emsc/event/20230603_0000239,KO.GULA,5973.0,,,no_emsc_pick
ev_KO_DARE_.emsc_event_20230308_0000231,quakeml:eu.emsc/event/20230308_0000231,KO.DARE,5167.0,5190.0,23.0,updated
ev_KO_MERS_.emsc_event_20230306_0000317,quakeml:eu.emsc/event/20230306_0000317,KO.MERS,5722.0,,,no_emsc_pick
ev_KO_DYBB_.emsc_event_20230615_0000017,quakeml:eu.emsc/event/20230615_0000017,KO.DYBB,4704.0,,,no_emsc_pick
ev_KO_CEYT_.emsc_event_20230305_0000172,quakeml:eu.emsc/event/20230305_0000172,KO.CEYT,5554.0,5580.0,26.0,updated
ev_KO_DARE_.emsc_event_20230731_0000171,quakeml:eu.emsc/event/20230731_0000171,KO.DARE,4419.0,,,no_emsc_pick
ev_KO_SARI_.emsc_event_20230304_0000137,quakeml:eu.emsc/event/20230304_0000137,KO.SARI,5063.0,5110.0,47.0,updated
ev_KO_TAHT_.emsc_event_20230305_0000295,quakeml:eu.emsc/event/20230305_0000295,KO.TAHT,5907.0,5830.0,-77.0,updated
ev_KO_DARE_.emsc_event_20230305_0000265,quakeml:eu.emsc/event/20230305_0000265,KO.DARE,4076.0,4080.0,4.0,updated
ev_KO_MERS_.emsc_event_20230612_0000162,quakeml:eu.emsc/event/20230612_0000162,KO.MERS,5745.0,5680.0,-65.0,updated
ev_KO_SARI_.emsc_event_20230306_0000076,quakeml:eu.emsc/event/20230306_0000076,KO.SARI,3847.0,,,no_emsc_pick
ev_KO_CEYT_.emsc_event_20230306_0000317,quakeml:eu.emsc/event/20230306_0000317,KO.CEYT,4766.0,4840.0,74.0,updated
ev_KO_KMRS_.emsc_event_20230308_0000038,quakeml:eu.emsc/event/20230308_0000038,KO.KMRS,4282.0,4280.0,-2.0,updated
ev_KO_SARI_.emsc_event_20230308_0000247,quakeml:eu.emsc/event/20230308_0000247,KO.SARI,5695.0,5600.0,-95.0,updated
ev_KO_CEYT_.emsc_event_20230303_0000299,quakeml:eu.emsc/event/20230303_0000299,KO.CEYT,4634.0,4710.0,76.0,updated
ev_KO_URFA_.emsc_event_20230305_0000101,quakeml:eu.emsc/event/20230305_0000101,KO.URFA,4823.0,4880.0,57.0,updated
ev_KO_KMRS_.emsc_event_20230307_0000105,quakeml:eu.emsc/event/20230307_0000105,KO.KMRS,3789.0,3840.0,51.0,updated
ev_KO_DARE_.emsc_event_20230306_0000028,quakeml:eu.emsc/event/20230306_0000028,KO.DARE,4848.0,4890.0,42.0,updated
ev_KO_SVRC_.emsc_event_20230307_0000289,quakeml:eu.emsc/event/20230307_0000289,KO.SVRC,4603.0,4650.0,47.0,updated
ev_KO_BNN_.emsc_event_20230308_0000192,quakeml:eu.emsc/event/20230308_0000192,KO.BNN,3893.0,3870.0,-23.0,updated
ev_KO_CEYT_.emsc_event_20230306_0000303,quakeml:eu.emsc/event/20230306_0000303,KO.CEYT,4823.0,4610.0,-213.0,updated
ev_KO_GAZ_.emsc_event_20230306_0000284,quakeml:eu.emsc/event/20230306_0000284,KO.GAZ,4384.0,4450.0,66.0,updated
ev_KO_DARE_.emsc_event_20230307_0000330,quakeml:eu.emsc/event/20230307_0000330,KO.DARE,3983.0,4030.0,47.0,updated
ev_KO_CEYT_.emsc_event_20230308_0000132,quakeml:eu.emsc/event/20230308_0000132,KO.CEYT,5931.0,,,no_emsc_pick
ev_KO_DARE_.emsc_event_20230305_0000271,quakeml:eu.emsc/event/20230305_0000271,KO.DARE,3851.0,3840.0,-11.0,updated
ev_KO_CEYT_.emsc_event_20230410_0000202,quakeml:eu.emsc/event/20230410_0000202,KO.CEYT,4363.0,4490.0,127.0,updated
ev_KO_SVRC_.emsc_event_20230306_0000185,quakeml:eu.emsc/event/20230306_0000185,KO.SVRC,5471.0,5570.0,99.0,updated
ev_KO_KOZT_.emsc_event_20230304_0000112,quakeml:eu.emsc/event/20230304_0000112,KO.KOZT,5000.0,5060.0,60.0,updated
ev_KO_URFA_.emsc_event_20230729_0000121,quakeml:eu.emsc/event/20230729_0000121,KO.URFA,4559.0,4494.0,-65.0,updated
ev_KO_KOZT_.emsc_event_20230306_0000053,quakeml:eu.emsc/event/20230306_0000053,KO.KOZT,3651.0,3590.0,-61.0,updated
ev_KO_DARE_.emsc_event_20230423_0000032,quakeml:eu.emsc/event/20230423_0000032,KO.DARE,3244.0,3320.0,76.0,updated
ev_KO_MERS_.emsc_event_20230314_0000090,quakeml:eu.emsc/event/20230314_0000090,KO.MERS,5694.0,5760.0,66.0,updated
ev_KO_SARI_.emsc_event_20230313_0000316,quakeml:eu.emsc/event/20230313_0000316,KO.SARI,5974.0,,,no_emsc_pick
ev_KO_SVRC_.emsc_event_20230722_0000043,quakeml:eu.emsc/event/20230722_0000043,KO.SVRC,4572.0,4605.0,33.0,updated
ev_KO_BNN_.emsc_event_20230307_0000124,quakeml:eu.emsc/event/20230307_0000124,KO.BNN,5640.0,,,no_emsc_pick
ev_KO_CEYT_.emsc_event_20230306_0000288,quakeml:eu.emsc/event/20230306_0000288,KO.CEYT,5084.0,5230.0,146.0,updated
ev_KO_URFA_.emsc_event_20230503_0000223,quakeml:eu.emsc/event/20230503_0000223,KO.URFA,4948.0,5020.0,72.0,updated
ev_KO_MERS_.emsc_event_20230416_0000062,quakeml:eu.emsc/event/20230416_0000062,KO.MERS,5179.0,5160.0,-19.0,updated
ev_KO_GAZ_.emsc_event_20230305_0000142,quakeml:eu.emsc/event/20230305_0000142,KO.GAZ,5772.0,5960.0,188.0,updated
ev_KO_GAZ_.emsc_event_20230307_0000003,quakeml:eu.emsc/event/20230307_0000003,KO.GAZ,4899.0,5030.0,131.0,updated
ev_KO_GAZ_.emsc_event_20230308_0000116,quakeml:eu.emsc/event/20230308_0000116,KO.GAZ,4831.0,4880.0,49.0,updated
ev_KO_DARE_.emsc_event_20230307_0000293,quakeml:eu.emsc/event/20230307_0000293,KO.DARE,4905.0,4920.0,15.0,updated
ev_KO_TAHT_.emsc_event_20230307_0000263,quakeml:eu.emsc/event/20230307_0000263,KO.TAHT,5258.0,5320.0,62.0,updated
ev_KO_SARI_.emsc_event_20230710_0000204,quakeml:eu.emsc/event/20230710_0000204,KO.SARI,3996.0,4120.0,124.0,updated
ev_KO_SVRC_.emsc_event_20230306_0000026,quakeml:eu.emsc/event/20230306_0000026,KO.SVRC,5850.0,5970.0,120.0,updated
ev_KO_GULA_.emsc_event_20230217_0000122,quakeml:eu.emsc/event/20230217_0000122,KO.GULA,5994.0,,,no_emsc_pick
ev_KO_GAZ_.emsc_event_20230304_0000266,quakeml:eu.emsc/event/20230304_0000266,KO.GAZ,5536.0,5640.0,104.0,updated
ev_KO_BNN_.emsc_event_20230308_0000031,quakeml:eu.emsc/event/20230308_0000031,KO.BNN,3914.0,3860.0,-54.0,updated
ev_KO_BNN_.emsc_event_20230307_0000118,quakeml:eu.emsc/event/20230307_0000118,KO.BNN,5202.0,,,no_emsc_pick
ev_KO_GAZ_.emsc_event_20230304_0000272,quakeml:eu.emsc/event/20230304_0000272,KO.GAZ,4135.0,4190.0,55.0,updated
ev_KO_GAZ_.emsc_event_20230308_0000102,quakeml:eu.emsc/event/20230308_0000102,KO.GAZ,5711.0,,,no_emsc_pick
ev_KO_DARE_.emsc_event_20230307_0000287,quakeml:eu.emsc/event/20230307_0000287,KO.DARE,4755.0,4700.0,-55.0,updated
ev_KO_SARI_.emsc_event_20230513_0000240,quakeml:eu.emsc/event/20230513_0000240,KO.SARI,4203.0,,,no_emsc_pick
ev_KO_SVRC_.emsc_event_20230304_0000173,quakeml:eu.emsc/event/20230304_0000173,KO.SVRC,5987.0,,,no_emsc_pick
ev_KO_KOZT_.emsc_event_20230306_0000090,quakeml:eu.emsc/event/20230306_0000090,KO.KOZT,5350.0,5260.0,-90.0,updated
ev_KO_SVRC_.emsc_event_20230218_0000154,quakeml:eu.emsc/event/20230218_0000154,KO.SVRC,5607.0,,,no_emsc_pick
ev_KO_URFA_.emsc_event_20230306_0000204,quakeml:eu.emsc/event/20230306_0000204,KO.URFA,5644.0,5660.0,16.0,updated
ev_KO_DARE_.emsc_event_20230306_0000160,quakeml:eu.emsc/event/20230306_0000160,KO.DARE,5002.0,4890.0,-112.0,updated
ev_KO_SARI_.emsc_event_20230307_0000232,quakeml:eu.emsc/event/20230307_0000232,KO.SARI,4473.0,4530.0,57.0,updated
ev_KO_BNN_.emsc_event_20230320_0000084,quakeml:eu.emsc/event/20230320_0000084,KO.BNN,5486.0,5150.0,-336.0,updated
ev_KO_URFA_.emsc_event_20230307_0000108,quakeml:eu.emsc/event/20230307_0000108,KO.URFA,4939.0,4990.0,51.0,updated
ev_KO_KMRS_.emsc_event_20230305_0000118,quakeml:eu.emsc/event/20230305_0000118,KO.KMRS,5703.0,5750.0,47.0,updated
ev_KO_SARI_.emsc_event_20230307_0000226,quakeml:eu.emsc/event/20230307_0000226,KO.SARI,5225.0,5180.0,-45.0,updated
ev_KO_KMRS_.emsc_event_20230307_0000059,quakeml:eu.emsc/event/20230307_0000059,KO.KMRS,3763.0,,,no_emsc_pick
ev_KO_CEYT_.emsc_event_20230305_0000006,quakeml:eu.emsc/event/20230305_0000006,KO.CEYT,5927.0,,,no_emsc_pick
ev_KO_KOZT_.emsc_event_20230306_0000084,quakeml:eu.emsc/event/20230306_0000084,KO.KOZT,5463.0,5480.0,17.0,updated
ev_KO_DARE_.emsc_event_20230307_0000278,quakeml:eu.emsc/event/20230307_0000278,KO.DARE,4211.0,4310.0,99.0,updated
ev_KO_BNN_.emsc_event_20230217_0000273,quakeml:eu.emsc/event/20230217_0000273,KO.BNN,5609.0,5540.0,-69.0,updated
ev_KO_URFA_.emsc_event_20230306_0000238,quakeml:eu.emsc/event/20230306_0000238,KO.URFA,4381.0,4470.0,89.0,updated
ev_KO_SARI_.emsc_event_20230304_0000043,quakeml:eu.emsc/event/20230304_0000043,KO.SARI,3934.0,3990.0,56.0,updated
ev_KO_DARE_.emsc_event_20230307_0000250,quakeml:eu.emsc/event/20230307_0000250,KO.DARE,3528.0,3490.0,-38.0,updated
ev_KO_CEYT_.emsc_event_20230522_0000027,quakeml:eu.emsc/event/20230522_0000027,KO.CEYT,4550.0,4600.0,50.0,updated
ev_KO_SARI_.emsc_event_20230524_0000091,quakeml:eu.emsc/event/20230524_0000091,KO.SARI,4427.0,,,no_emsc_pick
ev_KO_BNN_.emsc_event_20230503_0000227,quakeml:eu.emsc/event/20230503_0000227,KO.BNN,5503.0,5550.0,47.0,updated
ev_KO_DARE_.emsc_event_20230508_0000207,quakeml:eu.emsc/event/20230508_0000207,KO.DARE,5548.0,5620.0,72.0,updated
ev_KO_URFA_.emsc_event_20230309_0000311,quakeml:eu.emsc/event/20230309_0000311,KO.URFA,4454.0,4570.0,116.0,updated
ev_KO_DARE_.emsc_event_20230307_0000244,quakeml:eu.emsc/event/20230307_0000244,KO.DARE,4056.0,4190.0,134.0,updated
ev_KO_SARI_.emsc_event_20230304_0000057,quakeml:eu.emsc/event/20230304_0000057,KO.SARI,4037.0,,,no_emsc_pick
ev_KO_KOZT_.emsc_event_20230306_0000251,quakeml:eu.emsc/event/20230306_0000251,KO.KOZT,5784.0,,,no_emsc_pick
ev_KO_DARE_.emsc_event_20230327_0000115,quakeml:eu.emsc/event/20230327_0000115,KO.DARE,4760.0,4900.0,140.0,updated
ev_KO_GAZ_.emsc_event_20230307_0000215,quakeml:eu.emsc/event/20230307_0000215,KO.GAZ,5480.0,5540.0,60.0,updated
ev_KO_SARI_.emsc_event_20230303_0000265,quakeml:eu.emsc/event/20230303_0000265,KO.SARI,4310.0,4250.0,-60.0,updated
ev_KO_KOZT_.emsc_event_20230305_0000008,quakeml:eu.emsc/event/20230305_0000008,KO.KOZT,4731.0,4800.0,69.0,updated
ev_KO_KOZT_.emsc_event_20230308_0000074,quakeml:eu.emsc/event/20230308_0000074,KO.KOZT,5112.0,,,no_emsc_pick
ev_KO_KOZT_.emsc_event_20230307_0000149,quakeml:eu.emsc/event/20230307_0000149,KO.KOZT,5481.0,5190.0,-291.0,updated
ev_KO_URFA_.emsc_event_20230713_0000171,quakeml:eu.emsc/event/20230713_0000171,KO.URFA,4654.0,4690.0,36.0,updated
ev_KO_DARE_.emsc_event_20230326_0000225,quakeml:eu.emsc/event/20230326_0000225,KO.DARE,4462.0,,,no_emsc_pick
ev_KO_GAZ_.emsc_event_20230306_0000125,quakeml:eu.emsc/event/20230306_0000125,KO.GAZ,4575.0,4670.0,95.0,updated
ev_KO_SVRC_.emsc_event_20230307_0000128,quakeml:eu.emsc/event/20230307_0000128,KO.SVRC,3887.0,3950.0,63.0,updated
ev_KO_TAHT_.emsc_event_20230428_0000143,quakeml:eu.emsc/event/20230428_0000143,KO.TAHT,3863.0,3920.0,57.0,updated
ev_KO_KOZT_.emsc_event_20230307_0000161,quakeml:eu.emsc/event/20230307_0000161,KO.KOZT,5680.0,5790.0,110.0,updated
ev_KO_SVRC_.emsc_event_20230228_0000174,quakeml:eu.emsc/event/20230228_0000174,KO.SVRC,5640.0,5530.0,-110.0,updated
ev_KO_BNN_.emsc_event_20230318_0000156,quakeml:eu.emsc/event/20230318_0000156,KO.BNN,5947.0,,,no_emsc_pick
ev_KO_TAHT_.emsc_event_20230523_0000225,quakeml:eu.emsc/event/20230523_0000225,KO.TAHT,5832.0,5820.0,-12.0,updated
ev_KO_BNN_.emsc_event_20230306_0000002,quakeml:eu.emsc/event/20230306_0000002,KO.BNN,4852.0,4800.0,-52.0,updated
ev_KO_DYBB_.emsc_event_20230629_0000227,quakeml:eu.emsc/event/20230629_0000227,KO.DYBB,5966.0,,,no_emsc_pick
ev_KO_CEYT_.emsc_event_20230421_0000066,quakeml:eu.emsc/event/20230421_0000066,KO.CEYT,5165.0,5220.0,55.0,updated
ev_KO_DARE_.emsc_event_20230307_0000085,quakeml:eu.emsc/event/20230307_0000085,KO.DARE,4977.0,4810.0,-167.0,updated
ev_KO_BNN_.emsc_event_20230304_0000157,quakeml:eu.emsc/event/20230304_0000157,KO.BNN,4857.0,4910.0,53.0,updated
ev_KO_TAHT_.emsc_event_20230305_0000134,quakeml:eu.emsc/event/20230305_0000134,KO.TAHT,5646.0,,,no_emsc_pick
ev_KO_SARI_.emsc_event_20230304_0000296,quakeml:eu.emsc/event/20230304_0000296,KO.SARI,5447.0,5510.0,63.0,updated
ev_KO_GAZ_.emsc_event_20230304_0000070,quakeml:eu.emsc/event/20230304_0000070,KO.GAZ,3554.0,3580.0,26.0,updated
ev_KO_DARE_.emsc_event_20230502_0000075,quakeml:eu.emsc/event/20230502_0000075,KO.DARE,4323.0,4030.0,-293.0,updated
ev_KO_SVRC_.emsc_event_20230308_0000001,quakeml:eu.emsc/event/20230308_0000001,KO.SVRC,3546.0,3550.0,4.0,updated
ev_KO_GAZ_.emsc_event_20230306_0000131,quakeml:eu.emsc/event/20230306_0000131,KO.GAZ,5016.0,5140.0,124.0,updated
ev_KO_KOZT_.emsc_event_20230305_0000034,quakeml:eu.emsc/event/20230305_0000034,KO.KOZT,4100.0,4110.0,10.0,updated
ev_KO_DARE_.emsc_event_20230304_0000223,quakeml:eu.emsc/event/20230304_0000223,KO.DARE,4465.0,4460.0,-5.0,updated
ev_KO_SARI_.emsc_event_20230801_0000007,quakeml:eu.emsc/event/20230801_0000007,KO.SARI,5254.0,5234.0,-20.0,updated
ev_KO_URFA_.emsc_event_20230308_0000237,quakeml:eu.emsc/event/20230308_0000237,KO.URFA,5567.0,5590.0,23.0,updated
ev_KO_DARE_.emsc_event_20230308_0000153,quakeml:eu.emsc/event/20230308_0000153,KO.DARE,4383.0,,,no_emsc_pick
ev_KO_CEYT_.emsc_event_20230627_0000153,quakeml:eu.emsc/event/20230627_0000153,KO.CEYT,3826.0,,,no_emsc_pick
ev_KO_URFA_.emsc_event_20230304_0000147,quakeml:eu.emsc/event/20230304_0000147,KO.URFA,5206.0,5170.0,-36.0,updated
ev_KO_KMRS_.emsc_event_20230306_0000157,quakeml:eu.emsc/event/20230306_0000157,KO.KMRS,4142.0,4190.0,48.0,updated
ev_KO_DARE_.emsc_event_20230308_0000147,quakeml:eu.emsc/event/20230308_0000147,KO.DARE,4088.0,,,no_emsc_pick
ev_KO_CEYT_.emsc_event_20230304_0000108,quakeml:eu.emsc/event/20230304_0000108,KO.CEYT,4636.0,4690.0,54.0,updated
ev_KO_DARE_.emsc_event_20230312_0000291,quakeml:eu.emsc/event/20230312_0000291,KO.DARE,5152.0,5160.0,8.0,updated
ev_KO_URFA_.emsc_event_20230429_0000130,quakeml:eu.emsc/event/20230429_0000130,KO.URFA,5509.0,5690.0,181.0,updated
ev_KO_SARI_.emsc_event_20230322_0000012,quakeml:eu.emsc/event/20230322_0000012,KO.SARI,5263.0,5370.0,107.0,updated
ev_KO_SARI_.emsc_event_20230305_0000165,quakeml:eu.emsc/event/20230305_0000165,KO.SARI,5280.0,5350.0,70.0,updated
ev_KO_CEYT_.emsc_event_20230304_0000120,quakeml:eu.emsc/event/20230304_0000120,KO.CEYT,5530.0,,,no_emsc_pick
ev_KO_BNN_.emsc_event_20230713_0000149,quakeml:eu.emsc/event/20230713_0000149,KO.BNN,4804.0,4624.0,-180.0,updated
ev_KO_SARI_.emsc_event_20230308_0000131,quakeml:eu.emsc/event/20230308_0000131,KO.SARI,5047.0,5090.0,43.0,updated
ev_KO_CEYT_.emsc_event_20230321_0000116,quakeml:eu.emsc/event/20230321_0000116,KO.CEYT,5232.0,,,no_emsc_pick
ev_KO_MERS_.emsc_event_20230304_0000108,quakeml:eu.emsc/event/20230304_0000108,KO.MERS,5815.0,5900.0,85.0,updated
ev_KO_SVRC_.emsc_event_20230312_0000300,quakeml:eu.emsc/event/20230312_0000300,KO.SVRC,5210.0,5140.0,-70.0,updated
ev_KO_BNN_.emsc_event_20230304_0000180,quakeml:eu.emsc/event/20230304_0000180,KO.BNN,5334.0,5380.0,46.0,updated
ev_KO_DARE_.emsc_event_20230305_0000107,quakeml:eu.emsc/event/20230305_0000107,KO.DARE,4742.0,4800.0,58.0,updated
ev_KO_SARI_.emsc_event_20230304_0000255,quakeml:eu.emsc/event/20230304_0000255,KO.SARI,4477.0,4500.0,23.0,updated
ev_KO_CEYT_.emsc_event_20230418_0000086,quakeml:eu.emsc/event/20230418_0000086,KO.CEYT,5572.0,5570.0,-2.0,updated
ev_KO_CEYT_.emsc_event_20230716_0000073,quakeml:eu.emsc/event/20230716_0000073,KO.CEYT,5142.0,,,no_emsc_pick
ev_KO_DARE_.emsc_event_20230307_0000046,quakeml:eu.emsc/event/20230307_0000046,KO.DARE,4020.0,4050.0,30.0,updated
ev_KO_CEYT_.emsc_event_20230305_0000238,quakeml:eu.emsc/event/20230305_0000238,KO.CEYT,5753.0,,,no_emsc_pick
ev_KO_CEYT_.emsc_event_20230314_0000251,quakeml:eu.emsc/event/20230314_0000251,KO.CEYT,5136.0,5170.0,34.0,updated
ev_KO_URFA_.emsc_event_20230307_0000322,quakeml:eu.emsc/event/20230307_0000322,KO.URFA,4233.0,4270.0,37.0,updated
ev_KO_SARI_.emsc_event_20230308_0000125,quakeml:eu.emsc/event/20230308_0000125,KO.SARI,5576.0,5670.0,94.0,updated
ev_KO_CEYT_.emsc_event_20230730_0000208,quakeml:eu.emsc/event/20230730_0000208,KO.CEYT,4168.0,4110.0,-58.0,updated
ev_KO_CEYT_.emsc_event_20230305_0000239,quakeml:eu.emsc/event/20230305_0000239,KO.CEYT,5072.0,,,no_emsc_pick
ev_KO_BNN_.emsc_event_20230312_0000133,quakeml:eu.emsc/event/20230312_0000133,KO.BNN,5778.0,5490.0,-288.0,updated
ev_KO_SARI_.emsc_event_20230304_0000254,quakeml:eu.emsc/event/20230304_0000254,KO.SARI,5128.0,5140.0,12.0,updated
ev_KO_URFA_.emsc_event_20230429_0000119,quakeml:eu.emsc/event/20230429_0000119,KO.URFA,5951.0,,,no_emsc_pick
ev_KO_CEYT_.emsc_event_20230304_0000121,quakeml:eu.emsc/event/20230304_0000121,KO.CEYT,4995.0,,,no_emsc_pick
ev_KO_BNN_.emsc_event_20230304_0000181,quakeml:eu.emsc/event/20230304_0000181,KO.BNN,4828.0,4930.0,102.0,updated
ev_KO_SARI_.emsc_event_20230304_0000240,quakeml:eu.emsc/event/20230304_0000240,KO.SARI,5156.0,5120.0,-36.0,updated
ev_KO_DARE_.emsc_event_20230305_0000112,quakeml:eu.emsc/event/20230305_0000112,KO.DARE,4132.0,3880.0,-252.0,updated
ev_KO_CEYT_.emsc_event_20230308_0000251,quakeml:eu.emsc/event/20230308_0000251,KO.CEYT,5410.0,5510.0,100.0,updated
ev_KO_DARE_.emsc_event_20230307_0000053,quakeml:eu.emsc/event/20230307_0000053,KO.DARE,4103.0,4160.0,57.0,updated
ev_KO_CEYT_.emsc_event_20230401_0000120,quakeml:eu.emsc/event/20230401_0000120,KO.CEYT,4464.0,4370.0,-94.0,updated
ev_KO_URFA_.emsc_event_20230306_0000013,quakeml:eu.emsc/event/20230306_0000013,KO.URFA,5362.0,5260.0,-102.0,updated
ev_KO_URFA_.emsc_event_20230304_0000152,quakeml:eu.emsc/event/20230304_0000152,KO.URFA,4831.0,,,no_emsc_pick
ev_KO_CEYT_.emsc_event_20230305_0000205,quakeml:eu.emsc/event/20230305_0000205,KO.CEYT,5209.0,,,no_emsc_pick
ev_KO_KOZT_.emsc_event_20230306_0000287,quakeml:eu.emsc/event/20230306_0000287,KO.KOZT,4547.0,4510.0,-37.0,updated
ev_KO_SARI_.emsc_event_20230306_0000329,quakeml:eu.emsc/event/20230306_0000329,KO.SARI,3725.0,3760.0,35.0,updated
ev_KO_SARI_.emsc_event_20230305_0000164,quakeml:eu.emsc/event/20230305_0000164,KO.SARI,4202.0,4240.0,38.0,updated
ev_KO_CEYT_.emsc_event_20230411_0000245,quakeml:eu.emsc/event/20230411_0000245,KO.CEYT,4146.0,,,no_emsc_pick
ev_KO_SARI_.emsc_event_20230307_0000025,quakeml:eu.emsc/event/20230307_0000025,KO.SARI,4952.0,5020.0,68.0,updated
ev_KO_SVRC_.emsc_event_20230616_0000205,quakeml:eu.emsc/event/20230616_0000205,KO.SVRC,5599.0,5660.0,61.0,updated
ev_KO_URFA_.emsc_event_20230308_0000236,quakeml:eu.emsc/event/20230308_0000236,KO.URFA,4725.0,4780.0,55.0,updated
ev_KO_SVRC_.emsc_event_20230305_0000097,quakeml:eu.emsc/event/20230305_0000097,KO.SVRC,5438.0,5330.0,-108.0,updated
ev_KO_SARI_.emsc_event_20230612_0000160,quakeml:eu.emsc/event/20230612_0000160,KO.SARI,5714.0,,,no_emsc_pick
ev_KO_DYBB_.emsc_event_20230419_0000219,quakeml:eu.emsc/event/20230419_0000219,KO.DYBB,4670.0,4730.0,60.0,updated
ev_KO_TAHT_.emsc_event_20230308_0000149,quakeml:eu.emsc/event/20230308_0000149,KO.TAHT,5851.0,,,no_emsc_pick
ev_KO_MERS_.emsc_event_20230805_0000126,quakeml:eu.emsc/event/20230805_0000126,KO.MERS,5973.0,5998.0,25.0,updated
ev_KO_BNN_.emsc_event_20230306_0000017,quakeml:eu.emsc/event/20230306_0000017,KO.BNN,5061.0,5040.0,-21.0,updated
ev_KO_BNN_.emsc_event_20230627_0000119,quakeml:eu.emsc/event/20230627_0000119,KO.BNN,5847.0,,,no_emsc_pick
ev_KO_SVRC_.emsc_event_20230308_0000014,quakeml:eu.emsc/event/20230308_0000014,KO.SVRC,5249.0,5200.0,-49.0,updated
ev_KO_DARE_.emsc_event_20230610_0000080,quakeml:eu.emsc/event/20230610_0000080,KO.DARE,3295.0,3340.0,45.0,updated
ev_KO_URFA_.emsc_event_20230713_0000170,quakeml:eu.emsc/event/20230713_0000170,KO.URFA,5018.0,4903.0,-115.0,updated
ev_KO_URFA_.emsc_event_20230731_0000189,quakeml:eu.emsc/event/20230731_0000189,KO.URFA,5509.0,,,no_emsc_pick
ev_KO_BNN_.emsc_event_20230306_0000003,quakeml:eu.emsc/event/20230306_0000003,KO.BNN,4773.0,4840.0,67.0,updated
ev_KO_CEYT_.emsc_event_20230404_0000045,quakeml:eu.emsc/event/20230404_0000045,KO.CEYT,4981.0,,,no_emsc_pick
ev_KO_TAHT_.emsc_event_20230305_0000121,quakeml:eu.emsc/event/20230305_0000121,KO.TAHT,3747.0,3820.0,73.0,updated
ev_KO_BNN_.emsc_event_20230304_0000142,quakeml:eu.emsc/event/20230304_0000142,KO.BNN,5456.0,5560.0,104.0,updated
ev_KO_KOZT_.emsc_event_20230306_0000244,quakeml:eu.emsc/event/20230306_0000244,KO.KOZT,4288.0,4350.0,62.0,updated
ev_KO_URFA_.emsc_event_20230312_0000137,quakeml:eu.emsc/event/20230312_0000137,KO.URFA,5887.0,,,no_emsc_pick
ev_KO_DARE_.emsc_event_20230308_0000185,quakeml:eu.emsc/event/20230308_0000185,KO.DARE,4505.0,4650.0,145.0,updated
ev_KO_CEYT_.emsc_event_20230324_0000072,quakeml:eu.emsc/event/20230324_0000072,KO.CEYT,5313.0,5310.0,-3.0,updated
ev_KO_GAZ_.emsc_event_20230306_0000118,quakeml:eu.emsc/event/20230306_0000118,KO.GAZ,4997.0,,,no_emsc_pick
ev_KO_DYBB_.emsc_event_20230607_0000193,quakeml:eu.emsc/event/20230607_0000193,KO.DYBB,4230.0,,,no_emsc_pick
ev_KO_GAZ_.emsc_event_20230304_0000059,quakeml:eu.emsc/event/20230304_0000059,KO.GAZ,4884.0,4890.0,6.0,updated
ev_KO_SARI_.emsc_event_20230206_0000441,quakeml:eu.emsc/event/20230206_0000441,KO.SARI,3685.0,,,no_emsc_pick
ev_KO_KMRS_.emsc_event_20230306_0000181,quakeml:eu.emsc/event/20230306_0000181,KO.KMRS,5575.0,5600.0,25.0,updated
ev_KO_CEYT_.emsc_event_20230306_0000276,quakeml:eu.emsc/event/20230306_0000276,KO.CEYT,4930.0,4980.0,50.0,updated
ev_KO_URFA_.emsc_event_20230307_0000121,quakeml:eu.emsc/event/20230307_0000121,KO.URFA,5443.0,5450.0,7.0,updated
ev_KO_DARE_.emsc_event_20230315_0000061,quakeml:eu.emsc/event/20230315_0000061,KO.DARE,4118.0,4030.0,-88.0,updated
ev_KO_URFA_.emsc_event_20230305_0000060,quakeml:eu.emsc/event/20230305_0000060,KO.URFA,5664.0,5720.0,56.0,updated
ev_KO_KMRS_.emsc_event_20230307_0000064,quakeml:eu.emsc/event/20230307_0000064,KO.KMRS,4845.0,,,no_emsc_pick
ev_KO_TAHT_.emsc_event_20230311_0000213,quakeml:eu.emsc/event/20230311_0000213,KO.TAHT,5726.0,,,no_emsc_pick
ev_KO_DARE_.emsc_event_20230307_0000245,quakeml:eu.emsc/event/20230307_0000245,KO.DARE,5127.0,5330.0,203.0,updated
ev_KO_SARI_.emsc_event_20230306_0000103,quakeml:eu.emsc/event/20230306_0000103,KO.SARI,4600.0,4670.0,70.0,updated
ev_KO_GULA_.emsc_event_20230403_0000179,quakeml:eu.emsc/event/20230403_0000179,KO.GULA,5953.0,,,no_emsc_pick
ev_KO_MERS_.emsc_event_20230307_0000146,quakeml:eu.emsc/event/20230307_0000146,KO.MERS,5377.0,5400.0,23.0,updated
ev_KO_KMRS_.emsc_event_20230305_0000131,quakeml:eu.emsc/event/20230305_0000131,KO.KMRS,4178.0,4140.0,-38.0,updated
ev_KO_SARI_.emsc_event_20230307_0000227,quakeml:eu.emsc/event/20230307_0000227,KO.SARI,3664.0,3690.0,26.0,updated
ev_KO_DARE_.emsc_event_20230306_0000175,quakeml:eu.emsc/event/20230306_0000175,KO.DARE,3752.0,3750.0,-2.0,updated
ev_KO_KMRS_.emsc_event_20230305_0000119,quakeml:eu.emsc/event/20230305_0000119,KO.KMRS,5484.0,5500.0,16.0,updated
ev_KO_BNN_.emsc_event_20230407_0000041,quakeml:eu.emsc/event/20230407_0000041,KO.BNN,5148.0,5190.0,42.0,updated
ev_KO_URFA_.emsc_event_20230427_0000102,quakeml:eu.emsc/event/20230427_0000102,KO.URFA,4359.0,4410.0,51.0,updated
ev_KO_CEYT_.emsc_event_20230307_0000146,quakeml:eu.emsc/event/20230307_0000146,KO.CEYT,3755.0,3700.0,-55.0,updated
ev_KO_SVRC_.emsc_event_20230218_0000141,quakeml:eu.emsc/event/20230218_0000141,KO.SVRC,4326.0,,,no_emsc_pick
ev_KO_URFA_.emsc_event_20230306_0000205,quakeml:eu.emsc/event/20230306_0000205,KO.URFA,4797.0,4840.0,43.0,updated
ev_KO_SVRC_.emsc_event_20230805_0000161,quakeml:eu.emsc/event/20230805_0000161,KO.SVRC,5875.0,,,no_emsc_pick
ev_KO_DARE_.emsc_event_20230605_0000096,quakeml:eu.emsc/event/20230605_0000096,KO.DARE,3656.0,3630.0,-26.0,updated
ev_KO_KOZT_.emsc_event_20230306_0000091,quakeml:eu.emsc/event/20230306_0000091,KO.KOZT,5573.0,,,no_emsc_pick
ev_KO_URFA_.emsc_event_20230228_0000155,quakeml:eu.emsc/event/20230228_0000155,KO.URFA,4759.0,4710.0,-49.0,updated
ev_KO_SARI_.emsc_event_20230307_0000233,quakeml:eu.emsc/event/20230307_0000233,KO.SARI,4795.0,4940.0,145.0,updated
ev_KO_GAZ_.emsc_event_20230304_0000273,quakeml:eu.emsc/event/20230304_0000273,KO.GAZ,4976.0,5090.0,114.0,updated
ev_KO_BNN_.emsc_event_20230308_0000024,quakeml:eu.emsc/event/20230308_0000024,KO.BNN,4882.0,4980.0,98.0,updated
ev_KO_GAZ_.emsc_event_20230308_0000103,quakeml:eu.emsc/event/20230308_0000103,KO.GAZ,5079.0,5110.0,31.0,updated
ev_KO_TAHT_.emsc_event_20230605_0000099,quakeml:eu.emsc/event/20230605_0000099,KO.TAHT,5846.0,5850.0,4.0,updated
ev_KO_TAHT_.emsc_event_20230307_0000262,quakeml:eu.emsc/event/20230307_0000262,KO.TAHT,5754.0,5730.0,-24.0,updated
ev_KO_DARE_.emsc_event_20230208_0000410,quakeml:eu.emsc/event/20230208_0000410,KO.DARE,4298.0,,,no_emsc_pick
ev_KO_CEYT_.emsc_event_20230710_0000164,quakeml:eu.emsc/event/20230710_0000164,KO.CEYT,3296.0,3510.0,214.0,updated
ev_KO_SARI_.emsc_event_20230725_0000156,quakeml:eu.emsc/event/20230725_0000156,KO.SARI,4542.0,4580.0,38.0,updated
ev_KO_BNN_.emsc_event_20230307_0000125,quakeml:eu.emsc/event/20230307_0000125,KO.BNN,5103.0,,,no_emsc_pick
ev_KO_BNN_.emsc_event_20230309_0000314,quakeml:eu.emsc/event/20230309_0000314,KO.BNN,5386.0,5420.0,34.0,updated
ev_KO_KOZT_.emsc_event_20230304_0000107,quakeml:eu.emsc/event/20230304_0000107,KO.KOZT,4444.0,4440.0,-4.0,updated
ev_KO_GAZ_.emsc_event_20230307_0000002,quakeml:eu.emsc/event/20230307_0000002,KO.GAZ,5728.0,5680.0,-48.0,updated
ev_KO_URFA_.emsc_event_20230217_0000262,quakeml:eu.emsc/event/20230217_0000262,KO.URFA,5147.0,5110.0,-37.0,updated
ev_KO_MERS_.emsc_event_20230710_0000164,quakeml:eu.emsc/event/20230710_0000164,KO.MERS,5150.0,5170.0,20.0,updated
ev_KO_GAZ_.emsc_event_20230305_0000143,quakeml:eu.emsc/event/20230305_0000143,KO.GAZ,5899.0,,,no_emsc_pick
ev_KO_GAZ_.emsc_event_20230307_0000016,quakeml:eu.emsc/event/20230307_0000016,KO.GAZ,5968.0,,,no_emsc_pick
ev_KO_CEYT_.emsc_event_20230527_0000157,quakeml:eu.emsc/event/20230527_0000157,KO.CEYT,4339.0,4440.0,101.0,updated
ev_KO_BNN_.emsc_event_20230719_0000306,quakeml:eu.emsc/event/20230719_0000306,KO.BNN,4904.0,,,no_emsc_pick
ev_KO_GAZ_.emsc_event_20230306_0000285,quakeml:eu.emsc/event/20230306_0000285,KO.GAZ,5804.0,5840.0,36.0,updated
ev_KO_CEYT_.emsc_event_20230306_0000302,quakeml:eu.emsc/event/20230306_0000302,KO.CEYT,5277.0,5290.0,13.0,updated
ev_KO_MERS_.emsc_event_20230307_0000026,quakeml:eu.emsc/event/20230307_0000026,KO.MERS,5811.0,5950.0,139.0,updated
ev_KO_SARI_.emsc_event_20230306_0000063,quakeml:eu.emsc/event/20230306_0000063,KO.SARI,3945.0,3990.0,45.0,updated
ev_KO_SARI_.emsc_event_20230306_0000077,quakeml:eu.emsc/event/20230306_0000077,KO.SARI,3795.0,,,no_emsc_pick
ev_KO_URFA_.emsc_event_20230610_0000051,quakeml:eu.emsc/event/20230610_0000051,KO.URFA,4764.0,4840.0,76.0,updated
ev_KO_DARE_.emsc_event_20230305_0000264,quakeml:eu.emsc/event/20230305_0000264,KO.DARE,4576.0,4560.0,-16.0,updated
ev_KO_DARE_.emsc_event_20230306_0000029,quakeml:eu.emsc/event/20230306_0000029,KO.DARE,3955.0,3990.0,35.0,updated
ev_KO_GAZ_.emsc_event_20230306_0000291,quakeml:eu.emsc/event/20230306_0000291,KO.GAZ,4774.0,4850.0,76.0,updated
ev_KO_TAHT_.emsc_event_20230304_0000198,quakeml:eu.emsc/event/20230304_0000198,KO.TAHT,5113.0,5120.0,7.0,updated
ev_KO_KMRS_.emsc_event_20230305_0000045,quakeml:eu.emsc/event/20230305_0000045,KO.KMRS,4151.0,4240.0,89.0,updated
ev_KO_CEYT_.emsc_event_20230306_0000316,quakeml:eu.emsc/event/20230306_0000316,KO.CEYT,5467.0,5550.0,83.0,updated
ev_KO_SARI_.emsc_event_20230305_0000212,quakeml:eu.emsc/event/20230305_0000212,KO.SARI,3925.0,3970.0,45.0,updated
ev_KO_CEYT_.emsc_event_20230216_0000082,quakeml:eu.emsc/event/20230216_0000082,KO.CEYT,5006.0,,,no_emsc_pick
ev_KO_GAZ_.emsc_event_20230308_0000088,quakeml:eu.emsc/event/20230308_0000088,KO.GAZ,5332.0,5410.0,78.0,updated
ev_KO_CEYT_.emsc_event_20230424_0000260,quakeml:eu.emsc/event/20230424_0000260,KO.CEYT,4834.0,4920.0,86.0,updated
ev_KO_CEYT_.emsc_event_20230307_0000026,quakeml:eu.emsc/event/20230307_0000026,KO.CEYT,4184.0,4240.0,56.0,updated
ev_KO_MERS_.emsc_event_20230519_0000024,quakeml:eu.emsc/event/20230519_0000024,KO.MERS,5468.0,5580.0,112.0,updated
ev_KO_DARE_.emsc_event_20230227_0000278,quakeml:eu.emsc/event/20230227_0000278,KO.DARE,5583.0,5580.0,-3.0,updated
ev_KO_DARE_.emsc_event_20230304_0000154,quakeml:eu.emsc/event/20230304_0000154,KO.DARE,4415.0,4440.0,25.0,updated
ev_KO_SARI_.emsc_event_20230305_0000206,quakeml:eu.emsc/event/20230305_0000206,KO.SARI,4733.0,4740.0,7.0,updated
ev_KO_KMRS_.emsc_event_20230305_0000079,quakeml:eu.emsc/event/20230305_0000079,KO.KMRS,5605.0,5680.0,75.0,updated
ev_KO_KMRS_.emsc_event_20230307_0000138,quakeml:eu.emsc/event/20230307_0000138,KO.KMRS,4088.0,,,no_emsc_pick
ev_KO_BNN_.emsc_event_20230307_0000086,quakeml:eu.emsc/event/20230307_0000086,KO.BNN,4885.0,4850.0,-35.0,updated
ev_KO_URFA_.emsc_event_20230307_0000096,quakeml:eu.emsc/event/20230307_0000096,KO.URFA,4916.0,4920.0,4.0,updated
ev_KO_GAZ_.emsc_event_20230306_0000246,quakeml:eu.emsc/event/20230306_0000246,KO.GAZ,5422.0,5500.0,78.0,updated
ev_KO_GAZ_.emsc_event_20230308_0000077,quakeml:eu.emsc/event/20230308_0000077,KO.GAZ,4844.0,,,no_emsc_pick
ev_KO_URFA_.emsc_event_20230307_0000082,quakeml:eu.emsc/event/20230307_0000082,KO.URFA,4409.0,4410.0,1.0,updated
ev_KO_BNN_.emsc_event_20230307_0000079,quakeml:eu.emsc/event/20230307_0000079,KO.BNN,5380.0,5440.0,60.0,updated
ev_KO_KOZT_.emsc_event_20230307_0000216,quakeml:eu.emsc/event/20230307_0000216,KO.KOZT,4785.0,4910.0,125.0,updated
ev_KO_DARE_.emsc_event_20230304_0000183,quakeml:eu.emsc/event/20230304_0000183,KO.DARE,4722.0,4650.0,-72.0,updated
ev_KO_TAHT_.emsc_event_20230304_0000173,quakeml:eu.emsc/event/20230304_0000173,KO.TAHT,5794.0,5860.0,66.0,updated
ev_KO_TAHT_.emsc_event_20230306_0000032,quakeml:eu.emsc/event/20230306_0000032,KO.TAHT,3492.0,3400.0,-92.0,updated
ev_KO_KOZT_.emsc_event_20230306_0000132,quakeml:eu.emsc/event/20230306_0000132,KO.KOZT,5922.0,,,no_emsc_pick
ev_KO_SVRC_.emsc_event_20230629_0000244,quakeml:eu.emsc/event/20230629_0000244,KO.SVRC,5043.0,4865.0,-178.0,updated
ev_KO_DARE_.emsc_event_20230501_0000167,quakeml:eu.emsc/event/20230501_0000167,KO.DARE,3703.0,3820.0,117.0,updated
ev_KO_BNN_.emsc_event_20230621_0000184,quakeml:eu.emsc/event/20230621_0000184,KO.BNN,5795.0,5640.0,-155.0,updated
ev_KO_BNN_.emsc_event_20230307_0000045,quakeml:eu.emsc/event/20230307_0000045,KO.BNN,5137.0,5120.0,-17.0,updated
ev_KO_BNN_.emsc_event_20230308_0000178,quakeml:eu.emsc/event/20230308_0000178,KO.BNN,4879.0,4920.0,41.0,updated
ev_KO_CEYT_.emsc_event_20230303_0000267,quakeml:eu.emsc/event/20230303_0000267,KO.CEYT,5397.0,,,no_emsc_pick
ev_KO_YESY_.emsc_event_20230629_0000224,quakeml:eu.emsc/event/20230629_0000224,KO.YESY,5511.0,5650.0,139.0,updated
ev_KO_CEYT_.emsc_event_20230515_0000156,quakeml:eu.emsc/event/20230515_0000156,KO.CEYT,4846.0,,,no_emsc_pick
ev_KO_SARI_.emsc_event_20230304_0000320,quakeml:eu.emsc/event/20230304_0000320,KO.SARI,4243.0,4290.0,47.0,updated
ev_KO_DARE_.emsc_event_20230719_0000304,quakeml:eu.emsc/event/20230719_0000304,KO.DARE,3104.0,,,no_emsc_pick
ev_KO_KMRS_.emsc_event_20230307_0000312,quakeml:eu.emsc/event/20230307_0000312,KO.KMRS,3721.0,3780.0,59.0,updated
ev_KO_URFA_.emsc_event_20230722_0000102,quakeml:eu.emsc/event/20230722_0000102,KO.URFA,4961.0,,,no_emsc_pick
ev_KO_SARI_.emsc_event_20230308_0000044,quakeml:eu.emsc/event/20230308_0000044,KO.SARI,4099.0,4160.0,61.0,updated
ev_KO_SARI_.emsc_event_20230305_0000038,quakeml:eu.emsc/event/20230305_0000038,KO.SARI,5382.0,5480.0,98.0,updated
ev_KO_CEYT_.emsc_event_20230304_0000055,quakeml:eu.emsc/event/20230304_0000055,KO.CEYT,4992.0,4950.0,-42.0,updated
ev_KO_SARI_.emsc_event_20230307_0000179,quakeml:eu.emsc/event/20230307_0000179,KO.SARI,5434.0,5490.0,56.0,updated
ev_KO_SARI_.emsc_event_20230304_0000334,quakeml:eu.emsc/event/20230304_0000334,KO.SARI,5428.0,5520.0,92.0,updated
ev_KO_TAHT_.emsc_event_20230305_0000096,quakeml:eu.emsc/event/20230305_0000096,KO.TAHT,5796.0,5930.0,134.0,updated
ev_KO_DARE_.emsc_event_20230307_0000127,quakeml:eu.emsc/event/20230307_0000127,KO.DARE,3511.0,,,no_emsc_pick
ev_KO_TAHT_.emsc_event_20230320_0000088,quakeml:eu.emsc/event/20230320_0000088,KO.TAHT,5202.0,5240.0,38.0,updated
ev_KO_KMRS_.emsc_event_20230306_0000022,quakeml:eu.emsc/event/20230306_0000022,KO.KMRS,3948.0,3960.0,12.0,updated
ev_KO_URFA_.emsc_event_20230530_0000107,quakeml:eu.emsc/event/20230530_0000107,KO.URFA,5596.0,5560.0,-36.0,updated
ev_KO_KMRS_.emsc_event_20230308_0000213,quakeml:eu.emsc/event/20230308_0000213,KO.KMRS,5670.0,5740.0,70.0,updated
ev_KO_DARE_.emsc_event_20230306_0000203,quakeml:eu.emsc/event/20230306_0000203,KO.DARE,4523.0,4520.0,-3.0,updated
ev_KO_SARI_.emsc_event_20230307_0000151,quakeml:eu.emsc/event/20230307_0000151,KO.SARI,4818.0,,,no_emsc_pick
ev_KO_BNN_.emsc_event_20230307_0000284,quakeml:eu.emsc/event/20230307_0000284,KO.BNN,4983.0,4920.0,-63.0,updated
ev_KO_CEYT_.emsc_event_20230629_0000217,quakeml:eu.emsc/event/20230629_0000217,KO.CEYT,5914.0,,,no_emsc_pick
ev_KO_MERS_.emsc_event_20230515_0000156,quakeml:eu.emsc/event/20230515_0000156,KO.MERS,5932.0,,,no_emsc_pick
ev_KO_SARI_.emsc_event_20230803_0000033,quakeml:eu.emsc/event/20230803_0000033,KO.SARI,5095.0,5140.0,45.0,updated
ev_KO_BNN_.emsc_event_20230306_0000188,quakeml:eu.emsc/event/20230306_0000188,KO.BNN,4959.0,4910.0,-49.0,updated
ev_KO_SARI_.emsc_event_20230304_0000308,quakeml:eu.emsc/event/20230304_0000308,KO.SARI,5242.0,5250.0,8.0,updated
ev_KO_TAHT_.emsc_event_20230305_0000041,quakeml:eu.emsc/event/20230305_0000041,KO.TAHT,5923.0,,,no_emsc_pick
ev_KO_DARE_.emsc_event_20230320_0000087,quakeml:eu.emsc/event/20230320_0000087,KO.DARE,4018.0,4040.0,22.0,updated
ev_KO_GAZ_.emsc_event_20230308_0000275,quakeml:eu.emsc/event/20230308_0000275,KO.GAZ,5091.0,5090.0,-1.0,updated
ev_KO_SARI_.emsc_event_20230308_0000093,quakeml:eu.emsc/event/20230308_0000093,KO.SARI,4046.0,4100.0,54.0,updated
ev_KO_KOZT_.emsc_event_20230305_0000141,quakeml:eu.emsc/event/20230305_0000141,KO.KOZT,4401.0,4520.0,119.0,updated
ev_KO_URFA_.emsc_event_20230307_0000294,quakeml:eu.emsc/event/20230307_0000294,KO.URFA,5734.0,5790.0,56.0,updated
ev_KO_KMRS_.emsc_event_20230305_0000290,quakeml:eu.emsc/event/20230305_0000290,KO.KMRS,4506.0,4580.0,74.0,updated
ev_KO_URFA_.emsc_event_20230417_0000056,quakeml:eu.emsc/event/20230417_0000056,KO.URFA,4452.0,4520.0,68.0,updated
ev_KO_SVRC_.emsc_event_20230305_0000108,quakeml:eu.emsc/event/20230305_0000108,KO.SVRC,4614.0,4550.0,-64.0,updated
ev_KO_GAZ_.emsc_event_20230304_0000111,quakeml:eu.emsc/event/20230304_0000111,KO.GAZ,3340.0,3410.0,70.0,updated
ev_KO_CEYT_.emsc_event_20230304_0000096,quakeml:eu.emsc/event/20230304_0000096,KO.CEYT,4929.0,4940.0,11.0,updated
ev_KO_BNN_.emsc_event_20230410_0000076,quakeml:eu.emsc/event/20230410_0000076,KO.BNN,5288.0,5330.0,42.0,updated
ev_KO_SARI_.emsc_event_20230607_0000200,quakeml:eu.emsc/event/20230607_0000200,KO.SARI,5352.0,,,no_emsc_pick
ev_KO_SARI_.emsc_event_20230308_0000087,quakeml:eu.emsc/event/20230308_0000087,KO.SARI,4889.0,4870.0,-19.0,updated
ev_KO_GAZ_.emsc_event_20230306_0000050,quakeml:eu.emsc/event/20230306_0000050,KO.GAZ,3389.0,3470.0,81.0,updated
ev_KO_KOZT_.emsc_event_20230308_0000129,quakeml:eu.emsc/event/20230308_0000129,KO.KOZT,3757.0,3840.0,83.0,updated
ev_KO_KMRS_.emsc_event_20230305_0000284,quakeml:eu.emsc/event/20230305_0000284,KO.KMRS,5776.0,5940.0,164.0,updated
ev_KO_SVRC_.emsc_event_20230304_0000210,quakeml:eu.emsc/event/20230304_0000210,KO.SVRC,4622.0,,,no_emsc_pick
ev_KO_TAHT_.emsc_event_20230307_0000114,quakeml:eu.emsc/event/20230307_0000114,KO.TAHT,5546.0,5540.0,-6.0,updated
ev_KO_KOZT_.emsc_event_20230306_0000318,quakeml:eu.emsc/event/20230306_0000318,KO.KOZT,5487.0,5540.0,53.0,updated
ev_KO_TAHT_.emsc_event_20230227_0000075,quakeml:eu.emsc/event/20230227_0000075,KO.TAHT,3479.0,3510.0,31.0,updated
ev_KO_SARI_.emsc_event_20230615_0000024,quakeml:eu.emsc/event/20230615_0000024,KO.SARI,5863.0,,,no_emsc_pick
ev_KO_BNN_.emsc_event_20230629_0000248,quakeml:eu.emsc/event/20230629_0000248,KO.BNN,5966.0,5953.0,-13.0,updated
ev_KO_TAHT_.emsc_event_20230305_0000055,quakeml:eu.emsc/event/20230305_0000055,KO.TAHT,4915.0,,,no_emsc_pick
ev_KO_SARI_.emsc_event_20230525_0000015,quakeml:eu.emsc/event/20230525_0000015,KO.SARI,4611.0,,,no_emsc_pick
ev_KO_MERS_.emsc_event_20230301_0000118,quakeml:eu.emsc/event/20230301_0000118,KO.MERS,5893.0,,,no_emsc_pick
ev_KO_KOZT_.emsc_event_20230306_0000330,quakeml:eu.emsc/event/20230306_0000330,KO.KOZT,4205.0,4210.0,5.0,updated
ev_KO_TAHT_.emsc_event_20230306_0000230,quakeml:eu.emsc/event/20230306_0000230,KO.TAHT,3539.0,3600.0,61.0,updated
ev_KO_MERS_.emsc_event_20230406_0000070,quakeml:eu.emsc/event/20230406_0000070,KO.MERS,5998.0,,,no_emsc_pick
ev_KO_DYBB_.emsc_event_20230429_0000167,quakeml:eu.emsc/event/20230429_0000167,KO.DYBB,5392.0,,,no_emsc_pick
ev_KO_GAZ_.emsc_event_20230306_0000078,quakeml:eu.emsc/event/20230306_0000078,KO.GAZ,4844.0,4880.0,36.0,updated
ev_KO_SVRC_.emsc_event_20230307_0000075,quakeml:eu.emsc/event/20230307_0000075,KO.SVRC,5227.0,5300.0,73.0,updated
ev_KO_BNN_.emsc_event_20230305_0000306,quakeml:eu.emsc/event/20230305_0000306,KO.BNN,5037.0,5050.0,13.0,updated
ev_KO_SVRC_.emsc_event_20230307_0000077,quakeml:eu.emsc/event/20230307_0000077,KO.SVRC,4636.0,4670.0,34.0,updated
ev_KO_KOZT_.emsc_event_20230308_0000103,quakeml:eu.emsc/event/20230308_0000103,KO.KOZT,5611.0,5680.0,69.0,updated
ev_KO_KOZT_.emsc_event_20230304_0000273,quakeml:eu.emsc/event/20230304_0000273,KO.KOZT,4215.0,4250.0,35.0,updated
ev_KO_TAHT_.emsc_event_20230308_0000003,quakeml:eu.emsc/event/20230308_0000003,KO.TAHT,5183.0,5200.0,17.0,updated
ev_KO_MERS_.emsc_event_20230513_0000240,quakeml:eu.emsc/event/20230513_0000240,KO.MERS,5851.0,5930.0,79.0,updated
ev_KO_GAZ_.emsc_event_20230305_0000237,quakeml:eu.emsc/event/20230305_0000237,KO.GAZ,5500.0,5550.0,50.0,updated
ev_KO_SARI_.emsc_event_20230306_0000288,quakeml:eu.emsc/event/20230306_0000288,KO.SARI,3813.0,3930.0,117.0,updated
ev_KO_DARE_.emsc_event_20230404_0000230,quakeml:eu.emsc/event/20230404_0000230,KO.DARE,5202.0,5100.0,-102.0,updated
ev_KO_BNN_.emsc_event_20230307_0000245,quakeml:eu.emsc/event/20230307_0000245,KO.BNN,4935.0,5070.0,135.0,updated
ev_KO_BNN_.emsc_event_20230605_0000096,quakeml:eu.emsc/event/20230605_0000096,KO.BNN,5906.0,5940.0,34.0,updated
ev_KO_GAZ_.emsc_event_20230304_0000107,quakeml:eu.emsc/event/20230304_0000107,KO.GAZ,4366.0,4430.0,64.0,updated
ev_KO_CEYT_.emsc_event_20230710_0000204,quakeml:eu.emsc/event/20230710_0000204,KO.CEYT,5191.0,5290.0,99.0,updated
ev_KO_GAZ_.emsc_event_20230306_0000046,quakeml:eu.emsc/event/20230306_0000046,KO.GAZ,4812.0,4910.0,98.0,updated
ev_KO_TAHT_.emsc_event_20230305_0000043,quakeml:eu.emsc/event/20230305_0000043,KO.TAHT,3241.0,3290.0,49.0,updated
ev_KO_TAHT_.emsc_event_20230305_0000057,quakeml:eu.emsc/event/20230305_0000057,KO.TAHT,5867.0,,,no_emsc_pick
ev_KO_BNN_.emsc_event_20230306_0000175,quakeml:eu.emsc/event/20230306_0000175,KO.BNN,5866.0,5940.0,74.0,updated
ev_KO_DARE_.emsc_event_20230407_0000041,quakeml:eu.emsc/event/20230407_0000041,KO.DARE,5388.0,5440.0,52.0,updated
ev_KO_CEYT_.emsc_event_20230513_0000240,quakeml:eu.emsc/event/20230513_0000240,KO.CEYT,4682.0,4760.0,78.0,updated
ev_KO_GAZ_.emsc_event_20230306_0000052,quakeml:eu.emsc/event/20230306_0000052,KO.GAZ,5466.0,5490.0,24.0,updated
ev_KO_SARI_.emsc_event_20230607_0000202,quakeml:eu.emsc/event/20230607_0000202,KO.SARI,5162.0,,,no_emsc_pick
ev_KO_DYBB_.emsc_event_20230722_0000036,quakeml:eu.emsc/event/20230722_0000036,KO.DYBB,5555.0,5742.0,187.0,updated
ev_KO_URFA_.emsc_event_20230307_0000269,quakeml:eu.emsc/event/20230307_0000269,KO.URFA,5312.0,5340.0,28.0,updated
ev_KO_KMRS_.emsc_event_20230306_0000020,quakeml:eu.emsc/event/20230306_0000020,KO.KMRS,4268.0,4350.0,82.0,updated
ev_KO_GULA_.emsc_event_20230305_0000041,quakeml:eu.emsc/event/20230305_0000041,KO.GULA,5987.0,,,no_emsc_pick
ev_KO_GAZ_.emsc_event_20230308_0000288,quakeml:eu.emsc/event/20230308_0000288,KO.GAZ,5326.0,5360.0,34.0,updated
ev_KO_URFA_.emsc_event_20230306_0000171,quakeml:eu.emsc/event/20230306_0000171,KO.URFA,5986.0,,,no_emsc_pick
ev_KO_DARE_.emsc_event_20230308_0000024,quakeml:eu.emsc/event/20230308_0000024,KO.DARE,5093.0,5170.0,77.0,updated
ev_KO_URFA_.emsc_event_20230304_0000030,quakeml:eu.emsc/event/20230304_0000030,KO.URFA,5995.0,,,no_emsc_pick
ev_KO_DYBB_.emsc_event_20230418_0000063,quakeml:eu.emsc/event/20230418_0000063,KO.DYBB,4999.0,,,no_emsc_pick
ev_KO_SARI_.emsc_event_20230305_0000006,quakeml:eu.emsc/event/20230305_0000006,KO.SARI,3540.0,3590.0,50.0,updated
ev_KO_TAHT_.emsc_event_20230511_0000031,quakeml:eu.emsc/event/20230511_0000031,KO.TAHT,5518.0,5430.0,-88.0,updated
ev_KO_KMRS_.emsc_event_20230307_0000338,quakeml:eu.emsc/event/20230307_0000338,KO.KMRS,3595.0,3590.0,-5.0,updated
ev_KO_DARE_.emsc_event_20230522_0000079,quakeml:eu.emsc/event/20230522_0000079,KO.DARE,4799.0,4850.0,51.0,updated
ev_KO_CEYT_.emsc_event_20230304_0000043,quakeml:eu.emsc/event/20230304_0000043,KO.CEYT,4953.0,5060.0,107.0,updated
ev_KO_TAHT_.emsc_event_20230305_0000080,quakeml:eu.emsc/event/20230305_0000080,KO.TAHT,5373.0,,,no_emsc_pick
ev_KO_SARI_.emsc_event_20230304_0000336,quakeml:eu.emsc/event/20230304_0000336,KO.SARI,5232.0,5240.0,8.0,updated
ev_KO_TAHT_.emsc_event_20230305_0000094,quakeml:eu.emsc/event/20230305_0000094,KO.TAHT,5715.0,5880.0,165.0,updated
ev_KO_CEYT_.emsc_event_20230304_0000057,quakeml:eu.emsc/event/20230304_0000057,KO.CEYT,5235.0,5250.0,15.0,updated
ev_KO_GAZ_.emsc_event_20230306_0000091,quakeml:eu.emsc/event/20230306_0000091,KO.GAZ,5239.0,5290.0,51.0,updated
ev_KO_DARE_.emsc_event_20230309_0000314,quakeml:eu.emsc/event/20230309_0000314,KO.DARE,3400.0,3450.0,50.0,updated
ev_KO_KMRS_.emsc_event_20230305_0000245,quakeml:eu.emsc/event/20230305_0000245,KO.KMRS,4980.0,5020.0,40.0,updated
ev_KO_URFA_.emsc_event_20230309_0000299,quakeml:eu.emsc/event/20230309_0000299,KO.URFA,5000.0,5150.0,150.0,updated
ev_KO_GAZ_.emsc_event_20230305_0000035,quakeml:eu.emsc/event/20230305_0000035,KO.GAZ,5282.0,5290.0,8.0,updated
ev_KO_GAZ_.emsc_event_20230307_0000174,quakeml:eu.emsc/event/20230307_0000174,KO.GAZ,4988.0,5040.0,52.0,updated
ev_KO_BNN_.emsc_event_20230307_0000053,quakeml:eu.emsc/event/20230307_0000053,KO.BNN,5121.0,5200.0,79.0,updated
ev_KO_TAHT_.emsc_event_20230304_0000171,quakeml:eu.emsc/event/20230304_0000171,KO.TAHT,5625.0,,,no_emsc_pick
ev_KO_DARE_.emsc_event_20230304_0000181,quakeml:eu.emsc/event/20230304_0000181,KO.DARE,4893.0,5010.0,117.0,updated
ev_KO_BNN_.emsc_event_20230305_0000112,quakeml:eu.emsc/event/20230305_0000112,KO.BNN,5961.0,5840.0,-121.0,updated
ev_KO_DYBB_.emsc_event_20230304_0000310,quakeml:eu.emsc/event/20230304_0000310,KO.DYBB,5551.0,,,no_emsc_pick
ev_KO_GAZ_.emsc_event_20230305_0000021,quakeml:eu.emsc/event/20230305_0000021,KO.GAZ,4935.0,5010.0,75.0,updated
ev_KO_GAZ_.emsc_event_20230306_0000244,quakeml:eu.emsc/event/20230306_0000244,KO.GAZ,4989.0,5040.0,51.0,updated
ev_KO_SVRC_.emsc_event_20230613_0000014,quakeml:eu.emsc/event/20230613_0000014,KO.SVRC,5037.0,5100.0,63.0,updated
ev_KO_DARE_.emsc_event_20230226_0000189,quakeml:eu.emsc/event/20230226_0000189,KO.DARE,5418.0,,,no_emsc_pick
ev_KO_CEYT_.emsc_event_20230304_0000296,quakeml:eu.emsc/event/20230304_0000296,KO.CEYT,4972.0,5030.0,58.0,updated
ev_KO_SARI_.emsc_event_20230421_0000066,quakeml:eu.emsc/event/20230421_0000066,KO.SARI,3953.0,3990.0,37.0,updated
ev_KO_KMRS_.emsc_event_20230305_0000084,quakeml:eu.emsc/event/20230305_0000084,KO.KMRS,4086.0,,,no_emsc_pick
ev_KO_URFA_.emsc_event_20230307_0000080,quakeml:eu.emsc/event/20230307_0000080,KO.URFA,5465.0,,,no_emsc_pick
ev_KO_KOZT_.emsc_event_20230306_0000118,quakeml:eu.emsc/event/20230306_0000118,KO.KOZT,4275.0,4370.0,95.0,updated
ev_KO_TAHT_.emsc_event_20230627_0000116,quakeml:eu.emsc/event/20230627_0000116,KO.TAHT,5114.0,5130.0,16.0,updated
ev_KO_SVRC_.emsc_event_20230306_0000151,quakeml:eu.emsc/event/20230306_0000151,KO.SVRC,4495.0,4590.0,95.0,updated
ev_KO_MERS_.emsc_event_20230312_0000218,quakeml:eu.emsc/event/20230312_0000218,KO.MERS,5249.0,5360.0,111.0,updated
ev_KO_KOZT_.emsc_event_20230304_0000059,quakeml:eu.emsc/event/20230304_0000059,KO.KOZT,5920.0,5930.0,10.0,updated
ev_KO_DARE_.emsc_event_20230308_0000232,quakeml:eu.emsc/event/20230308_0000232,KO.DARE,5916.0,,,no_emsc_pick
ev_KO_CEYT_.emsc_event_20230801_0000007,quakeml:eu.emsc/event/20230801_0000007,KO.CEYT,5054.0,5054.0,0.0,updated
ev_KO_CEYT_.emsc_event_20230311_0000096,quakeml:eu.emsc/event/20230311_0000096,KO.CEYT,4855.0,4930.0,75.0,updated
ev_KO_SARI_.emsc_event_20230411_0000250,quakeml:eu.emsc/event/20230411_0000250,KO.SARI,4777.0,4680.0,-97.0,updated
ev_KO_DARE_.emsc_event_20230304_0000142,quakeml:eu.emsc/event/20230304_0000142,KO.DARE,3927.0,3970.0,43.0,updated
ev_KO_SVRC_.emsc_event_20230222_0000259,quakeml:eu.emsc/event/20230222_0000259,KO.SVRC,5628.0,5590.0,-38.0,updated
ev_KO_DARE_.emsc_event_20230306_0000003,quakeml:eu.emsc/event/20230306_0000003,KO.DARE,4565.0,4640.0,75.0,updated
ev_KO_DARE_.emsc_event_20230306_0000017,quakeml:eu.emsc/event/20230306_0000017,KO.DARE,4728.0,4780.0,52.0,updated
ev_KO_CEYT_.emsc_event_20230306_0000328,quakeml:eu.emsc/event/20230306_0000328,KO.CEYT,4639.0,4650.0,11.0,updated
ev_KO_KMRS_.emsc_event_20230308_0000007,quakeml:eu.emsc/event/20230308_0000007,KO.KMRS,5568.0,5710.0,142.0,updated
ev_KO_DARE_.emsc_event_20230304_0000156,quakeml:eu.emsc/event/20230304_0000156,KO.DARE,5565.0,,,no_emsc_pick
ev_KO_SARI_.emsc_event_20230308_0000278,quakeml:eu.emsc/event/20230308_0000278,KO.SARI,4944.0,4880.0,-64.0,updated
ev_KO_URFA_.emsc_event_20230304_0000232,quakeml:eu.emsc/event/20230304_0000232,KO.URFA,4828.0,4900.0,72.0,updated
ev_KO_URFA_.emsc_event_20230621_0000196,quakeml:eu.emsc/event/20230621_0000196,KO.URFA,4465.0,4740.0,275.0,updated
ev_KO_SARI_.emsc_event_20230321_0000116,quakeml:eu.emsc/event/20230321_0000116,KO.SARI,3825.0,,,no_emsc_pick
ev_KO_CEYT_.emsc_event_20230308_0000131,quakeml:eu.emsc/event/20230308_0000131,KO.CEYT,5044.0,5110.0,66.0,updated
ev_KO_SARI_.emsc_event_20230304_0000120,quakeml:eu.emsc/event/20230304_0000120,KO.SARI,3409.0,3470.0,61.0,updated
ev_KO_DARE_.emsc_event_20230403_0000016,quakeml:eu.emsc/event/20230403_0000016,KO.DARE,4287.0,3990.0,-297.0,updated
ev_KO_MERS_.emsc_event_20230306_0000328,quakeml:eu.emsc/event/20230306_0000328,KO.MERS,5574.0,,,no_emsc_pick
ev_KO_DYBB_.emsc_event_20230328_0000133,quakeml:eu.emsc/event/20230328_0000133,KO.DYBB,5766.0,,,no_emsc_pick
ev_KO_SARI_.emsc_event_20230308_0000250,quakeml:eu.emsc/event/20230308_0000250,KO.SARI,4597.0,4750.0,153.0,updated
ev_KO_GAZ_.emsc_event_20230306_0000287,quakeml:eu.emsc/event/20230306_0000287,KO.GAZ,3658.0,3750.0,92.0,updated
ev_KO_BNN_.emsc_event_20230308_0000185,quakeml:eu.emsc/event/20230308_0000185,KO.BNN,4798.0,4940.0,142.0,updated
ev_KO_URFA_.emsc_event_20230307_0000043,quakeml:eu.emsc/event/20230307_0000043,KO.URFA,5813.0,5950.0,137.0,updated
ev_KO_SARI_.emsc_event_20230305_0000238,quakeml:eu.emsc/event/20230305_0000238,KO.SARI,5093.0,,,no_emsc_pick
ev_KO_SARI_.emsc_event_20230308_0000244,quakeml:eu.emsc/event/20230308_0000244,KO.SARI,5842.0,,,no_emsc_pick
ev_KO_SARI_.emsc_event_20230314_0000251,quakeml:eu.emsc/event/20230314_0000251,KO.SARI,4086.0,,,no_emsc_pick
ev_KO_CEYT_.emsc_event_20230304_0000255,quakeml:eu.emsc/event/20230304_0000255,KO.CEYT,5930.0,5920.0,-10.0,updated
ev_KO_DYBB_.emsc_event_20230430_0000217,quakeml:eu.emsc/event/20230430_0000217,KO.DYBB,5176.0,,,no_emsc_pick
ev_KO_SARI_.emsc_event_20230716_0000073,quakeml:eu.emsc/event/20230716_0000073,KO.SARI,5030.0,5007.0,-23.0,updated
ev_KO_DARE_.emsc_event_20230305_0000266,quakeml:eu.emsc/event/20230305_0000266,KO.DARE,3826.0,3950.0,124.0,updated
ev_KO_URFA_.emsc_event_20230514_0000015,quakeml:eu.emsc/event/20230514_0000015,KO.URFA,5078.0,5050.0,-28.0,updated
ev_KO_DARE_.emsc_event_20230307_0000327,quakeml:eu.emsc/event/20230307_0000327,KO.DARE,4035.0,4100.0,65.0,updated
ev_KO_GAZ_.emsc_event_20230305_0000141,quakeml:eu.emsc/event/20230305_0000141,KO.GAZ,5431.0,5520.0,89.0,updated
ev_KO_MERS_.emsc_event_20230308_0000092,quakeml:eu.emsc/event/20230308_0000092,KO.MERS,5962.0,,,no_emsc_pick
ev_KO_BNN_.emsc_event_20230307_0000127,quakeml:eu.emsc/event/20230307_0000127,KO.BNN,5385.0,,,no_emsc_pick
ev_KO_DARE_.emsc_event_20230224_0000194,quakeml:eu.emsc/event/20230224_0000194,KO.DARE,5645.0,5740.0,95.0,updated
ev_KO_BNN_.emsc_event_20230719_0000304,quakeml:eu.emsc/event/20230719_0000304,KO.BNN,5447.0,5320.0,-127.0,updated
ev_KO_GAZ_.emsc_event_20230306_0000318,quakeml:eu.emsc/event/20230306_0000318,KO.GAZ,3560.0,3600.0,40.0,updated
ev_KO_URFA_.emsc_event_20230727_0000313,quakeml:eu.emsc/event/20230727_0000313,KO.URFA,5077.0,5170.0,93.0,updated
ev_KO_KOZT_.emsc_event_20230304_0000111,quakeml:eu.emsc/event/20230304_0000111,KO.KOZT,4933.0,4980.0,47.0,updated
ev_KO_SVRC_.emsc_event_20230306_0000019,quakeml:eu.emsc/event/20230306_0000019,KO.SVRC,5726.0,5870.0,144.0,updated
ev_KO_KOZT_.emsc_event_20230306_0000050,quakeml:eu.emsc/event/20230306_0000050,KO.KOZT,4956.0,5010.0,54.0,updated
ev_KO_GAZ_.emsc_event_20230308_0000129,quakeml:eu.emsc/event/20230308_0000129,KO.GAZ,5801.0,,,no_emsc_pick
ev_KO_SVRC_.emsc_event_20230304_0000158,quakeml:eu.emsc/event/20230304_0000158,KO.SVRC,3894.0,3990.0,96.0,updated
ev_KO_CEYT_.emsc_event_20230503_0000247,quakeml:eu.emsc/event/20230503_0000247,KO.CEYT,5556.0,,,no_emsc_pick
ev_KO_KOZT_.emsc_event_20230306_0000078,quakeml:eu.emsc/event/20230306_0000078,KO.KOZT,4152.0,4130.0,-22.0,updated
ev_KO_DARE_.emsc_event_20230307_0000284,quakeml:eu.emsc/event/20230307_0000284,KO.DARE,5174.0,5110.0,-64.0,updated
ev_KO_SARI_.emsc_event_20230419_0000229,quakeml:eu.emsc/event/20230419_0000229,KO.SARI,4073.0,4120.0,47.0,updated
ev_KO_CEYT_.emsc_event_20230308_0000086,quakeml:eu.emsc/event/20230308_0000086,KO.CEYT,5068.0,5170.0,102.0,updated
ev_KO_GAZ_.emsc_event_20230306_0000330,quakeml:eu.emsc/event/20230306_0000330,KO.GAZ,4924.0,4950.0,26.0,updated
ev_KO_SVRC_.emsc_event_20230308_0000200,quakeml:eu.emsc/event/20230308_0000200,KO.SVRC,5441.0,5510.0,69.0,updated
ev_KO_DARE_.emsc_event_20230306_0000188,quakeml:eu.emsc/event/20230306_0000188,KO.DARE,5127.0,5130.0,3.0,updated
ev_KO_CEYT_.emsc_event_20230308_0000092,quakeml:eu.emsc/event/20230308_0000092,KO.CEYT,4861.0,,,no_emsc_pick
ev_KO_SVRC_.emsc_event_20230304_0000164,quakeml:eu.emsc/event/20230304_0000164,KO.SVRC,3981.0,4020.0,39.0,updated
ev_KO_BNN_.emsc_event_20230306_0000203,quakeml:eu.emsc/event/20230306_0000203,KO.BNN,4850.0,4810.0,-40.0,updated
ev_KO_SARI_.emsc_event_20230304_0000068,quakeml:eu.emsc/event/20230304_0000068,KO.SARI,5718.0,5770.0,52.0,updated
ev_KO_BNN_.emsc_event_20230730_0000095,quakeml:eu.emsc/event/20230730_0000095,KO.BNN,5764.0,,,no_emsc_pick
ev_KO_DARE_.emsc_event_20230530_0000117,quakeml:eu.emsc/event/20230530_0000117,KO.DARE,4752.0,4860.0,108.0,updated
ev_KO_CEYT_.emsc_event_20230306_0000248,quakeml:eu.emsc/event/20230306_0000248,KO.CEYT,5410.0,5410.0,0.0,updated
ev_KO_DARE_.emsc_event_20230306_0000177,quakeml:eu.emsc/event/20230306_0000177,KO.DARE,3682.0,3700.0,18.0,updated
ev_KO_CEYT_.emsc_event_20230304_0000309,quakeml:eu.emsc/event/20230304_0000309,KO.CEYT,5170.0,,,no_emsc_pick
ev_KO_DARE_.emsc_event_20230306_0000163,quakeml:eu.emsc/event/20230306_0000163,KO.DARE,4637.0,,,no_emsc_pick
ev_KO_DYBB_.emsc_event_20230222_0000005,quakeml:eu.emsc/event/20230222_0000005,KO.DYBB,5310.0,,,no_emsc_pick
ev_KO_CEYT_.emsc_event_20230305_0000011,quakeml:eu.emsc/event/20230305_0000011,KO.CEYT,5150.0,5160.0,10.0,updated
ev_KO_MERS_.emsc_event_20230306_0000274,quakeml:eu.emsc/event/20230306_0000274,KO.MERS,5484.0,,,no_emsc_pick
ev_KO_GULA_.emsc_event_20230605_0000099,quakeml:eu.emsc/event/20230605_0000099,KO.GULA,5961.0,,,no_emsc_pick
ev_KO_CEYT_.emsc_event_20230308_0000045,quakeml:eu.emsc/event/20230308_0000045,KO.CEYT,5086.0,5170.0,84.0,updated
ev_KO_DARE_.emsc_event_20230307_0000247,quakeml:eu.emsc/event/20230307_0000247,KO.DARE,4076.0,4080.0,4.0,updated
ev_KO_DARE_.emsc_event_20230305_0000306,quakeml:eu.emsc/event/20230305_0000306,KO.DARE,5163.0,5300.0,137.0,updated
ev_KO_SVRC_.emsc_event_20230702_0000113,quakeml:eu.emsc/event/20230702_0000113,KO.SVRC,4127.0,4200.0,73.0,updated
ev_KO_KMRS_.emsc_event_20230305_0000127,quakeml:eu.emsc/event/20230305_0000127,KO.KMRS,5492.0,5580.0,88.0,updated
ev_KO_CEYT_.emsc_event_20230306_0000274,quakeml:eu.emsc/event/20230306_0000274,KO.CEYT,3607.0,3730.0,123.0,updated
ev_KO_SVRC_.emsc_event_20230702_0000107,quakeml:eu.emsc/event/20230702_0000107,KO.SVRC,5760.0,5790.0,30.0,updated
ev_KO_KMRS_.emsc_event_20230305_0000133,quakeml:eu.emsc/event/20230305_0000133,KO.KMRS,4250.0,4310.0,60.0,updated
ev_KO_CEYT_.emsc_event_20230521_0000269,quakeml:eu.emsc/event/20230521_0000269,KO.CEYT,4965.0,,,no_emsc_pick
ev_KO_URFA_.emsc_event_20230309_0000306,quakeml:eu.emsc/event/20230309_0000306,KO.URFA,5411.0,5530.0,119.0,updated
ev_KO_CEYT_.emsc_event_20230308_0000051,quakeml:eu.emsc/event/20230308_0000051,KO.CEYT,5353.0,,,no_emsc_pick
ev_KO_DARE_.emsc_event_20230307_0000253,quakeml:eu.emsc/event/20230307_0000253,KO.DARE,4203.0,4290.0,87.0,updated
ev_KO_KOZT_.emsc_event_20230308_0000077,quakeml:eu.emsc/event/20230308_0000077,KO.KOZT,4548.0,,,no_emsc_pick
ev_KO_BNN_.emsc_event_20230305_0000264,quakeml:eu.emsc/event/20230305_0000264,KO.BNN,5081.0,5030.0,-51.0,updated
ev_KO_CEYT_.emsc_event_20230407_0000222,quakeml:eu.emsc/event/20230407_0000222,KO.CEYT,5076.0,4910.0,-166.0,updated
ev_KO_MERS_.emsc_event_20230421_0000071,quakeml:eu.emsc/event/20230421_0000071,KO.MERS,5980.0,,,no_emsc_pick
ev_KO_CEYT_.emsc_event_20230219_0000208,quakeml:eu.emsc/event/20230219_0000208,KO.CEYT,4977.0,5030.0,53.0,updated
ev_KO_GAZ_.emsc_event_20230307_0000202,quakeml:eu.emsc/event/20230307_0000202,KO.GAZ,5954.0,,,no_emsc_pick
ev_KO_BNN_.emsc_event_20230306_0000029,quakeml:eu.emsc/event/20230306_0000029,KO.BNN,5496.0,,,no_emsc_pick
ev_KO_URFA_.emsc_event_20230310_0000074,quakeml:eu.emsc/event/20230310_0000074,KO.URFA,5559.0,5660.0,101.0,updated
ev_KO_KOZT_.emsc_event_20230306_0000246,quakeml:eu.emsc/event/20230306_0000246,KO.KOZT,4407.0,4510.0,103.0,updated
ev_KO_KMRS_.emsc_event_20230306_0000183,quakeml:eu.emsc/event/20230306_0000183,KO.KMRS,3432.0,3460.0,28.0,updated
ev_KO_GAZ_.emsc_event_20230307_0000216,quakeml:eu.emsc/event/20230307_0000216,KO.GAZ,5089.0,5220.0,131.0,updated
ev_KO_BNN_.emsc_event_20230307_0000331,quakeml:eu.emsc/event/20230307_0000331,KO.BNN,3871.0,3930.0,59.0,updated
ev_KO_GAZ_.emsc_event_20230306_0000132,quakeml:eu.emsc/event/20230306_0000132,KO.GAZ,4634.0,4700.0,66.0,updated
ev_KO_DARE_.emsc_event_20230307_0000086,quakeml:eu.emsc/event/20230307_0000086,KO.DARE,5143.0,5120.0,-23.0,updated
ev_KO_BNN_.emsc_event_20230304_0000154,quakeml:eu.emsc/event/20230304_0000154,KO.BNN,4989.0,4950.0,-39.0,updated
ev_KO_TAHT_.emsc_event_20230305_0000137,quakeml:eu.emsc/event/20230305_0000137,KO.TAHT,5853.0,5910.0,57.0,updated
ev_KO_SARI_.emsc_event_20230304_0000281,quakeml:eu.emsc/event/20230304_0000281,KO.SARI,4074.0,,,no_emsc_pick
ev_KO_BNN_.emsc_event_20230306_0000001,quakeml:eu.emsc/event/20230306_0000001,KO.BNN,3837.0,3900.0,63.0,updated
ev_KO_CEYT_.emsc_event_20230421_0000071,quakeml:eu.emsc/event/20230421_0000071,KO.CEYT,4801.0,4860.0,59.0,updated
ev_KO_CEYT_.emsc_event_20230215_0000150,quakeml:eu.emsc/event/20230215_0000150,KO.CEYT,5826.0,,,no_emsc_pick
ev_KO_KOZT_.emsc_event_20230307_0000162,quakeml:eu.emsc/event/20230307_0000162,KO.KOZT,5372.0,5470.0,98.0,updated
ev_KO_BNN_.emsc_event_20230713_0000162,quakeml:eu.emsc/event/20230713_0000162,KO.BNN,4876.0,4950.0,74.0,updated
ev_KO_KMRS_.emsc_event_20230305_0000319,quakeml:eu.emsc/event/20230305_0000319,KO.KMRS,5745.0,,,no_emsc_pick
ev_KO_DARE_.emsc_event_20230307_0000079,quakeml:eu.emsc/event/20230307_0000079,KO.DARE,3302.0,3300.0,-2.0,updated
ev_KO_KOZT_.emsc_event_20230306_0000285,quakeml:eu.emsc/event/20230306_0000285,KO.KOZT,5571.0,5620.0,49.0,updated
ev_KO_KMRS_.emsc_event_20230306_0000154,quakeml:eu.emsc/event/20230306_0000154,KO.KMRS,5685.0,5720.0,35.0,updated
ev_KO_CEYT_.emsc_event_20230307_0000346,quakeml:eu.emsc/event/20230307_0000346,KO.CEYT,5767.0,,,no_emsc_pick
ev_KO_URFA_.emsc_event_20230306_0000011,quakeml:eu.emsc/event/20230306_0000011,KO.URFA,5749.0,5810.0,61.0,updated
ev_KO_CEYT_.emsc_event_20230426_0000041,quakeml:eu.emsc/event/20230426_0000041,KO.CEYT,5024.0,5060.0,36.0,updated
ev_KO_KOZT_.emsc_event_20230306_0000291,quakeml:eu.emsc/event/20230306_0000291,KO.KOZT,5010.0,5080.0,70.0,updated
ev_KO_SARI_.emsc_event_20230305_0000172,quakeml:eu.emsc/event/20230305_0000172,KO.SARI,3595.0,3590.0,-5.0,updated
ev_KO_DARE_.emsc_event_20230304_0000220,quakeml:eu.emsc/event/20230304_0000220,KO.DARE,5783.0,5880.0,97.0,updated
ev_KO_TAHT_.emsc_event_20230609_0000116,quakeml:eu.emsc/event/20230609_0000116,KO.TAHT,5799.0,,,no_emsc_pick
ev_KO_DARE_.emsc_event_20230621_0000184,quakeml:eu.emsc/event/20230621_0000184,KO.DARE,4137.0,3900.0,-237.0,updated
ev_KO_CEYT_.emsc_event_20230306_0000076,quakeml:eu.emsc/event/20230306_0000076,KO.CEYT,5149.0,5200.0,51.0,updated
ev_KO_CEYT_.emsc_event_20230304_0000137,quakeml:eu.emsc/event/20230304_0000137,KO.CEYT,5373.0,5400.0,27.0,updated
ev_KO_URFA_.emsc_event_20230314_0000209,quakeml:eu.emsc/event/20230314_0000209,KO.URFA,5323.0,5320.0,-3.0,updated
ev_KO_KMRS_.emsc_event_20230307_0000264,quakeml:eu.emsc/event/20230307_0000264,KO.KMRS,5248.0,5300.0,52.0,updated
ev_KO_DARE_.emsc_event_20230308_0000178,quakeml:eu.emsc/event/20230308_0000178,KO.DARE,4926.0,5030.0,104.0,updated
ev_KO_DARE_.emsc_event_20230307_0000045,quakeml:eu.emsc/event/20230307_0000045,KO.DARE,3467.0,3360.0,-107.0,updated
ev_KO_DARE_.emsc_event_20230307_0000051,quakeml:eu.emsc/event/20230307_0000051,KO.DARE,4987.0,5040.0,53.0,updated
ev_KO_CEYT_.emsc_event_20230429_0000140,quakeml:eu.emsc/event/20230429_0000140,KO.CEYT,5305.0,5300.0,-5.0,updated
ev_KO_SVRC_.emsc_event_20230312_0000303,quakeml:eu.emsc/event/20230312_0000303,KO.SVRC,5602.0,5690.0,88.0,updated
ev_KO_KMRS_.emsc_event_20230307_0000270,quakeml:eu.emsc/event/20230307_0000270,KO.KMRS,4567.0,4680.0,113.0,updated
ev_KO_DYBB_.emsc_event_20230311_0000272,quakeml:eu.emsc/event/20230311_0000272,KO.DYBB,4512.0,,,no_emsc_pick
ev_KO_SARI_.emsc_event_20230308_0000132,quakeml:eu.emsc/event/20230308_0000132,KO.SARI,5711.0,5770.0,59.0,updated
ev_KO_BNN_.emsc_event_20230304_0000182,quakeml:eu.emsc/event/20230304_0000182,KO.BNN,4839.0,4910.0,71.0,updated
ev_KO_DARE_.emsc_event_20230305_0000111,quakeml:eu.emsc/event/20230305_0000111,KO.DARE,4936.0,4910.0,-26.0,updated
ev_KO_SARI_.emsc_event_20230306_0000302,quakeml:eu.emsc/event/20230306_0000302,KO.SARI,5114.0,5160.0,46.0,updated
ev_KO_TAHT_.emsc_event_20230511_0000178,quakeml:eu.emsc/event/20230511_0000178,KO.TAHT,5754.0,5820.0,66.0,updated
ev_KO_CEYT_.emsc_event_20230306_0000063,quakeml:eu.emsc/event/20230306_0000063,KO.CEYT,4972.0,5000.0,28.0,updated
ev_KO_MERS_.emsc_event_20230307_0000347,quakeml:eu.emsc/event/20230307_0000347,KO.MERS,5931.0,,,no_emsc_pick
ev_KO_KMRS_.emsc_event_20230307_0000271,quakeml:eu.emsc/event/20230307_0000271,KO.KMRS,5647.0,5800.0,153.0,updated
ev_KO_BNN_.emsc_event_20230503_0000033,quakeml:eu.emsc/event/20230503_0000033,KO.BNN,5332.0,5390.0,58.0,updated
ev_KO_KMRS_.emsc_event_20230307_0000265,quakeml:eu.emsc/event/20230307_0000265,KO.KMRS,4893.0,4880.0,-13.0,updated
ev_KO_CEYT_.emsc_event_20230306_0000077,quakeml:eu.emsc/event/20230306_0000077,KO.CEYT,5446.0,5410.0,-36.0,updated
ev_KO_DARE_.emsc_event_20230508_0000007,quakeml:eu.emsc/event/20230508_0000007,KO.DARE,5222.0,5220.0,-2.0,updated
ev_KO_KMRS_.emsc_event_20230306_0000169,quakeml:eu.emsc/event/20230306_0000169,KO.KMRS,4083.0,4220.0,137.0,updated
ev_KO_SARI_.emsc_event_20230306_0000316,quakeml:eu.emsc/event/20230306_0000316,KO.SARI,3699.0,3770.0,71.0,updated
ev_KO_KMRS_.emsc_event_20230304_0000028,quakeml:eu.emsc/event/20230304_0000028,KO.KMRS,3816.0,3900.0,84.0,updated
ev_KO_DARE_.emsc_event_20230308_0000179,quakeml:eu.emsc/event/20230308_0000179,KO.DARE,5486.0,,,no_emsc_pick
ev_KO_SARI_.emsc_event_20230304_0000257,quakeml:eu.emsc/event/20230304_0000257,KO.SARI,5147.0,5170.0,23.0,updated
ev_KO_CEYT_.emsc_event_20230305_0000212,quakeml:eu.emsc/event/20230305_0000212,KO.CEYT,5087.0,5120.0,33.0,updated
ev_KO_DARE_.emsc_event_20230304_0000221,quakeml:eu.emsc/event/20230304_0000221,KO.DARE,5003.0,5070.0,67.0,updated
ev_KO_SARI_.emsc_event_20230216_0000096,quakeml:eu.emsc/event/20230216_0000096,KO.SARI,5666.0,,,no_emsc_pick
ev_KO_DYBB_.emsc_event_20230619_0000013,quakeml:eu.emsc/event/20230619_0000013,KO.DYBB,5440.0,,,no_emsc_pick
ev_KO_SARI_.emsc_event_20230401_0000242,quakeml:eu.emsc/event/20230401_0000242,KO.SARI,3947.0,,,no_emsc_pick
ev_KO_SARI_.emsc_event_20230307_0000026,quakeml:eu.emsc/event/20230307_0000026,KO.SARI,5985.0,,,no_emsc_pick
ev_KO_TAHT_.emsc_event_20230427_0000097,quakeml:eu.emsc/event/20230427_0000097,KO.TAHT,3475.0,3540.0,65.0,updated
ev_KO_CEYT_.emsc_event_20230307_0000347,quakeml:eu.emsc/event/20230307_0000347,KO.CEYT,4860.0,,,no_emsc_pick
ev_KO_KOZT_.emsc_event_20230306_0000284,quakeml:eu.emsc/event/20230306_0000284,KO.KOZT,5798.0,,,no_emsc_pick
ev_KO_TAHT_.emsc_event_20230307_0000088,quakeml:eu.emsc/event/20230307_0000088,KO.TAHT,5605.0,,,no_emsc_pick
ev_KO_DARE_.emsc_event_20230307_0000093,quakeml:eu.emsc/event/20230307_0000093,KO.DARE,4999.0,4810.0,-189.0,updated
ev_KO_SARI_.emsc_event_20230304_0000280,quakeml:eu.emsc/event/20230304_0000280,KO.SARI,4252.0,4310.0,58.0,updated
ev_KO_MERS_.emsc_event_20230306_0000088,quakeml:eu.emsc/event/20230306_0000088,KO.MERS,5859.0,5950.0,91.0,updated
ev_KO_GAZ_.emsc_event_20230306_0000127,quakeml:eu.emsc/event/20230306_0000127,KO.GAZ,5272.0,5280.0,8.0,updated
ev_KO_KOZT_.emsc_event_20230305_0000022,quakeml:eu.emsc/event/20230305_0000022,KO.KOZT,5548.0,,,no_emsc_pick
ev_KO_KOZT_.emsc_event_20230305_0000036,quakeml:eu.emsc/event/20230305_0000036,KO.KOZT,4062.0,4080.0,18.0,updated
ev_KO_GAZ_.emsc_event_20230304_0000072,quakeml:eu.emsc/event/20230304_0000072,KO.GAZ,5068.0,5150.0,82.0,updated
ev_KO_KOZT_.emsc_event_20230307_0000177,quakeml:eu.emsc/event/20230307_0000177,KO.KOZT,5406.0,5400.0,-6.0,updated
ev_KO_TAHT_.emsc_event_20230305_0000136,quakeml:eu.emsc/event/20230305_0000136,KO.TAHT,5274.0,5320.0,46.0,updated
ev_KO_BNN_.emsc_event_20230304_0000155,quakeml:eu.emsc/event/20230304_0000155,KO.BNN,5098.0,5230.0,132.0,updated
ev_KO_DARE_.emsc_event_20230307_0000087,quakeml:eu.emsc/event/20230307_0000087,KO.DARE,5360.0,5380.0,20.0,updated
ev_KO_DARE_.emsc_event_20230325_0000056,quakeml:eu.emsc/event/20230325_0000056,KO.DARE,4826.0,4800.0,-26.0,updated
ev_KO_SVRC_.emsc_event_20230227_0000077,quakeml:eu.emsc/event/20230227_0000077,KO.SVRC,4120.0,4030.0,-90.0,updated
ev_KO_BNN_.emsc_event_20230305_0000271,quakeml:eu.emsc/event/20230305_0000271,KO.BNN,5739.0,5730.0,-9.0,updated
ev_KO_TAHT_.emsc_event_20230304_0000212,quakeml:eu.emsc/event/20230304_0000212,KO.TAHT,3262.0,3310.0,48.0,updated
ev_KO_BNN_.emsc_event_20230307_0000330,quakeml:eu.emsc/event/20230307_0000330,KO.BNN,4999.0,,,no_emsc_pick
ev_KO_SVRC_.emsc_event_20230307_0000102,quakeml:eu.emsc/event/20230307_0000102,KO.SVRC,5529.0,5580.0,51.0,updated
ev_KO_BNN_.emsc_event_20230305_0000265,quakeml:eu.emsc/event/20230305_0000265,KO.BNN,5803.0,5890.0,87.0,updated
ev_KO_CEYT_.emsc_event_20230306_0000088,quakeml:eu.emsc/event/20230306_0000088,KO.CEYT,4887.0,4950.0,63.0,updated
ev_KO_KOZT_.emsc_event_20230308_0000076,quakeml:eu.emsc/event/20230308_0000076,KO.KOZT,4367.0,4510.0,143.0,updated
ev_KO_SARI_.emsc_event_20230303_0000267,quakeml:eu.emsc/event/20230303_0000267,KO.SARI,3614.0,3650.0,36.0,updated
ev_KO_BNN_.emsc_event_20230306_0000028,quakeml:eu.emsc/event/20230306_0000028,KO.BNN,4971.0,5040.0,69.0,updated
ev_KO_GAZ_.emsc_event_20230307_0000203,quakeml:eu.emsc/event/20230307_0000203,KO.GAZ,4634.0,4680.0,46.0,updated
ev_KO_KOZT_.emsc_event_20230304_0000306,quakeml:eu.emsc/event/20230304_0000306,KO.KOZT,5923.0,,,no_emsc_pick
ev_KO_TAHT_.emsc_event_20230308_0000176,quakeml:eu.emsc/event/20230308_0000176,KO.TAHT,3470.0,3500.0,30.0,updated
ev_KO_CEYT_.emsc_event_20230304_0000320,quakeml:eu.emsc/event/20230304_0000320,KO.CEYT,4732.0,4830.0,98.0,updated
ev_KO_KMRS_.emsc_event_20230307_0000073,quakeml:eu.emsc/event/20230307_0000073,KO.KMRS,4210.0,4280.0,70.0,updated
ev_KO_MERS_.emsc_event_20230803_0000033,quakeml:eu.emsc/event/20230803_0000033,KO.MERS,5068.0,5120.0,52.0,updated
ev_KO_DARE_.emsc_event_20230508_0000211,quakeml:eu.emsc/event/20230508_0000211,KO.DARE,4900.0,4880.0,-20.0,updated
ev_KO_KMRS_.emsc_event_20230305_0000132,quakeml:eu.emsc/event/20230305_0000132,KO.KMRS,3825.0,3820.0,-5.0,updated
ev_KO_SARI_.emsc_event_20230515_0000156,quakeml:eu.emsc/event/20230515_0000156,KO.SARI,4052.0,,,no_emsc_pick
ev_KO_DARE_.emsc_event_20230315_0000076,quakeml:eu.emsc/event/20230315_0000076,KO.DARE,4534.0,4650.0,116.0,updated
ev_KO_URFA_.emsc_event_20230709_0000064,quakeml:eu.emsc/event/20230709_0000064,KO.URFA,4793.0,4850.0,57.0,updated
ev_KO_SARI_.emsc_event_20230304_0000055,quakeml:eu.emsc/event/20230304_0000055,KO.SARI,3878.0,,,no_emsc_pick
ev_KO_DARE_.emsc_event_20230616_0000195,quakeml:eu.emsc/event/20230616_0000195,KO.DARE,4090.0,3950.0,-140.0,updated
ev_KO_CEYT_.emsc_event_20230307_0000179,quakeml:eu.emsc/event/20230307_0000179,KO.CEYT,5201.0,5220.0,19.0,updated
ev_KO_URFA_.emsc_event_20230310_0000288,quakeml:eu.emsc/event/20230310_0000288,KO.URFA,5624.0,5690.0,66.0,updated
ev_KO_CEYT_.emsc_event_20230308_0000044,quakeml:eu.emsc/event/20230308_0000044,KO.CEYT,4814.0,4750.0,-64.0,updated
ev_KO_MERS_.emsc_event_20230726_0000086,quakeml:eu.emsc/event/20230726_0000086,KO.MERS,5762.0,5840.0,78.0,updated
ev_KO_URFA_.emsc_event_20230309_0000313,quakeml:eu.emsc/event/20230309_0000313,KO.URFA,5723.0,5780.0,57.0,updated
ev_KO_KMRS_.emsc_event_20230307_0000067,quakeml:eu.emsc/event/20230307_0000067,KO.KMRS,4410.0,4450.0,40.0,updated
ev_KO_SARI_.emsc_event_20230307_0000218,quakeml:eu.emsc/event/20230307_0000218,KO.SARI,5269.0,5260.0,-9.0,updated
ev_KO_MERS_.emsc_event_20230308_0000044,quakeml:eu.emsc/event/20230308_0000044,KO.MERS,5929.0,,,no_emsc_pick
ev_KO_KMRS_.emsc_event_20230304_0000202,quakeml:eu.emsc/event/20230304_0000202,KO.KMRS,4066.0,4070.0,4.0,updated
ev_KO_SARI_.emsc_event_20230717_0000236,quakeml:eu.emsc/event/20230717_0000236,KO.SARI,4907.0,,,no_emsc_pick
ev_KO_GAZ_.emsc_event_20230305_0000197,quakeml:eu.emsc/event/20230305_0000197,KO.GAZ,5865.0,,,no_emsc_pick
ev_KO_TAHT_.emsc_event_20230410_0000087,quakeml:eu.emsc/event/20230410_0000087,KO.TAHT,5711.0,,,no_emsc_pick
ev_KO_CEYT_.emsc_event_20230803_0000033,quakeml:eu.emsc/event/20230803_0000033,KO.CEYT,4051.0,4120.0,69.0,updated
ev_KO_SARI_.emsc_event_20230805_0000091,quakeml:eu.emsc/event/20230805_0000091,KO.SARI,4266.0,4270.0,4.0,updated
ev_KO_MERS_.emsc_event_20230304_0000320,quakeml:eu.emsc/event/20230304_0000320,KO.MERS,5921.0,,,no_emsc_pick
ev_KO_KMRS_.emsc_event_20230304_0000216,quakeml:eu.emsc/event/20230304_0000216,KO.KMRS,4951.0,4960.0,9.0,updated
ev_KO_CEYT_.emsc_event_20230304_0000308,quakeml:eu.emsc/event/20230304_0000308,KO.CEYT,5094.0,5140.0,46.0,updated
ev_KO_DARE_.emsc_event_20230306_0000176,quakeml:eu.emsc/event/20230306_0000176,KO.DARE,5184.0,5280.0,96.0,updated
ev_KO_TAHT_.emsc_event_20230306_0000186,quakeml:eu.emsc/event/20230306_0000186,KO.TAHT,5868.0,,,no_emsc_pick
ev_KO_SARI_.emsc_event_20230307_0000224,quakeml:eu.emsc/event/20230307_0000224,KO.SARI,5308.0,,,no_emsc_pick
ev_KO_BNN_.emsc_event_20230213_0000030,quakeml:eu.emsc/event/20230213_0000030,KO.BNN,5441.0,,,no_emsc_pick
ev_KO_DARE_.emsc_event_20230208_0000413,quakeml:eu.emsc/event/20230208_0000413,KO.DARE,4897.0,,,no_emsc_pick
ev_KO_CEYT_.emsc_event_20230224_0000282,quakeml:eu.emsc/event/20230224_0000282,KO.CEYT,3708.0,3850.0,142.0,updated
ev_KO_GAZ_.emsc_event_20230307_0000029,quakeml:eu.emsc/event/20230307_0000029,KO.GAZ,4678.0,4770.0,92.0,updated
ev_KO_CEYT_.emsc_event_20230308_0000093,quakeml:eu.emsc/event/20230308_0000093,KO.CEYT,4858.0,4970.0,112.0,updated
ev_KO_CEYT_.emsc_event_20230607_0000200,quakeml:eu.emsc/event/20230607_0000200,KO.CEYT,4547.0,4590.0,43.0,updated
ev_KO_DARE_.emsc_event_20230307_0000285,quakeml:eu.emsc/event/20230307_0000285,KO.DARE,4243.0,4140.0,-103.0,updated
ev_KO_DYBB_.emsc_event_20230717_0000006,quakeml:eu.emsc/event/20230717_0000006,KO.DYBB,5526.0,5590.0,64.0,updated
ev_KO_SARI_.emsc_event_20230304_0000096,quakeml:eu.emsc/event/20230304_0000096,KO.SARI,3951.0,,,no_emsc_pick
ev_KO_SARI_.emsc_event_20230614_0000049,quakeml:eu.emsc/event/20230614_0000049,KO.SARI,5539.0,,,no_emsc_pick
ev_KO_GAZ_.emsc_event_20230304_0000270,quakeml:eu.emsc/event/20230304_0000270,KO.GAZ,5129.0,,,no_emsc_pick
ev_KO_KOZT_.emsc_event_20230308_0000248,quakeml:eu.emsc/event/20230308_0000248,KO.KOZT,5970.0,5960.0,-10.0,updated
ev_KO_BNN_.emsc_event_20230308_0000027,quakeml:eu.emsc/event/20230308_0000027,KO.BNN,4973.0,5020.0,47.0,updated
ev_KO_GAZ_.emsc_event_20230306_0000319,quakeml:eu.emsc/event/20230306_0000319,KO.GAZ,5955.0,,,no_emsc_pick
ev_KO_BNN_.emsc_event_20230305_0000073,quakeml:eu.emsc/event/20230305_0000073,KO.BNN,5476.0,5190.0,-286.0,updated
ev_KO_SVRC_.emsc_event_20230304_0000159,quakeml:eu.emsc/event/20230304_0000159,KO.SVRC,4185.0,3980.0,-205.0,updated
ev_KO_DARE_.emsc_event_20230711_0000168,quakeml:eu.emsc/event/20230711_0000168,KO.DARE,3718.0,3800.0,82.0,updated
ev_KO_GAZ_.emsc_event_20230307_0000015,quakeml:eu.emsc/event/20230307_0000015,KO.GAZ,5940.0,5990.0,50.0,updated
ev_KO_KOZT_.emsc_event_20230304_0000110,quakeml:eu.emsc/event/20230304_0000110,KO.KOZT,4151.0,3960.0,-191.0,updated
ev_KO_BNN_.emsc_event_20230428_0000004,quakeml:eu.emsc/event/20230428_0000004,KO.BNN,5035.0,5030.0,-5.0,updated
ev_KO_DARE_.emsc_event_20230323_0000183,quakeml:eu.emsc/event/20230323_0000183,KO.DARE,5249.0,5290.0,41.0,updated
ev_KO_TAHT_.emsc_event_20230306_0000145,quakeml:eu.emsc/event/20230306_0000145,KO.TAHT,3990.0,4030.0,40.0,updated
ev_KO_SARI_.emsc_event_20230313_0000300,quakeml:eu.emsc/event/20230313_0000300,KO.SARI,5206.0,5190.0,-16.0,updated
ev_KO_KMRS_.emsc_event_20230307_0000107,quakeml:eu.emsc/event/20230307_0000107,KO.KMRS,5460.0,5520.0,60.0,updated
ev_KO_SARI_.emsc_event_20230305_0000239,quakeml:eu.emsc/event/20230305_0000239,KO.SARI,4063.0,4150.0,87.0,updated
ev_KO_BNN_.emsc_event_20230308_0000184,quakeml:eu.emsc/event/20230308_0000184,KO.BNN,5438.0,5500.0,62.0,updated
ev_KO_CEYT_.emsc_event_20230306_0000315,quakeml:eu.emsc/event/20230306_0000315,KO.CEYT,4914.0,4950.0,36.0,updated
ev_KO_DARE_.emsc_event_20230307_0000326,quakeml:eu.emsc/event/20230307_0000326,KO.DARE,4576.0,4440.0,-136.0,updated
ev_KO_SARI_.emsc_event_20230304_0000121,quakeml:eu.emsc/event/20230304_0000121,KO.SARI,4152.0,,,no_emsc_pick
ev_KO_CEYT_.emsc_event_20230319_0000159,quakeml:eu.emsc/event/20230319_0000159,KO.CEYT,5250.0,5270.0,20.0,updated
ev_KO_SARI_.emsc_event_20230306_0000060,quakeml:eu.emsc/event/20230306_0000060,KO.SARI,5342.0,5420.0,78.0,updated
ev_KO_SARI_.emsc_event_20230308_0000251,quakeml:eu.emsc/event/20230308_0000251,KO.SARI,3707.0,3750.0,43.0,updated
ev_KO_URFA_.emsc_event_20230307_0000056,quakeml:eu.emsc/event/20230307_0000056,KO.URFA,5790.0,,,no_emsc_pick
ev_KO_BNN_.emsc_event_20230327_0000115,quakeml:eu.emsc/event/20230327_0000115,KO.BNN,5304.0,5410.0,106.0,updated
ev_KO_CEYT_.emsc_event_20230304_0000240,quakeml:eu.emsc/event/20230304_0000240,KO.CEYT,4879.0,4880.0,1.0,updated
ev_KO_SARI_.emsc_event_20230305_0000205,quakeml:eu.emsc/event/20230305_0000205,KO.SARI,4047.0,4080.0,33.0,updated
ev_KO_DARE_.emsc_event_20230304_0000157,quakeml:eu.emsc/event/20230304_0000157,KO.DARE,4607.0,4670.0,63.0,updated
ev_KO_KMRS_.emsc_event_20230308_0000006,quakeml:eu.emsc/event/20230308_0000006,KO.KMRS,4204.0,4340.0,136.0,updated
ev_KO_CEYT_.emsc_event_20230306_0000329,quakeml:eu.emsc/event/20230306_0000329,KO.CEYT,5394.0,,,no_emsc_pick
ev_KO_CEYT_.emsc_event_20230307_0000025,quakeml:eu.emsc/event/20230307_0000025,KO.CEYT,5131.0,5150.0,19.0,updated
ev_KO_BNN_.emsc_event_20230502_0000075,quakeml:eu.emsc/event/20230502_0000075,KO.BNN,5276.0,5260.0,-16.0,updated
ev_KO_CEYT_.emsc_event_20230305_0000164,quakeml:eu.emsc/event/20230305_0000164,KO.CEYT,4915.0,,,no_emsc_pick
ev_KO_KMRS_.emsc_event_20230306_0000223,quakeml:eu.emsc/event/20230306_0000223,KO.KMRS,4254.0,4280.0,26.0,updated
ev_KO_MERS_.emsc_event_20230306_0000315,quakeml:eu.emsc/event/20230306_0000315,KO.MERS,5726.0,,,no_emsc_pick
ev_KO_DARE_.emsc_event_20230306_0000002,quakeml:eu.emsc/event/20230306_0000002,KO.DARE,5217.0,5140.0,-77.0,updated
ev_KO_SARI_.emsc_event_20230305_0000211,quakeml:eu.emsc/event/20230305_0000211,KO.SARI,5244.0,,,no_emsc_pick
ev_KO_URFA_.emsc_event_20230331_0000174,quakeml:eu.emsc/event/20230331_0000174,KO.URFA,5847.0,,,no_emsc_pick
ev_KO_BNN_.emsc_event_20230308_0000147,quakeml:eu.emsc/event/20230308_0000147,KO.BNN,5714.0,,,no_emsc_pick
ev_KO_GAZ_.emsc_event_20230306_0000251,quakeml:eu.emsc/event/20230306_0000251,KO.GAZ,4426.0,4520.0,94.0,updated
ev_KO_DYBB_.emsc_event_20230305_0000021,quakeml:eu.emsc/event/20230305_0000021,KO.DYBB,5990.0,,,no_emsc_pick
ev_KO_GAZ_.emsc_event_20230304_0000310,quakeml:eu.emsc/event/20230304_0000310,KO.GAZ,5506.0,5580.0,74.0,updated
ev_KO_BNN_.emsc_event_20230312_0000291,quakeml:eu.emsc/event/20230312_0000291,KO.BNN,4924.0,4850.0,-74.0,updated
ev_KO_GAZ_.emsc_event_20230305_0000008,quakeml:eu.emsc/event/20230305_0000008,KO.GAZ,5020.0,5060.0,40.0,updated
ev_KO_GAZ_.emsc_event_20230308_0000074,quakeml:eu.emsc/event/20230308_0000074,KO.GAZ,4492.0,,,no_emsc_pick
ev_KO_TAHT_.emsc_event_20230307_0000301,quakeml:eu.emsc/event/20230307_0000301,KO.TAHT,3536.0,3560.0,24.0,updated
ev_KO_TAHT_.emsc_event_20230707_0000062,quakeml:eu.emsc/event/20230707_0000062,KO.TAHT,5528.0,,,no_emsc_pick
ev_KO_SARI_.emsc_event_20230423_0000132,quakeml:eu.emsc/event/20230423_0000132,KO.SARI,5611.0,5700.0,89.0,updated
ev_KO_URFA_.emsc_event_20230307_0000095,quakeml:eu.emsc/event/20230307_0000095,KO.URFA,4242.0,4330.0,88.0,updated
ev_KO_TAHT_.emsc_event_20230309_0000130,quakeml:eu.emsc/event/20230309_0000130,KO.TAHT,5769.0,5820.0,51.0,updated
ev_KO_URFA_.emsc_event_20230308_0000180,quakeml:eu.emsc/event/20230308_0000180,KO.URFA,5111.0,5150.0,39.0,updated
ev_KO_BNN_.emsc_event_20230307_0000046,quakeml:eu.emsc/event/20230307_0000046,KO.BNN,5645.0,5730.0,85.0,updated
ev_KO_TAHT_.emsc_event_20230306_0000025,quakeml:eu.emsc/event/20230306_0000025,KO.TAHT,4767.0,4810.0,43.0,updated
ev_KO_KOZT_.emsc_event_20230306_0000125,quakeml:eu.emsc/event/20230306_0000125,KO.KOZT,5953.0,,,no_emsc_pick
ev_KO_GAZ_.emsc_event_20230307_0000161,quakeml:eu.emsc/event/20230307_0000161,KO.GAZ,5336.0,5390.0,54.0,updated
ev_KO_KOZT_.emsc_event_20230304_0000070,quakeml:eu.emsc/event/20230304_0000070,KO.KOZT,4796.0,4800.0,4.0,updated
ev_KO_MERS_.emsc_event_20230419_0000029,quakeml:eu.emsc/event/20230419_0000029,KO.MERS,5412.0,5370.0,-42.0,updated
ev_KO_KOZT_.emsc_event_20230306_0000131,quakeml:eu.emsc/event/20230306_0000131,KO.KOZT,3607.0,3720.0,113.0,updated
ev_KO_GAZ_.emsc_event_20230305_0000034,quakeml:eu.emsc/event/20230305_0000034,KO.GAZ,5097.0,5180.0,83.0,updated
ev_KO_DARE_.emsc_event_20230713_0000149,quakeml:eu.emsc/event/20230713_0000149,KO.DARE,4549.0,4394.0,-155.0,updated
ev_KO_CEYT_.emsc_event_20230419_0000001,quakeml:eu.emsc/event/20230419_0000001,KO.CEYT,5372.0,,,no_emsc_pick
ev_KO_DARE_.emsc_event_20230304_0000180,quakeml:eu.emsc/event/20230304_0000180,KO.DARE,4607.0,4630.0,23.0,updated
ev_KO_SARI_.emsc_event_20230313_0000274,quakeml:eu.emsc/event/20230313_0000274,KO.SARI,5964.0,,,no_emsc_pick
ev_KO_KMRS_.emsc_event_20230304_0000148,quakeml:eu.emsc/event/20230304_0000148,KO.KMRS,4494.0,4610.0,116.0,updated
ev_KO_MERS_.emsc_event_20230310_0000199,quakeml:eu.emsc/event/20230310_0000199,KO.MERS,5824.0,5950.0,126.0,updated
ev_KO_SARI_.emsc_event_20230306_0000276,quakeml:eu.emsc/event/20230306_0000276,KO.SARI,3957.0,,,no_emsc_pick
ev_KO_DARE_.emsc_event_20230307_0000124,quakeml:eu.emsc/event/20230307_0000124,KO.DARE,4091.0,,,no_emsc_pick
ev_KO_KMRS_.emsc_event_20230306_0000009,quakeml:eu.emsc/event/20230306_0000009,KO.KMRS,5772.0,,,no_emsc_pick
ev_KO_CEYT_.emsc_event_20230306_0000117,quakeml:eu.emsc/event/20230306_0000117,KO.CEYT,5137.0,5260.0,123.0,updated
ev_KO_URFA_.emsc_event_20230307_0000240,quakeml:eu.emsc/event/20230307_0000240,KO.URFA,4531.0,4560.0,29.0,updated
ev_KO_KMRS_.emsc_event_20230308_0000238,quakeml:eu.emsc/event/20230308_0000238,KO.KMRS,5761.0,5850.0,89.0,updated
ev_KO_GAZ_.emsc_event_20230306_0000090,quakeml:eu.emsc/event/20230306_0000090,KO.GAZ,5373.0,5420.0,47.0,updated
ev_KO_TAHT_.emsc_event_20230612_0000091,quakeml:eu.emsc/event/20230612_0000091,KO.TAHT,5793.0,5870.0,77.0,updated
ev_KO_URFA_.emsc_event_20230307_0000254,quakeml:eu.emsc/event/20230307_0000254,KO.URFA,5229.0,5210.0,-19.0,updated
ev_KO_GAZ_.emsc_event_20230306_0000084,quakeml:eu.emsc/event/20230306_0000084,KO.GAZ,4668.0,4710.0,42.0,updated
ev_KO_DARE_.emsc_event_20230307_0000130,quakeml:eu.emsc/event/20230307_0000130,KO.DARE,4402.0,4520.0,118.0,updated
ev_KO_DARE_.emsc_event_20230314_0000018,quakeml:eu.emsc/event/20230314_0000018,KO.DARE,4384.0,4430.0,46.0,updated
ev_KO_DARE_.emsc_event_20230307_0000118,quakeml:eu.emsc/event/20230307_0000118,KO.DARE,4991.0,4960.0,-31.0,updated
ev_KO_CEYT_.emsc_event_20230307_0000227,quakeml:eu.emsc/event/20230307_0000227,KO.CEYT,5243.0,,,no_emsc_pick
ev_KO_KMRS_.emsc_event_20230304_0000174,quakeml:eu.emsc/event/20230304_0000174,KO.KMRS,5955.0,,,no_emsc_pick
ev_KO_SARI_.emsc_event_20230307_0000146,quakeml:eu.emsc/event/20230307_0000146,KO.SARI,5937.0,,,no_emsc_pick
ev_KO_DARE_.emsc_event_20230306_0000214,quakeml:eu.emsc/event/20230306_0000214,KO.DARE,4547.0,4560.0,13.0,updated
ev_KO_KMRS_.emsc_event_20230305_0000278,quakeml:eu.emsc/event/20230305_0000278,KO.KMRS,3885.0,3910.0,25.0,updated
ev_KO_BNN_.emsc_event_20230307_0000293,quakeml:eu.emsc/event/20230307_0000293,KO.BNN,5191.0,5210.0,19.0,updated
ev_KO_SVRC_.emsc_event_20230719_0000282,quakeml:eu.emsc/event/20230719_0000282,KO.SVRC,4445.0,4440.0,-5.0,updated
ev_KO_SARI_.emsc_event_20230307_0000152,quakeml:eu.emsc/event/20230307_0000152,KO.SARI,4776.0,4910.0,134.0,updated
ev_KO_GAZ_.emsc_event_20230308_0000262,quakeml:eu.emsc/event/20230308_0000262,KO.GAZ,5660.0,5710.0,50.0,updated
ev_KO_GAZ_.emsc_event_20230304_0000112,quakeml:eu.emsc/event/20230304_0000112,KO.GAZ,3547.0,3640.0,93.0,updated
ev_KO_BNN_.emsc_event_20230613_0000025,quakeml:eu.emsc/event/20230613_0000025,KO.BNN,4882.0,4960.0,78.0,updated
ev_KO_SARI_.emsc_event_20230308_0000084,quakeml:eu.emsc/event/20230308_0000084,KO.SARI,5945.0,,,no_emsc_pick
ev_KO_GAZ_.emsc_event_20230306_0000053,quakeml:eu.emsc/event/20230306_0000053,KO.GAZ,4781.0,4860.0,79.0,updated
ev_KO_KMRS_.emsc_event_20230305_0000293,quakeml:eu.emsc/event/20230305_0000293,KO.KMRS,4450.0,4500.0,50.0,updated
ev_KO_KOZT_.emsc_event_20230307_0000003,quakeml:eu.emsc/event/20230307_0000003,KO.KOZT,4121.0,4210.0,89.0,updated
ev_KO_SARI_.emsc_event_20230710_0000164,quakeml:eu.emsc/event/20230710_0000164,KO.SARI,5724.0,5760.0,36.0,updated
ev_KO_CEYT_.emsc_event_20230619_0000022,quakeml:eu.emsc/event/20230619_0000022,KO.CEYT,4885.0,4750.0,-135.0,updated
ev_KO_DARE_.emsc_event_20230320_0000084,quakeml:eu.emsc/event/20230320_0000084,KO.DARE,4194.0,,,no_emsc_pick
ev_KO_BNN_.emsc_event_20230306_0000160,quakeml:eu.emsc/event/20230306_0000160,KO.BNN,4814.0,4790.0,-24.0,updated
ev_KO_SVRC_.emsc_event_20230304_0000207,quakeml:eu.emsc/event/20230304_0000207,KO.SVRC,5170.0,5190.0,20.0,updated
ev_KO_URFA_.emsc_event_20230206_0000142,quakeml:eu.emsc/event/20230206_0000142,KO.URFA,5561.0,5580.0,19.0,updated
ev_KO_BNN_.emsc_event_20230508_0000207,quakeml:eu.emsc/event/20230508_0000207,KO.BNN,3243.0,3280.0,37.0,updated
ev_KO_SVRC_.emsc_event_20230610_0000072,quakeml:eu.emsc/event/20230610_0000072,KO.SVRC,4596.0,4550.0,-46.0,updated
ev_KO_KOZT_.emsc_event_20230304_0000266,quakeml:eu.emsc/event/20230304_0000266,KO.KOZT,5523.0,5500.0,-23.0,updated
ev_KO_URFA_.emsc_event_20230224_0000193,quakeml:eu.emsc/event/20230224_0000193,KO.URFA,4456.0,4530.0,74.0,updated
ev_KO_GULA_.emsc_event_20230319_0000082,quakeml:eu.emsc/event/20230319_0000082,KO.GULA,5627.0,5780.0,153.0,updated
ev_KO_KOZT_.emsc_event_20230308_0000116,quakeml:eu.emsc/event/20230308_0000116,KO.KOZT,4553.0,4460.0,-93.0,updated
ev_KO_SARI_.emsc_event_20230307_0000185,quakeml:eu.emsc/event/20230307_0000185,KO.SARI,4748.0,4780.0,32.0,updated
ev_KO_BNN_.emsc_event_20230307_0000250,quakeml:eu.emsc/event/20230307_0000250,KO.BNN,5375.0,5390.0,15.0,updated
ev_KO_DARE_.emsc_event_20230217_0000273,quakeml:eu.emsc/event/20230217_0000273,KO.DARE,3365.0,3290.0,-75.0,updated
ev_KO_SVRC_.emsc_event_20230307_0000076,quakeml:eu.emsc/event/20230307_0000076,KO.SVRC,4689.0,4780.0,91.0,updated
ev_KO_SARI_.emsc_event_20230527_0000157,quakeml:eu.emsc/event/20230527_0000157,KO.SARI,5600.0,,,no_emsc_pick
ev_KO_KOZT_.emsc_event_20230304_0000272,quakeml:eu.emsc/event/20230304_0000272,KO.KOZT,4708.0,4750.0,42.0,updated
ev_KO_URFA_.emsc_event_20230312_0000040,quakeml:eu.emsc/event/20230312_0000040,KO.URFA,5515.0,,,no_emsc_pick
ev_KO_DARE_.emsc_event_20230210_0000284,quakeml:eu.emsc/event/20230210_0000284,KO.DARE,5494.0,5610.0,116.0,updated
ev_KO_GAZ_.emsc_event_20230304_0000102,quakeml:eu.emsc/event/20230304_0000102,KO.GAZ,5586.0,,,no_emsc_pick
ev_KO_CEYT_.emsc_event_20230209_0000020,quakeml:eu.emsc/event/20230209_0000020,KO.CEYT,5770.0,,,no_emsc_pick
ev_KO_URFA_.emsc_event_20230307_0000287,quakeml:eu.emsc/event/20230307_0000287,KO.URFA,4514.0,4340.0,-174.0,updated
ev_KO_SARI_.emsc_event_20230308_0000080,quakeml:eu.emsc/event/20230308_0000080,KO.SARI,5758.0,,,no_emsc_pick
ev_KO_MERS_.emsc_event_20230510_0000020,quakeml:eu.emsc/event/20230510_0000020,KO.MERS,5661.0,5700.0,39.0,updated
ev_KO_GAZ_.emsc_event_20230304_0000116,quakeml:eu.emsc/event/20230304_0000116,KO.GAZ,5664.0,5750.0,86.0,updated
ev_KO_BNN_.emsc_event_20230508_0000217,quakeml:eu.emsc/event/20230508_0000217,KO.BNN,4919.0,4800.0,-119.0,updated
ev_KO_TAHT_.emsc_event_20230308_0000006,quakeml:eu.emsc/event/20230308_0000006,KO.TAHT,5811.0,5860.0,49.0,updated
ev_KO_DARE_.emsc_event_20230503_0000237,quakeml:eu.emsc/event/20230503_0000237,KO.DARE,4884.0,4980.0,96.0,updated
ev_KO_GAZ_.emsc_event_20230305_0000232,quakeml:eu.emsc/event/20230305_0000232,KO.GAZ,5096.0,5070.0,-26.0,updated
ev_KO_KOZT_.emsc_event_20230308_0000106,quakeml:eu.emsc/event/20230308_0000106,KO.KOZT,4538.0,,,no_emsc_pick
ev_KO_BNN_.emsc_event_20230307_0000254,quakeml:eu.emsc/event/20230307_0000254,KO.BNN,5955.0,5990.0,35.0,updated
ev_KO_SVRC_.emsc_event_20230305_0000133,quakeml:eu.emsc/event/20230305_0000133,KO.SVRC,5799.0,5880.0,81.0,updated
ev_KO_SARI_.emsc_event_20230214_0000064,quakeml:eu.emsc/event/20230214_0000064,KO.SARI,5053.0,5110.0,57.0,updated
ev_KO_SARI_.emsc_event_20230206_0000526,quakeml:eu.emsc/event/20230206_0000526,KO.SARI,5130.0,5170.0,40.0,updated
ev_KO_SVRC_.emsc_event_20230305_0000127,quakeml:eu.emsc/event/20230305_0000127,KO.SVRC,4473.0,4570.0,97.0,updated
ev_KO_TAHT_.emsc_event_20230306_0000223,quakeml:eu.emsc/event/20230306_0000223,KO.TAHT,5585.0,,,no_emsc_pick
ev_KO_DARE_.emsc_event_20230503_0000223,quakeml:eu.emsc/event/20230503_0000223,KO.DARE,4159.0,4170.0,11.0,updated
ev_KO_GAZ_.emsc_event_20230305_0000226,quakeml:eu.emsc/event/20230305_0000226,KO.GAZ,4985.0,4960.0,-25.0,updated
ev_KO_KOZT_.emsc_event_20230306_0000323,quakeml:eu.emsc/event/20230306_0000323,KO.KOZT,5598.0,5670.0,72.0,updated
ev_KO_SARI_.emsc_event_20230304_0000327,quakeml:eu.emsc/event/20230304_0000327,KO.SARI,3953.0,3940.0,-13.0,updated
ev_KO_DARE_.emsc_event_20230305_0000075,quakeml:eu.emsc/event/20230305_0000075,KO.DARE,5630.0,,,no_emsc_pick
ev_KO_KMRS_.emsc_event_20230306_0000019,quakeml:eu.emsc/event/20230306_0000019,KO.KMRS,4813.0,4910.0,97.0,updated
ev_KO_GAZ_.emsc_event_20230306_0000080,quakeml:eu.emsc/event/20230306_0000080,KO.GAZ,5623.0,5710.0,87.0,updated
ev_KO_URFA_.emsc_event_20230307_0000250,quakeml:eu.emsc/event/20230307_0000250,KO.URFA,5669.0,5690.0,21.0,updated
ev_KO_DARE_.emsc_event_20230306_0000238,quakeml:eu.emsc/event/20230306_0000238,KO.DARE,4844.0,4900.0,56.0,updated
ev_KO_DARE_.emsc_event_20230309_0000311,quakeml:eu.emsc/event/20230309_0000311,KO.DARE,4943.0,5050.0,107.0,updated
ev_KO_CEYT_.emsc_event_20230306_0000113,quakeml:eu.emsc/event/20230306_0000113,KO.CEYT,5057.0,,,no_emsc_pick
ev_KO_URFA_.emsc_event_20230307_0000244,quakeml:eu.emsc/event/20230307_0000244,KO.URFA,4964.0,5080.0,116.0,updated
ev_KO_SARI_.emsc_event_20230405_0000198,quakeml:eu.emsc/event/20230405_0000198,KO.SARI,3690.0,3770.0,80.0,updated
ev_KO_KARA_.emsc_event_20230523_0000238,quakeml:eu.emsc/event/20230523_0000238,KO.KARA,5268.0,5320.0,52.0,updated
ev_KO_SARI_.emsc_event_20230304_0000333,quakeml:eu.emsc/event/20230304_0000333,KO.SARI,5528.0,5440.0,-88.0,updated
ev_KO_DARE_.emsc_event_20230211_0000177,quakeml:eu.emsc/event/20230211_0000177,KO.DARE,4418.0,4420.0,2.0,updated
ev_KO_SARI_.emsc_event_20230507_0000028,quakeml:eu.emsc/event/20230507_0000028,KO.SARI,4407.0,4550.0,143.0,updated
ev_KO_CEYT_.emsc_event_20230705_0000015,quakeml:eu.emsc/event/20230705_0000015,KO.CEYT,5107.0,5046.0,-61.0,updated
ev_KO_KMRS_.emsc_event_20230306_0000025,quakeml:eu.emsc/event/20230306_0000025,KO.KMRS,3840.0,3810.0,-30.0,updated
ev_KO_DARE_.emsc_event_20230307_0000108,quakeml:eu.emsc/event/20230307_0000108,KO.DARE,4086.0,4140.0,54.0,updated
ev_KO_CEYT_.emsc_event_20230307_0000237,quakeml:eu.emsc/event/20230307_0000237,KO.CEYT,5587.0,5590.0,3.0,updated
ev_KO_KMRS_.emsc_event_20230304_0000164,quakeml:eu.emsc/event/20230304_0000164,KO.KMRS,5812.0,5870.0,58.0,updated
ev_KO_DARE_.emsc_event_20230306_0000204,quakeml:eu.emsc/event/20230306_0000204,KO.DARE,3990.0,4040.0,50.0,updated
ev_KO_URFA_.emsc_event_20230628_0000153,quakeml:eu.emsc/event/20230628_0000153,KO.URFA,5659.0,5550.0,-109.0,updated
ev_KO_SVRC_.emsc_event_20230225_0000091,quakeml:eu.emsc/event/20230225_0000091,KO.SVRC,5661.0,,,no_emsc_pick
ev_KO_SVRC_.emsc_event_20230327_0000109,quakeml:eu.emsc/event/20230327_0000109,KO.SVRC,3761.0,3610.0,-151.0,updated
ev_KO_DARE_.emsc_event_20230522_0000054,quakeml:eu.emsc/event/20230522_0000054,KO.DARE,5055.0,5130.0,75.0,updated
ev_KO_DYBB_.emsc_event_20230418_0000066,quakeml:eu.emsc/event/20230418_0000066,KO.DYBB,5914.0,,,no_emsc_pick
ev_KO_URFA_.emsc_event_20230307_0000278,quakeml:eu.emsc/event/20230307_0000278,KO.URFA,4998.0,5140.0,142.0,updated
ev_KO_DARE_.emsc_event_20230306_0000210,quakeml:eu.emsc/event/20230306_0000210,KO.DARE,4576.0,4600.0,24.0,updated
ev_KO_SVRC_.emsc_event_20230308_0000198,quakeml:eu.emsc/event/20230308_0000198,KO.SVRC,5219.0,5220.0,1.0,updated
ev_KO_BNN_.emsc_event_20230424_0000238,quakeml:eu.emsc/event/20230424_0000238,KO.BNN,5989.0,,,no_emsc_pick
ev_KO_DARE_.emsc_event_20230221_0000157,quakeml:eu.emsc/event/20230221_0000157,KO.DARE,4978.0,,,no_emsc_pick
ev_KO_GAZ_.emsc_event_20230304_0000300,quakeml:eu.emsc/event/20230304_0000300,KO.GAZ,4824.0,4810.0,-14.0,updated
ev_KO_BNN_.emsc_event_20230331_0000174,quakeml:eu.emsc/event/20230331_0000174,KO.BNN,5294.0,5420.0,126.0,updated
ev_KO_TAHT_.emsc_event_20230308_0000238,quakeml:eu.emsc/event/20230308_0000238,KO.TAHT,3532.0,3600.0,68.0,updated
ev_KO_DARE_.emsc_event_20230713_0000171,quakeml:eu.emsc/event/20230713_0000171,KO.DARE,4573.0,4720.0,147.0,updated
ev_KO_GAZ_.emsc_event_20230308_0000070,quakeml:eu.emsc/event/20230308_0000070,KO.GAZ,4792.0,,,no_emsc_pick
ev_KO_KOZT_.emsc_event_20230306_0000109,quakeml:eu.emsc/event/20230306_0000109,KO.KOZT,5658.0,5430.0,-228.0,updated
ev_KO_BNN_.emsc_event_20230312_0000295,quakeml:eu.emsc/event/20230312_0000295,KO.BNN,4830.0,4940.0,110.0,updated
ev_KO_URFA_.emsc_event_20230502_0000075,quakeml:eu.emsc/event/20230502_0000075,KO.URFA,5893.0,5980.0,87.0,updated
ev_KO_SVRC_.emsc_event_20230306_0000154,quakeml:eu.emsc/event/20230306_0000154,KO.SVRC,4179.0,4200.0,21.0,updated
ev_KO_GAZ_.emsc_event_20230306_0000255,quakeml:eu.emsc/event/20230306_0000255,KO.GAZ,5060.0,5120.0,60.0,updated
ev_KO_SARI_.emsc_event_20230308_0000282,quakeml:eu.emsc/event/20230308_0000282,KO.SARI,4349.0,4390.0,41.0,updated
ev_KO_URFA_.emsc_event_20230307_0000085,quakeml:eu.emsc/event/20230307_0000085,KO.URFA,4467.0,4470.0,3.0,updated
ev_KO_BNN_.emsc_event_20230307_0000056,quakeml:eu.emsc/event/20230307_0000056,KO.BNN,5407.0,5520.0,113.0,updated
ev_KO_TAHT_.emsc_event_20230304_0000174,quakeml:eu.emsc/event/20230304_0000174,KO.TAHT,3746.0,3800.0,54.0,updated
ev_KO_GAZ_.emsc_event_20230305_0000030,quakeml:eu.emsc/event/20230305_0000030,KO.GAZ,3606.0,3660.0,54.0,updated
ev_KO_TAHT_.emsc_event_20230305_0000278,quakeml:eu.emsc/event/20230305_0000278,KO.TAHT,5790.0,5820.0,30.0,updated
ev_KO_BNN_.emsc_event_20230420_0000092,quakeml:eu.emsc/event/20230420_0000092,KO.BNN,4968.0,5050.0,82.0,updated
ev_KO_MERS_.emsc_event_20230528_0000131,quakeml:eu.emsc/event/20230528_0000131,KO.MERS,5748.0,5820.0,72.0,updated
ev_KO_TAHT_.emsc_event_20230731_0000150,quakeml:eu.emsc/event/20230731_0000150,KO.TAHT,3554.0,3570.0,16.0,updated
ev_KO_GAZ_.emsc_event_20230308_0000058,quakeml:eu.emsc/event/20230308_0000058,KO.GAZ,5568.0,5700.0,132.0,updated
ev_KO_CEYT_.emsc_event_20230528_0000119,quakeml:eu.emsc/event/20230528_0000119,KO.CEYT,4832.0,4820.0,-12.0,updated
ev_KO_GAZ_.emsc_event_20230306_0000269,quakeml:eu.emsc/event/20230306_0000269,KO.GAZ,4917.0,4970.0,53.0,updated
ev_KO_SVRC_.emsc_event_20230530_0000108,quakeml:eu.emsc/event/20230530_0000108,KO.SVRC,5475.0,5530.0,55.0,updated
ev_KO_GAZ_.emsc_event_20230306_0000282,quakeml:eu.emsc/event/20230306_0000282,KO.GAZ,3342.0,3410.0,68.0,updated
ev_KO_DARE_.emsc_event_20230307_0000336,quakeml:eu.emsc/event/20230307_0000336,KO.DARE,5104.0,5030.0,-74.0,updated
ev_KO_CEYT_.emsc_event_20230308_0000134,quakeml:eu.emsc/event/20230308_0000134,KO.CEYT,4756.0,4750.0,-6.0,updated
ev_KO_SARI_.emsc_event_20230304_0000125,quakeml:eu.emsc/event/20230304_0000125,KO.SARI,5067.0,5050.0,-17.0,updated
ev_KO_SARI_.emsc_event_20230304_0000131,quakeml:eu.emsc/event/20230304_0000131,KO.SARI,3729.0,3760.0,31.0,updated
ev_KO_DARE_.emsc_event_20230307_0000322,quakeml:eu.emsc/event/20230307_0000322,KO.DARE,5015.0,4910.0,-105.0,updated
ev_KO_URFA_.emsc_event_20230307_0000046,quakeml:eu.emsc/event/20230307_0000046,KO.URFA,5455.0,5530.0,75.0,updated
ev_KO_BNN_.emsc_event_20230308_0000180,quakeml:eu.emsc/event/20230308_0000180,KO.BNN,5928.0,,,no_emsc_pick
ev_KO_MERS_.emsc_event_20230307_0000035,quakeml:eu.emsc/event/20230307_0000035,KO.MERS,5736.0,5840.0,104.0,updated
ev_KO_SARI_.emsc_event_20230314_0000254,quakeml:eu.emsc/event/20230314_0000254,KO.SARI,5773.0,,,no_emsc_pick
ev_KO_GAZ_.emsc_event_20230306_0000296,quakeml:eu.emsc/event/20230306_0000296,KO.GAZ,5017.0,5150.0,133.0,updated
ev_KO_URFA_.emsc_event_20230305_0000107,quakeml:eu.emsc/event/20230305_0000107,KO.URFA,4440.0,4530.0,90.0,updated
ev_KO_SARI_.emsc_event_20230518_0000072,quakeml:eu.emsc/event/20230518_0000072,KO.SARI,5329.0,,,no_emsc_pick
ev_KO_DARE_.emsc_event_20230304_0000147,quakeml:eu.emsc/event/20230304_0000147,KO.DARE,3949.0,3910.0,-39.0,updated
ev_KO_URFA_.emsc_event_20230308_0000153,quakeml:eu.emsc/event/20230308_0000153,KO.URFA,4660.0,,,no_emsc_pick
ev_KO_DARE_.emsc_event_20230306_0000006,quakeml:eu.emsc/event/20230306_0000006,KO.DARE,5285.0,5440.0,155.0,updated
ev_KO_DARE_.emsc_event_20230308_0000237,quakeml:eu.emsc/event/20230308_0000237,KO.DARE,5437.0,5460.0,23.0,updated
ev_KO_CEYT_.emsc_event_20230307_0000035,quakeml:eu.emsc/event/20230307_0000035,KO.CEYT,4465.0,4520.0,55.0,updated
ev_KO_URFA_.emsc_event_20230323_0000354,quakeml:eu.emsc/event/20230323_0000354,KO.URFA,4846.0,4970.0,124.0,updated
ev_KO_BNN_.emsc_event_20230502_0000065,quakeml:eu.emsc/event/20230502_0000065,KO.BNN,4978.0,5060.0,82.0,updated
ev_KO_CEYT_.emsc_event_20230319_0000161,quakeml:eu.emsc/event/20230319_0000161,KO.CEYT,5234.0,,,no_emsc_pick
ev_KO_CEYT_.emsc_event_20230308_0000108,quakeml:eu.emsc/event/20230308_0000108,KO.CEYT,5155.0,5230.0,75.0,updated
ev_KO_SARI_.emsc_event_20230330_0000152,quakeml:eu.emsc/event/20230330_0000152,KO.SARI,5226.0,5160.0,-66.0,updated
ev_KO_DARE_.emsc_event_20230429_0000130,quakeml:eu.emsc/event/20230429_0000130,KO.DARE,3928.0,3940.0,12.0,updated
ev_KO_URFA_.emsc_event_20230308_0000147,quakeml:eu.emsc/event/20230308_0000147,KO.URFA,5338.0,,,no_emsc_pick
ev_KO_MERS_.emsc_event_20230308_0000134,quakeml:eu.emsc/event/20230308_0000134,KO.MERS,5646.0,5780.0,134.0,updated
ev_KO_CEYT_.emsc_event_20230413_0000061,quakeml:eu.emsc/event/20230413_0000061,KO.CEYT,5964.0,,,no_emsc_pick
ev_KO_SARI_.emsc_event_20230307_0000340,quakeml:eu.emsc/event/20230307_0000340,KO.SARI,5056.0,,,no_emsc_pick
ev_KO_SARI_.emsc_event_20230305_0000201,quakeml:eu.emsc/event/20230305_0000201,KO.SARI,5010.0,5040.0,30.0,updated
ev_KO_SARI_.emsc_event_20230311_0000279,quakeml:eu.emsc/event/20230311_0000279,KO.SARI,5857.0,,,no_emsc_pick
ev_KO_SARI_.emsc_event_20230304_0000092,quakeml:eu.emsc/event/20230304_0000092,KO.SARI,3959.0,4000.0,41.0,updated
ev_KO_GAZ_.emsc_event_20230307_0000039,quakeml:eu.emsc/event/20230307_0000039,KO.GAZ,5715.0,5860.0,145.0,updated
ev_KO_TAHT_.emsc_event_20230307_0000271,quakeml:eu.emsc/event/20230307_0000271,KO.TAHT,3585.0,3720.0,135.0,updated
ev_KO_CEYT_.emsc_event_20230222_0000145,quakeml:eu.emsc/event/20230222_0000145,KO.CEYT,5371.0,5510.0,139.0,updated
ev_KO_SVRC_.emsc_event_20230308_0000211,quakeml:eu.emsc/event/20230308_0000211,KO.SVRC,5791.0,5950.0,159.0,updated
ev_KO_TAHT_.emsc_event_20230306_0000169,quakeml:eu.emsc/event/20230306_0000169,KO.TAHT,5816.0,,,no_emsc_pick
ev_KO_BNN_.emsc_event_20230308_0000037,quakeml:eu.emsc/event/20230308_0000037,KO.BNN,4780.0,4810.0,30.0,updated
ev_KO_TAHT_.emsc_event_20230304_0000028,quakeml:eu.emsc/event/20230304_0000028,KO.TAHT,5790.0,5850.0,60.0,updated
ev_KO_KOZT_.emsc_event_20230308_0000258,quakeml:eu.emsc/event/20230308_0000258,KO.KOZT,4965.0,,,no_emsc_pick
ev_KO_GAZ_.emsc_event_20230304_0000248,quakeml:eu.emsc/event/20230304_0000248,KO.GAZ,4942.0,5000.0,58.0,updated
ev_KO_SARI_.emsc_event_20230216_0000253,quakeml:eu.emsc/event/20230216_0000253,KO.SARI,5056.0,4990.0,-66.0,updated
ev_KO_GAZ_.emsc_event_20230306_0000309,quakeml:eu.emsc/event/20230306_0000309,KO.GAZ,3604.0,3690.0,86.0,updated
ev_KO_KOZT_.emsc_event_20230306_0000041,quakeml:eu.emsc/event/20230306_0000041,KO.KOZT,5903.0,5890.0,-13.0,updated
ev_KO_SARI_.emsc_event_20230729_0000209,quakeml:eu.emsc/event/20230729_0000209,KO.SARI,4003.0,3893.0,-110.0,updated
ev_KO_GAZ_.emsc_event_20230308_0000138,quakeml:eu.emsc/event/20230308_0000138,KO.GAZ,5312.0,,,no_emsc_pick
ev_KO_GAZ_.emsc_event_20230307_0000005,quakeml:eu.emsc/event/20230307_0000005,KO.GAZ,4636.0,4710.0,74.0,updated
ev_KO_BNN_.emsc_event_20230309_0000313,quakeml:eu.emsc/event/20230309_0000313,KO.BNN,5965.0,,,no_emsc_pick
ev_KO_TAHT_.emsc_event_20230727_0000082,quakeml:eu.emsc/event/20230727_0000082,KO.TAHT,5506.0,5560.0,54.0,updated
ev_KO_KOZT_.emsc_event_20230304_0000114,quakeml:eu.emsc/event/20230304_0000114,KO.KOZT,4713.0,4750.0,37.0,updated
ev_KO_CEYT_.emsc_event_20230328_0000113,quakeml:eu.emsc/event/20230328_0000113,KO.CEYT,5420.0,5480.0,60.0,updated
ev_KO_SARI_.emsc_event_20230510_0000023,quakeml:eu.emsc/event/20230510_0000023,KO.SARI,4249.0,,,no_emsc_pick
ev_KO_BNN_.emsc_event_20230307_0000136,quakeml:eu.emsc/event/20230307_0000136,KO.BNN,4808.0,4770.0,-38.0,updated
ev_KO_SARI_.emsc_event_20230313_0000310,quakeml:eu.emsc/event/20230313_0000310,KO.SARI,4712.0,4750.0,38.0,updated
ev_KO_KMRS_.emsc_event_20230307_0000088,quakeml:eu.emsc/event/20230307_0000088,KO.KMRS,4194.0,4200.0,6.0,updated
ev_KO_SARI_.emsc_event_20230619_0000019,quakeml:eu.emsc/event/20230619_0000019,KO.SARI,5522.0,,,no_emsc_pick
ev_KO_MERS_.emsc_event_20230305_0000014,quakeml:eu.emsc/event/20230305_0000014,KO.MERS,5946.0,5830.0,-116.0,updated
ev_KO_URFA_.emsc_event_20230305_0000067,quakeml:eu.emsc/event/20230305_0000067,KO.URFA,4848.0,4920.0,72.0,updated
ev_KO_SARI_.emsc_event_20230515_0000146,quakeml:eu.emsc/event/20230515_0000146,KO.SARI,5988.0,,,no_emsc_pick
ev_KO_CEYT_.emsc_event_20230308_0000040,quakeml:eu.emsc/event/20230308_0000040,KO.CEYT,4942.0,,,no_emsc_pick
ev_KO_DARE_.emsc_event_20230711_0000193,quakeml:eu.emsc/event/20230711_0000193,KO.DARE,5083.0,5140.0,57.0,updated
ev_KO_CEYT_.emsc_event_20230307_0000169,quakeml:eu.emsc/event/20230307_0000169,KO.CEYT,4666.0,4700.0,34.0,updated
ev_KO_CEYT_.emsc_event_20230308_0000054,quakeml:eu.emsc/event/20230308_0000054,KO.CEYT,4581.0,4650.0,69.0,updated
ev_KO_TAHT_.emsc_event_20230505_0000299,quakeml:eu.emsc/event/20230505_0000299,KO.TAHT,5943.0,5860.0,-83.0,updated
ev_KO_BNN_.emsc_event_20230228_0000195,quakeml:eu.emsc/event/20230228_0000195,KO.BNN,3891.0,3790.0,-101.0,updated
ev_KO_KMRS_.emsc_event_20230307_0000077,quakeml:eu.emsc/event/20230307_0000077,KO.KMRS,5368.0,,,no_emsc_pick
ev_KO_DYBB_.emsc_event_20230302_0000175,quakeml:eu.emsc/event/20230302_0000175,KO.DYBB,5612.0,,,no_emsc_pick
ev_KO_MERS_.emsc_event_20230307_0000169,quakeml:eu.emsc/event/20230307_0000169,KO.MERS,5924.0,,,no_emsc_pick
ev_KO_MERS_.emsc_event_20230308_0000054,quakeml:eu.emsc/event/20230308_0000054,KO.MERS,5453.0,5520.0,67.0,updated
ev_KO_BNN_.emsc_event_20230227_0000080,quakeml:eu.emsc/event/20230227_0000080,KO.BNN,3898.0,3930.0,32.0,updated
ev_KO_KOZT_.emsc_event_20230306_0000082,quakeml:eu.emsc/event/20230306_0000082,KO.KOZT,5817.0,5890.0,73.0,updated
ev_KO_CEYT_.emsc_event_20230305_0000014,quakeml:eu.emsc/event/20230305_0000014,KO.CEYT,4295.0,4200.0,-95.0,updated
ev_KO_SARI_.emsc_event_20230306_0000138,quakeml:eu.emsc/event/20230306_0000138,KO.SARI,3980.0,4010.0,30.0,updated
ev_KO_KOZT_.emsc_event_20230306_0000096,quakeml:eu.emsc/event/20230306_0000096,KO.KOZT,4160.0,4240.0,80.0,updated
ev_KO_SARI_.emsc_event_20230304_0000079,quakeml:eu.emsc/event/20230304_0000079,KO.SARI,5368.0,5480.0,112.0,updated
ev_KO_SARI_.emsc_event_20230307_0000234,quakeml:eu.emsc/event/20230307_0000234,KO.SARI,3691.0,3800.0,109.0,updated
ev_KO_CEYT_.emsc_event_20230304_0000318,quakeml:eu.emsc/event/20230304_0000318,KO.CEYT,4950.0,4950.0,0.0,updated
ev_KO_CEYT_.emsc_event_20230306_0000259,quakeml:eu.emsc/event/20230306_0000259,KO.CEYT,5183.0,5200.0,17.0,updated
ev_KO_KMRS_.emsc_event_20230308_0000176,quakeml:eu.emsc/event/20230308_0000176,KO.KMRS,5761.0,5830.0,69.0,updated
ev_KO_BNN_.emsc_event_20230306_0000010,quakeml:eu.emsc/event/20230306_0000010,KO.BNN,3949.0,3860.0,-89.0,updated
ev_KO_DARE_.emsc_event_20230307_0000083,quakeml:eu.emsc/event/20230307_0000083,KO.DARE,5169.0,5200.0,31.0,updated
ev_KO_TAHT_.emsc_event_20230307_0000073,quakeml:eu.emsc/event/20230307_0000073,KO.TAHT,5899.0,5920.0,21.0,updated
ev_KO_TAHT_.emsc_event_20230305_0000132,quakeml:eu.emsc/event/20230305_0000132,KO.TAHT,5818.0,5790.0,-28.0,updated
ev_KO_DARE_.emsc_event_20230502_0000073,quakeml:eu.emsc/event/20230502_0000073,KO.DARE,3535.0,3570.0,35.0,updated
ev_KO_SVRC_.emsc_event_20230308_0000007,quakeml:eu.emsc/event/20230308_0000007,KO.SVRC,5805.0,5930.0,125.0,updated
ev_KO_KOZT_.emsc_event_20230305_0000032,quakeml:eu.emsc/event/20230305_0000032,KO.KOZT,4824.0,4890.0,66.0,updated
ev_KO_KOZT_.emsc_event_20230305_0000026,quakeml:eu.emsc/event/20230305_0000026,KO.KOZT,4341.0,4330.0,-11.0,updated
ev_KO_BNN_.emsc_event_20230308_0000235,quakeml:eu.emsc/event/20230308_0000235,KO.BNN,5890.0,,,no_emsc_pick
ev_KO_GAZ_.emsc_event_20230304_0000062,quakeml:eu.emsc/event/20230304_0000062,KO.GAZ,3430.0,3470.0,40.0,updated
ev_KO_KOZT_.emsc_event_20230307_0000167,quakeml:eu.emsc/event/20230307_0000167,KO.KOZT,5364.0,5400.0,36.0,updated
ev_KO_TAHT_.emsc_event_20230225_0000047,quakeml:eu.emsc/event/20230225_0000047,KO.TAHT,5562.0,5630.0,68.0,updated
ev_KO_TAHT_.emsc_event_20230523_0000223,quakeml:eu.emsc/event/20230523_0000223,KO.TAHT,5638.0,5610.0,-28.0,updated
ev_KO_DARE_.emsc_event_20230719_0000288,quakeml:eu.emsc/event/20230719_0000288,KO.DARE,4630.0,4670.0,40.0,updated
ev_KO_TAHT_.emsc_event_20230304_0000202,quakeml:eu.emsc/event/20230304_0000202,KO.TAHT,5865.0,5860.0,-5.0,updated
ev_KO_BNN_.emsc_event_20230305_0000261,quakeml:eu.emsc/event/20230305_0000261,KO.BNN,5410.0,5450.0,40.0,updated
ev_KO_SARI_.emsc_event_20230214_0000110,quakeml:eu.emsc/event/20230214_0000110,KO.SARI,4196.0,,,no_emsc_pick
ev_KO_TAHT_.emsc_event_20230304_0000216,quakeml:eu.emsc/event/20230304_0000216,KO.TAHT,3519.0,3560.0,41.0,updated
ev_KO_BNN_.emsc_event_20230308_0000209,quakeml:eu.emsc/event/20230308_0000209,KO.BNN,4896.0,5010.0,114.0,updated
ev_KO_SARI_.emsc_event_20230303_0000277,quakeml:eu.emsc/event/20230303_0000277,KO.SARI,5990.0,,,no_emsc_pick
ev_KO_KOZT_.emsc_event_20230306_0000257,quakeml:eu.emsc/event/20230306_0000257,KO.KOZT,5652.0,5780.0,128.0,updated
ev_KO_DARE_.emsc_event_20230305_0000101,quakeml:eu.emsc/event/20230305_0000101,KO.DARE,4151.0,4120.0,-31.0,updated
ev_KO_SARI_.emsc_event_20230306_0000312,quakeml:eu.emsc/event/20230306_0000312,KO.SARI,5403.0,5470.0,67.0,updated
ev_KO_URFA_.emsc_event_20230305_0000265,quakeml:eu.emsc/event/20230305_0000265,KO.URFA,5202.0,5260.0,58.0,updated
ev_KO_SARI_.emsc_event_20230331_0000100,quakeml:eu.emsc/event/20230331_0000100,KO.SARI,4119.0,4120.0,1.0,updated
ev_KO_URFA_.emsc_event_20230305_0000271,quakeml:eu.emsc/event/20230305_0000271,KO.URFA,5386.0,5320.0,-66.0,updated
ev_KO_URFA_.emsc_event_20230307_0000330,quakeml:eu.emsc/event/20230307_0000330,KO.URFA,5840.0,,,no_emsc_pick
ev_KO_CEYT_.emsc_event_20230306_0000067,quakeml:eu.emsc/event/20230306_0000067,KO.CEYT,4770.0,4780.0,10.0,updated
ev_KO_KOZT_.emsc_event_20230308_0000099,quakeml:eu.emsc/event/20230308_0000099,KO.KOZT,5432.0,5350.0,-82.0,updated
ev_KO_DARE_.emsc_event_20230304_0000219,quakeml:eu.emsc/event/20230304_0000219,KO.DARE,4926.0,4980.0,54.0,updated
ev_KO_CEYT_.emsc_event_20230308_0000256,quakeml:eu.emsc/event/20230308_0000256,KO.CEYT,4605.0,4610.0,5.0,updated
ev_KO_SVRC_.emsc_event_20230312_0000306,quakeml:eu.emsc/event/20230312_0000306,KO.SVRC,5472.0,5470.0,-2.0,updated
ev_KO_DARE_.emsc_event_20230305_0000115,quakeml:eu.emsc/event/20230305_0000115,KO.DARE,4896.0,4900.0,4.0,updated
ev_KO_SARI_.emsc_event_20230717_0000024,quakeml:eu.emsc/event/20230717_0000024,KO.SARI,4348.0,4380.0,32.0,updated
ev_KO_KOZT_.emsc_event_20230306_0000280,quakeml:eu.emsc/event/20230306_0000280,KO.KOZT,4187.0,4140.0,-47.0,updated
ev_KO_URFA_.emsc_event_20230304_0000155,quakeml:eu.emsc/event/20230304_0000155,KO.URFA,5973.0,,,no_emsc_pick
ev_KO_KMRS_.emsc_event_20230306_0000151,quakeml:eu.emsc/event/20230306_0000151,KO.KMRS,5492.0,5630.0,138.0,updated
ev_KO_DARE_.emsc_event_20230331_0000162,quakeml:eu.emsc/event/20230331_0000162,KO.DARE,4669.0,4730.0,61.0,updated
ev_KO_DARE_.emsc_event_20230523_0000238,quakeml:eu.emsc/event/20230523_0000238,KO.DARE,5186.0,5250.0,64.0,updated
ev_KO_DYBB_.emsc_event_20230329_0000170,quakeml:eu.emsc/event/20230329_0000170,KO.DYBB,5124.0,,,no_emsc_pick
ev_KO_CEYT_.emsc_event_20230401_0000127,quakeml:eu.emsc/event/20230401_0000127,KO.CEYT,4920.0,4550.0,-370.0,updated
ev_KO_MERS_.emsc_event_20230306_0000067,quakeml:eu.emsc/event/20230306_0000067,KO.MERS,5915.0,,,no_emsc_pick
ev_KO_SVRC_.emsc_event_20230415_0000252,quakeml:eu.emsc/event/20230415_0000252,KO.SVRC,5464.0,5570.0,106.0,updated
ev_KO_URFA_.emsc_event_20230308_0000231,quakeml:eu.emsc/event/20230308_0000231,KO.URFA,5561.0,5510.0,-51.0,updated
ev_KO_DARE_.emsc_event_20230305_0000129,quakeml:eu.emsc/event/20230305_0000129,KO.DARE,4155.0,4120.0,-35.0,updated
ev_KO_BNN_.emsc_event_20230726_0000220,quakeml:eu.emsc/event/20230726_0000220,KO.BNN,5255.0,5290.0,35.0,updated
ev_KO_KOZT_.emsc_event_20230306_0000294,quakeml:eu.emsc/event/20230306_0000294,KO.KOZT,5217.0,5230.0,13.0,updated
ev_KO_DARE_.emsc_event_20230307_0000068,quakeml:eu.emsc/event/20230307_0000068,KO.DARE,3701.0,3710.0,9.0,updated
ev_KO_KMRS_.emsc_event_20230306_0000145,quakeml:eu.emsc/event/20230306_0000145,KO.KMRS,4529.0,4590.0,61.0,updated
ev_KO_SARI_.emsc_event_20230307_0000037,quakeml:eu.emsc/event/20230307_0000037,KO.SARI,4072.0,4070.0,-2.0,updated
ev_KO_GULA_.emsc_event_20230610_0000074,quakeml:eu.emsc/event/20230610_0000074,KO.GULA,5912.0,,,no_emsc_pick
ev_KO_DARE_.emsc_event_20230307_0000069,quakeml:eu.emsc/event/20230307_0000069,KO.DARE,4871.0,4910.0,39.0,updated
ev_KO_MERS_.emsc_event_20230304_0000127,quakeml:eu.emsc/event/20230304_0000127,KO.MERS,5565.0,5650.0,85.0,updated
ev_KO_SARI_.emsc_event_20230717_0000025,quakeml:eu.emsc/event/20230717_0000025,KO.SARI,4471.0,4364.0,-107.0,updated
ev_KO_SARI_.emsc_event_20230305_0000162,quakeml:eu.emsc/event/20230305_0000162,KO.SARI,4411.0,4500.0,89.0,updated
ev_KO_GAZ_.emsc_event_20230304_0000088,quakeml:eu.emsc/event/20230304_0000088,KO.GAZ,5323.0,5390.0,67.0,updated
ev_KO_CEYT_.emsc_event_20230306_0000066,quakeml:eu.emsc/event/20230306_0000066,KO.CEYT,5014.0,5030.0,16.0,updated
ev_KO_CEYT_.emsc_event_20230304_0000127,quakeml:eu.emsc/event/20230304_0000127,KO.CEYT,4874.0,4900.0,26.0,updated
ev_KO_SARI_.emsc_event_20230428_0000129,quakeml:eu.emsc/event/20230428_0000129,KO.SARI,3994.0,,,no_emsc_pick
ev_KO_DARE_.emsc_event_20230307_0000055,quakeml:eu.emsc/event/20230307_0000055,KO.DARE,4780.0,,,no_emsc_pick
ev_KO_SARI_.emsc_event_20230507_0000161,quakeml:eu.emsc/event/20230507_0000161,KO.SARI,3888.0,4010.0,122.0,updated
ev_KO_SARI_.emsc_event_20230306_0000313,quakeml:eu.emsc/event/20230306_0000313,KO.SARI,5930.0,,,no_emsc_pick
ev_KO_URFA_.emsc_event_20230306_0000029,quakeml:eu.emsc/event/20230306_0000029,KO.URFA,5105.0,5180.0,75.0,updated
ev_KO_DARE_.emsc_event_20230610_0000051,quakeml:eu.emsc/event/20230610_0000051,KO.DARE,4284.0,4420.0,136.0,updated
ev_KO_CEYT_.emsc_event_20230304_0000133,quakeml:eu.emsc/event/20230304_0000133,KO.CEYT,5105.0,5130.0,25.0,updated
ev_KO_SARI_.emsc_event_20230308_0000122,quakeml:eu.emsc/event/20230308_0000122,KO.SARI,3707.0,3730.0,23.0,updated
ev_KO_TAHT_.emsc_event_20230304_0000217,quakeml:eu.emsc/event/20230304_0000217,KO.TAHT,5910.0,,,no_emsc_pick
ev_KO_KOZT_.emsc_event_20230308_0000067,quakeml:eu.emsc/event/20230308_0000067,KO.KOZT,4308.0,4330.0,22.0,updated
ev_KO_BNN_.emsc_event_20230306_0000039,quakeml:eu.emsc/event/20230306_0000039,KO.BNN,4897.0,4790.0,-107.0,updated
ev_KO_URFA_.emsc_event_20230304_0000183,quakeml:eu.emsc/event/20230304_0000183,KO.URFA,4324.0,4330.0,6.0,updated
ev_KO_SVRC_.emsc_event_20230305_0000046,quakeml:eu.emsc/event/20230305_0000046,KO.SVRC,3181.0,3170.0,-11.0,updated
ev_KO_BNN_.emsc_event_20230307_0000321,quakeml:eu.emsc/event/20230307_0000321,KO.BNN,3858.0,3940.0,82.0,updated
ev_KO_SVRC_.emsc_event_20230307_0000107,quakeml:eu.emsc/event/20230307_0000107,KO.SVRC,4519.0,4530.0,11.0,updated
ev_KO_BNN_.emsc_event_20230314_0000209,quakeml:eu.emsc/event/20230314_0000209,KO.BNN,5871.0,,,no_emsc_pick
ev_KO_GAZ_.emsc_event_20230304_0000063,quakeml:eu.emsc/event/20230304_0000063,KO.GAZ,3603.0,3760.0,157.0,updated
ev_KO_GAZ_.emsc_event_20230306_0000122,quakeml:eu.emsc/event/20230306_0000122,KO.GAZ,4935.0,4960.0,25.0,updated
ev_KO_DARE_.emsc_event_20230307_0000096,quakeml:eu.emsc/event/20230307_0000096,KO.DARE,4104.0,4050.0,-54.0,updated
ev_KO_DARE_.emsc_event_20230331_0000188,quakeml:eu.emsc/event/20230331_0000188,KO.DARE,4102.0,4080.0,-22.0,updated
ev_KO_SARI_.emsc_event_20230420_0000018,quakeml:eu.emsc/event/20230420_0000018,KO.SARI,5670.0,,,no_emsc_pick
ev_KO_BNN_.emsc_event_20230304_0000150,quakeml:eu.emsc/event/20230304_0000150,KO.BNN,4882.0,4950.0,68.0,updated
ev_KO_DARE_.emsc_event_20230307_0000082,quakeml:eu.emsc/event/20230307_0000082,KO.DARE,4690.0,4640.0,-50.0,updated
ev_KO_BNN_.emsc_event_20230306_0000011,quakeml:eu.emsc/event/20230306_0000011,KO.BNN,5496.0,5560.0,64.0,updated
ev_KO_GAZ_.emsc_event_20230306_0000136,quakeml:eu.emsc/event/20230306_0000136,KO.GAZ,3629.0,3690.0,61.0,updated
ev_KO_DARE_.emsc_event_20230609_0000109,quakeml:eu.emsc/event/20230609_0000109,KO.DARE,4988.0,4980.0,-8.0,updated
ev_KO_KOZT_.emsc_event_20230307_0000172,quakeml:eu.emsc/event/20230307_0000172,KO.KOZT,4423.0,4470.0,47.0,updated
ev_KO_DARE_.emsc_event_20230530_0000107,quakeml:eu.emsc/event/20230530_0000107,KO.DARE,5170.0,5170.0,0.0,updated
ev_KO_GAZ_.emsc_event_20230305_0000192,quakeml:eu.emsc/event/20230305_0000192,KO.GAZ,5346.0,5320.0,-26.0,updated
ev_KO_CEYT_.emsc_event_20230308_0000069,quakeml:eu.emsc/event/20230308_0000069,KO.CEYT,5936.0,,,no_emsc_pick
ev_KO_SARI_.emsc_event_20230311_0000293,quakeml:eu.emsc/event/20230311_0000293,KO.SARI,4237.0,4290.0,53.0,updated
ev_KO_SVRC_.emsc_event_20230305_0000293,quakeml:eu.emsc/event/20230305_0000293,KO.SVRC,5603.0,,,no_emsc_pick
ev_KO_URFA_.emsc_event_20230228_0000147,quakeml:eu.emsc/event/20230228_0000147,KO.URFA,4427.0,4430.0,3.0,updated
ev_KO_TAHT_.emsc_event_20230306_0000183,quakeml:eu.emsc/event/20230306_0000183,KO.TAHT,5536.0,5560.0,24.0,updated
ev_KO_DARE_.emsc_event_20230306_0000173,quakeml:eu.emsc/event/20230306_0000173,KO.DARE,4742.0,4870.0,128.0,updated
ev_KO_GULA_.emsc_event_20230508_0000231,quakeml:eu.emsc/event/20230508_0000231,KO.GULA,5979.0,,,no_emsc_pick
ev_KO_SARI_.emsc_event_20230304_0000044,quakeml:eu.emsc/event/20230304_0000044,KO.SARI,5346.0,,,no_emsc_pick
ev_KO_DARE_.emsc_event_20230722_0000102,quakeml:eu.emsc/event/20230722_0000102,KO.DARE,4392.0,4329.0,-63.0,updated
ev_KO_KMRS_.emsc_event_20230307_0000076,quakeml:eu.emsc/event/20230307_0000076,KO.KMRS,5448.0,5580.0,132.0,updated
ev_KO_URFA_.emsc_event_20230719_0000304,quakeml:eu.emsc/event/20230719_0000304,KO.URFA,5846.0,,,no_emsc_pick
ev_KO_TAHT_.emsc_event_20230505_0000298,quakeml:eu.emsc/event/20230505_0000298,KO.TAHT,3659.0,3650.0,-9.0,updated
ev_KO_SARI_.emsc_event_20230725_0000187,quakeml:eu.emsc/event/20230725_0000187,KO.SARI,4710.0,4760.0,50.0,updated
ev_KO_DARE_.emsc_event_20230711_0000186,quakeml:eu.emsc/event/20230711_0000186,KO.DARE,4736.0,4647.0,-89.0,updated
ev_KO_SARI_.emsc_event_20230306_0000111,quakeml:eu.emsc/event/20230306_0000111,KO.SARI,3757.0,,,no_emsc_pick
ev_KO_CEYT_.emsc_event_20230308_0000041,quakeml:eu.emsc/event/20230308_0000041,KO.CEYT,5912.0,5890.0,-22.0,updated
ev_KO_KOZT_.emsc_event_20230306_0000054,quakeml:eu.emsc/event/20230306_0000054,KO.KOZT,3651.0,3770.0,119.0,updated
ev_KO_TAHT_.emsc_event_20230307_0000258,quakeml:eu.emsc/event/20230307_0000258,KO.TAHT,3515.0,3530.0,15.0,updated
ev_KO_GAZ_.emsc_event_20230307_0000010,quakeml:eu.emsc/event/20230307_0000010,KO.GAZ,4909.0,4980.0,71.0,updated
ev_KO_TAHT_.emsc_event_20230305_0000319,quakeml:eu.emsc/event/20230305_0000319,KO.TAHT,3544.0,3530.0,-14.0,updated
ev_KO_MERS_.emsc_event_20230308_0000082,quakeml:eu.emsc/event/20230308_0000082,KO.MERS,5976.0,,,no_emsc_pick
ev_KO_SVRC_.emsc_event_20230731_0000178,quakeml:eu.emsc/event/20230731_0000178,KO.SVRC,5867.0,5813.0,-54.0,updated
ev_KO_GAZ_.emsc_event_20230306_0000308,quakeml:eu.emsc/event/20230306_0000308,KO.GAZ,3813.0,3780.0,-33.0,updated
ev_KO_YESY_.emsc_event_20230725_0000202,quakeml:eu.emsc/event/20230725_0000202,KO.YESY,5992.0,,,no_emsc_pick
ev_KO_TAHT_.emsc_event_20230323_0000176,quakeml:eu.emsc/event/20230323_0000176,KO.TAHT,5904.0,5970.0,66.0,updated
ev_KO_BNN_.emsc_event_20230305_0000062,quakeml:eu.emsc/event/20230305_0000062,KO.BNN,4833.0,4950.0,117.0,updated
ev_KO_TAHT_.emsc_event_20230306_0000140,quakeml:eu.emsc/event/20230306_0000140,KO.TAHT,5375.0,,,no_emsc_pick
ev_KO_SARI_.emsc_event_20230313_0000305,quakeml:eu.emsc/event/20230313_0000305,KO.SARI,5739.0,5930.0,191.0,updated
ev_KO_MERS_.emsc_event_20230615_0000035,quakeml:eu.emsc/event/20230615_0000035,KO.MERS,5695.0,5600.0,-95.0,updated
ev_KO_SVRC_.emsc_event_20230306_0000009,quakeml:eu.emsc/event/20230306_0000009,KO.SVRC,4110.0,4240.0,130.0,updated
ev_KO_GAZ_.emsc_event_20230307_0000004,quakeml:eu.emsc/event/20230307_0000004,KO.GAZ,4672.0,4650.0,-22.0,updated
ev_KO_SVRC_.emsc_event_20230304_0000148,quakeml:eu.emsc/event/20230304_0000148,KO.SVRC,5868.0,,,no_emsc_pick
ev_KO_GAZ_.emsc_event_20230305_0000145,quakeml:eu.emsc/event/20230305_0000145,KO.GAZ,4205.0,4230.0,25.0,updated
ev_KO_DARE_.emsc_event_20230417_0000056,quakeml:eu.emsc/event/20230417_0000056,KO.DARE,4972.0,,,no_emsc_pick
ev_KO_SVRC_.emsc_event_20230304_0000160,quakeml:eu.emsc/event/20230304_0000160,KO.SVRC,5508.0,5640.0,132.0,updated
ev_KO_SARI_.emsc_event_20230329_0000143,quakeml:eu.emsc/event/20230329_0000143,KO.SARI,4067.0,,,no_emsc_pick
ev_KO_DARE_.emsc_event_20230307_0000294,quakeml:eu.emsc/event/20230307_0000294,KO.DARE,5710.0,5810.0,100.0,updated
ev_KO_TAHT_.emsc_event_20230307_0000264,quakeml:eu.emsc/event/20230307_0000264,KO.TAHT,3428.0,3530.0,102.0,updated
ev_KO_GAZ_.emsc_event_20230306_0000320,quakeml:eu.emsc/event/20230306_0000320,KO.GAZ,4322.0,4430.0,108.0,updated
ev_KO_URFA_.emsc_event_20230320_0000087,quakeml:eu.emsc/event/20230320_0000087,KO.URFA,4961.0,5010.0,49.0,updated
ev_KO_BNN_.emsc_event_20230308_0000036,quakeml:eu.emsc/event/20230308_0000036,KO.BNN,4958.0,5010.0,52.0,updated
ev_KO_CEYT_.emsc_event_20230329_0000236,quakeml:eu.emsc/event/20230329_0000236,KO.CEYT,5984.0,,,no_emsc_pick
ev_KO_SARI_.emsc_event_20230311_0000278,quakeml:eu.emsc/event/20230311_0000278,KO.SARI,3545.0,3620.0,75.0,updated
ev_KO_CEYT_.emsc_event_20230308_0000082,quakeml:eu.emsc/event/20230308_0000082,KO.CEYT,4491.0,,,no_emsc_pick
ev_KO_BNN_.emsc_event_20230306_0000213,quakeml:eu.emsc/event/20230306_0000213,KO.BNN,5287.0,5340.0,53.0,updated
ev_KO_GAZ_.emsc_event_20230305_0000179,quakeml:eu.emsc/event/20230305_0000179,KO.GAZ,4628.0,4720.0,92.0,updated
ev_KO_GAZ_.emsc_event_20230308_0000105,quakeml:eu.emsc/event/20230308_0000105,KO.GAZ,4907.0,4970.0,63.0,updated
ev_KO_TAHT_.emsc_event_20230307_0000270,quakeml:eu.emsc/event/20230307_0000270,KO.TAHT,4291.0,4390.0,99.0,updated
ev_KO_GAZ_.emsc_event_20230307_0000038,quakeml:eu.emsc/event/20230307_0000038,KO.GAZ,5022.0,5170.0,148.0,updated
ev_KO_SARI_.emsc_event_20230304_0000093,quakeml:eu.emsc/event/20230304_0000093,KO.SARI,5482.0,5530.0,48.0,updated
ev_KO_CEYT_.emsc_event_20230307_0000020,quakeml:eu.emsc/event/20230307_0000020,KO.CEYT,3938.0,3990.0,52.0,updated
ev_KO_TAHT_.emsc_event_20230702_0000102,quakeml:eu.emsc/event/20230702_0000102,KO.TAHT,3286.0,3054.0,-232.0,updated
ev_KO_SARI_.emsc_event_20230305_0000200,quakeml:eu.emsc/event/20230305_0000200,KO.SARI,5379.0,5410.0,31.0,updated
ev_KO_CEYT_.emsc_event_20230210_0000353,quakeml:eu.emsc/event/20230210_0000353,KO.CEYT,5022.0,5040.0,18.0,updated
ev_KO_KMRS_.emsc_event_20230308_0000003,quakeml:eu.emsc/event/20230308_0000003,KO.KMRS,3483.0,3520.0,37.0,updated
ev_KO_SVRC_.emsc_event_20230711_0000163,quakeml:eu.emsc/event/20230711_0000163,KO.SVRC,3853.0,3900.0,47.0,updated
ev_KO_DARE_.emsc_event_20230306_0000013,quakeml:eu.emsc/event/20230306_0000013,KO.DARE,4907.0,4880.0,-27.0,updated
ev_KO_SARI_.emsc_event_20230307_0000341,quakeml:eu.emsc/event/20230307_0000341,KO.SARI,5482.0,5570.0,88.0,updated
ev_KO_BNN_.emsc_event_20230307_0000080,quakeml:eu.emsc/event/20230307_0000080,KO.BNN,5646.0,,,no_emsc_pick
ev_KO_DARE_.emsc_event_20230306_0000007,quakeml:eu.emsc/event/20230306_0000007,KO.DARE,4699.0,4510.0,-189.0,updated
ev_KO_SARI_.emsc_event_20230305_0000214,quakeml:eu.emsc/event/20230305_0000214,KO.SARI,5380.0,,,no_emsc_pick
ev_KO_SARI_.emsc_event_20230518_0000073,quakeml:eu.emsc/event/20230518_0000073,KO.SARI,4157.0,,,no_emsc_pick
ev_KO_DARE_.emsc_event_20230731_0000176,quakeml:eu.emsc/event/20230731_0000176,KO.DARE,4339.0,4390.0,51.0,updated
ev_KO_CEYT_.emsc_event_20230319_0000160,quakeml:eu.emsc/event/20230319_0000160,KO.CEYT,4873.0,4900.0,27.0,updated
ev_KO_URFA_.emsc_event_20230603_0000157,quakeml:eu.emsc/event/20230603_0000157,KO.URFA,5622.0,5680.0,58.0,updated
ev_KO_TAHT_.emsc_event_20230530_0000097,quakeml:eu.emsc/event/20230530_0000097,KO.TAHT,5807.0,5790.0,-17.0,updated
ev_KO_CEYT_.emsc_event_20230307_0000034,quakeml:eu.emsc/event/20230307_0000034,KO.CEYT,5238.0,5300.0,62.0,updated
ev_KO_DARE_.emsc_event_20230308_0000236,quakeml:eu.emsc/event/20230308_0000236,KO.DARE,4462.0,4490.0,28.0,updated
ev_KO_SARI_.emsc_event_20230306_0000071,quakeml:eu.emsc/event/20230306_0000071,KO.SARI,5436.0,,,no_emsc_pick
ev_KO_DARE_.emsc_event_20230305_0000262,quakeml:eu.emsc/event/20230305_0000262,KO.DARE,5204.0,5170.0,-34.0,updated
ev_KO_CEYT_.emsc_event_20230304_0000251,quakeml:eu.emsc/event/20230304_0000251,KO.CEYT,4464.0,4520.0,56.0,updated
ev_KO_KMRS_.emsc_event_20230307_0000102,quakeml:eu.emsc/event/20230307_0000102,KO.KMRS,4529.0,4580.0,51.0,updated
ev_KO_MERS_.emsc_event_20230319_0000160,quakeml:eu.emsc/event/20230319_0000160,KO.MERS,5496.0,5570.0,74.0,updated
ev_KO_SARI_.emsc_event_20230308_0000240,quakeml:eu.emsc/event/20230308_0000240,KO.SARI,4292.0,,,no_emsc_pick
ev_KO_GAZ_.emsc_event_20230306_0000297,quakeml:eu.emsc/event/20230306_0000297,KO.GAZ,4561.0,4620.0,59.0,updated
ev_KO_BNN_.emsc_event_20230308_0000181,quakeml:eu.emsc/event/20230308_0000181,KO.BNN,5229.0,5110.0,-119.0,updated
ev_KO_KMRS_.emsc_event_20230305_0000043,quakeml:eu.emsc/event/20230305_0000043,KO.KMRS,5593.0,5660.0,67.0,updated
ev_KO_MERS_.emsc_event_20230307_0000020,quakeml:eu.emsc/event/20230307_0000020,KO.MERS,5567.0,5630.0,63.0,updated
ev_KO_URFA_.emsc_event_20230307_0000053,quakeml:eu.emsc/event/20230307_0000053,KO.URFA,5949.0,,,no_emsc_pick
ev_KO_KMRS_.emsc_event_20230305_0000057,quakeml:eu.emsc/event/20230305_0000057,KO.KMRS,4206.0,4250.0,44.0,updated
ev_KO_CEYT_.emsc_event_20230612_0000159,quakeml:eu.emsc/event/20230612_0000159,KO.CEYT,5946.0,,,no_emsc_pick
ev_KO_TAHT_.emsc_event_20230422_0000256,quakeml:eu.emsc/event/20230422_0000256,KO.TAHT,5785.0,5830.0,45.0,updated
ev_KO_SARI_.emsc_event_20230716_0000063,quakeml:eu.emsc/event/20230716_0000063,KO.SARI,4631.0,4650.0,19.0,updated
ev_KO_URFA_.emsc_event_20230305_0000112,quakeml:eu.emsc/event/20230305_0000112,KO.URFA,4998.0,4970.0,-28.0,updated
ev_KO_DARE_.emsc_event_20230429_0000119,quakeml:eu.emsc/event/20230429_0000119,KO.DARE,4213.0,4240.0,27.0,updated
ev_KO_KARA_.emsc_event_20230530_0000107,quakeml:eu.emsc/event/20230530_0000107,KO.KARA,5735.0,,,no_emsc_pick
ev_KO_SARI_.emsc_event_20230304_0000124,quakeml:eu.emsc/event/20230304_0000124,KO.SARI,4713.0,4720.0,7.0,updated
ev_KO_CEYT_.emsc_event_20230308_0000135,quakeml:eu.emsc/event/20230308_0000135,KO.CEYT,5315.0,,,no_emsc_pick
ev_KO_GAZ_.emsc_event_20230308_0000059,quakeml:eu.emsc/event/20230308_0000059,KO.GAZ,5506.0,5600.0,94.0,updated
ev_KO_KOZT_.emsc_event_20230306_0000120,quakeml:eu.emsc/event/20230306_0000120,KO.KOZT,4613.0,4740.0,127.0,updated
ev_KO_GAZ_.emsc_event_20230307_0000164,quakeml:eu.emsc/event/20230307_0000164,KO.GAZ,5563.0,,,no_emsc_pick
ev_KO_BNN_.emsc_event_20230307_0000043,quakeml:eu.emsc/event/20230307_0000043,KO.BNN,5322.0,5410.0,88.0,updated
ev_KO_GAZ_.emsc_event_20230304_0000329,quakeml:eu.emsc/event/20230304_0000329,KO.GAZ,3751.0,3830.0,79.0,updated
ev_KO_SVRC_.emsc_event_20230307_0000265,quakeml:eu.emsc/event/20230307_0000265,KO.SVRC,5451.0,5310.0,-141.0,updated
ev_KO_BNN_.emsc_event_20230305_0000116,quakeml:eu.emsc/event/20230305_0000116,KO.BNN,4825.0,4830.0,5.0,updated
ev_KO_BNN_.emsc_event_20230307_0000057,quakeml:eu.emsc/event/20230307_0000057,KO.BNN,5142.0,,,no_emsc_pick
ev_KO_DARE_.emsc_event_20230305_0000289,quakeml:eu.emsc/event/20230305_0000289,KO.DARE,5989.0,,,no_emsc_pick
ev_KO_TAHT_.emsc_event_20230307_0000338,quakeml:eu.emsc/event/20230307_0000338,KO.TAHT,5042.0,5060.0,18.0,updated
ev_KO_KOZT_.emsc_event_20230306_0000134,quakeml:eu.emsc/event/20230306_0000134,KO.KOZT,5487.0,5540.0,53.0,updated
ev_KO_TAHT_.emsc_event_20230305_0000251,quakeml:eu.emsc/event/20230305_0000251,KO.TAHT,3728.0,3710.0,-18.0,updated
ev_KO_BNN_.emsc_event_20230308_0000142,quakeml:eu.emsc/event/20230308_0000142,KO.BNN,4885.0,5010.0,125.0,updated
ev_KO_KMRS_.emsc_event_20230305_0000080,quakeml:eu.emsc/event/20230305_0000080,KO.KMRS,3189.0,,,no_emsc_pick
ev_KO_SARI_.emsc_event_20230308_0000283,quakeml:eu.emsc/event/20230308_0000283,KO.SARI,5953.0,,,no_emsc_pick
ev_KO_CEYT_.emsc_event_20230304_0000292,quakeml:eu.emsc/event/20230304_0000292,KO.CEYT,5067.0,5190.0,123.0,updated
ev_KO_KOZT_.emsc_event_20230307_0000210,quakeml:eu.emsc/event/20230307_0000210,KO.KOZT,4479.0,4430.0,-49.0,updated
ev_KO_CEYT_.emsc_event_20230304_0000286,quakeml:eu.emsc/event/20230304_0000286,KO.CEYT,5889.0,,,no_emsc_pick
ev_KO_CEYT_.emsc_event_20230624_0000084,quakeml:eu.emsc/event/20230624_0000084,KO.CEYT,4894.0,,,no_emsc_pick
ev_KO_SARI_.emsc_event_20230423_0000137,quakeml:eu.emsc/event/20230423_0000137,KO.SARI,4062.0,4070.0,8.0,updated
ev_KO_SVRC_.emsc_event_20230613_0000010,quakeml:eu.emsc/event/20230613_0000010,KO.SVRC,5995.0,,,no_emsc_pick
ev_KO_GAZ_.emsc_event_20230306_0000240,quakeml:eu.emsc/event/20230306_0000240,KO.GAZ,5724.0,5780.0,56.0,updated
ev_KO_KOZT_.emsc_event_20230306_0000108,quakeml:eu.emsc/event/20230306_0000108,KO.KOZT,4216.0,4310.0,94.0,updated
ev_KO_DARE_.emsc_event_20230713_0000170,quakeml:eu.emsc/event/20230713_0000170,KO.DARE,4089.0,3953.0,-136.0,updated
ev_KO_DARE_.emsc_event_20230731_0000189,quakeml:eu.emsc/event/20230731_0000189,KO.DARE,5267.0,,,no_emsc_pick
ev_KO_TAHT_.emsc_event_20230305_0000245,quakeml:eu.emsc/event/20230305_0000245,KO.TAHT,3588.0,3610.0,22.0,updated
ev_KO_CEYT_.emsc_event_20230423_0000256,quakeml:eu.emsc/event/20230423_0000256,KO.CEYT,3538.0,3620.0,82.0,updated
ev_KO_BNN_.emsc_event_20230307_0000282,quakeml:eu.emsc/event/20230307_0000282,KO.BNN,3900.0,3850.0,-50.0,updated
ev_KO_SARI_.emsc_event_20230307_0000143,quakeml:eu.emsc/event/20230307_0000143,KO.SARI,4657.0,4820.0,163.0,updated
ev_KO_CEYT_.emsc_event_20230805_0000097,quakeml:eu.emsc/event/20230805_0000097,KO.CEYT,4407.0,4470.0,63.0,updated
ev_KO_SARI_.emsc_event_20230305_0000002,quakeml:eu.emsc/event/20230305_0000002,KO.SARI,4060.0,4130.0,70.0,updated
ev_KO_KMRS_.emsc_event_20230304_0000171,quakeml:eu.emsc/event/20230304_0000171,KO.KMRS,4105.0,4140.0,35.0,updated
ev_KO_URFA_.emsc_event_20230306_0000175,quakeml:eu.emsc/event/20230306_0000175,KO.URFA,5231.0,5280.0,49.0,updated
ev_KO_DARE_.emsc_event_20230228_0000155,quakeml:eu.emsc/event/20230228_0000155,KO.DARE,4438.0,4480.0,42.0,updated
ev_KO_KMRS_.emsc_event_20230304_0000165,quakeml:eu.emsc/event/20230304_0000165,KO.KMRS,4252.0,4330.0,78.0,updated
ev_KO_DARE_.emsc_event_20230307_0000109,quakeml:eu.emsc/event/20230307_0000109,KO.DARE,4505.0,4470.0,-35.0,updated
ev_KO_URFA_.emsc_event_20230304_0000020,quakeml:eu.emsc/event/20230304_0000020,KO.URFA,5605.0,5570.0,-35.0,updated
ev_KO_URFA_.emsc_event_20230605_0000096,quakeml:eu.emsc/event/20230605_0000096,KO.URFA,5316.0,5250.0,-66.0,updated
ev_KO_KMRS_.emsc_event_20230308_0000215,quakeml:eu.emsc/event/20230308_0000215,KO.KMRS,4877.0,5000.0,123.0,updated
ev_KO_DARE_.emsc_event_20230306_0000205,quakeml:eu.emsc/event/20230306_0000205,KO.DARE,4408.0,4460.0,52.0,updated
ev_KO_KOZT_.emsc_event_20230305_0000190,quakeml:eu.emsc/event/20230305_0000190,KO.KOZT,5478.0,,,no_emsc_pick
ev_KO_GAZ_.emsc_event_20230306_0000095,quakeml:eu.emsc/event/20230306_0000095,KO.GAZ,5912.0,,,no_emsc_pick
ev_KO_KMRS_.emsc_event_20230307_0000300,quakeml:eu.emsc/event/20230307_0000300,KO.KMRS,4141.0,4020.0,-121.0,updated
ev_KO_DARE_.emsc_event_20230305_0000060,quakeml:eu.emsc/event/20230305_0000060,KO.DARE,3290.0,3340.0,50.0,updated
ev_KO_SVRC_.emsc_event_20230520_0000091,quakeml:eu.emsc/event/20230520_0000091,KO.SVRC,4166.0,4100.0,-66.0,updated
ev_KO_DARE_.emsc_event_20230307_0000121,quakeml:eu.emsc/event/20230307_0000121,KO.DARE,4022.0,3960.0,-62.0,updated
ev_KO_TAHT_.emsc_event_20230415_0000246,quakeml:eu.emsc/event/20230415_0000246,KO.TAHT,5653.0,5710.0,57.0,updated
ev_KO_TAHT_.emsc_event_20230305_0000084,quakeml:eu.emsc/event/20230305_0000084,KO.TAHT,5979.0,,,no_emsc_pick
ev_KO_MERS_.emsc_event_20230805_0000097,quakeml:eu.emsc/event/20230805_0000097,KO.MERS,5039.0,5090.0,51.0,updated
ev_KO_SARI_.emsc_event_20230323_0000251,quakeml:eu.emsc/event/20230323_0000251,KO.SARI,5798.0,,,no_emsc_pick
ev_KO_CEYT_.emsc_event_20230304_0000047,quakeml:eu.emsc/event/20230304_0000047,KO.CEYT,4879.0,5020.0,141.0,updated
ev_KO_GAZ_.emsc_event_20230306_0000081,quakeml:eu.emsc/event/20230306_0000081,KO.GAZ,4619.0,4660.0,41.0,updated
ev_KO_DARE_.emsc_event_20230709_0000067,quakeml:eu.emsc/event/20230709_0000067,KO.DARE,5321.0,5390.0,69.0,updated
ev_KO_SARI_.emsc_event_20230308_0000056,quakeml:eu.emsc/event/20230308_0000056,KO.SARI,3989.0,,,no_emsc_pick
ev_KO_KOZT_.emsc_event_20230308_0000113,quakeml:eu.emsc/event/20230308_0000113,KO.KOZT,3949.0,3890.0,-59.0,updated
ev_KO_DARE_.emsc_event_20230710_0000117,quakeml:eu.emsc/event/20230710_0000117,KO.DARE,4106.0,4150.0,44.0,updated
ev_KO_BNN_.emsc_event_20230305_0000300,quakeml:eu.emsc/event/20230305_0000300,KO.BNN,4873.0,4790.0,-83.0,updated
ev_KO_SVRC_.emsc_event_20230307_0000067,quakeml:eu.emsc/event/20230307_0000067,KO.SVRC,5520.0,5570.0,50.0,updated
ev_KO_KOZT_.emsc_event_20230304_0000263,quakeml:eu.emsc/event/20230304_0000263,KO.KOZT,5597.0,5660.0,63.0,updated
ev_KO_DYBB_.emsc_event_20230301_0000098,quakeml:eu.emsc/event/20230301_0000098,KO.DYBB,5150.0,,,no_emsc_pick
ev_KO_DARE_.emsc_event_20230503_0000222,quakeml:eu.emsc/event/20230503_0000222,KO.DARE,4940.0,5040.0,100.0,updated
ev_KO_BNN_.emsc_event_20230306_0000159,quakeml:eu.emsc/event/20230306_0000159,KO.BNN,5239.0,5290.0,51.0,updated
ev_KO_SVRC_.emsc_event_20230312_0000298,quakeml:eu.emsc/event/20230312_0000298,KO.SVRC,5929.0,,,no_emsc_pick
ev_KO_CEYT_.emsc_event_20230301_0000136,quakeml:eu.emsc/event/20230301_0000136,KO.CEYT,5709.0,,,no_emsc_pick
ev_KO_KOZT_.emsc_event_20230308_0000107,quakeml:eu.emsc/event/20230308_0000107,KO.KOZT,3996.0,,,no_emsc_pick
ev_KO_GULA_.emsc_event_20230630_0000047,quakeml:eu.emsc/event/20230630_0000047,KO.GULA,5922.0,,,no_emsc_pick
ev_KO_GAZ_.emsc_event_20230306_0000056,quakeml:eu.emsc/event/20230306_0000056,KO.GAZ,5349.0,5460.0,111.0,updated
ev_KO_GAZ_.emsc_event_20230308_0000267,quakeml:eu.emsc/event/20230308_0000267,KO.GAZ,5717.0,,,no_emsc_pick
ev_KO_TAHT_.emsc_event_20230305_0000047,quakeml:eu.emsc/event/20230305_0000047,KO.TAHT,3905.0,3940.0,35.0,updated
ev_KO_URFA_.emsc_event_20230208_0000410,quakeml:eu.emsc/event/20230208_0000410,KO.URFA,4758.0,,,no_emsc_pick
ev_KO_GAZ_.emsc_event_20230308_0000273,quakeml:eu.emsc/event/20230308_0000273,KO.GAZ,5458.0,,,no_emsc_pick
ev_KO_BNN_.emsc_event_20230517_0000072,quakeml:eu.emsc/event/20230517_0000072,KO.BNN,5052.0,5020.0,-32.0,updated
ev_KO_GAZ_.emsc_event_20230304_0000103,quakeml:eu.emsc/event/20230304_0000103,KO.GAZ,5009.0,,,no_emsc_pick
ev_KO_MERS_.emsc_event_20230221_0000055,quakeml:eu.emsc/event/20230221_0000055,KO.MERS,5490.0,5530.0,40.0,updated
ev_KO_CEYT_.emsc_event_20230311_0000279,quakeml:eu.emsc/event/20230311_0000279,KO.CEYT,3221.0,3210.0,-11.0,updated
ev_KO_BNN_.emsc_event_20230306_0000173,quakeml:eu.emsc/event/20230306_0000173,KO.BNN,4785.0,4840.0,55.0,updated
ev_KO_GAZ_.emsc_event_20230306_0000054,quakeml:eu.emsc/event/20230306_0000054,KO.GAZ,4781.0,4930.0,149.0,updated
ev_KO_SVRC_.emsc_event_20230305_0000118,quakeml:eu.emsc/event/20230305_0000118,KO.SVRC,4170.0,4220.0,50.0,updated
ev_KO_CEYT_.emsc_event_20230304_0000092,quakeml:eu.emsc/event/20230304_0000092,KO.CEYT,4923.0,,,no_emsc_pick
ev_KO_KOZT_.emsc_event_20230307_0000010,quakeml:eu.emsc/event/20230307_0000010,KO.KOZT,5280.0,5350.0,70.0,updated
ev_KO_SARI_.emsc_event_20230222_0000145,quakeml:eu.emsc/event/20230222_0000145,KO.SARI,3655.0,3780.0,125.0,updated
ev_KO_BNN_.emsc_event_20230530_0000107,quakeml:eu.emsc/event/20230530_0000107,KO.BNN,5840.0,5880.0,40.0,updated
ev_KO_KOZT_.emsc_event_20230307_0000004,quakeml:eu.emsc/event/20230307_0000004,KO.KOZT,5563.0,5560.0,-3.0,updated
ev_KO_KOZT_.emsc_event_20230305_0000145,quakeml:eu.emsc/event/20230305_0000145,KO.KOZT,4659.0,4680.0,21.0,updated
ev_KO_KOZT_.emsc_event_20230306_0000308,quakeml:eu.emsc/event/20230306_0000308,KO.KOZT,5221.0,5230.0,9.0,updated
ev_KO_KOZT_.emsc_event_20230306_0000320,quakeml:eu.emsc/event/20230306_0000320,KO.KOZT,5648.0,5740.0,92.0,updated
ev_KO_URFA_.emsc_event_20230224_0000194,quakeml:eu.emsc/event/20230224_0000194,KO.URFA,5672.0,5760.0,88.0,updated
ev_KO_SVRC_.emsc_event_20230610_0000075,quakeml:eu.emsc/event/20230610_0000075,KO.SVRC,5601.0,5570.0,-31.0,updated
ev_KO_BNN_.emsc_event_20230307_0000243,quakeml:eu.emsc/event/20230307_0000243,KO.BNN,3879.0,3910.0,31.0,updated
ev_KO_BNN_.emsc_event_20230711_0000186,quakeml:eu.emsc/event/20230711_0000186,KO.BNN,4886.0,4797.0,-89.0,updated
ev_KO_KOZT_.emsc_event_20230305_0000179,quakeml:eu.emsc/event/20230305_0000179,KO.KOZT,4392.0,4490.0,98.0,updated
ev_KO_KOZT_.emsc_event_20230308_0000105,quakeml:eu.emsc/event/20230308_0000105,KO.KOZT,4384.0,4440.0,56.0,updated
ev_KO_MERS_.emsc_event_20230311_0000279,quakeml:eu.emsc/event/20230311_0000279,KO.MERS,4917.0,4810.0,-107.0,updated
ev_KO_SARI_.emsc_event_20230328_0000113,quakeml:eu.emsc/event/20230328_0000113,KO.SARI,5107.0,5290.0,183.0,updated
ev_KO_KOZT_.emsc_event_20230307_0000038,quakeml:eu.emsc/event/20230307_0000038,KO.KOZT,4058.0,4150.0,92.0,updated
ev_KO_SARI_.emsc_event_20230407_0000031,quakeml:eu.emsc/event/20230407_0000031,KO.SARI,5708.0,5700.0,-8.0,updated
ev_KO_TAHT_.emsc_event_20230307_0000138,quakeml:eu.emsc/event/20230307_0000138,KO.TAHT,5712.0,,,no_emsc_pick
ev_KO_CEYT_.emsc_event_20230515_0000146,quakeml:eu.emsc/event/20230515_0000146,KO.CEYT,3976.0,3770.0,-206.0,updated
ev_KO_DARE_.emsc_event_20230305_0000062,quakeml:eu.emsc/event/20230305_0000062,KO.DARE,5267.0,5360.0,93.0,updated
ev_KO_BNN_.emsc_event_20230310_0000116,quakeml:eu.emsc/event/20230310_0000116,KO.BNN,4366.0,4380.0,14.0,updated
ev_KO_DARE_.emsc_event_20230403_0000206,quakeml:eu.emsc/event/20230403_0000206,KO.DARE,4041.0,3980.0,-61.0,updated
ev_KO_SARI_.emsc_event_20230308_0000040,quakeml:eu.emsc/event/20230308_0000040,KO.SARI,3997.0,4100.0,103.0,updated
ev_KO_URFA_.emsc_event_20230307_0000247,quakeml:eu.emsc/event/20230307_0000247,KO.URFA,4898.0,4980.0,82.0,updated
ev_KO_URFA_.emsc_event_20230307_0000253,quakeml:eu.emsc/event/20230307_0000253,KO.URFA,4907.0,5030.0,123.0,updated
ev_KO_SARI_.emsc_event_20230307_0000169,quakeml:eu.emsc/event/20230307_0000169,KO.SARI,4236.0,4290.0,54.0,updated
ev_KO_TAHT_.emsc_event_20230305_0000086,quakeml:eu.emsc/event/20230305_0000086,KO.TAHT,3490.0,3550.0,60.0,updated
ev_KO_URFA_.emsc_event_20230306_0000177,quakeml:eu.emsc/event/20230306_0000177,KO.URFA,5729.0,5780.0,51.0,updated
ev_KO_KMRS_.emsc_event_20230304_0000173,quakeml:eu.emsc/event/20230304_0000173,KO.KMRS,3761.0,3730.0,-31.0,updated
ev_KO_URFA_.emsc_event_20230629_0000248,quakeml:eu.emsc/event/20230629_0000248,KO.URFA,5388.0,5353.0,-35.0,updated
ev_KO_KMRS_.emsc_event_20230306_0000032,quakeml:eu.emsc/event/20230306_0000032,KO.KMRS,5707.0,5660.0,-47.0,updated
ev_KO_SARI_.emsc_event_20230307_0000141,quakeml:eu.emsc/event/20230307_0000141,KO.SARI,4828.0,4840.0,12.0,updated
ev_KO_DARE_.emsc_event_20230306_0000213,quakeml:eu.emsc/event/20230306_0000213,KO.DARE,5014.0,5070.0,56.0,updated
ev_KO_MERS_.emsc_event_20230515_0000146,quakeml:eu.emsc/event/20230515_0000146,KO.MERS,5538.0,5350.0,-188.0,updated
ev_KO_CEYT_.emsc_event_20230304_0000079,quakeml:eu.emsc/event/20230304_0000079,KO.CEYT,5155.0,5290.0,135.0,updated
ev_KO_SARI_.emsc_event_20230305_0000014,quakeml:eu.emsc/event/20230305_0000014,KO.SARI,5826.0,,,no_emsc_pick
ev_KO_URFA_.emsc_event_20230211_0000210,quakeml:eu.emsc/event/20230211_0000210,KO.URFA,5999.0,,,no_emsc_pick
ev_KO_URFA_.emsc_event_20230619_0000081,quakeml:eu.emsc/event/20230619_0000081,KO.URFA,4472.0,4520.0,48.0,updated
ev_KO_CEYT_.emsc_event_20230306_0000138,quakeml:eu.emsc/event/20230306_0000138,KO.CEYT,4944.0,5060.0,116.0,updated
ev_KO_KMRS_.emsc_event_20230306_0000026,quakeml:eu.emsc/event/20230306_0000026,KO.KMRS,4270.0,,,no_emsc_pick
ev_KO_SARI_.emsc_event_20230306_0000259,quakeml:eu.emsc/event/20230306_0000259,KO.SARI,3853.0,,,no_emsc_pick
ev_KO_CEYT_.emsc_event_20230307_0000234,quakeml:eu.emsc/event/20230307_0000234,KO.CEYT,5220.0,,,no_emsc_pick
ev_KO_URFA_.emsc_event_20230306_0000163,quakeml:eu.emsc/event/20230306_0000163,KO.URFA,4385.0,,,no_emsc_pick
ev_KO_DARE_.emsc_event_20230308_0000036,quakeml:eu.emsc/event/20230308_0000036,KO.DARE,5136.0,5160.0,24.0,updated
ev_KO_SARI_.emsc_event_20230304_0000318,quakeml:eu.emsc/event/20230304_0000318,KO.SARI,4281.0,,,no_emsc_pick
ev_KO_SVRC_.emsc_event_20230613_0000006,quakeml:eu.emsc/event/20230613_0000006,KO.SVRC,5723.0,5840.0,117.0,updated
ev_KO_SARI_.emsc_event_20230207_0000403,quakeml:eu.emsc/event/20230207_0000403,KO.SARI,5662.0,5720.0,58.0,updated
ev_KO_TAHT_.emsc_event_20230307_0000312,quakeml:eu.emsc/event/20230307_0000312,KO.TAHT,4736.0,4790.0,54.0,updated
ev_KO_DYBB_.emsc_event_20230507_0000019,quakeml:eu.emsc/event/20230507_0000019,KO.DYBB,5612.0,,,no_emsc_pick
ev_KO_BNN_.emsc_event_20230307_0000069,quakeml:eu.emsc/event/20230307_0000069,KO.BNN,5269.0,5320.0,51.0,updated
ev_KO_MERS_.emsc_event_20230214_0000138,quakeml:eu.emsc/event/20230214_0000138,KO.MERS,5953.0,,,no_emsc_pick
ev_KO_TAHT_.emsc_event_20230306_0000022,quakeml:eu.emsc/event/20230306_0000022,KO.TAHT,4628.0,4670.0,42.0,updated
ev_KO_GAZ_.emsc_event_20230307_0000166,quakeml:eu.emsc/event/20230307_0000166,KO.GAZ,5554.0,5610.0,56.0,updated
ev_KO_KOZT_.emsc_event_20230304_0000063,quakeml:eu.emsc/event/20230304_0000063,KO.KOZT,4775.0,4910.0,135.0,updated
ev_KO_KOZT_.emsc_event_20230306_0000122,quakeml:eu.emsc/event/20230306_0000122,KO.KOZT,4998.0,5030.0,32.0,updated
ev_KO_GAZ_.emsc_event_20230305_0000027,quakeml:eu.emsc/event/20230305_0000027,KO.GAZ,5565.0,5600.0,35.0,updated
ev_KO_KOZT_.emsc_event_20230306_0000136,quakeml:eu.emsc/event/20230306_0000136,KO.KOZT,4592.0,4640.0,48.0,updated
ev_KO_BNN_.emsc_event_20230307_0000055,quakeml:eu.emsc/event/20230307_0000055,KO.BNN,5174.0,,,no_emsc_pick
ev_KO_URFA_.emsc_event_20230307_0000045,quakeml:eu.emsc/event/20230307_0000045,KO.URFA,5939.0,5910.0,-29.0,updated
ev_KO_KMRS_.emsc_event_20230305_0000041,quakeml:eu.emsc/event/20230305_0000041,KO.KMRS,4302.0,,,no_emsc_pick
ev_KO_CEYT_.emsc_event_20230306_0000312,quakeml:eu.emsc/event/20230306_0000312,KO.CEYT,4920.0,5000.0,80.0,updated
ev_KO_SARI_.emsc_event_20230716_0000075,quakeml:eu.emsc/event/20230716_0000075,KO.SARI,5162.0,5185.0,23.0,updated
ev_KO_TAHT_.emsc_event_20230422_0000240,quakeml:eu.emsc/event/20230422_0000240,KO.TAHT,5841.0,5880.0,39.0,updated
ev_KO_URFA_.emsc_event_20230621_0000184,quakeml:eu.emsc/event/20230621_0000184,KO.URFA,5323.0,5440.0,117.0,updated
ev_KO_KOZT_.emsc_event_20230304_0000088,quakeml:eu.emsc/event/20230304_0000088,KO.KOZT,5724.0,5810.0,86.0,updated
ev_KO_KMRS_.emsc_event_20230307_0000114,quakeml:eu.emsc/event/20230307_0000114,KO.KMRS,3668.0,3700.0,32.0,updated
ev_KO_TAHT_.emsc_event_20230805_0000170,quakeml:eu.emsc/event/20230805_0000170,KO.TAHT,4740.0,4625.0,-115.0,updated
ev_KO_DARE_.emsc_event_20230306_0000039,quakeml:eu.emsc/event/20230306_0000039,KO.DARE,5213.0,5260.0,47.0,updated
ev_KO_URFA_.emsc_event_20230307_0000051,quakeml:eu.emsc/event/20230307_0000051,KO.URFA,4558.0,4690.0,132.0,updated
ev_KO_SARI_.emsc_event_20230308_0000256,quakeml:eu.emsc/event/20230308_0000256,KO.SARI,5319.0,,,no_emsc_pick
ev_KO_DARE_.emsc_event_20230306_0000011,quakeml:eu.emsc/event/20230306_0000011,KO.DARE,3348.0,3440.0,92.0,updated
ev_KO_URFA_.emsc_event_20230307_0000079,quakeml:eu.emsc/event/20230307_0000079,KO.URFA,5646.0,5740.0,94.0,updated
ev_KO_CEYT_.emsc_event_20230717_0000024,quakeml:eu.emsc/event/20230717_0000024,KO.CEYT,5861.0,,,no_emsc_pick
ev_KO_DARE_.emsc_event_20230304_0000150,quakeml:eu.emsc/event/20230304_0000150,KO.DARE,5094.0,5150.0,56.0,updated
ev_KO_KMRS_.emsc_event_20230306_0000230,quakeml:eu.emsc/event/20230306_0000230,KO.KMRS,5829.0,5950.0,121.0,updated
ev_KO_URFA_.emsc_event_20230304_0000220,quakeml:eu.emsc/event/20230304_0000220,KO.URFA,5830.0,5900.0,70.0,updated
ev_KO_KMRS_.emsc_event_20230308_0000015,quakeml:eu.emsc/event/20230308_0000015,KO.KMRS,4267.0,4310.0,43.0,updated
ev_KO_DARE_.emsc_event_20230318_0000151,quakeml:eu.emsc/event/20230318_0000151,KO.DARE,4645.0,4440.0,-205.0,updated
ev_KO_KMRS_.emsc_event_20230307_0000128,quakeml:eu.emsc/event/20230307_0000128,KO.KMRS,5888.0,,,no_emsc_pick
ev_KO_BNN_.emsc_event_20230313_0000171,quakeml:eu.emsc/event/20230313_0000171,KO.BNN,5006.0,5110.0,104.0,updated
ev_KO_BNN_.emsc_event_20230307_0000109,quakeml:eu.emsc/event/20230307_0000109,KO.BNN,5043.0,5050.0,7.0,updated
ev_KO_GAZ_.emsc_event_20230304_0000263,quakeml:eu.emsc/event/20230304_0000263,KO.GAZ,4956.0,5000.0,44.0,updated
ev_KO_SVRC_.emsc_event_20230410_0000122,quakeml:eu.emsc/event/20230410_0000122,KO.SVRC,4278.0,4360.0,82.0,updated
ev_KO_SARI_.emsc_event_20230620_0000005,quakeml:eu.emsc/event/20230620_0000005,KO.SARI,4433.0,,,no_emsc_pick
ev_KO_CEYT_.emsc_event_20230729_0000143,quakeml:eu.emsc/event/20230729_0000143,KO.CEYT,5382.0,5460.0,78.0,updated
ev_KO_GAZ_.emsc_event_20230306_0000322,quakeml:eu.emsc/event/20230306_0000322,KO.GAZ,5400.0,5520.0,120.0,updated
ev_KO_GAZ_.emsc_event_20230308_0000113,quakeml:eu.emsc/event/20230308_0000113,KO.GAZ,5168.0,5120.0,-48.0,updated
ev_KO_CEYT_.emsc_event_20230308_0000094,quakeml:eu.emsc/event/20230308_0000094,KO.CEYT,4957.0,5050.0,93.0,updated
ev_KO_BNN_.emsc_event_20230425_0000057,quakeml:eu.emsc/event/20230425_0000057,KO.BNN,4988.0,4980.0,-8.0,updated
ev_KO_GAZ_.emsc_event_20230308_0000107,quakeml:eu.emsc/event/20230308_0000107,KO.GAZ,4790.0,,,no_emsc_pick
ev_KO_TAHT_.emsc_event_20230508_0000231,quakeml:eu.emsc/event/20230508_0000231,KO.TAHT,5819.0,,,no_emsc_pick
ev_KO_DARE_.emsc_event_20230223_0000161,quakeml:eu.emsc/event/20230223_0000161,KO.DARE,4820.0,,,no_emsc_pick
ev_KO_KOZT_.emsc_event_20230306_0000056,quakeml:eu.emsc/event/20230306_0000056,KO.KOZT,4374.0,4460.0,86.0,updated
ev_KO_KOZT_.emsc_event_20230304_0000103,quakeml:eu.emsc/event/20230304_0000103,KO.KOZT,4044.0,4180.0,136.0,updated
ev_KO_BNN_.emsc_event_20230307_0000121,quakeml:eu.emsc/event/20230307_0000121,KO.BNN,5633.0,5670.0,37.0,updated
ev_KO_MERS_.emsc_event_20230308_0000094,quakeml:eu.emsc/event/20230308_0000094,KO.MERS,5993.0,,,no_emsc_pick
ev_KO_BNN_.emsc_event_20230305_0000060,quakeml:eu.emsc/event/20230305_0000060,KO.BNN,5538.0,5600.0,62.0,updated
ev_KO_KMRS_.emsc_event_20230308_0000149,quakeml:eu.emsc/event/20230308_0000149,KO.KMRS,3830.0,3950.0,120.0,updated
ev_KO_DARE_.emsc_event_20230306_0000159,quakeml:eu.emsc/event/20230306_0000159,KO.DARE,4868.0,4900.0,32.0,updated
ev_KO_CEYT_.emsc_event_20230304_0000327,quakeml:eu.emsc/event/20230304_0000327,KO.CEYT,4917.0,,,no_emsc_pick
ev_KO_SARI_.emsc_event_20230731_0000076,quakeml:eu.emsc/event/20230731_0000076,KO.SARI,3550.0,3610.0,60.0,updated
ev_KO_CEYT_.emsc_event_20230308_0000057,quakeml:eu.emsc/event/20230308_0000057,KO.CEYT,4649.0,4730.0,81.0,updated
ev_KO_DYBB_.emsc_event_20230612_0000181,quakeml:eu.emsc/event/20230612_0000181,KO.DYBB,5090.0,,,no_emsc_pick
ev_KO_DYBB_.emsc_event_20230420_0000014,quakeml:eu.emsc/event/20230420_0000014,KO.DYBB,5404.0,,,no_emsc_pick
ev_KO_SARI_.emsc_event_20230306_0000113,quakeml:eu.emsc/event/20230306_0000113,KO.SARI,4131.0,4120.0,-11.0,updated
ev_KO_DARE_.emsc_event_20230305_0000300,quakeml:eu.emsc/event/20230305_0000300,KO.DARE,4618.0,4550.0,-68.0,updated
ev_KO_CEYT_.emsc_event_20230304_0000333,quakeml:eu.emsc/event/20230304_0000333,KO.CEYT,4857.0,4790.0,-67.0,updated
ev_KO_BNN_.emsc_event_20230503_0000222,quakeml:eu.emsc/event/20230503_0000222,KO.BNN,5087.0,5120.0,33.0,updated
ev_KO_CEYT_.emsc_event_20230405_0000198,quakeml:eu.emsc/event/20230405_0000198,KO.CEYT,5508.0,,,no_emsc_pick
ev_KO_DARE_.emsc_event_20230301_0000182,quakeml:eu.emsc/event/20230301_0000182,KO.DARE,4409.0,4510.0,101.0,updated
ev_KO_KMRS_.emsc_event_20230305_0000121,quakeml:eu.emsc/event/20230305_0000121,KO.KMRS,5817.0,5860.0,43.0,updated
ev_KO_SARI_.emsc_event_20230307_0000237,quakeml:eu.emsc/event/20230307_0000237,KO.SARI,5037.0,5060.0,23.0,updated
ev_KO_SARI_.emsc_event_20230705_0000015,quakeml:eu.emsc/event/20230705_0000015,KO.SARI,4080.0,3916.0,-164.0,updated
ev_KO_MERS_.emsc_event_20230325_0000187,quakeml:eu.emsc/event/20230325_0000187,KO.MERS,5422.0,5500.0,78.0,updated
ev_KO_DARE_.emsc_event_20230307_0000269,quakeml:eu.emsc/event/20230307_0000269,KO.DARE,4938.0,4990.0,52.0,updated
ev_KO_GAZ_.emsc_event_20230305_0000190,quakeml:eu.emsc/event/20230305_0000190,KO.GAZ,5051.0,5080.0,29.0,updated
ev_KO_SARI_.emsc_event_20230315_0000013,quakeml:eu.emsc/event/20230315_0000013,KO.SARI,5617.0,5680.0,63.0,updated
ev_KO_KOZT_.emsc_event_20230306_0000081,quakeml:eu.emsc/event/20230306_0000081,KO.KOZT,4520.0,4590.0,70.0,updated
ev_KO_DARE_.emsc_event_20230306_0000171,quakeml:eu.emsc/event/20230306_0000171,KO.DARE,5761.0,5860.0,99.0,updated
ev_KO_MERS_.emsc_event_20230308_0000057,quakeml:eu.emsc/event/20230308_0000057,KO.MERS,5466.0,,,no_emsc_pick
ev_KO_KOZT_.emsc_event_20230304_0000329,quakeml:eu.emsc/event/20230304_0000329,KO.KOZT,4605.0,4700.0,95.0,updated
ev_KO_BNN_.emsc_event_20230306_0000007,quakeml:eu.emsc/event/20230306_0000007,KO.BNN,4402.0,4080.0,-322.0,updated
ev_KO_GAZ_.emsc_event_20230306_0000120,quakeml:eu.emsc/event/20230306_0000120,KO.GAZ,5074.0,5180.0,106.0,updated
ev_KO_TAHT_.emsc_event_20230715_0000123,quakeml:eu.emsc/event/20230715_0000123,KO.TAHT,5825.0,5910.0,85.0,updated
ev_KO_KOZT_.emsc_event_20230307_0000164,quakeml:eu.emsc/event/20230307_0000164,KO.KOZT,5668.0,,,no_emsc_pick
ev_KO_BNN_.emsc_event_20230731_0000176,quakeml:eu.emsc/event/20230731_0000176,KO.BNN,4817.0,4890.0,73.0,updated
ev_KO_TAHT_.emsc_event_20230610_0000074,quakeml:eu.emsc/event/20230610_0000074,KO.TAHT,5708.0,,,no_emsc_pick
ev_KO_GAZ_.emsc_event_20230304_0000075,quakeml:eu.emsc/event/20230304_0000075,KO.GAZ,5029.0,5000.0,-29.0,updated
ev_KO_GAZ_.emsc_event_20230306_0000134,quakeml:eu.emsc/event/20230306_0000134,KO.GAZ,5664.0,5740.0,76.0,updated
ev_KO_CEYT_.emsc_event_20230308_0000282,quakeml:eu.emsc/event/20230308_0000282,KO.CEYT,4795.0,4870.0,75.0,updated
ev_KO_DARE_.emsc_event_20230307_0000080,quakeml:eu.emsc/event/20230307_0000080,KO.DARE,3429.0,,,no_emsc_pick
ev_KO_CEYT_.emsc_event_20230804_0000206,quakeml:eu.emsc/event/20230804_0000206,KO.CEYT,3808.0,3880.0,72.0,updated
ev_KO_GAZ_.emsc_event_20230307_0000210,quakeml:eu.emsc/event/20230307_0000210,KO.GAZ,4620.0,4600.0,-20.0,updated
ev_KO_KOZT_.emsc_event_20230307_0000158,quakeml:eu.emsc/event/20230307_0000158,KO.KOZT,5466.0,5320.0,-146.0,updated
ev_KO_SVRC_.emsc_event_20230803_0000067,quakeml:eu.emsc/event/20230803_0000067,KO.SVRC,3832.0,3809.0,-23.0,updated
ev_KO_MERS_.emsc_event_20230421_0000063,quakeml:eu.emsc/event/20230421_0000063,KO.MERS,5639.0,5690.0,51.0,updated
ev_KO_SVRC_.emsc_event_20230305_0000050,quakeml:eu.emsc/event/20230305_0000050,KO.SVRC,5091.0,,,no_emsc_pick
ev_KO_GAZ_.emsc_event_20230306_0000108,quakeml:eu.emsc/event/20230306_0000108,KO.GAZ,5091.0,5230.0,139.0,updated
ev_KO_BNN_.emsc_event_20230305_0000262,quakeml:eu.emsc/event/20230305_0000262,KO.BNN,4856.0,4810.0,-46.0,updated
ev_KO_GAZ_.emsc_event_20230304_0000049,quakeml:eu.emsc/event/20230304_0000049,KO.GAZ,5301.0,5370.0,69.0,updated
ev_KO_CEYT_.emsc_event_20230208_0000267,quakeml:eu.emsc/event/20230208_0000267,KO.CEYT,5702.0,5690.0,-12.0,updated
ev_KO_DARE_.emsc_event_20230308_0000181,quakeml:eu.emsc/event/20230308_0000181,KO.DARE,4851.0,4850.0,-1.0,updated
ev_KO_SARI_.emsc_event_20230528_0000119,quakeml:eu.emsc/event/20230528_0000119,KO.SARI,4058.0,,,no_emsc_pick
ev_KO_KOZT_.emsc_event_20230306_0000240,quakeml:eu.emsc/event/20230306_0000240,KO.KOZT,5502.0,5540.0,38.0,updated
ev_KO_DARE_.emsc_event_20230307_0000057,quakeml:eu.emsc/event/20230307_0000057,KO.DARE,4898.0,,,no_emsc_pick
ev_KO_DARE_.emsc_event_20230305_0000116,quakeml:eu.emsc/event/20230305_0000116,KO.DARE,4565.0,4480.0,-85.0,updated
ev_KO_CEYT_.emsc_event_20230304_0000125,quakeml:eu.emsc/event/20230304_0000125,KO.CEYT,5578.0,5600.0,22.0,updated
ev_KO_SARI_.emsc_event_20230307_0000009,quakeml:eu.emsc/event/20230307_0000009,KO.SARI,4285.0,4370.0,85.0,updated
ev_KO_DYBB_.emsc_event_20230311_0000274,quakeml:eu.emsc/event/20230311_0000274,KO.DYBB,5886.0,,,no_emsc_pick
ev_KO_DYBB_.emsc_event_20230614_0000040,quakeml:eu.emsc/event/20230614_0000040,KO.DYBB,5463.0,,,no_emsc_pick
ev_KO_MERS_.emsc_event_20230307_0000340,quakeml:eu.emsc/event/20230307_0000340,KO.MERS,5719.0,5830.0,111.0,updated
ev_KO_BNN_.emsc_event_20230305_0000289,quakeml:eu.emsc/event/20230305_0000289,KO.BNN,3817.0,3920.0,103.0,updated
ev_KO_SARI_.emsc_event_20230305_0000148,quakeml:eu.emsc/event/20230305_0000148,KO.SARI,4874.0,,,no_emsc_pick
ev_KO_URFA_.emsc_event_20230307_0000327,quakeml:eu.emsc/event/20230307_0000327,KO.URFA,4966.0,5020.0,54.0,updated
ev_KO_URFA_.emsc_event_20230305_0000266,quakeml:eu.emsc/event/20230305_0000266,KO.URFA,5423.0,5490.0,67.0,updated
ev_KO_CEYT_.emsc_event_20230304_0000131,quakeml:eu.emsc/event/20230304_0000131,KO.CEYT,5354.0,,,no_emsc_pick
ev_KO_SARI_.emsc_event_20230304_0000250,quakeml:eu.emsc/event/20230304_0000250,KO.SARI,4293.0,4340.0,47.0,updated
ev_KO_DARE_.emsc_event_20230307_0000043,quakeml:eu.emsc/event/20230307_0000043,KO.DARE,3470.0,3590.0,120.0,updated
ev_KO_CEYT_.emsc_event_20230518_0000072,quakeml:eu.emsc/event/20230518_0000072,KO.CEYT,5018.0,5070.0,52.0,updated
ev_KO_KOZT_.emsc_event_20230306_0000297,quakeml:eu.emsc/event/20230306_0000297,KO.KOZT,4792.0,4800.0,8.0,updated
ev_KO_URFA_.emsc_event_20230304_0000142,quakeml:eu.emsc/event/20230304_0000142,KO.URFA,5690.0,5730.0,40.0,updated
ev_KO_KMRS_.emsc_event_20230306_0000146,quakeml:eu.emsc/event/20230306_0000146,KO.KMRS,4891.0,4960.0,69.0,updated
ev_KO_SVRC_.emsc_event_20230415_0000251,quakeml:eu.emsc/event/20230415_0000251,KO.SVRC,5808.0,5880.0,72.0,updated
ev_KO_SARI_.emsc_event_20230308_0000108,quakeml:eu.emsc/event/20230308_0000108,KO.SARI,5309.0,5340.0,31.0,updated
ev_KO_DARE_.emsc_event_20230304_0000232,quakeml:eu.emsc/event/20230304_0000232,KO.DARE,4149.0,4260.0,111.0,updated
ev_KO_URFA_.emsc_event_20230304_0000156,quakeml:eu.emsc/event/20230304_0000156,KO.URFA,5082.0,5200.0,118.0,updated
ev_KO_DARE_.emsc_event_20230308_0000142,quakeml:eu.emsc/event/20230308_0000142,KO.DARE,5190.0,5280.0,90.0,updated
ev_KO_CEYT_.emsc_event_20230307_0000340,quakeml:eu.emsc/event/20230307_0000340,KO.CEYT,4104.0,,,no_emsc_pick
ev_KO_SARI_.emsc_event_20230307_0000020,quakeml:eu.emsc/event/20230307_0000020,KO.SARI,5956.0,,,no_emsc_pick
ev_KO_DARE_.emsc_event_20230312_0000295,quakeml:eu.emsc/event/20230312_0000295,KO.DARE,5012.0,5130.0,118.0,updated
ev_KO_CEYT_.emsc_event_20230305_0000200,quakeml:eu.emsc/event/20230305_0000200,KO.CEYT,4296.0,4360.0,64.0,updated
ev_KO_KOZT_.emsc_event_20230306_0000282,quakeml:eu.emsc/event/20230306_0000282,KO.KOZT,4867.0,4890.0,23.0,updated
ev_KO_GULA_.emsc_event_20230523_0000223,quakeml:eu.emsc/event/20230523_0000223,KO.GULA,5992.0,,,no_emsc_pick
ev_KO_DARE_.emsc_event_20230331_0000174,quakeml:eu.emsc/event/20230331_0000174,KO.DARE,3417.0,3500.0,83.0,updated
ev_KO_CEYT_.emsc_event_20230518_0000073,quakeml:eu.emsc/event/20230518_0000073,KO.CEYT,4732.0,4800.0,68.0,updated
ev_KO_KOZT_.emsc_event_20230306_0000296,quakeml:eu.emsc/event/20230306_0000296,KO.KOZT,4581.0,4710.0,129.0,updated
ev_KO_SARI_.emsc_event_20230307_0000034,quakeml:eu.emsc/event/20230307_0000034,KO.SARI,5171.0,5180.0,9.0,updated
ev_KO_MERS_.emsc_event_20230518_0000073,quakeml:eu.emsc/event/20230518_0000073,KO.MERS,5991.0,,,no_emsc_pick
ev_KO_URFA_.emsc_event_20230307_0000326,quakeml:eu.emsc/event/20230307_0000326,KO.URFA,4898.0,4860.0,-38.0,updated
ev_KO_CEYT_.emsc_event_20230308_0000240,quakeml:eu.emsc/event/20230308_0000240,KO.CEYT,4923.0,4960.0,37.0,updated
ev_KO_SARI_.emsc_event_20230427_0000003,quakeml:eu.emsc/event/20230427_0000003,KO.SARI,4482.0,,,no_emsc_pick
ev_KO_SARI_.emsc_event_20230304_0000251,quakeml:eu.emsc/event/20230304_0000251,KO.SARI,5381.0,5460.0,79.0,updated
ev_KO_SARI_.emsc_event_20230612_0000159,quakeml:eu.emsc/event/20230612_0000159,KO.SARI,3434.0,,,no_emsc_pick
ev_KO_DARE_.emsc_event_20230307_0000056,quakeml:eu.emsc/event/20230307_0000056,KO.DARE,3300.0,3340.0,40.0,updated
ev_KO_SARI_.emsc_event_20230422_0000199,quakeml:eu.emsc/event/20230422_0000199,KO.SARI,4631.0,4710.0,79.0,updated
ev_KO_SARI_.emsc_event_20230308_0000135,quakeml:eu.emsc/event/20230308_0000135,KO.SARI,5152.0,5180.0,28.0,updated
ev_KO_CEYT_.emsc_event_20230209_0000181,quakeml:eu.emsc/event/20230209_0000181,KO.CEYT,4352.0,4400.0,48.0,updated
ev_KO_BNN_.emsc_event_20230305_0000288,quakeml:eu.emsc/event/20230305_0000288,KO.BNN,3844.0,3720.0,-124.0,updated
ev_KO_SARI_.emsc_event_20230307_0000008,quakeml:eu.emsc/event/20230307_0000008,KO.SARI,5501.0,,,no_emsc_pick
ev_KO_MERS_.emsc_event_20230305_0000200,quakeml:eu.emsc/event/20230305_0000200,KO.MERS,5941.0,,,no_emsc_pick
ev_KO_CEYT_.emsc_event_20230422_0000213,quakeml:eu.emsc/event/20230422_0000213,KO.CEYT,5711.0,5700.0,-11.0,updated
ev_KO_KOZT_.emsc_event_20230308_0000070,quakeml:eu.emsc/event/20230308_0000070,KO.KOZT,3891.0,,,no_emsc_pick
ev_KO_GAZ_.emsc_event_20230306_0000109,quakeml:eu.emsc/event/20230306_0000109,KO.GAZ,5677.0,5560.0,-117.0,updated
ev_KO_DARE_.emsc_event_20230308_0000180,quakeml:eu.emsc/event/20230308_0000180,KO.DARE,3993.0,4040.0,47.0,updated
ev_KO_KOZT_.emsc_event_20230304_0000300,quakeml:eu.emsc/event/20230304_0000300,KO.KOZT,4565.0,4540.0,-25.0,updated
ev_KO_TAHT_.emsc_event_20230307_0000059,quakeml:eu.emsc/event/20230307_0000059,KO.TAHT,4681.0,,,no_emsc_pick
ev_KO_KMRS_.emsc_event_20230306_0000184,quakeml:eu.emsc/event/20230306_0000184,KO.KMRS,4167.0,4240.0,73.0,updated
ev_KO_URFA_.emsc_event_20230304_0000180,quakeml:eu.emsc/event/20230304_0000180,KO.URFA,5942.0,,,no_emsc_pick
ev_KO_BNN_.emsc_event_20230307_0000336,quakeml:eu.emsc/event/20230307_0000336,KO.BNN,4899.0,4820.0,-79.0,updated
ev_KO_KOZT_.emsc_event_20230305_0000030,quakeml:eu.emsc/event/20230305_0000030,KO.KOZT,4805.0,4860.0,55.0,updated
ev_KO_SVRC_.emsc_event_20230305_0000079,quakeml:eu.emsc/event/20230305_0000079,KO.SVRC,4338.0,4390.0,52.0,updated
ev_KO_DARE_.emsc_event_20230209_0000269,quakeml:eu.emsc/event/20230209_0000269,KO.DARE,4970.0,4920.0,-50.0,updated
ev_KO_SARI_.emsc_event_20230304_0000292,quakeml:eu.emsc/event/20230304_0000292,KO.SARI,5087.0,5110.0,23.0,updated
ev_KO_DARE_.emsc_event_20230307_0000095,quakeml:eu.emsc/event/20230307_0000095,KO.DARE,4850.0,4960.0,110.0,updated
ev_KO_KOZT_.emsc_event_20230306_0000269,quakeml:eu.emsc/event/20230306_0000269,KO.KOZT,4498.0,4550.0,52.0,updated
ev_KO_BNN_.emsc_event_20230306_0000006,quakeml:eu.emsc/event/20230306_0000006,KO.BNN,4915.0,5050.0,135.0,updated
ev_KO_SARI_.emsc_event_20230304_0000286,quakeml:eu.emsc/event/20230304_0000286,KO.SARI,4324.0,4360.0,36.0,updated
ev_KO_CEYT_.emsc_event_20230524_0000121,quakeml:eu.emsc/event/20230524_0000121,KO.CEYT,5937.0,,,no_emsc_pick
ev_KO_CEYT_.emsc_event_20230423_0000137,quakeml:eu.emsc/event/20230423_0000137,KO.CEYT,5665.0,,,no_emsc_pick
ev_KO_BNN_.emsc_event_20230304_0000147,quakeml:eu.emsc/event/20230304_0000147,KO.BNN,5870.0,5870.0,0.0,updated
ev_KO_DARE_.emsc_event_20230502_0000065,quakeml:eu.emsc/event/20230502_0000065,KO.DARE,5186.0,,,no_emsc_pick
ev_KO_SARI_.emsc_event_20230805_0000097,quakeml:eu.emsc/event/20230805_0000097,KO.SARI,5095.0,5130.0,35.0,updated
ev_KO_GAZ_.emsc_event_20230305_0000185,quakeml:eu.emsc/event/20230305_0000185,KO.GAZ,5336.0,5380.0,44.0,updated
ev_KO_CEYT_.emsc_event_20230305_0000002,quakeml:eu.emsc/event/20230305_0000002,KO.CEYT,5125.0,5110.0,-15.0,updated
ev_KO_URFA_.emsc_event_20230306_0000214,quakeml:eu.emsc/event/20230306_0000214,KO.URFA,4445.0,4470.0,25.0,updated
ev_KO_CEYT_.emsc_event_20230307_0000143,quakeml:eu.emsc/event/20230307_0000143,KO.CEYT,5849.0,,,no_emsc_pick
ev_KO_SVRC_.emsc_event_20230305_0000284,quakeml:eu.emsc/event/20230305_0000284,KO.SVRC,4103.0,4230.0,127.0,updated
ev_KO_URFA_.emsc_event_20230307_0000118,quakeml:eu.emsc/event/20230307_0000118,KO.URFA,5930.0,,,no_emsc_pick
ev_KO_CEYT_.emsc_event_20230507_0000029,quakeml:eu.emsc/event/20230507_0000029,KO.CEYT,4486.0,4610.0,124.0,updated
ev_KO_SVRC_.emsc_event_20230305_0000290,quakeml:eu.emsc/event/20230305_0000290,KO.SVRC,5536.0,,,no_emsc_pick
ev_KO_URFA_.emsc_event_20230427_0000113,quakeml:eu.emsc/event/20230427_0000113,KO.URFA,5640.0,5350.0,-290.0,updated
ev_KO_CEYT_.emsc_event_20230307_0000157,quakeml:eu.emsc/event/20230307_0000157,KO.CEYT,4986.0,5030.0,44.0,updated
ev_KO_GAZ_.emsc_event_20230305_0000191,quakeml:eu.emsc/event/20230305_0000191,KO.GAZ,5382.0,5350.0,-32.0,updated
ev_KO_DARE_.emsc_event_20230616_0000193,quakeml:eu.emsc/event/20230616_0000193,KO.DARE,3159.0,,,no_emsc_pick
ev_KO_MERS_.emsc_event_20230507_0000029,quakeml:eu.emsc/event/20230507_0000029,KO.MERS,5607.0,5850.0,243.0,updated
ev_KO_CEYT_.emsc_event_20230316_0000116,quakeml:eu.emsc/event/20230316_0000116,KO.CEYT,4988.0,,,no_emsc_pick
ev_KO_DARE_.emsc_event_20230307_0000240,quakeml:eu.emsc/event/20230307_0000240,KO.DARE,4763.0,4730.0,-33.0,updated
ev_KO_URFA_.emsc_event_20230307_0000124,quakeml:eu.emsc/event/20230307_0000124,KO.URFA,5519.0,,,no_emsc_pick
ev_KO_MERS_.emsc_event_20230307_0000157,quakeml:eu.emsc/event/20230307_0000157,KO.MERS,5827.0,5890.0,63.0,updated
ev_KO_DYBB_.emsc_event_20230510_0000211,quakeml:eu.emsc/event/20230510_0000211,KO.DYBB,4491.0,,,no_emsc_pick
ev_KO_SVRC_.emsc_event_20230421_0000025,quakeml:eu.emsc/event/20230421_0000025,KO.SVRC,5632.0,5700.0,68.0,updated
ev_KO_SARI_.emsc_event_20230426_0000119,quakeml:eu.emsc/event/20230426_0000119,KO.SARI,4402.0,4390.0,-12.0,updated
ev_KO_BNN_.emsc_event_20230503_0000237,quakeml:eu.emsc/event/20230503_0000237,KO.BNN,5207.0,5250.0,43.0,updated
ev_KO_KMRS_.emsc_event_20230307_0000075,quakeml:eu.emsc/event/20230307_0000075,KO.KMRS,4781.0,4730.0,-51.0,updated
ev_KO_KMRS_.emsc_event_20230305_0000134,quakeml:eu.emsc/event/20230305_0000134,KO.KMRS,3997.0,4010.0,13.0,updated
ev_KO_URFA_.emsc_event_20230307_0000130,quakeml:eu.emsc/event/20230307_0000130,KO.URFA,4718.0,4820.0,102.0,updated
ev_KO_DARE_.emsc_event_20230508_0000217,quakeml:eu.emsc/event/20230508_0000217,KO.DARE,5164.0,4990.0,-174.0,updated
ev_KO_DARE_.emsc_event_20230307_0000254,quakeml:eu.emsc/event/20230307_0000254,KO.DARE,3741.0,3720.0,-21.0,updated
ev_KO_CEYT_.emsc_event_20230308_0000056,quakeml:eu.emsc/event/20230308_0000056,KO.CEYT,4909.0,4930.0,21.0,updated
ev_KO_SARI_.emsc_event_20230304_0000047,quakeml:eu.emsc/event/20230304_0000047,KO.SARI,4040.0,4180.0,140.0,updated
ev_KO_DARE_.emsc_event_20230406_0000014,quakeml:eu.emsc/event/20230406_0000014,KO.DARE,4171.0,3940.0,-231.0,updated
ev_KO_DARE_.emsc_event_20230224_0000193,quakeml:eu.emsc/event/20230224_0000193,KO.DARE,4645.0,4770.0,125.0,updated
ev_KO_URFA_.emsc_event_20230503_0000227,quakeml:eu.emsc/event/20230503_0000227,KO.URFA,5656.0,5740.0,84.0,updated
ev_KO_DARE_.emsc_event_20230312_0000054,quakeml:eu.emsc/event/20230312_0000054,KO.DARE,4086.0,,,no_emsc_pick
ev_KO_BNN_.emsc_event_20230305_0000075,quakeml:eu.emsc/event/20230305_0000075,KO.BNN,5066.0,5100.0,34.0,updated
ev_KO_DARE_.emsc_event_20230221_0000009,quakeml:eu.emsc/event/20230221_0000009,KO.DARE,4309.0,4140.0,-169.0,updated
ev_KO_CEYT_.emsc_event_20230306_0000298,quakeml:eu.emsc/event/20230306_0000298,KO.CEYT,4953.0,5000.0,47.0,updated
ev_KO_URFA_.emsc_event_20230217_0000273,quakeml:eu.emsc/event/20230217_0000273,KO.URFA,5607.0,5580.0,-27.0,updated
ev_KO_KOZT_.emsc_event_20230304_0000116,quakeml:eu.emsc/event/20230304_0000116,KO.KOZT,5557.0,5530.0,-27.0,updated
ev_KO_BNN_.emsc_event_20230306_0000210,quakeml:eu.emsc/event/20230306_0000210,KO.BNN,4891.0,,,no_emsc_pick
ev_KO_GAZ_.emsc_event_20230308_0000106,quakeml:eu.emsc/event/20230308_0000106,KO.GAZ,4476.0,,,no_emsc_pick
ev_KO_DARE_.emsc_event_20230208_0000367,quakeml:eu.emsc/event/20230208_0000367,KO.DARE,5406.0,,,no_emsc_pick
ev_KO_MERS_.emsc_event_20230306_0000298,quakeml:eu.emsc/event/20230306_0000298,KO.MERS,5735.0,5930.0,195.0,updated
ev_KO_DYBB_.emsc_event_20230424_0000254,quakeml:eu.emsc/event/20230424_0000254,KO.DYBB,5511.0,,,no_emsc_pick
ev_KO_SVRC_.emsc_event_20230308_0000207,quakeml:eu.emsc/event/20230308_0000207,KO.SVRC,5905.0,,,no_emsc_pick
ev_KO_SARI_.emsc_event_20230510_0000009,quakeml:eu.emsc/event/20230510_0000009,KO.SARI,5622.0,,,no_emsc_pick
ev_KO_KOZT_.emsc_event_20230305_0000226,quakeml:eu.emsc/event/20230305_0000226,KO.KOZT,4588.0,4540.0,-48.0,updated
ev_KO_URFA_.emsc_event_20230320_0000084,quakeml:eu.emsc/event/20230320_0000084,KO.URFA,5397.0,5400.0,3.0,updated
ev_KO_GAZ_.emsc_event_20230306_0000323,quakeml:eu.emsc/event/20230306_0000323,KO.GAZ,5675.0,5770.0,95.0,updated
ev_KO_GAZ_.emsc_event_20230304_0000262,quakeml:eu.emsc/event/20230304_0000262,KO.GAZ,4625.0,4700.0,75.0,updated
ev_KO_DYBB_.emsc_event_20230322_0000024,quakeml:eu.emsc/event/20230322_0000024,KO.DYBB,5323.0,,,no_emsc_pick
ev_KO_BNN_.emsc_event_20230307_0000108,quakeml:eu.emsc/event/20230307_0000108,KO.BNN,5962.0,,,no_emsc_pick
ev_KO_SVRC_.emsc_event_20230308_0000213,quakeml:eu.emsc/event/20230308_0000213,KO.SVRC,4238.0,4290.0,52.0,updated
ev_KO_DYBB_.emsc_event_20230330_0000200,quakeml:eu.emsc/event/20230330_0000200,KO.DYBB,5818.0,,,no_emsc_pick
ev_KO_SVRC_.emsc_event_20230304_0000163,quakeml:eu.emsc/event/20230304_0000163,KO.SVRC,4445.0,4540.0,95.0,updated
ev_KO_BNN_.emsc_event_20230306_0000204,quakeml:eu.emsc/event/20230306_0000204,KO.BNN,5434.0,5470.0,36.0,updated
ev_KO_KMRS_.emsc_event_20230306_0000225,quakeml:eu.emsc/event/20230306_0000225,KO.KMRS,5688.0,5740.0,52.0,updated
ev_KO_CEYT_.emsc_event_20230307_0000037,quakeml:eu.emsc/event/20230307_0000037,KO.CEYT,5205.0,5290.0,85.0,updated
ev_KO_TAHT_.emsc_event_20230727_0000123,quakeml:eu.emsc/event/20230727_0000123,KO.TAHT,5472.0,,,no_emsc_pick
ev_KO_KMRS_.emsc_event_20230308_0000014,quakeml:eu.emsc/event/20230308_0000014,KO.KMRS,4754.0,4680.0,-74.0,updated
ev_KO_SARI_.emsc_event_20230305_0000203,quakeml:eu.emsc/event/20230305_0000203,KO.SARI,4981.0,5100.0,119.0,updated
ev_KO_BNN_.emsc_event_20230713_0000207,quakeml:eu.emsc/event/20230713_0000207,KO.BNN,4817.0,4780.0,-37.0,updated
ev_KO_BNN_.emsc_event_20230307_0000083,quakeml:eu.emsc/event/20230307_0000083,KO.BNN,5888.0,,,no_emsc_pick
ev_KO_SVRC_.emsc_event_20230616_0000176,quakeml:eu.emsc/event/20230616_0000176,KO.SVRC,5266.0,5270.0,4.0,updated
ev_KO_MERS_.emsc_event_20230304_0000246,quakeml:eu.emsc/event/20230304_0000246,KO.MERS,5184.0,5310.0,126.0,updated
ev_KO_CEYT_.emsc_event_20230305_0000162,quakeml:eu.emsc/event/20230305_0000162,KO.CEYT,5831.0,,,no_emsc_pick
ev_KO_BNN_.emsc_event_20230502_0000073,quakeml:eu.emsc/event/20230502_0000073,KO.BNN,5824.0,5930.0,106.0,updated
ev_KO_GAZ_.emsc_event_20230308_0000099,quakeml:eu.emsc/event/20230308_0000099,KO.GAZ,5525.0,5480.0,-45.0,updated
ev_KO_SVRC_.emsc_event_20230306_0000181,quakeml:eu.emsc/event/20230306_0000181,KO.SVRC,5901.0,5930.0,29.0,updated
ev_KO_DARE_.emsc_event_20230308_0000209,quakeml:eu.emsc/event/20230308_0000209,KO.DARE,3698.0,3770.0,72.0,updated
ev_KO_KMRS_.emsc_event_20230306_0000219,quakeml:eu.emsc/event/20230306_0000219,KO.KMRS,3985.0,4010.0,25.0,updated
ev_KO_SARI_.emsc_event_20230306_0000066,quakeml:eu.emsc/event/20230306_0000066,KO.SARI,3910.0,,,no_emsc_pick
ev_KO_SARI_.emsc_event_20230308_0000257,quakeml:eu.emsc/event/20230308_0000257,KO.SARI,5906.0,,,no_emsc_pick
ev_KO_GAZ_.emsc_event_20230306_0000280,quakeml:eu.emsc/event/20230306_0000280,KO.GAZ,4838.0,4910.0,72.0,updated
ev_KO_CEYT_.emsc_event_20230428_0000129,quakeml:eu.emsc/event/20230428_0000129,KO.CEYT,4881.0,4860.0,-21.0,updated
ev_KO_CEYT_.emsc_event_20230304_0000246,quakeml:eu.emsc/event/20230304_0000246,KO.CEYT,4560.0,4680.0,120.0,updated
ev_KO_BNN_.emsc_event_20230219_0000126,quakeml:eu.emsc/event/20230219_0000126,KO.BNN,5954.0,,,no_emsc_pick
ev_KO_URFA_.emsc_event_20230305_0000111,quakeml:eu.emsc/event/20230305_0000111,KO.URFA,4510.0,4550.0,40.0,updated
ev_KO_GAZ_.emsc_event_20230306_0000294,quakeml:eu.emsc/event/20230306_0000294,KO.GAZ,4941.0,4920.0,-21.0,updated
ev_KO_BNN_.emsc_event_20230719_0000288,quakeml:eu.emsc/event/20230719_0000288,KO.BNN,4902.0,4950.0,48.0,updated
ev_KO_CEYT_.emsc_event_20230308_0000122,quakeml:eu.emsc/event/20230308_0000122,KO.CEYT,5431.0,,,no_emsc_pick
ev_KO_DARE_.emsc_event_20230305_0000261,quakeml:eu.emsc/event/20230305_0000261,KO.DARE,5121.0,5200.0,79.0,updated
ev_KO_SARI_.emsc_event_20230304_0000133,quakeml:eu.emsc/event/20230304_0000133,KO.SARI,5001.0,4950.0,-51.0,updated
ev_KO_BNN_.emsc_event_20230304_0000219,quakeml:eu.emsc/event/20230304_0000219,KO.BNN,5176.0,5220.0,44.0,updated
ev_KO_GAZ_.emsc_event_20230305_0000032,quakeml:eu.emsc/event/20230305_0000032,KO.GAZ,4823.0,4900.0,77.0,updated
ev_KO_BNN_.emsc_event_20230305_0000115,quakeml:eu.emsc/event/20230305_0000115,KO.BNN,5222.0,5190.0,-32.0,updated
ev_KO_URFA_.emsc_event_20230325_0000056,quakeml:eu.emsc/event/20230325_0000056,KO.URFA,4634.0,4600.0,-34.0,updated
ev_KO_TAHT_.emsc_event_20230304_0000176,quakeml:eu.emsc/event/20230304_0000176,KO.TAHT,5770.0,,,no_emsc_pick
ev_KO_TAHT_.emsc_event_20230306_0000037,quakeml:eu.emsc/event/20230306_0000037,KO.TAHT,3772.0,3870.0,98.0,updated
ev_KO_TAHT_.emsc_event_20230306_0000023,quakeml:eu.emsc/event/20230306_0000023,KO.TAHT,5812.0,5890.0,78.0,updated
ev_KO_URFA_.emsc_event_20230219_0000136,quakeml:eu.emsc/event/20230219_0000136,KO.URFA,5940.0,,,no_emsc_pick
ev_KO_SVRC_.emsc_event_20230508_0000225,quakeml:eu.emsc/event/20230508_0000225,KO.SVRC,4514.0,4410.0,-104.0,updated
ev_KO_GAZ_.emsc_event_20230305_0000026,quakeml:eu.emsc/event/20230305_0000026,KO.GAZ,4817.0,4860.0,43.0,updated
ev_KO_KOZT_.emsc_event_20230304_0000062,quakeml:eu.emsc/event/20230304_0000062,KO.KOZT,5011.0,5040.0,29.0,updated
ev_KO_TAHT_.emsc_event_20230707_0000064,quakeml:eu.emsc/event/20230707_0000064,KO.TAHT,5399.0,5510.0,111.0,updated
ev_KO_SARI_.emsc_event_20230218_0000128,quakeml:eu.emsc/event/20230218_0000128,KO.SARI,4757.0,4890.0,133.0,updated
ev_KO_BNN_.emsc_event_20230307_0000068,quakeml:eu.emsc/event/20230307_0000068,KO.BNN,5490.0,5590.0,100.0,updated
ev_KO_GAZ_.emsc_event_20230304_0000302,quakeml:eu.emsc/event/20230304_0000302,KO.GAZ,5156.0,,,no_emsc_pick
ev_KO_KMRS_.emsc_event_20230305_0000097,quakeml:eu.emsc/event/20230305_0000097,KO.KMRS,4600.0,,,no_emsc_pick
ev_KO_BNN_.emsc_event_20230523_0000238,quakeml:eu.emsc/event/20230523_0000238,KO.BNN,4954.0,5020.0,66.0,updated
ev_KO_URFA_.emsc_event_20230307_0000087,quakeml:eu.emsc/event/20230307_0000087,KO.URFA,5701.0,5730.0,29.0,updated
ev_KO_GAZ_.emsc_event_20230306_0000257,quakeml:eu.emsc/event/20230306_0000257,KO.GAZ,4707.0,4760.0,53.0,updated
ev_KO_DYBB_.emsc_event_20230305_0000027,quakeml:eu.emsc/event/20230305_0000027,KO.DYBB,5620.0,,,no_emsc_pick
ev_KO_KOZT_.emsc_event_20230307_0000213,quakeml:eu.emsc/event/20230307_0000213,KO.KOZT,5487.0,5430.0,-57.0,updated
ev_KO_BNN_.emsc_event_20230331_0000162,quakeml:eu.emsc/event/20230331_0000162,KO.BNN,4699.0,4750.0,51.0,updated
ev_KO_GULA_.emsc_event_20230619_0000100,quakeml:eu.emsc/event/20230619_0000100,KO.GULA,5881.0,5960.0,79.0,updated
ev_KO_GAZ_.emsc_event_20230308_0000066,quakeml:eu.emsc/event/20230308_0000066,KO.GAZ,5324.0,5390.0,66.0,updated
ev_KO_SARI_.emsc_event_20230805_0000108,quakeml:eu.emsc/event/20230805_0000108,KO.SARI,4961.0,4970.0,9.0,updated
ev_KO_MERS_.emsc_event_20230725_0000187,quakeml:eu.emsc/event/20230725_0000187,KO.MERS,5486.0,5560.0,74.0,updated
ev_KO_SARI_.emsc_event_20230308_0000069,quakeml:eu.emsc/event/20230308_0000069,KO.SARI,4132.0,4060.0,-72.0,updated
ev_KO_CEYT_.emsc_event_20230304_0000078,quakeml:eu.emsc/event/20230304_0000078,KO.CEYT,4386.0,4460.0,74.0,updated
ev_KO_DARE_.emsc_event_20230308_0000037,quakeml:eu.emsc/event/20230308_0000037,KO.DARE,4684.0,4700.0,16.0,updated
ev_KO_KMRS_.emsc_event_20230304_0000166,quakeml:eu.emsc/event/20230304_0000166,KO.KMRS,5503.0,5580.0,77.0,updated
ev_KO_CEYT_.emsc_event_20230322_0000203,quakeml:eu.emsc/event/20230322_0000203,KO.CEYT,5968.0,,,no_emsc_pick
ev_KO_URFA_.emsc_event_20230304_0000023,quakeml:eu.emsc/event/20230304_0000023,KO.URFA,5806.0,5870.0,64.0,updated
ev_KO_DARE_.emsc_event_20230426_0000219,quakeml:eu.emsc/event/20230426_0000219,KO.DARE,5096.0,5230.0,134.0,updated
ev_KO_GULA_.emsc_event_20230403_0000222,quakeml:eu.emsc/event/20230403_0000222,KO.GULA,5941.0,,,no_emsc_pick
ev_KO_KMRS_.emsc_event_20230306_0000033,quakeml:eu.emsc/event/20230306_0000033,KO.KMRS,5736.0,5730.0,-6.0,updated
ev_KO_MERS_.emsc_event_20230306_0000105,quakeml:eu.emsc/event/20230306_0000105,KO.MERS,5758.0,5830.0,72.0,updated
ev_KO_CEYT_.emsc_event_20230508_0000262,quakeml:eu.emsc/event/20230508_0000262,KO.CEYT,4759.0,,,no_emsc_pick
ev_KO_CEYT_.emsc_event_20230304_0000044,quakeml:eu.emsc/event/20230304_0000044,KO.CEYT,4994.0,5060.0,66.0,updated
ev_KO_SARI_.emsc_event_20230307_0000168,quakeml:eu.emsc/event/20230307_0000168,KO.SARI,5672.0,5740.0,68.0,updated
ev_KO_CEYT_.emsc_event_20230306_0000105,quakeml:eu.emsc/event/20230306_0000105,KO.CEYT,4836.0,4850.0,14.0,updated
ev_KO_GAZ_.emsc_event_20230306_0000082,quakeml:eu.emsc/event/20230306_0000082,KO.GAZ,5303.0,5340.0,37.0,updated
ev_KO_DARE_.emsc_event_20230709_0000064,quakeml:eu.emsc/event/20230709_0000064,KO.DARE,4346.0,4360.0,14.0,updated
ev_KO_URFA_.emsc_event_20230508_0000211,quakeml:eu.emsc/event/20230508_0000211,KO.URFA,5419.0,5480.0,61.0,updated
ev_KO_DARE_.emsc_event_20230307_0000136,quakeml:eu.emsc/event/20230307_0000136,KO.DARE,4672.0,4630.0,-42.0,updated
ev_KO_SARI_.emsc_event_20230306_0000264,quakeml:eu.emsc/event/20230306_0000264,KO.SARI,5575.0,,,no_emsc_pick
ev_KO_TAHT_.emsc_event_20230305_0000093,quakeml:eu.emsc/event/20230305_0000093,KO.TAHT,3730.0,3770.0,40.0,updated
ev_KO_CEYT_.emsc_event_20230725_0000187,quakeml:eu.emsc/event/20230725_0000187,KO.CEYT,4209.0,,,no_emsc_pick
ev_KO_MERS_.emsc_event_20230304_0000078,quakeml:eu.emsc/event/20230304_0000078,KO.MERS,5398.0,5420.0,22.0,updated
ev_KO_CEYT_.emsc_event_20230306_0000111,quakeml:eu.emsc/event/20230306_0000111,KO.CEYT,5367.0,5480.0,113.0,updated
ev_KO_GAZ_.emsc_event_20230306_0000096,quakeml:eu.emsc/event/20230306_0000096,KO.GAZ,5058.0,5130.0,72.0,updated
ev_KO_SARI_.emsc_event_20230308_0000041,quakeml:eu.emsc/event/20230308_0000041,KO.SARI,4386.0,4300.0,-86.0,updated
ev_KO_DARE_.emsc_event_20230309_0000313,quakeml:eu.emsc/event/20230309_0000313,KO.DARE,5353.0,,,no_emsc_pick
ev_KO_URFA_.emsc_event_20230616_0000195,quakeml:eu.emsc/event/20230616_0000195,KO.URFA,5191.0,5230.0,39.0,updated
ev_KO_URFA_.emsc_event_20230417_0000084,quakeml:eu.emsc/event/20230417_0000084,KO.URFA,5075.0,5130.0,55.0,updated
ev_KO_KOZT_.emsc_event_20230307_0000039,quakeml:eu.emsc/event/20230307_0000039,KO.KOZT,5686.0,5840.0,154.0,updated
ev_KO_URFA_.emsc_event_20230711_0000168,quakeml:eu.emsc/event/20230711_0000168,KO.URFA,5253.0,5330.0,77.0,updated
ev_KO_BNN_.emsc_event_20230307_0000256,quakeml:eu.emsc/event/20230307_0000256,KO.BNN,4004.0,3860.0,-144.0,updated
ev_KO_SVRC_.emsc_event_20230307_0000070,quakeml:eu.emsc/event/20230307_0000070,KO.SVRC,5471.0,5560.0,89.0,updated
ev_KO_MERS_.emsc_event_20230304_0000093,quakeml:eu.emsc/event/20230304_0000093,KO.MERS,5437.0,,,no_emsc_pick
ev_KO_GAZ_.emsc_event_20230305_0000230,quakeml:eu.emsc/event/20230305_0000230,KO.GAZ,5134.0,,,no_emsc_pick
ev_KO_TAHT_.emsc_event_20230308_0000004,quakeml:eu.emsc/event/20230308_0000004,KO.TAHT,5702.0,5830.0,128.0,updated
ev_KO_GAZ_.emsc_event_20230308_0000258,quakeml:eu.emsc/event/20230308_0000258,KO.GAZ,3345.0,3320.0,-25.0,updated
ev_KO_GAZ_.emsc_event_20230306_0000069,quakeml:eu.emsc/event/20230306_0000069,KO.GAZ,4772.0,,,no_emsc_pick
ev_KO_SVRC_.emsc_event_20230307_0000064,quakeml:eu.emsc/event/20230307_0000064,KO.SVRC,5232.0,,,no_emsc_pick
ev_KO_SVRC_.emsc_event_20230424_0000236,quakeml:eu.emsc/event/20230424_0000236,KO.SVRC,5499.0,5430.0,-69.0,updated
ev_KO_GAZ_.emsc_event_20230306_0000041,quakeml:eu.emsc/event/20230306_0000041,KO.GAZ,4896.0,4900.0,4.0,updated
ev_KO_KOZT_.emsc_event_20230308_0000138,quakeml:eu.emsc/event/20230308_0000138,KO.KOZT,3320.0,3360.0,40.0,updated
ev_KO_KOZT_.emsc_event_20230307_0000005,quakeml:eu.emsc/event/20230307_0000005,KO.KOZT,4148.0,4200.0,52.0,updated
ev_KO_BNN_.emsc_event_20230304_0000027,quakeml:eu.emsc/event/20230304_0000027,KO.BNN,5914.0,,,no_emsc_pick
ev_KO_KOZT_.emsc_event_20230304_0000248,quakeml:eu.emsc/event/20230304_0000248,KO.KOZT,4225.0,4270.0,45.0,updated
ev_KO_KOZT_.emsc_event_20230306_0000309,quakeml:eu.emsc/event/20230306_0000309,KO.KOZT,4641.0,4640.0,-1.0,updated
ev_KO_GAZ_.emsc_event_20230308_0000270,quakeml:eu.emsc/event/20230308_0000270,KO.GAZ,5681.0,5720.0,39.0,updated
ev_KO_TAHT_.emsc_event_20230307_0000105,quakeml:eu.emsc/event/20230307_0000105,KO.TAHT,5619.0,5680.0,61.0,updated
ev_KO_SVRC_.emsc_event_20230304_0000215,quakeml:eu.emsc/event/20230304_0000215,KO.SVRC,4540.0,4550.0,10.0,updated
ev_KO_CEYT_.emsc_event_20230311_0000278,quakeml:eu.emsc/event/20230311_0000278,KO.CEYT,5543.0,5660.0,117.0,updated
ev_KO_TAHT_.emsc_event_20230307_0000111,quakeml:eu.emsc/event/20230307_0000111,KO.TAHT,5591.0,5590.0,-1.0,updated
ev_KO_GAZ_.emsc_event_20230304_0000114,quakeml:eu.emsc/event/20230304_0000114,KO.GAZ,3654.0,3710.0,56.0,updated
ev_KO_CEYT_.emsc_event_20230304_0000093,quakeml:eu.emsc/event/20230304_0000093,KO.CEYT,3624.0,3700.0,76.0,updated
ev_KO_SVRC_.emsc_event_20230305_0000119,quakeml:eu.emsc/event/20230305_0000119,KO.SVRC,4657.0,4630.0,-27.0,updated
ev_KO_SARI_.emsc_event_20230308_0000082,quakeml:eu.emsc/event/20230308_0000082,KO.SARI,4688.0,4730.0,42.0,updated
ev_KO_URFA_.emsc_event_20230307_0000285,quakeml:eu.emsc/event/20230307_0000285,KO.URFA,4742.0,4690.0,-52.0,updated
ev_KO_TAHT_.emsc_event_20230308_0000077,quakeml:eu.emsc/event/20230308_0000077,KO.TAHT,5912.0,,,no_emsc_pick
ev_KO_SVRC_.emsc_event_20230305_0000142,quakeml:eu.emsc/event/20230305_0000142,KO.SVRC,4113.0,4210.0,97.0,updated
ev_KO_DARE_.emsc_event_20230615_0000024,quakeml:eu.emsc/event/20230615_0000024,KO.DARE,4609.0,4710.0,101.0,updated
ev_KO_CEYT_.emsc_event_20230208_0000413,quakeml:eu.emsc/event/20230208_0000413,KO.CEYT,5223.0,5340.0,117.0,updated
ev_KO_TAHT_.emsc_event_20230601_0000127,quakeml:eu.emsc/event/20230601_0000127,KO.TAHT,5711.0,,,no_emsc_pick
ev_KO_SARI_.emsc_event_20230320_0000087,quakeml:eu.emsc/event/20230320_0000087,KO.SARI,5271.0,5290.0,19.0,updated
ev_KO_DARE_.emsc_event_20230729_0000144,quakeml:eu.emsc/event/20230729_0000144,KO.DARE,4343.0,4400.0,57.0,updated
ev_KO_MERS_.emsc_event_20230505_0000286,quakeml:eu.emsc/event/20230505_0000286,KO.MERS,5789.0,5810.0,21.0,updated
ev_KO_GULA_.emsc_event_20230430_0000216,quakeml:eu.emsc/event/20230430_0000216,KO.GULA,5930.0,,,no_emsc_pick
ev_KO_DARE_.emsc_event_20230308_0000093,quakeml:eu.emsc/event/20230308_0000093,KO.DARE,5221.0,5300.0,79.0,updated
ev_KO_SARI_.emsc_event_20230215_0000325,quakeml:eu.emsc/event/20230215_0000325,KO.SARI,3653.0,3710.0,57.0,updated
ev_KO_SVRC_.emsc_event_20230308_0000102,quakeml:eu.emsc/event/20230308_0000102,KO.SVRC,4180.0,,,no_emsc_pick
ev_KO_GAZ_.emsc_event_20230304_0000173,quakeml:eu.emsc/event/20230304_0000173,KO.GAZ,3906.0,3960.0,54.0,updated
ev_KO_TAHT_.emsc_event_20230428_0000054,quakeml:eu.emsc/event/20230428_0000054,KO.TAHT,5668.0,,,no_emsc_pick
ev_KO_URFA_.emsc_event_20230313_0000305,quakeml:eu.emsc/event/20230313_0000305,KO.URFA,4804.0,4930.0,126.0,updated
ev_KO_KOZT_.emsc_event_20230305_0000137,quakeml:eu.emsc/event/20230305_0000137,KO.KOZT,4302.0,4380.0,78.0,updated
ev_KO_GAZ_.emsc_event_20230306_0000032,quakeml:eu.emsc/event/20230306_0000032,KO.GAZ,5527.0,5450.0,-77.0,updated
ev_KO_GAZ_.emsc_event_20230306_0000026,quakeml:eu.emsc/event/20230306_0000026,KO.GAZ,4792.0,4860.0,68.0,updated
ev_KO_TAHT_.emsc_event_20230521_0000267,quakeml:eu.emsc/event/20230521_0000267,KO.TAHT,5451.0,5420.0,-31.0,updated
ev_KO_DARE_.emsc_event_20230307_0000179,quakeml:eu.emsc/event/20230307_0000179,KO.DARE,5506.0,5560.0,54.0,updated
ev_KO_DARE_.emsc_event_20230305_0000038,quakeml:eu.emsc/event/20230305_0000038,KO.DARE,4408.0,4500.0,92.0,updated
ev_KO_DARE_.emsc_event_20230308_0000044,quakeml:eu.emsc/event/20230308_0000044,KO.DARE,5199.0,,,no_emsc_pick
ev_KO_SARI_.emsc_event_20230227_0000046,quakeml:eu.emsc/event/20230227_0000046,KO.SARI,5259.0,5240.0,-19.0,updated
ev_KO_TAHT_.emsc_event_20230306_0000285,quakeml:eu.emsc/event/20230306_0000285,KO.TAHT,3853.0,3880.0,27.0,updated
ev_KO_SARI_.emsc_event_20230307_0000127,quakeml:eu.emsc/event/20230307_0000127,KO.SARI,4790.0,,,no_emsc_pick
ev_KO_DARE_.emsc_event_20230304_0000334,quakeml:eu.emsc/event/20230304_0000334,KO.DARE,4540.0,4440.0,-100.0,updated
ev_KO_SARI_.emsc_event_20230719_0000304,quakeml:eu.emsc/event/20230719_0000304,KO.SARI,4559.0,4430.0,-129.0,updated
ev_KO_DARE_.emsc_event_20230304_0000320,quakeml:eu.emsc/event/20230304_0000320,KO.DARE,5112.0,,,no_emsc_pick
ev_KO_GAZ_.emsc_event_20230304_0000198,quakeml:eu.emsc/event/20230304_0000198,KO.GAZ,3386.0,3420.0,34.0,updated
ev_KO_TAHT_.emsc_event_20230615_0000003,quakeml:eu.emsc/event/20230615_0000003,KO.TAHT,3257.0,3320.0,63.0,updated
ev_KO_TAHT_.emsc_event_20230306_0000291,quakeml:eu.emsc/event/20230306_0000291,KO.TAHT,3438.0,3470.0,32.0,updated
ev_KO_CEYT_.emsc_event_20230508_0000211,quakeml:eu.emsc/event/20230508_0000211,KO.CEYT,5503.0,5520.0,17.0,updated
ev_KO_CEYT_.emsc_event_20230401_0000036,quakeml:eu.emsc/event/20230401_0000036,KO.CEYT,4865.0,4920.0,55.0,updated
ev_KO_URFA_.emsc_event_20230304_0000044,quakeml:eu.emsc/event/20230304_0000044,KO.URFA,5576.0,5650.0,74.0,updated
ev_KO_BNN_.emsc_event_20230419_0000229,quakeml:eu.emsc/event/20230419_0000229,KO.BNN,5011.0,5110.0,99.0,updated
ev_KO_DARE_.emsc_event_20230304_0000308,quakeml:eu.emsc/event/20230304_0000308,KO.DARE,5432.0,5470.0,38.0,updated
ev_KO_CEYT_.emsc_event_20230304_0000023,quakeml:eu.emsc/event/20230304_0000023,KO.CEYT,4863.0,4840.0,-23.0,updated
ev_KO_DARE_.emsc_event_20230316_0000138,quakeml:eu.emsc/event/20230316_0000138,KO.DARE,5616.0,,,no_emsc_pick
ev_KO_SARI_.emsc_event_20230306_0000203,quakeml:eu.emsc/event/20230306_0000203,KO.SARI,3653.0,3700.0,47.0,updated
ev_KO_SARI_.emsc_event_20230713_0000162,quakeml:eu.emsc/event/20230713_0000162,KO.SARI,3942.0,3970.0,28.0,updated
ev_KO_GAZ_.emsc_event_20230305_0000041,quakeml:eu.emsc/event/20230305_0000041,KO.GAZ,5092.0,5160.0,68.0,updated
ev_KO_CEYT_.emsc_event_20230307_0000087,quakeml:eu.emsc/event/20230307_0000087,KO.CEYT,5006.0,5050.0,44.0,updated
ev_KO_TAHT_.emsc_event_20230412_0000004,quakeml:eu.emsc/event/20230412_0000004,KO.TAHT,5667.0,5640.0,-27.0,updated
ev_KO_CEYT_.emsc_event_20230307_0000093,quakeml:eu.emsc/event/20230307_0000093,KO.CEYT,5101.0,5070.0,-31.0,updated
ev_KO_GAZ_.emsc_event_20230307_0000114,quakeml:eu.emsc/event/20230307_0000114,KO.GAZ,4444.0,4490.0,46.0,updated
ev_KO_URFA_.emsc_event_20230420_0000018,quakeml:eu.emsc/event/20230420_0000018,KO.URFA,4446.0,4520.0,74.0,updated
ev_KO_DARE_.emsc_event_20230423_0000131,quakeml:eu.emsc/event/20230423_0000131,KO.DARE,3928.0,3990.0,62.0,updated
ev_KO_GAZ_.emsc_event_20230305_0000055,quakeml:eu.emsc/event/20230305_0000055,KO.GAZ,3421.0,,,no_emsc_pick
ev_KO_TAHT_.emsc_event_20230304_0000111,quakeml:eu.emsc/event/20230304_0000111,KO.TAHT,5220.0,5250.0,30.0,updated
ev_KO_SVRC_.emsc_event_20230307_0000215,quakeml:eu.emsc/event/20230307_0000215,KO.SVRC,4438.0,4470.0,32.0,updated
ev_KO_BNN_.emsc_event_20230305_0000172,quakeml:eu.emsc/event/20230305_0000172,KO.BNN,4793.0,4780.0,-13.0,updated
ev_KO_TAHT_.emsc_event_20230306_0000050,quakeml:eu.emsc/event/20230306_0000050,KO.TAHT,5337.0,5360.0,23.0,updated
ev_KO_URFA_.emsc_event_20230305_0000189,quakeml:eu.emsc/event/20230305_0000189,KO.URFA,3812.0,3890.0,78.0,updated
ev_KO_GAZ_.emsc_event_20230306_0000230,quakeml:eu.emsc/event/20230306_0000230,KO.GAZ,5624.0,5730.0,106.0,updated
ev_KO_TAHT_.emsc_event_20230306_0000078,quakeml:eu.emsc/event/20230306_0000078,KO.TAHT,5773.0,5800.0,27.0,updated
ev_KO_URFA_.emsc_event_20230209_0000208,quakeml:eu.emsc/event/20230209_0000208,KO.URFA,4365.0,4360.0,-5.0,updated
ev_KO_GAZ_.emsc_event_20230308_0000015,quakeml:eu.emsc/event/20230308_0000015,KO.GAZ,5044.0,5160.0,116.0,updated
ev_KO_SVRC_.emsc_event_20230306_0000125,quakeml:eu.emsc/event/20230306_0000125,KO.SVRC,5438.0,5450.0,12.0,updated
ev_KO_SARI_.emsc_event_20230304_0000183,quakeml:eu.emsc/event/20230304_0000183,KO.SARI,5832.0,5950.0,118.0,updated
ev_KO_GAZ_.emsc_event_20230307_0000128,quakeml:eu.emsc/event/20230307_0000128,KO.GAZ,5886.0,,,no_emsc_pick
ev_KO_SARI_.emsc_event_20230305_0000264,quakeml:eu.emsc/event/20230305_0000264,KO.SARI,3893.0,,,no_emsc_pick
ev_KO_DARE_.emsc_event_20230306_0000077,quakeml:eu.emsc/event/20230306_0000077,KO.DARE,4570.0,4440.0,-130.0,updated
ev_KO_URFA_.emsc_event_20230306_0000313,quakeml:eu.emsc/event/20230306_0000313,KO.URFA,4368.0,4480.0,112.0,updated
ev_KO_SARI_.emsc_event_20230306_0000029,quakeml:eu.emsc/event/20230306_0000029,KO.SARI,4763.0,4850.0,87.0,updated
ev_KO_CEYT_.emsc_event_20230308_0000179,quakeml:eu.emsc/event/20230308_0000179,KO.CEYT,4520.0,,,no_emsc_pick
ev_KO_GAZ_.emsc_event_20230305_0000096,quakeml:eu.emsc/event/20230305_0000096,KO.GAZ,4913.0,5020.0,107.0,updated
ev_KO_DARE_.emsc_event_20230320_0000218,quakeml:eu.emsc/event/20230320_0000218,KO.DARE,4081.0,4140.0,59.0,updated
ev_KO_DARE_.emsc_event_20230308_0000252,quakeml:eu.emsc/event/20230308_0000252,KO.DARE,5693.0,5750.0,57.0,updated
ev_KO_URFA_.emsc_event_20230308_0000136,quakeml:eu.emsc/event/20230308_0000136,KO.URFA,4734.0,4790.0,56.0,updated
ev_KO_SARI_.emsc_event_20230307_0000331,quakeml:eu.emsc/event/20230307_0000331,KO.SARI,4769.0,4840.0,71.0,updated
ev_KO_DARE_.emsc_event_20230306_0000063,quakeml:eu.emsc/event/20230306_0000063,KO.DARE,5116.0,5160.0,44.0,updated
ev_KO_KMRS_.emsc_event_20230307_0000166,quakeml:eu.emsc/event/20230307_0000166,KO.KMRS,5439.0,5510.0,71.0,updated
ev_KO_URFA_.emsc_event_20230305_0000162,quakeml:eu.emsc/event/20230305_0000162,KO.URFA,5575.0,5650.0,75.0,updated
ev_KO_TAHT_.emsc_event_20230604_0000240,quakeml:eu.emsc/event/20230604_0000240,KO.TAHT,5697.0,5810.0,113.0,updated
ev_KO_KMRS_.emsc_event_20230305_0000027,quakeml:eu.emsc/event/20230305_0000027,KO.KMRS,5539.0,5580.0,41.0,updated
ev_KO_SARI_.emsc_event_20230305_0000258,quakeml:eu.emsc/event/20230305_0000258,KO.SARI,5633.0,5770.0,137.0,updated
ev_KO_CEYT_.emsc_event_20230312_0000293,quakeml:eu.emsc/event/20230312_0000293,KO.CEYT,5139.0,,,no_emsc_pick
ev_KO_SARI_.emsc_event_20230304_0000154,quakeml:eu.emsc/event/20230304_0000154,KO.SARI,3785.0,3800.0,15.0,updated
ev_KO_URFA_.emsc_event_20230717_0000025,quakeml:eu.emsc/event/20230717_0000025,KO.URFA,5580.0,5674.0,94.0,updated
ev_KO_DARE_.emsc_event_20230305_0000212,quakeml:eu.emsc/event/20230305_0000212,KO.DARE,4949.0,4970.0,21.0,updated
ev_KO_SVRC_.emsc_event_20230419_0000219,quakeml:eu.emsc/event/20230419_0000219,KO.SVRC,3199.0,3210.0,11.0,updated
ev_KO_BNN_.emsc_event_20230304_0000281,quakeml:eu.emsc/event/20230304_0000281,KO.BNN,5222.0,5180.0,-42.0,updated
ev_KO_SARI_.emsc_event_20230306_0000001,quakeml:eu.emsc/event/20230306_0000001,KO.SARI,4721.0,4880.0,159.0,updated
ev_KO_CEYT_.emsc_event_20230304_0000221,quakeml:eu.emsc/event/20230304_0000221,KO.CEYT,4985.0,,,no_emsc_pick
ev_KO_KMRS_.emsc_event_20230307_0000172,quakeml:eu.emsc/event/20230307_0000172,KO.KMRS,3881.0,3920.0,39.0,updated
ev_KO_SVRC_.emsc_event_20230308_0000248,quakeml:eu.emsc/event/20230308_0000248,KO.SVRC,5642.0,5500.0,-142.0,updated
ev_KO_GAZ_.emsc_event_20230308_0000149,quakeml:eu.emsc/event/20230308_0000149,KO.GAZ,4627.0,4770.0,143.0,updated
ev_KO_SARI_.emsc_event_20230208_0000410,quakeml:eu.emsc/event/20230208_0000410,KO.SARI,5500.0,,,no_emsc_pick
ev_KO_BNN_.emsc_event_20230413_0000113,quakeml:eu.emsc/event/20230413_0000113,KO.BNN,5625.0,5690.0,65.0,updated
ev_KO_KOZT_.emsc_event_20230304_0000165,quakeml:eu.emsc/event/20230304_0000165,KO.KOZT,4779.0,4820.0,41.0,updated
ev_KO_GAZ_.emsc_event_20230305_0000121,quakeml:eu.emsc/event/20230305_0000121,KO.GAZ,5585.0,5660.0,75.0,updated
ev_KO_BNN_.emsc_event_20230305_0000006,quakeml:eu.emsc/event/20230305_0000006,KO.BNN,4604.0,4620.0,16.0,updated
ev_KO_KOZT_.emsc_event_20230308_0000215,quakeml:eu.emsc/event/20230308_0000215,KO.KOZT,5603.0,5750.0,147.0,updated
ev_KO_DARE_.emsc_event_20230304_0000095,quakeml:eu.emsc/event/20230304_0000095,KO.DARE,5899.0,,,no_emsc_pick
ev_KO_DARE_.emsc_event_20230329_0000151,quakeml:eu.emsc/event/20230329_0000151,KO.DARE,4939.0,5050.0,111.0,updated
ev_KO_DARE_.emsc_event_20230303_0000072,quakeml:eu.emsc/event/20230303_0000072,KO.DARE,4933.0,4960.0,27.0,updated
ev_KO_KOZT_.emsc_event_20230307_0000300,quakeml:eu.emsc/event/20230307_0000300,KO.KOZT,5103.0,5070.0,-33.0,updated
ev_KO_SVRC_.emsc_event_20230306_0000045,quakeml:eu.emsc/event/20230306_0000045,KO.SVRC,4559.0,4590.0,31.0,updated
ev_KO_SVRC_.emsc_event_20230425_0000203,quakeml:eu.emsc/event/20230425_0000203,KO.SVRC,3647.0,3790.0,143.0,updated
ev_KO_CEYT_.emsc_event_20230503_0000227,quakeml:eu.emsc/event/20230503_0000227,KO.CEYT,5844.0,,,no_emsc_pick
ev_KO_TAHT_.emsc_event_20230306_0000118,quakeml:eu.emsc/event/20230306_0000118,KO.TAHT,5945.0,,,no_emsc_pick
ev_KO_URFA_.emsc_event_20230307_0000180,quakeml:eu.emsc/event/20230307_0000180,KO.URFA,4369.0,4410.0,41.0,updated
ev_KO_KMRS_.emsc_event_20230308_0000113,quakeml:eu.emsc/event/20230308_0000113,KO.KMRS,4401.0,4210.0,-191.0,updated
ev_KO_MERS_.emsc_event_20230307_0000118,quakeml:eu.emsc/event/20230307_0000118,KO.MERS,5971.0,,,no_emsc_pick
ev_KO_DARE_.emsc_event_20230306_0000103,quakeml:eu.emsc/event/20230306_0000103,KO.DARE,3570.0,3560.0,-10.0,updated
ev_KO_DYBB_.emsc_event_20230427_0000095,quakeml:eu.emsc/event/20230427_0000095,KO.DYBB,5526.0,,,no_emsc_pick
ev_KO_BNN_.emsc_event_20230306_0000288,quakeml:eu.emsc/event/20230306_0000288,KO.BNN,4812.0,4910.0,98.0,updated
ev_KO_CEYT_.emsc_event_20230307_0000124,quakeml:eu.emsc/event/20230307_0000124,KO.CEYT,5890.0,,,no_emsc_pick
ev_KO_SARI_.emsc_event_20230307_0000245,quakeml:eu.emsc/event/20230307_0000245,KO.SARI,3945.0,4040.0,95.0,updated
ev_KO_SARI_.emsc_event_20230605_0000096,quakeml:eu.emsc/event/20230605_0000096,KO.SARI,5082.0,,,no_emsc_pick
ev_KO_BNN_.emsc_event_20230314_0000084,quakeml:eu.emsc/event/20230314_0000084,KO.BNN,5197.0,5050.0,-147.0,updated
ev_KO_DARE_.emsc_event_20230212_0000001,quakeml:eu.emsc/event/20230212_0000001,KO.DARE,4642.0,4710.0,68.0,updated
ev_KO_CEYT_.emsc_event_20230307_0000118,quakeml:eu.emsc/event/20230307_0000118,KO.CEYT,4765.0,,,no_emsc_pick
ev_KO_SARI_.emsc_event_20230306_0000175,quakeml:eu.emsc/event/20230306_0000175,KO.SARI,5057.0,5110.0,53.0,updated
ev_KO_DARE_.emsc_event_20230307_0000227,quakeml:eu.emsc/event/20230307_0000227,KO.DARE,5151.0,5180.0,29.0,updated
ev_KO_URFA_.emsc_event_20230307_0000143,quakeml:eu.emsc/event/20230307_0000143,KO.URFA,5354.0,5380.0,26.0,updated
ev_KO_SARI_.emsc_event_20230610_0000080,quakeml:eu.emsc/event/20230610_0000080,KO.SARI,4719.0,,,no_emsc_pick
ev_KO_BNN_.emsc_event_20230411_0000250,quakeml:eu.emsc/event/20230411_0000250,KO.BNN,5805.0,5810.0,5.0,updated
ev_KO_TAHT_.emsc_event_20230304_0000273,quakeml:eu.emsc/event/20230304_0000273,KO.TAHT,5756.0,5820.0,64.0,updated
ev_KO_KOZT_.emsc_event_20230308_0000003,quakeml:eu.emsc/event/20230308_0000003,KO.KOZT,4873.0,4880.0,7.0,updated
ev_KO_SVRC_.emsc_event_20230307_0000177,quakeml:eu.emsc/event/20230307_0000177,KO.SVRC,5984.0,,,no_emsc_pick
ev_KO_URFA_.emsc_event_20230423_0000137,quakeml:eu.emsc/event/20230423_0000137,KO.URFA,5759.0,,,no_emsc_pick
ev_KO_URFA_.emsc_event_20230308_0000283,quakeml:eu.emsc/event/20230308_0000283,KO.URFA,4715.0,4810.0,95.0,updated
ev_KO_BNN_.emsc_event_20230308_0000278,quakeml:eu.emsc/event/20230308_0000278,KO.BNN,5909.0,5950.0,41.0,updated
ev_KO_GAZ_.emsc_event_20230307_0000262,quakeml:eu.emsc/event/20230307_0000262,KO.GAZ,4882.0,4840.0,-42.0,updated
ev_KO_SVRC_.emsc_event_20230304_0000306,quakeml:eu.emsc/event/20230304_0000306,KO.SVRC,5414.0,,,no_emsc_pick
ev_KO_SVRC_.emsc_event_20230617_0000194,quakeml:eu.emsc/event/20230617_0000194,KO.SVRC,4279.0,4160.0,-119.0,updated
ev_KO_DYBB_.emsc_event_20230629_0000244,quakeml:eu.emsc/event/20230629_0000244,KO.DYBB,5516.0,5395.0,-121.0,updated
ev_KO_BNN_.emsc_event_20230321_0000116,quakeml:eu.emsc/event/20230321_0000116,KO.BNN,4954.0,,,no_emsc_pick
ev_KO_BNN_.emsc_event_20230304_0000120,quakeml:eu.emsc/event/20230304_0000120,KO.BNN,4179.0,4340.0,161.0,updated
ev_KO_CEYT_.emsc_event_20230713_0000149,quakeml:eu.emsc/event/20230713_0000149,KO.CEYT,5502.0,5424.0,-78.0,updated
ev_KO_DARE_.emsc_event_20230609_0000179,quakeml:eu.emsc/event/20230609_0000179,KO.DARE,5229.0,5250.0,21.0,updated
ev_KO_KOZT_.emsc_event_20230307_0000102,quakeml:eu.emsc/event/20230307_0000102,KO.KOZT,5807.0,5890.0,83.0,updated
ev_KO_CEYT_.emsc_event_20230304_0000180,quakeml:eu.emsc/event/20230304_0000180,KO.CEYT,5386.0,,,no_emsc_pick
ev_KO_GAZ_.emsc_event_20230306_0000146,quakeml:eu.emsc/event/20230306_0000146,KO.GAZ,5359.0,5410.0,51.0,updated
ev_KO_KOZT_.emsc_event_20230305_0000043,quakeml:eu.emsc/event/20230305_0000043,KO.KOZT,5394.0,5290.0,-104.0,updated
ev_KO_BNN_.emsc_event_20230308_0000250,quakeml:eu.emsc/event/20230308_0000250,KO.BNN,5540.0,5720.0,180.0,updated
ev_KO_SARI_.emsc_event_20230308_0000185,quakeml:eu.emsc/event/20230308_0000185,KO.SARI,3602.0,3710.0,108.0,updated
ev_KO_KOZT_.emsc_event_20230305_0000057,quakeml:eu.emsc/event/20230305_0000057,KO.KOZT,4220.0,4270.0,50.0,updated
ev_KO_BNN_.emsc_event_20230314_0000251,quakeml:eu.emsc/event/20230314_0000251,KO.BNN,5229.0,5180.0,-49.0,updated
ev_KO_SVRC_.emsc_event_20230308_0000062,quakeml:eu.emsc/event/20230308_0000062,KO.SVRC,4655.0,4610.0,-45.0,updated
ev_KO_BNN_.emsc_event_20230716_0000073,quakeml:eu.emsc/event/20230716_0000073,KO.BNN,5988.0,5997.0,9.0,updated
ev_KO_SARI_.emsc_event_20230519_0000092,quakeml:eu.emsc/event/20230519_0000092,KO.SARI,3770.0,,,no_emsc_pick
ev_KO_BNN_.emsc_event_20230223_0000071,quakeml:eu.emsc/event/20230223_0000071,KO.BNN,4930.0,4910.0,-20.0,updated
ev_KO_DARE_.emsc_event_20230316_0000064,quakeml:eu.emsc/event/20230316_0000064,KO.DARE,4175.0,4080.0,-95.0,updated
ev_KO_KMRS_.emsc_event_20230306_0000120,quakeml:eu.emsc/event/20230306_0000120,KO.KMRS,4284.0,,,no_emsc_pick
ev_KO_URFA_.emsc_event_20230308_0000254,quakeml:eu.emsc/event/20230308_0000254,KO.URFA,4843.0,4900.0,57.0,updated
ev_KO_SARI_.emsc_event_20230307_0000053,quakeml:eu.emsc/event/20230307_0000053,KO.SARI,3937.0,4020.0,83.0,updated
ev_KO_URFA_.emsc_event_20230716_0000063,quakeml:eu.emsc/event/20230716_0000063,KO.URFA,5491.0,5550.0,59.0,updated
ev_KO_SARI_.emsc_event_20230305_0000112,quakeml:eu.emsc/event/20230305_0000112,KO.SARI,5112.0,4730.0,-382.0,updated
ev_KO_DARE_.emsc_event_20230304_0000240,quakeml:eu.emsc/event/20230304_0000240,KO.DARE,5463.0,5460.0,-3.0,updated
ev_KO_DARE_.emsc_event_20230304_0000254,quakeml:eu.emsc/event/20230304_0000254,KO.DARE,4194.0,4260.0,66.0,updated
ev_KO_GULA_.emsc_event_20230525_0000193,quakeml:eu.emsc/event/20230525_0000193,KO.GULA,5981.0,,,no_emsc_pick
ev_KO_CEYT_.emsc_event_20230426_0000035,quakeml:eu.emsc/event/20230426_0000035,KO.CEYT,4162.0,4180.0,18.0,updated
ev_KO_CEYT_.emsc_event_20230307_0000326,quakeml:eu.emsc/event/20230307_0000326,KO.CEYT,5990.0,,,no_emsc_pick
ev_KO_URFA_.emsc_event_20230306_0000071,quakeml:eu.emsc/event/20230306_0000071,KO.URFA,4662.0,4620.0,-42.0,updated
ev_KO_KMRS_.emsc_event_20230306_0000134,quakeml:eu.emsc/event/20230306_0000134,KO.KMRS,5819.0,5870.0,51.0,updated
ev_KO_GAZ_.emsc_event_20230307_0000289,quakeml:eu.emsc/event/20230307_0000289,KO.GAZ,5385.0,5460.0,75.0,updated
ev_KO_SVRC_.emsc_event_20230306_0000284,quakeml:eu.emsc/event/20230306_0000284,KO.SVRC,5639.0,5720.0,81.0,updated
ev_KO_DARE_.emsc_event_20230612_0000160,quakeml:eu.emsc/event/20230612_0000160,KO.DARE,4334.0,4310.0,-24.0,updated
ev_KO_CEYT_.emsc_event_20230306_0000002,quakeml:eu.emsc/event/20230306_0000002,KO.CEYT,4940.0,4940.0,0.0,updated
ev_KO_KOZT_.emsc_event_20230305_0000080,quakeml:eu.emsc/event/20230305_0000080,KO.KOZT,4729.0,,,no_emsc_pick
ev_KO_KMRS_.emsc_event_20230307_0000210,quakeml:eu.emsc/event/20230307_0000210,KO.KMRS,3828.0,3780.0,-48.0,updated
ev_KO_URFA_.emsc_event_20230305_0000214,quakeml:eu.emsc/event/20230305_0000214,KO.URFA,5394.0,,,no_emsc_pick
ev_KO_CEYT_.emsc_event_20230304_0000157,quakeml:eu.emsc/event/20230304_0000157,KO.CEYT,5449.0,,,no_emsc_pick
ev_KO_DARE_.emsc_event_20230306_0000329,quakeml:eu.emsc/event/20230306_0000329,KO.DARE,4652.0,4700.0,48.0,updated
ev_KO_URFA_.emsc_event_20230307_0000341,quakeml:eu.emsc/event/20230307_0000341,KO.URFA,4888.0,4890.0,2.0,updated
ev_KO_KOZT_.emsc_event_20230305_0000094,quakeml:eu.emsc/event/20230305_0000094,KO.KOZT,4068.0,4220.0,152.0,updated
ev_KO_DARE_.emsc_event_20230307_0000025,quakeml:eu.emsc/event/20230307_0000025,KO.DARE,5182.0,5120.0,-62.0,updated
ev_KO_KMRS_.emsc_event_20230306_0000108,quakeml:eu.emsc/event/20230306_0000108,KO.KMRS,4298.0,,,no_emsc_pick
ev_KO_DARE_.emsc_event_20230305_0000164,quakeml:eu.emsc/event/20230305_0000164,KO.DARE,5078.0,,,no_emsc_pick
ev_KO_KMRS_.emsc_event_20230304_0000049,quakeml:eu.emsc/event/20230304_0000049,KO.KMRS,4985.0,5110.0,125.0,updated
ev_KO_SARI_.emsc_event_20230308_0000147,quakeml:eu.emsc/event/20230308_0000147,KO.SARI,4723.0,,,no_emsc_pick
ev_KO_CEYT_.emsc_event_20230306_0000017,quakeml:eu.emsc/event/20230306_0000017,KO.CEYT,5278.0,,,no_emsc_pick
ev_KO_URFA_.emsc_event_20230305_0000201,quakeml:eu.emsc/event/20230305_0000201,KO.URFA,5073.0,5070.0,-3.0,updated
ev_KO_MERS_.emsc_event_20230305_0000272,quakeml:eu.emsc/event/20230305_0000272,KO.MERS,5392.0,5470.0,78.0,updated
ev_KO_CEYT_.emsc_event_20230627_0000119,quakeml:eu.emsc/event/20230627_0000119,KO.CEYT,3775.0,3870.0,95.0,updated
ev_KO_DARE_.emsc_event_20230305_0000165,quakeml:eu.emsc/event/20230305_0000165,KO.DARE,3962.0,4010.0,48.0,updated
ev_KO_SARI_.emsc_event_20230312_0000291,quakeml:eu.emsc/event/20230312_0000291,KO.SARI,3949.0,,,no_emsc_pick
ev_KO_CEYT_.emsc_event_20230308_0000232,quakeml:eu.emsc/event/20230308_0000232,KO.CEYT,4293.0,4430.0,137.0,updated
ev_KO_SVRC_.emsc_event_20230615_0000017,quakeml:eu.emsc/event/20230615_0000017,KO.SVRC,3236.0,3220.0,-16.0,updated
ev_KO_KARA_.emsc_event_20230521_0000269,quakeml:eu.emsc/event/20230521_0000269,KO.KARA,5387.0,5450.0,63.0,updated
ev_KO_SARI_.emsc_event_20230304_0000223,quakeml:eu.emsc/event/20230304_0000223,KO.SARI,5492.0,5530.0,38.0,updated
ev_KO_URFA_.emsc_event_20230518_0000072,quakeml:eu.emsc/event/20230518_0000072,KO.URFA,5660.0,5760.0,100.0,updated
ev_KO_CEYT_.emsc_event_20230304_0000142,quakeml:eu.emsc/event/20230304_0000142,KO.CEYT,5918.0,,,no_emsc_pick
ev_KO_GAZ_.emsc_event_20230306_0000184,quakeml:eu.emsc/event/20230306_0000184,KO.GAZ,4945.0,5000.0,55.0,updated
ev_KO_SARI_.emsc_event_20230308_0000153,quakeml:eu.emsc/event/20230308_0000153,KO.SARI,5626.0,,,no_emsc_pick
ev_KO_CEYT_.emsc_event_20230306_0000003,quakeml:eu.emsc/event/20230306_0000003,KO.CEYT,5514.0,,,no_emsc_pick
ev_KO_SARI_.emsc_event_20230307_0000046,quakeml:eu.emsc/event/20230307_0000046,KO.SARI,4592.0,4650.0,58.0,updated
ev_KO_MERS_.emsc_event_20230308_0000232,quakeml:eu.emsc/event/20230308_0000232,KO.MERS,5979.0,,,no_emsc_pick
ev_KO_URFA_.emsc_event_20230314_0000254,quakeml:eu.emsc/event/20230314_0000254,KO.URFA,4576.0,4660.0,84.0,updated
ev_KO_DARE_.emsc_event_20230304_0000255,quakeml:eu.emsc/event/20230304_0000255,KO.DARE,4063.0,4000.0,-63.0,updated
ev_KO_DARE_.emsc_event_20230225_0000038,quakeml:eu.emsc/event/20230225_0000038,KO.DARE,4760.0,4790.0,30.0,updated
ev_KO_DARE_.emsc_event_20230308_0000125,quakeml:eu.emsc/event/20230308_0000125,KO.DARE,4175.0,4210.0,35.0,updated
ev_KO_DARE_.emsc_event_20230308_0000131,quakeml:eu.emsc/event/20230308_0000131,KO.DARE,5254.0,5230.0,-24.0,updated
ev_KO_URFA_.emsc_event_20230304_0000125,quakeml:eu.emsc/event/20230304_0000125,KO.URFA,5317.0,5290.0,-27.0,updated
ev_KO_BNN_.emsc_event_20230805_0000126,quakeml:eu.emsc/event/20230805_0000126,KO.BNN,5165.0,5068.0,-97.0,updated
ev_KO_CEYT_.emsc_event_20230305_0000272,quakeml:eu.emsc/event/20230305_0000272,KO.CEYT,3750.0,3790.0,40.0,updated
ev_KO_MERS_.emsc_event_20230627_0000119,quakeml:eu.emsc/event/20230627_0000119,KO.MERS,4606.0,4600.0,-6.0,updated
ev_KO_SVRC_.emsc_event_20230308_0000088,quakeml:eu.emsc/event/20230308_0000088,KO.SVRC,5187.0,5230.0,43.0,updated
ev_KO_URFA_.emsc_event_20230311_0000325,quakeml:eu.emsc/event/20230311_0000325,KO.URFA,5876.0,5960.0,84.0,updated
ev_KO_BNN_.emsc_event_20230305_0000239,quakeml:eu.emsc/event/20230305_0000239,KO.BNN,5177.0,5190.0,13.0,updated
ev_KO_SARI_.emsc_event_20230308_0000184,quakeml:eu.emsc/event/20230308_0000184,KO.SARI,5224.0,,,no_emsc_pick
ev_KO_DARE_.emsc_event_20230311_0000041,quakeml:eu.emsc/event/20230311_0000041,KO.DARE,4078.0,4040.0,-38.0,updated
ev_KO_BNN_.emsc_event_20230304_0000121,quakeml:eu.emsc/event/20230304_0000121,KO.BNN,5258.0,5170.0,-88.0,updated
ev_KO_SVRC_.emsc_event_20230603_0000072,quakeml:eu.emsc/event/20230603_0000072,KO.SVRC,5540.0,5530.0,-10.0,updated
ev_KO_SVRC_.emsc_event_20230522_0000002,quakeml:eu.emsc/event/20230522_0000002,KO.SVRC,4005.0,3930.0,-75.0,updated
ev_KO_BNN_.emsc_event_20230308_0000251,quakeml:eu.emsc/event/20230308_0000251,KO.BNN,4879.0,4920.0,41.0,updated
ev_KO_SARI_.emsc_event_20230327_0000115,quakeml:eu.emsc/event/20230327_0000115,KO.SARI,4135.0,4140.0,5.0,updated
ev_KO_DARE_.emsc_event_20230703_0000112,quakeml:eu.emsc/event/20230703_0000112,KO.DARE,4875.0,5000.0,125.0,updated
ev_KO_CEYT_.emsc_event_20230304_0000181,quakeml:eu.emsc/event/20230304_0000181,KO.CEYT,5204.0,5310.0,106.0,updated
ev_KO_BNN_.emsc_event_20230403_0000061,quakeml:eu.emsc/event/20230403_0000061,KO.BNN,4761.0,4820.0,59.0,updated
ev_KO_SVRC_.emsc_event_20230214_0000093,quakeml:eu.emsc/event/20230214_0000093,KO.SVRC,4752.0,4880.0,128.0,updated
ev_KO_BNN_.emsc_event_20230305_0000205,quakeml:eu.emsc/event/20230305_0000205,KO.BNN,5206.0,5240.0,34.0,updated
ev_KO_CEYT_.emsc_event_20230223_0000007,quakeml:eu.emsc/event/20230223_0000007,KO.CEYT,4940.0,4940.0,0.0,updated
ev_KO_TAHT_.emsc_event_20230304_0000266,quakeml:eu.emsc/event/20230304_0000266,KO.TAHT,3517.0,3530.0,13.0,updated
ev_KO_DARE_.emsc_event_20230511_0000103,quakeml:eu.emsc/event/20230511_0000103,KO.DARE,4035.0,4070.0,35.0,updated
ev_KO_DARE_.emsc_event_20230304_0000296,quakeml:eu.emsc/event/20230304_0000296,KO.DARE,5620.0,,,no_emsc_pick
ev_KO_GAZ_.emsc_event_20230307_0000263,quakeml:eu.emsc/event/20230307_0000263,KO.GAZ,3426.0,3500.0,74.0,updated
ev_KO_TAHT_.emsc_event_20230308_0000116,quakeml:eu.emsc/event/20230308_0000116,KO.TAHT,5974.0,,,no_emsc_pick
ev_KO_DARE_.emsc_event_20230624_0000080,quakeml:eu.emsc/event/20230624_0000080,KO.DARE,3321.0,3370.0,49.0,updated
ev_KO_TAHT_.emsc_event_20230318_0000267,quakeml:eu.emsc/event/20230318_0000267,KO.TAHT,4848.0,4930.0,82.0,updated
ev_KO_TAHT_.emsc_event_20230304_0000272,quakeml:eu.emsc/event/20230304_0000272,KO.TAHT,4148.0,4170.0,22.0,updated
ev_KO_DARE_.emsc_event_20230307_0000226,quakeml:eu.emsc/event/20230307_0000226,KO.DARE,4029.0,3980.0,-49.0,updated
ev_KO_CEYT_.emsc_event_20230308_0000024,quakeml:eu.emsc/event/20230308_0000024,KO.CEYT,5014.0,,,no_emsc_pick
ev_KO_TAHT_.emsc_event_20230419_0000225,quakeml:eu.emsc/event/20230419_0000225,KO.TAHT,5753.0,5910.0,157.0,updated
ev_KO_SARI_.emsc_event_20230307_0000278,quakeml:eu.emsc/event/20230307_0000278,KO.SARI,5087.0,5220.0,133.0,updated
ev_KO_DARE_.emsc_event_20230210_0000141,quakeml:eu.emsc/event/20230210_0000141,KO.DARE,4394.0,,,no_emsc_pick
ev_KO_MERS_.emsc_event_20230308_0000018,quakeml:eu.emsc/event/20230308_0000018,KO.MERS,5845.0,5950.0,105.0,updated
ev_KO_URFA_.emsc_event_20230507_0000028,quakeml:eu.emsc/event/20230507_0000028,KO.URFA,5709.0,5850.0,141.0,updated
ev_KO_DARE_.emsc_event_20230307_0000232,quakeml:eu.emsc/event/20230307_0000232,KO.DARE,3446.0,3510.0,64.0,updated
ev_KO_SARI_.emsc_event_20230306_0000160,quakeml:eu.emsc/event/20230306_0000160,KO.SARI,3788.0,,,no_emsc_pick
ev_KO_CEYT_.emsc_event_20230307_0000125,quakeml:eu.emsc/event/20230307_0000125,KO.CEYT,4543.0,,,no_emsc_pick
ev_KO_SARI_.emsc_event_20230508_0000207,quakeml:eu.emsc/event/20230508_0000207,KO.SARI,4394.0,4630.0,236.0,updated
ev_KO_CEYT_.emsc_event_20230308_0000018,quakeml:eu.emsc/event/20230308_0000018,KO.CEYT,4748.0,4850.0,102.0,updated
ev_KO_URFA_.emsc_event_20230304_0000333,quakeml:eu.emsc/event/20230304_0000333,KO.URFA,5781.0,5570.0,-211.0,updated
ev_KO_BNN_.emsc_event_20230307_0000185,quakeml:eu.emsc/event/20230307_0000185,KO.BNN,3903.0,3850.0,-53.0,updated
ev_KO_GULA_.emsc_event_20230629_0000224,quakeml:eu.emsc/event/20230629_0000224,KO.GULA,5170.0,5280.0,110.0,updated
ev_KO_SARI_.emsc_event_20230307_0000244,quakeml:eu.emsc/event/20230307_0000244,KO.SARI,5197.0,5230.0,33.0,updated
ev_KO_SARI_.emsc_event_20230307_0000250,quakeml:eu.emsc/event/20230307_0000250,KO.SARI,4386.0,4310.0,-76.0,updated
ev_KO_KMRS_.emsc_event_20230306_0000323,quakeml:eu.emsc/event/20230306_0000323,KO.KMRS,5863.0,5970.0,107.0,updated
ev_KO_CEYT_.emsc_event_20230719_0000306,quakeml:eu.emsc/event/20230719_0000306,KO.CEYT,5433.0,5490.0,57.0,updated
ev_KO_KMRS_.emsc_event_20230304_0000262,quakeml:eu.emsc/event/20230304_0000262,KO.KMRS,5279.0,5370.0,91.0,updated
ev_KO_BNN_.emsc_event_20230306_0000276,quakeml:eu.emsc/event/20230306_0000276,KO.BNN,4908.0,4790.0,-118.0,updated
ev_KO_KOZT_.emsc_event_20230306_0000019,quakeml:eu.emsc/event/20230306_0000019,KO.KOZT,5803.0,,,no_emsc_pick
ev_KO_KMRS_.emsc_event_20230305_0000185,quakeml:eu.emsc/event/20230305_0000185,KO.KMRS,5219.0,5240.0,21.0,updated
ev_KO_DYBB_.emsc_event_20230424_0000232,quakeml:eu.emsc/event/20230424_0000232,KO.DYBB,5070.0,,,no_emsc_pick
ev_KO_GAZ_.emsc_event_20230304_0000210,quakeml:eu.emsc/event/20230304_0000210,KO.GAZ,5476.0,,,no_emsc_pick
ev_KO_SVRC_.emsc_event_20230213_0000276,quakeml:eu.emsc/event/20230213_0000276,KO.SVRC,4243.0,4350.0,107.0,updated
ev_KO_MERS_.emsc_event_20230803_0000090,quakeml:eu.emsc/event/20230803_0000090,KO.MERS,5708.0,5780.0,72.0,updated
ev_KO_KOZT_.emsc_event_20230307_0000301,quakeml:eu.emsc/event/20230307_0000301,KO.KOZT,5487.0,5530.0,43.0,updated
ev_KO_DARE_.emsc_event_20230313_0000316,quakeml:eu.emsc/event/20230313_0000316,KO.DARE,4726.0,4840.0,114.0,updated
ev_KO_MERS_.emsc_event_20230407_0000041,quakeml:eu.emsc/event/20230407_0000041,KO.MERS,5969.0,,,no_emsc_pick
ev_KO_GAZ_.emsc_event_20230305_0000108,quakeml:eu.emsc/event/20230305_0000108,KO.GAZ,5522.0,5530.0,8.0,updated
ev_KO_KOZT_.emsc_event_20230306_0000025,quakeml:eu.emsc/event/20230306_0000025,KO.KOZT,4842.0,4900.0,58.0,updated
ev_KO_DARE_.emsc_event_20230513_0000240,quakeml:eu.emsc/event/20230513_0000240,KO.DARE,5396.0,,,no_emsc_pick
ev_KO_URFA_.emsc_event_20230308_0000080,quakeml:eu.emsc/event/20230308_0000080,KO.URFA,4505.0,4370.0,-135.0,updated
ev_KO_URFA_.emsc_event_20230219_0000030,quakeml:eu.emsc/event/20230219_0000030,KO.URFA,4438.0,4390.0,-48.0,updated
ev_KO_TAHT_.emsc_event_20230304_0000070,quakeml:eu.emsc/event/20230304_0000070,KO.TAHT,5329.0,5410.0,81.0,updated
ev_KO_KOZT_.emsc_event_20230308_0000200,quakeml:eu.emsc/event/20230308_0000200,KO.KOZT,5928.0,,,no_emsc_pick
ev_KO_TAHT_.emsc_event_20230306_0000131,quakeml:eu.emsc/event/20230306_0000131,KO.TAHT,5545.0,,,no_emsc_pick
ev_KO_SARI_.emsc_event_20230307_0000293,quakeml:eu.emsc/event/20230307_0000293,KO.SARI,4068.0,,,no_emsc_pick
ev_KO_BNN_.emsc_event_20230307_0000152,quakeml:eu.emsc/event/20230307_0000152,KO.BNN,3928.0,3960.0,32.0,updated
ev_KO_GAZ_.emsc_event_20230307_0000075,quakeml:eu.emsc/event/20230307_0000075,KO.GAZ,4827.0,4930.0,103.0,updated
ev_KO_GAZ_.emsc_event_20230308_0000148,quakeml:eu.emsc/event/20230308_0000148,KO.GAZ,4651.0,,,no_emsc_pick
ev_KO_GAZ_.emsc_event_20230305_0000134,quakeml:eu.emsc/event/20230305_0000134,KO.GAZ,4766.0,4760.0,-6.0,updated
ev_KO_DARE_.emsc_event_20230426_0000041,quakeml:eu.emsc/event/20230426_0000041,KO.DARE,5550.0,5630.0,80.0,updated
ev_KO_MERS_.emsc_event_20230306_0000349,quakeml:eu.emsc/event/20230306_0000349,KO.MERS,5359.0,,,no_emsc_pick
ev_KO_BNN_.emsc_event_20230304_0000280,quakeml:eu.emsc/event/20230304_0000280,KO.BNN,4668.0,4710.0,42.0,updated
ev_KO_SARI_.emsc_event_20230731_0000171,quakeml:eu.emsc/event/20230731_0000171,KO.SARI,3218.0,5441.0,2223.0,updated
ev_KO_CEYT_.emsc_event_20230304_0000220,quakeml:eu.emsc/event/20230304_0000220,KO.CEYT,4792.0,4880.0,88.0,updated
ev_KO_SARI_.emsc_event_20230308_0000231,quakeml:eu.emsc/event/20230308_0000231,KO.SARI,5063.0,5100.0,37.0,updated
ev_KO_KMRS_.emsc_event_20230305_0000032,quakeml:eu.emsc/event/20230305_0000032,KO.KMRS,4073.0,4140.0,67.0,updated
ev_KO_KMRS_.emsc_event_20230305_0000026,quakeml:eu.emsc/event/20230305_0000026,KO.KMRS,4792.0,4850.0,58.0,updated
ev_KO_KMRS_.emsc_event_20230307_0000167,quakeml:eu.emsc/event/20230307_0000167,KO.KMRS,5994.0,,,no_emsc_pick
ev_KO_MERS_.emsc_event_20230305_0000110,quakeml:eu.emsc/event/20230305_0000110,KO.MERS,5830.0,5900.0,70.0,updated
ev_KO_URFA_.emsc_event_20230717_0000024,quakeml:eu.emsc/event/20230717_0000024,KO.URFA,5657.0,5770.0,113.0,updated
ev_KO_SARI_.emsc_event_20230304_0000155,quakeml:eu.emsc/event/20230304_0000155,KO.SARI,3908.0,4000.0,92.0,updated
ev_KO_DARE_.emsc_event_20230307_0000346,quakeml:eu.emsc/event/20230307_0000346,KO.DARE,4094.0,4220.0,126.0,updated
ev_KO_DARE_.emsc_event_20230429_0000140,quakeml:eu.emsc/event/20230429_0000140,KO.DARE,4760.0,4680.0,-80.0,updated
ev_KO_KMRS_.emsc_event_20230304_0000302,quakeml:eu.emsc/event/20230304_0000302,KO.KMRS,5077.0,,,no_emsc_pick
ev_KO_CEYT_.emsc_event_20230305_0000110,quakeml:eu.emsc/event/20230305_0000110,KO.CEYT,4344.0,4400.0,56.0,updated
ev_KO_GAZ_.emsc_event_20230305_0000097,quakeml:eu.emsc/event/20230305_0000097,KO.GAZ,4769.0,4580.0,-189.0,updated
ev_KO_SARI_.emsc_event_20230305_0000271,quakeml:eu.emsc/event/20230305_0000271,KO.SARI,4729.0,4600.0,-129.0,updated
ev_KO_SARI_.emsc_event_20230307_0000330,quakeml:eu.emsc/event/20230307_0000330,KO.SARI,3945.0,3980.0,35.0,updated
ev_KO_DARE_.emsc_event_20230306_0000076,quakeml:eu.emsc/event/20230306_0000076,KO.DARE,4796.0,4850.0,54.0,updated
ev_KO_CEYT_.emsc_event_20230621_0000184,quakeml:eu.emsc/event/20230621_0000184,KO.CEYT,5978.0,,,no_emsc_pick
ev_KO_BNN_.emsc_event_20230320_0000192,quakeml:eu.emsc/event/20230320_0000192,KO.BNN,5031.0,4930.0,-101.0,updated
ev_KO_SARI_.emsc_event_20230305_0000265,quakeml:eu.emsc/event/20230305_0000265,KO.SARI,4880.0,,,no_emsc_pick
ev_KO_DARE_.emsc_event_20230304_0000137,quakeml:eu.emsc/event/20230304_0000137,KO.DARE,5090.0,5110.0,20.0,updated
ev_KO_SARI_.emsc_event_20230308_0000219,quakeml:eu.emsc/event/20230308_0000219,KO.SARI,5752.0,,,no_emsc_pick
ev_KO_KMRS_.emsc_event_20230308_0000066,quakeml:eu.emsc/event/20230308_0000066,KO.KMRS,5178.0,5280.0,102.0,updated
ev_KO_CEYT_.emsc_event_20230306_0000349,quakeml:eu.emsc/event/20230306_0000349,KO.CEYT,4032.0,,,no_emsc_pick
ev_KO_URFA_.emsc_event_20230304_0000253,quakeml:eu.emsc/event/20230304_0000253,KO.URFA,4439.0,4540.0,101.0,updated
ev_KO_KMRS_.emsc_event_20230306_0000257,quakeml:eu.emsc/event/20230306_0000257,KO.KMRS,4326.0,4460.0,134.0,updated
ev_KO_CEYT_.emsc_event_20230308_0000178,quakeml:eu.emsc/event/20230308_0000178,KO.CEYT,5154.0,,,no_emsc_pick
ev_KO_BNN_.emsc_event_20230303_0000267,quakeml:eu.emsc/event/20230303_0000267,KO.BNN,4766.0,4800.0,34.0,updated
ev_KO_KOZT_.emsc_event_20230306_0000186,quakeml:eu.emsc/event/20230306_0000186,KO.KOZT,4075.0,4100.0,25.0,updated
ev_KO_SARI_.emsc_event_20230317_0000041,quakeml:eu.emsc/event/20230317_0000041,KO.SARI,4818.0,4850.0,32.0,updated
ev_KO_SARI_.emsc_event_20230306_0000028,quakeml:eu.emsc/event/20230306_0000028,KO.SARI,3883.0,3930.0,47.0,updated
ev_KO_URFA_.emsc_event_20230306_0000312,quakeml:eu.emsc/event/20230306_0000312,KO.URFA,5654.0,,,no_emsc_pick
ev_KO_SVRC_.emsc_event_20230419_0000230,quakeml:eu.emsc/event/20230419_0000230,KO.SVRC,3341.0,3440.0,99.0,updated
ev_KO_SARI_.emsc_event_20230304_0000169,quakeml:eu.emsc/event/20230304_0000169,KO.SARI,5744.0,5780.0,36.0,updated
ev_KO_DARE_.emsc_event_20230308_0000247,quakeml:eu.emsc/event/20230308_0000247,KO.DARE,4556.0,4410.0,-146.0,updated
ev_KO_TAHT_.emsc_event_20230314_0000249,quakeml:eu.emsc/event/20230314_0000249,KO.TAHT,5874.0,,,no_emsc_pick
ev_KO_SARI_.emsc_event_20230304_0000182,quakeml:eu.emsc/event/20230304_0000182,KO.SARI,3740.0,3780.0,40.0,updated
ev_KO_GAZ_.emsc_event_20230308_0000014,quakeml:eu.emsc/event/20230308_0000014,KO.GAZ,4779.0,4760.0,-19.0,updated
ev_KO_GAZ_.emsc_event_20230306_0000225,quakeml:eu.emsc/event/20230306_0000225,KO.GAZ,5563.0,5620.0,57.0,updated
ev_KO_KMRS_.emsc_event_20230308_0000099,quakeml:eu.emsc/event/20230308_0000099,KO.KMRS,5700.0,5680.0,-20.0,updated
ev_KO_BNN_.emsc_event_20230306_0000316,quakeml:eu.emsc/event/20230306_0000316,KO.BNN,4886.0,4860.0,-26.0,updated
ev_KO_TAHT_.emsc_event_20230412_0000039,quakeml:eu.emsc/event/20230412_0000039,KO.TAHT,3781.0,3600.0,-181.0,updated
ev_KO_BNN_.emsc_event_20230304_0000257,quakeml:eu.emsc/event/20230304_0000257,KO.BNN,5924.0,,,no_emsc_pick
ev_KO_KMRS_.emsc_event_20230306_0000280,quakeml:eu.emsc/event/20230306_0000280,KO.KMRS,4046.0,4050.0,4.0,updated
ev_KO_SVRC_.emsc_event_20230629_0000227,quakeml:eu.emsc/event/20230629_0000227,KO.SVRC,5103.0,,,no_emsc_pick
ev_KO_SVRC_.emsc_event_20230304_0000059,quakeml:eu.emsc/event/20230304_0000059,KO.SVRC,5436.0,5430.0,-6.0,updated
ev_KO_GAZ_.emsc_event_20230307_0000115,quakeml:eu.emsc/event/20230307_0000115,KO.GAZ,4395.0,,,no_emsc_pick
ev_KO_DARE_.emsc_event_20230421_0000071,quakeml:eu.emsc/event/20230421_0000071,KO.DARE,5330.0,5350.0,20.0,updated
ev_KO_MERS_.emsc_event_20230213_0000184,quakeml:eu.emsc/event/20230213_0000184,KO.MERS,5593.0,5640.0,47.0,updated
ev_KO_BNN_.emsc_event_20230424_0000260,quakeml:eu.emsc/event/20230424_0000260,KO.BNN,5282.0,5260.0,-22.0,updated
ev_KO_GAZ_.emsc_event_20230306_0000219,quakeml:eu.emsc/event/20230306_0000219,KO.GAZ,4746.0,4840.0,94.0,updated
ev_KO_TAHT_.emsc_event_20230304_0000110,quakeml:eu.emsc/event/20230304_0000110,KO.TAHT,5366.0,5340.0,-26.0,updated
ev_KO_DARE_.emsc_event_20230308_0000284,quakeml:eu.emsc/event/20230308_0000284,KO.DARE,4659.0,4730.0,71.0,updated
ev_KO_TAHT_.emsc_event_20230308_0000274,quakeml:eu.emsc/event/20230308_0000274,KO.TAHT,3184.0,3220.0,36.0,updated
ev_KO_CEYT_.emsc_event_20230307_0000086,quakeml:eu.emsc/event/20230307_0000086,KO.CEYT,4979.0,5020.0,41.0,updated
ev_KO_KOZT_.emsc_event_20230306_0000145,quakeml:eu.emsc/event/20230306_0000145,KO.KOZT,4356.0,4390.0,34.0,updated
ev_KO_SARI_.emsc_event_20230422_0000276,quakeml:eu.emsc/event/20230422_0000276,KO.SARI,5119.0,5150.0,31.0,updated
ev_KO_KMRS_.emsc_event_20230306_0000294,quakeml:eu.emsc/event/20230306_0000294,KO.KMRS,4279.0,4370.0,91.0,updated
ev_KO_SVRC_.emsc_event_20230302_0000167,quakeml:eu.emsc/event/20230302_0000167,KO.SVRC,4683.0,4720.0,37.0,updated
ev_KO_DARE_.emsc_event_20230305_0000011,quakeml:eu.emsc/event/20230305_0000011,KO.DARE,4833.0,4730.0,-103.0,updated
ev_KO_CEYT_.emsc_event_20230605_0000094,quakeml:eu.emsc/event/20230605_0000094,KO.CEYT,4933.0,,,no_emsc_pick
ev_KO_URFA_.emsc_event_20230304_0000079,quakeml:eu.emsc/event/20230304_0000079,KO.URFA,5572.0,5750.0,178.0,updated
ev_KO_BNN_.emsc_event_20230304_0000096,quakeml:eu.emsc/event/20230304_0000096,KO.BNN,4875.0,4850.0,-25.0,updated
ev_KO_CEYT_.emsc_event_20230304_0000036,quakeml:eu.emsc/event/20230304_0000036,KO.CEYT,4574.0,4320.0,-254.0,updated
ev_KO_DARE_.emsc_event_20230306_0000248,quakeml:eu.emsc/event/20230306_0000248,KO.DARE,4668.0,4610.0,-58.0,updated
ev_KO_URFA_.emsc_event_20230307_0000220,quakeml:eu.emsc/event/20230307_0000220,KO.URFA,4471.0,4410.0,-61.0,updated
ev_KO_KMRS_.emsc_event_20230308_0000258,quakeml:eu.emsc/event/20230308_0000258,KO.KMRS,3484.0,3460.0,-24.0,updated
ev_KO_DARE_.emsc_event_20230304_0000309,quakeml:eu.emsc/event/20230304_0000309,KO.DARE,4900.0,,,no_emsc_pick
ev_KO_SARI_.emsc_event_20230308_0000027,quakeml:eu.emsc/event/20230308_0000027,KO.SARI,3870.0,3850.0,-20.0,updated
ev_KO_KMRS_.emsc_event_20230308_0000270,quakeml:eu.emsc/event/20230308_0000270,KO.KMRS,5895.0,5920.0,25.0,updated
ev_KO_BNN_.emsc_event_20230216_0000243,quakeml:eu.emsc/event/20230216_0000243,KO.BNN,5118.0,5240.0,122.0,updated
ev_KO_SARI_.emsc_event_20230305_0000073,quakeml:eu.emsc/event/20230305_0000073,KO.SARI,4631.0,,,no_emsc_pick
ev_KO_DARE_.emsc_event_20230521_0000269,quakeml:eu.emsc/event/20230521_0000269,KO.DARE,5079.0,5190.0,111.0,updated
ev_KO_GAZ_.emsc_event_20230305_0000295,quakeml:eu.emsc/event/20230305_0000295,KO.GAZ,5075.0,5100.0,25.0,updated
ev_KO_MERS_.emsc_event_20230304_0000036,quakeml:eu.emsc/event/20230304_0000036,KO.MERS,5779.0,5440.0,-339.0,updated
ev_KO_KMRS_.emsc_event_20230306_0000041,quakeml:eu.emsc/event/20230306_0000041,KO.KMRS,4658.0,4610.0,-48.0,updated
ev_KO_DARE_.emsc_event_20230308_0000051,quakeml:eu.emsc/event/20230308_0000051,KO.DARE,4688.0,4670.0,-18.0,updated
ev_KO_TAHT_.emsc_event_20230430_0000229,quakeml:eu.emsc/event/20230430_0000229,KO.TAHT,3787.0,3770.0,-17.0,updated
ev_KO_DARE_.emsc_event_20230308_0000045,quakeml:eu.emsc/event/20230308_0000045,KO.DARE,5258.0,5270.0,12.0,updated
ev_KO_GULA_.emsc_event_20230521_0000270,quakeml:eu.emsc/event/20230521_0000270,KO.GULA,5945.0,,,no_emsc_pick
ev_KO_KMRS_.emsc_event_20230304_0000114,quakeml:eu.emsc/event/20230304_0000114,KO.KMRS,3175.0,3220.0,45.0,updated
ev_KO_CEYT_.emsc_event_20230305_0000306,quakeml:eu.emsc/event/20230305_0000306,KO.CEYT,4896.0,4960.0,64.0,updated
ev_KO_GULA_.emsc_event_20230305_0000034,quakeml:eu.emsc/event/20230305_0000034,KO.GULA,5938.0,,,no_emsc_pick
ev_KO_SARI_.emsc_event_20230305_0000067,quakeml:eu.emsc/event/20230305_0000067,KO.SARI,5256.0,5290.0,34.0,updated
ev_KO_KOZT_.emsc_event_20230307_0000088,quakeml:eu.emsc/event/20230307_0000088,KO.KOZT,3887.0,3970.0,83.0,updated
ev_KO_DYBB_.emsc_event_20230722_0000043,quakeml:eu.emsc/event/20230722_0000043,KO.DYBB,5795.0,,,no_emsc_pick
ev_KO_GAZ_.emsc_event_20230304_0000166,quakeml:eu.emsc/event/20230304_0000166,KO.GAZ,5261.0,5330.0,69.0,updated
ev_KO_GULA_.emsc_event_20230527_0000158,quakeml:eu.emsc/event/20230527_0000158,KO.GULA,5989.0,,,no_emsc_pick
ev_KO_URFA_.emsc_event_20230216_0000247,quakeml:eu.emsc/event/20230216_0000247,KO.URFA,5052.0,5120.0,68.0,updated
ev_KO_BNN_.emsc_event_20230515_0000156,quakeml:eu.emsc/event/20230515_0000156,KO.BNN,4923.0,5020.0,97.0,updated
ev_KO_URFA_.emsc_event_20230619_0000019,quakeml:eu.emsc/event/20230619_0000019,KO.URFA,4869.0,4940.0,71.0,updated
ev_KO_GAZ_.emsc_event_20230308_0000216,quakeml:eu.emsc/event/20230308_0000216,KO.GAZ,4530.0,4580.0,50.0,updated
ev_KO_TAHT_.emsc_event_20230305_0000022,quakeml:eu.emsc/event/20230305_0000022,KO.TAHT,3519.0,,,no_emsc_pick
ev_KO_BNN_.emsc_event_20230304_0000055,quakeml:eu.emsc/event/20230304_0000055,KO.BNN,4797.0,4820.0,23.0,updated
ev_KO_TAHT_.emsc_event_20230305_0000036,quakeml:eu.emsc/event/20230305_0000036,KO.TAHT,5831.0,5950.0,119.0,updated
ev_KO_CEYT_.emsc_event_20230727_0000063,quakeml:eu.emsc/event/20230727_0000063,KO.CEYT,4241.0,4370.0,129.0,updated
ev_KO_GAZ_.emsc_event_20230306_0000033,quakeml:eu.emsc/event/20230306_0000033,KO.GAZ,5586.0,5580.0,-6.0,updated
ev_KO_KOZT_.emsc_event_20230305_0000136,quakeml:eu.emsc/event/20230305_0000136,KO.KOZT,4915.0,5000.0,85.0,updated
ev_KO_URFA_.emsc_event_20230216_0000253,quakeml:eu.emsc/event/20230216_0000253,KO.URFA,5061.0,5050.0,-11.0,updated
ev_KO_TAHT_.emsc_event_20230405_0000191,quakeml:eu.emsc/event/20230405_0000191,KO.TAHT,5591.0,5650.0,59.0,updated
ev_KO_SVRC_.emsc_event_20230308_0000103,quakeml:eu.emsc/event/20230308_0000103,KO.SVRC,5785.0,5850.0,65.0,updated
ev_KO_CEYT_.emsc_event_20230224_0000194,quakeml:eu.emsc/event/20230224_0000194,KO.CEYT,4927.0,4960.0,33.0,updated
ev_KO_SVRC_.emsc_event_20230307_0000016,quakeml:eu.emsc/event/20230307_0000016,KO.SVRC,5829.0,5990.0,161.0,updated
ev_KO_CEYT_.emsc_event_20230208_0000412,quakeml:eu.emsc/event/20230208_0000412,KO.CEYT,4140.0,4200.0,60.0,updated
ev_KO_DARE_.emsc_event_20230308_0000092,quakeml:eu.emsc/event/20230308_0000092,KO.DARE,5237.0,5290.0,53.0,updated
ev_KO_KOZT_.emsc_event_20230304_0000212,quakeml:eu.emsc/event/20230304_0000212,KO.KOZT,5380.0,5440.0,60.0,updated
ev_KO_KMRS_.emsc_event_20230306_0000082,quakeml:eu.emsc/event/20230306_0000082,KO.KMRS,4865.0,4900.0,35.0,updated
ev_KO_BNN_.emsc_event_20230805_0000091,quakeml:eu.emsc/event/20230805_0000091,KO.BNN,5404.0,5470.0,66.0,updated
ev_KO_DARE_.emsc_event_20230503_0000247,quakeml:eu.emsc/event/20230503_0000247,KO.DARE,4386.0,4520.0,134.0,updated
ev_KO_CEYT_.emsc_event_20230307_0000284,quakeml:eu.emsc/event/20230307_0000284,KO.CEYT,4906.0,4910.0,4.0,updated
ev_KO_TAHT_.emsc_event_20230308_0000076,quakeml:eu.emsc/event/20230308_0000076,KO.TAHT,5804.0,,,no_emsc_pick
ev_KO_DARE_.emsc_event_20230308_0000086,quakeml:eu.emsc/event/20230308_0000086,KO.DARE,5326.0,5360.0,34.0,updated
ev_KO_SVRC_.emsc_event_20230305_0000143,quakeml:eu.emsc/event/20230305_0000143,KO.SVRC,5550.0,,,no_emsc_pick
ev_KO_KOZT_.emsc_event_20230308_0000176,quakeml:eu.emsc/event/20230308_0000176,KO.KOZT,5562.0,5680.0,118.0,updated
ev_KO_SVRC_.emsc_event_20230307_0000002,quakeml:eu.emsc/event/20230307_0000002,KO.SVRC,4159.0,4040.0,-119.0,updated
ev_KO_CEYT_.emsc_event_20230306_0000188,quakeml:eu.emsc/event/20230306_0000188,KO.CEYT,4954.0,4990.0,36.0,updated
ev_KO_BNN_.emsc_event_20230625_0000167,quakeml:eu.emsc/event/20230625_0000167,KO.BNN,4451.0,4530.0,79.0,updated
ev_KO_DYBB_.emsc_event_20230224_0000004,quakeml:eu.emsc/event/20230224_0000004,KO.DYBB,5881.0,,,no_emsc_pick
ev_KO_URFA_.emsc_event_20230304_0000084,quakeml:eu.emsc/event/20230304_0000084,KO.URFA,4188.0,4300.0,112.0,updated
ev_KO_KMRS_.emsc_event_20230306_0000080,quakeml:eu.emsc/event/20230306_0000080,KO.KMRS,5651.0,5740.0,89.0,updated
ev_KO_BNN_.emsc_event_20230307_0000232,quakeml:eu.emsc/event/20230307_0000232,KO.BNN,5184.0,5230.0,46.0,updated
ev_KO_GAZ_.emsc_event_20230304_0000158,quakeml:eu.emsc/event/20230304_0000158,KO.GAZ,5961.0,,,no_emsc_pick
ev_KO_GAZ_.emsc_event_20230306_0000019,quakeml:eu.emsc/event/20230306_0000019,KO.GAZ,5300.0,,,no_emsc_pick
ev_KO_MERS_.emsc_event_20230727_0000075,quakeml:eu.emsc/event/20230727_0000075,KO.MERS,5566.0,5539.0,-27.0,updated
ev_KO_SVRC_.emsc_event_20230525_0000187,quakeml:eu.emsc/event/20230525_0000187,KO.SVRC,5672.0,,,no_emsc_pick
ev_KO_GAZ_.emsc_event_20230307_0000301,quakeml:eu.emsc/event/20230307_0000301,KO.GAZ,5629.0,5670.0,41.0,updated
ev_KO_DARE_.emsc_event_20230308_0000084,quakeml:eu.emsc/event/20230308_0000084,KO.DARE,4904.0,,,no_emsc_pick
ev_KO_SVRC_.emsc_event_20230717_0000006,quakeml:eu.emsc/event/20230717_0000006,KO.SVRC,4372.0,4410.0,38.0,updated
ev_KO_SARI_.emsc_event_20230217_0000273,quakeml:eu.emsc/event/20230217_0000273,KO.SARI,4672.0,4470.0,-202.0,updated
ev_KO_BNN_.emsc_event_20230304_0000043,quakeml:eu.emsc/event/20230304_0000043,KO.BNN,4895.0,4880.0,-15.0,updated
ev_KO_CEYT_.emsc_event_20230727_0000075,quakeml:eu.emsc/event/20230727_0000075,KO.CEYT,4862.0,4839.0,-23.0,updated
ev_KO_GAZ_.emsc_event_20230306_0000025,quakeml:eu.emsc/event/20230306_0000025,KO.GAZ,3506.0,3590.0,84.0,updated
ev_KO_GAZ_.emsc_event_20230304_0000164,quakeml:eu.emsc/event/20230304_0000164,KO.GAZ,5817.0,5860.0,43.0,updated
ev_KO_SARI_.emsc_event_20230503_0000227,quakeml:eu.emsc/event/20230503_0000227,KO.SARI,4345.0,4420.0,75.0,updated
ev_KO_KOZT_.emsc_event_20230308_0000148,quakeml:eu.emsc/event/20230308_0000148,KO.KOZT,5241.0,,,no_emsc_pick
ev_KO_KOZT_.emsc_event_20230305_0000134,quakeml:eu.emsc/event/20230305_0000134,KO.KOZT,3996.0,3990.0,-6.0,updated
ev_KO_GAZ_.emsc_event_20230308_0000200,quakeml:eu.emsc/event/20230308_0000200,KO.GAZ,4867.0,4920.0,53.0,updated
ev_KO_TAHT_.emsc_event_20230521_0000270,quakeml:eu.emsc/event/20230521_0000270,KO.TAHT,5790.0,5890.0,100.0,updated
ev_KO_TAHT_.emsc_event_20230305_0000034,quakeml:eu.emsc/event/20230305_0000034,KO.TAHT,5870.0,5920.0,50.0,updated
ev_KO_BNN_.emsc_event_20230304_0000057,quakeml:eu.emsc/event/20230304_0000057,KO.BNN,5175.0,5150.0,-25.0,updated
ev_KO_KMRS_.emsc_event_20230304_0000102,quakeml:eu.emsc/event/20230304_0000102,KO.KMRS,5479.0,5480.0,1.0,updated
ev_KO_BNN_.emsc_event_20230415_0000172,quakeml:eu.emsc/event/20230415_0000172,KO.BNN,5228.0,5370.0,142.0,updated
ev_KO_SARI_.emsc_event_20230307_0000130,quakeml:eu.emsc/event/20230307_0000130,KO.SARI,5368.0,5460.0,92.0,updated
ev_KO_SARI_.emsc_event_20230307_0000124,quakeml:eu.emsc/event/20230307_0000124,KO.SARI,4537.0,,,no_emsc_pick
ev_KO_DARE_.emsc_event_20230306_0000276,quakeml:eu.emsc/event/20230306_0000276,KO.DARE,5189.0,5160.0,-29.0,updated
ev_KO_GULA_.emsc_event_20230305_0000036,quakeml:eu.emsc/event/20230305_0000036,KO.GULA,5923.0,,,no_emsc_pick
ev_KO_TAHT_.emsc_event_20230725_0000210,quakeml:eu.emsc/event/20230725_0000210,KO.TAHT,4507.0,,,no_emsc_pick
ev_KO_KMRS_.emsc_event_20230304_0000116,quakeml:eu.emsc/event/20230304_0000116,KO.KMRS,5842.0,5900.0,58.0,updated
ev_KO_CEYT_.emsc_event_20230307_0000245,quakeml:eu.emsc/event/20230307_0000245,KO.CEYT,4964.0,,,no_emsc_pick
ev_KO_BNN_.emsc_event_20230710_0000204,quakeml:eu.emsc/event/20230710_0000204,KO.BNN,5146.0,5210.0,64.0,updated
ev_KO_SARI_.emsc_event_20230308_0000031,quakeml:eu.emsc/event/20230308_0000031,KO.SARI,4786.0,,,no_emsc_pick
ev_KO_KMRS_.emsc_event_20230305_0000226,quakeml:eu.emsc/event/20230305_0000226,KO.KMRS,4196.0,4150.0,-46.0,updated
ev_KO_SARI_.emsc_event_20230307_0000118,quakeml:eu.emsc/event/20230307_0000118,KO.SARI,4372.0,4450.0,78.0,updated
ev_KO_DARE_.emsc_event_20230305_0000007,quakeml:eu.emsc/event/20230305_0000007,KO.DARE,4763.0,4820.0,57.0,updated
ev_KO_BNN_.emsc_event_20230513_0000240,quakeml:eu.emsc/event/20230513_0000240,KO.BNN,5040.0,4680.0,-360.0,updated
ev_KO_SARI_.emsc_event_20230306_0000214,quakeml:eu.emsc/event/20230306_0000214,KO.SARI,5620.0,,,no_emsc_pick
ev_KO_CEYT_.emsc_event_20230509_0000136,quakeml:eu.emsc/event/20230509_0000136,KO.CEYT,4926.0,4920.0,-6.0,updated
ev_KO_TAHT_.emsc_event_20230304_0000112,quakeml:eu.emsc/event/20230304_0000112,KO.TAHT,5517.0,5600.0,83.0,updated
ev_KO_TAHT_.emsc_event_20230306_0000053,quakeml:eu.emsc/event/20230306_0000053,KO.TAHT,5425.0,5360.0,-65.0,updated
ev_KO_TAHT_.emsc_event_20230308_0000262,quakeml:eu.emsc/event/20230308_0000262,KO.TAHT,3639.0,3690.0,51.0,updated
ev_KO_URFA_.emsc_event_20230304_0000286,quakeml:eu.emsc/event/20230304_0000286,KO.URFA,5671.0,5770.0,99.0,updated
ev_KO_DARE_.emsc_event_20230423_0000132,quakeml:eu.emsc/event/20230423_0000132,KO.DARE,4363.0,4410.0,47.0,updated
ev_KO_URFA_.emsc_event_20230304_0000292,quakeml:eu.emsc/event/20230304_0000292,KO.URFA,5705.0,5700.0,-5.0,updated
ev_KO_KMRS_.emsc_event_20230306_0000296,quakeml:eu.emsc/event/20230306_0000296,KO.KMRS,4226.0,4250.0,24.0,updated
ev_KO_SVRC_.emsc_event_20230307_0000202,quakeml:eu.emsc/event/20230307_0000202,KO.SVRC,5825.0,5820.0,-5.0,updated
ev_KO_SVRC_.emsc_event_20230725_0000198,quakeml:eu.emsc/event/20230725_0000198,KO.SVRC,5840.0,,,no_emsc_pick
ev_KO_DARE_.emsc_event_20230805_0000126,quakeml:eu.emsc/event/20230805_0000126,KO.DARE,5377.0,5288.0,-89.0,updated
ev_KO_KOZT_.emsc_event_20230307_0000263,quakeml:eu.emsc/event/20230307_0000263,KO.KOZT,4853.0,4960.0,107.0,updated
ev_KO_SARI_.emsc_event_20230713_0000149,quakeml:eu.emsc/event/20230713_0000149,KO.SARI,3615.0,3474.0,-141.0,updated
ev_KO_DYBB_.emsc_event_20230521_0000213,quakeml:eu.emsc/event/20230521_0000213,KO.DYBB,4787.0,,,no_emsc_pick
ev_KO_BNN_.emsc_event_20230308_0000131,quakeml:eu.emsc/event/20230308_0000131,KO.BNN,5910.0,5960.0,50.0,updated
ev_KO_SVRC_.emsc_event_20230304_0000067,quakeml:eu.emsc/event/20230304_0000067,KO.SVRC,5032.0,4990.0,-42.0,updated
ev_KO_SVRC_.emsc_event_20230306_0000126,quakeml:eu.emsc/event/20230306_0000126,KO.SVRC,3708.0,3820.0,112.0,updated
ev_KO_SARI_.emsc_event_20230304_0000180,quakeml:eu.emsc/event/20230304_0000180,KO.SARI,4142.0,4220.0,78.0,updated
ev_KO_SVRC_.emsc_event_20230330_0000038,quakeml:eu.emsc/event/20230330_0000038,KO.SVRC,4665.0,4520.0,-145.0,updated
ev_KO_BNN_.emsc_event_20230304_0000255,quakeml:eu.emsc/event/20230304_0000255,KO.BNN,5645.0,5620.0,-25.0,updated
ev_KO_SVRC_.emsc_event_20230306_0000132,quakeml:eu.emsc/event/20230306_0000132,KO.SVRC,5407.0,5470.0,63.0,updated
ev_KO_BNN_.emsc_event_20230723_0000041,quakeml:eu.emsc/event/20230723_0000041,KO.BNN,5083.0,5150.0,67.0,updated
ev_KO_SARI_.emsc_event_20230318_0000181,quakeml:eu.emsc/event/20230318_0000181,KO.SARI,5088.0,5090.0,2.0,updated
ev_KO_CEYT_.emsc_event_20230308_0000185,quakeml:eu.emsc/event/20230308_0000185,KO.CEYT,5536.0,,,no_emsc_pick
ev_KO_DARE_.emsc_event_20230313_0000260,quakeml:eu.emsc/event/20230313_0000260,KO.DARE,5082.0,5150.0,68.0,updated
ev_KO_KOZT_.emsc_event_20230307_0000277,quakeml:eu.emsc/event/20230307_0000277,KO.KOZT,5485.0,5450.0,-35.0,updated
ev_KO_URFA_.emsc_event_20230308_0000135,quakeml:eu.emsc/event/20230308_0000135,KO.URFA,5506.0,5490.0,-16.0,updated
ev_KO_MERS_.emsc_event_20230314_0000153,quakeml:eu.emsc/event/20230314_0000153,KO.MERS,5252.0,5340.0,88.0,updated
ev_KO_DARE_.emsc_event_20230306_0000060,quakeml:eu.emsc/event/20230306_0000060,KO.DARE,3993.0,4010.0,17.0,updated
ev_KO_TAHT_.emsc_event_20230306_0000090,quakeml:eu.emsc/event/20230306_0000090,KO.TAHT,3214.0,3290.0,76.0,updated
ev_KO_URFA_.emsc_event_20230307_0000008,quakeml:eu.emsc/event/20230307_0000008,KO.URFA,4655.0,4760.0,105.0,updated
ev_KO_KMRS_.emsc_event_20230308_0000070,quakeml:eu.emsc/event/20230308_0000070,KO.KMRS,4049.0,,,no_emsc_pick
ev_KO_DARE_.emsc_event_20230304_0000121,quakeml:eu.emsc/event/20230304_0000121,KO.DARE,4993.0,4950.0,-43.0,updated
ev_KO_GULA_.emsc_event_20230314_0000249,quakeml:eu.emsc/event/20230314_0000249,KO.GULA,5975.0,,,no_emsc_pick
ev_KO_DARE_.emsc_event_20230308_0000251,quakeml:eu.emsc/event/20230308_0000251,KO.DARE,4641.0,4680.0,39.0,updated
ev_KO_CEYT_.emsc_event_20230307_0000053,quakeml:eu.emsc/event/20230307_0000053,KO.CEYT,5763.0,,,no_emsc_pick
ev_KO_KMRS_.emsc_event_20230304_0000300,quakeml:eu.emsc/event/20230304_0000300,KO.KMRS,4036.0,,,no_emsc_pick
ev_KO_DARE_.emsc_event_20230305_0000239,quakeml:eu.emsc/event/20230305_0000239,KO.DARE,4927.0,4990.0,63.0,updated
ev_KO_BNN_.emsc_event_20230303_0000265,quakeml:eu.emsc/event/20230303_0000265,KO.BNN,5408.0,5390.0,-18.0,updated
ev_KO_KOZT_.emsc_event_20230306_0000184,quakeml:eu.emsc/event/20230306_0000184,KO.KOZT,4688.0,4780.0,92.0,updated
ev_KO_KMRS_.emsc_event_20230306_0000255,quakeml:eu.emsc/event/20230306_0000255,KO.KMRS,4869.0,4940.0,71.0,updated
ev_KO_SVRC_.emsc_event_20230614_0000053,quakeml:eu.emsc/event/20230614_0000053,KO.SVRC,5265.0,5290.0,25.0,updated
ev_KO_SARI_.emsc_event_20230307_0000326,quakeml:eu.emsc/event/20230307_0000326,KO.SARI,5224.0,5260.0,36.0,updated
ev_KO_URFA_.emsc_event_20230307_0000034,quakeml:eu.emsc/event/20230307_0000034,KO.URFA,5550.0,5500.0,-50.0,updated
ev_KO_KMRS_.emsc_event_20230305_0000030,quakeml:eu.emsc/event/20230305_0000030,KO.KMRS,3237.0,3250.0,13.0,updated
ev_KO_DARE_.emsc_event_20230210_0000023,quakeml:eu.emsc/event/20230210_0000023,KO.DARE,4503.0,4550.0,47.0,updated
ev_KO_DARE_.emsc_event_20230305_0000211,quakeml:eu.emsc/event/20230305_0000211,KO.DARE,4512.0,4560.0,48.0,updated
ev_KO_TAHT_.emsc_event_20230518_0000086,quakeml:eu.emsc/event/20230518_0000086,KO.TAHT,3392.0,3420.0,28.0,updated
ev_KO_BNN_.emsc_event_20230624_0000080,quakeml:eu.emsc/event/20230624_0000080,KO.BNN,5518.0,,,no_emsc_pick
ev_KO_DARE_.emsc_event_20230521_0000055,quakeml:eu.emsc/event/20230521_0000055,KO.DARE,4880.0,4860.0,-20.0,updated
ev_KO_SARI_.emsc_event_20230306_0000002,quakeml:eu.emsc/event/20230306_0000002,KO.SARI,3934.0,,,no_emsc_pick
ev_KO_SARI_.emsc_event_20230304_0000157,quakeml:eu.emsc/event/20230304_0000157,KO.SARI,3679.0,3750.0,71.0,updated
ev_KO_DARE_.emsc_event_20230305_0000205,quakeml:eu.emsc/event/20230305_0000205,KO.DARE,4778.0,4810.0,32.0,updated
ev_KO_DARE_.emsc_event_20230403_0000061,quakeml:eu.emsc/event/20230403_0000061,KO.DARE,5289.0,,,no_emsc_pick
ev_KO_KOZT_.emsc_event_20230308_0000216,quakeml:eu.emsc/event/20230308_0000216,KO.KOZT,4352.0,4390.0,38.0,updated
ev_KO_DARE_.emsc_event_20230304_0000096,quakeml:eu.emsc/event/20230304_0000096,KO.DARE,5215.0,5240.0,25.0,updated
ev_KO_SARI_.emsc_event_20230307_0000285,quakeml:eu.emsc/event/20230307_0000285,KO.SARI,5560.0,5580.0,20.0,updated
ev_KO_KOZT_.emsc_event_20230304_0000166,quakeml:eu.emsc/event/20230304_0000166,KO.KOZT,5342.0,5370.0,28.0,updated
ev_KO_BNN_.emsc_event_20230304_0000309,quakeml:eu.emsc/event/20230304_0000309,KO.BNN,4861.0,4860.0,-1.0,updated
ev_KO_DARE_.emsc_event_20230614_0000049,quakeml:eu.emsc/event/20230614_0000049,KO.DARE,4130.0,4080.0,-50.0,updated
ev_KO_BNN_.emsc_event_20230306_0000248,quakeml:eu.emsc/event/20230306_0000248,KO.BNN,4812.0,4850.0,38.0,updated
ev_KO_KOZT_.emsc_event_20230306_0000033,quakeml:eu.emsc/event/20230306_0000033,KO.KOZT,5409.0,5360.0,-49.0,updated
ev_KO_GAZ_.emsc_event_20230305_0000136,quakeml:eu.emsc/event/20230305_0000136,KO.GAZ,3556.0,3660.0,104.0,updated
ev_KO_GAZ_.emsc_event_20230307_0000077,quakeml:eu.emsc/event/20230307_0000077,KO.GAZ,5359.0,,,no_emsc_pick
ev_KO_SARI_.emsc_event_20230208_0000413,quakeml:eu.emsc/event/20230208_0000413,KO.SARI,3709.0,3860.0,151.0,updated
ev_KO_SVRC_.emsc_event_20230305_0000237,quakeml:eu.emsc/event/20230305_0000237,KO.SVRC,4467.0,4500.0,33.0,updated
ev_KO_BNN_.emsc_event_20230305_0000011,quakeml:eu.emsc/event/20230305_0000011,KO.BNN,5269.0,5130.0,-139.0,updated
ev_KO_GAZ_.emsc_event_20230304_0000212,quakeml:eu.emsc/event/20230304_0000212,KO.GAZ,5390.0,5430.0,40.0,updated
ev_KO_BNN_.emsc_event_20230308_0000045,quakeml:eu.emsc/event/20230308_0000045,KO.BNN,5935.0,,,no_emsc_pick
ev_KO_DARE_.emsc_event_20230313_0000300,quakeml:eu.emsc/event/20230313_0000300,KO.DARE,3913.0,3870.0,-43.0,updated
ev_KO_DYBB_.emsc_event_20230610_0000072,quakeml:eu.emsc/event/20230610_0000072,KO.DYBB,5635.0,,,no_emsc_pick
ev_KO_SVRC_.emsc_event_20230306_0000052,quakeml:eu.emsc/event/20230306_0000052,KO.SVRC,4553.0,4550.0,-3.0,updated
ev_KO_SVRC_.emsc_event_20230306_0000046,quakeml:eu.emsc/event/20230306_0000046,KO.SVRC,5259.0,5330.0,71.0,updated
ev_KO_GAZ_.emsc_event_20230308_0000176,quakeml:eu.emsc/event/20230308_0000176,KO.GAZ,5552.0,5670.0,118.0,updated
ev_KO_TAHT_.emsc_event_20230307_0000203,quakeml:eu.emsc/event/20230307_0000203,KO.TAHT,5749.0,5820.0,71.0,updated
ev_KO_BNN_.emsc_event_20230308_0000051,quakeml:eu.emsc/event/20230308_0000051,KO.BNN,4916.0,4970.0,54.0,updated
ev_KO_BNN_.emsc_event_20230521_0000269,quakeml:eu.emsc/event/20230521_0000269,KO.BNN,5030.0,5120.0,90.0,updated
ev_KO_SVRC_.emsc_event_20230213_0000274,quakeml:eu.emsc/event/20230213_0000274,KO.SVRC,5320.0,,,no_emsc_pick
ev_KO_SARI_.emsc_event_20230307_0000246,quakeml:eu.emsc/event/20230307_0000246,KO.SARI,4727.0,4770.0,43.0,updated
ev_KO_URFA_.emsc_event_20230308_0000041,quakeml:eu.emsc/event/20230308_0000041,KO.URFA,5626.0,5570.0,-56.0,updated
ev_KO_BNN_.emsc_event_20230328_0000102,quakeml:eu.emsc/event/20230328_0000102,KO.BNN,5935.0,,,no_emsc_pick
ev_KO_KMRS_.emsc_event_20230307_0000039,quakeml:eu.emsc/event/20230307_0000039,KO.KMRS,5923.0,,,no_emsc_pick
ev_KO_SARI_.emsc_event_20230616_0000195,quakeml:eu.emsc/event/20230616_0000195,KO.SARI,4898.0,,,no_emsc_pick
ev_KO_SARI_.emsc_event_20230403_0000163,quakeml:eu.emsc/event/20230403_0000163,KO.SARI,5064.0,5100.0,36.0,updated
ev_KO_DARE_.emsc_event_20230307_0000218,quakeml:eu.emsc/event/20230307_0000218,KO.DARE,3966.0,3920.0,-46.0,updated
ev_KO_CEYT_.emsc_event_20230322_0000111,quakeml:eu.emsc/event/20230322_0000111,KO.CEYT,4868.0,,,no_emsc_pick
ev_KO_DARE_.emsc_event_20230515_0000156,quakeml:eu.emsc/event/20230515_0000156,KO.DARE,5171.0,5220.0,49.0,updated
ev_KO_URFA_.emsc_event_20230306_0000264,quakeml:eu.emsc/event/20230306_0000264,KO.URFA,4898.0,4960.0,62.0,updated
ev_KO_MERS_.emsc_event_20230318_0000343,quakeml:eu.emsc/event/20230318_0000343,KO.MERS,5800.0,5550.0,-250.0,updated
ev_KO_URFA_.emsc_event_20230307_0000168,quakeml:eu.emsc/event/20230307_0000168,KO.URFA,4799.0,4880.0,81.0,updated
ev_KO_SVRC_.emsc_event_20230308_0000288,quakeml:eu.emsc/event/20230308_0000288,KO.SVRC,5681.0,5750.0,69.0,updated
ev_KO_URFA_.emsc_event_20230228_0000134,quakeml:eu.emsc/event/20230228_0000134,KO.URFA,4933.0,4900.0,-33.0,updated
ev_KO_KOZT_.emsc_event_20230305_0000295,quakeml:eu.emsc/event/20230305_0000295,KO.KOZT,4116.0,4050.0,-66.0,updated
ev_KO_KMRS_.emsc_event_20230308_0000138,quakeml:eu.emsc/event/20230308_0000138,KO.KMRS,4861.0,,,no_emsc_pick
ev_KO_DARE_.emsc_event_20230805_0000091,quakeml:eu.emsc/event/20230805_0000091,KO.DARE,3817.0,3890.0,73.0,updated
ev_KO_BNN_.emsc_event_20230503_0000247,quakeml:eu.emsc/event/20230503_0000247,KO.BNN,5177.0,5310.0,133.0,updated
ev_KO_KMRS_.emsc_event_20230304_0000248,quakeml:eu.emsc/event/20230304_0000248,KO.KMRS,4150.0,4190.0,40.0,updated
ev_KO_KMRS_.emsc_event_20230306_0000309,quakeml:eu.emsc/event/20230306_0000309,KO.KMRS,3322.0,3350.0,28.0,updated
ev_KO_TAHT_.emsc_event_20230409_0000142,quakeml:eu.emsc/event/20230409_0000142,KO.TAHT,5925.0,,,no_emsc_pick
ev_KO_DARE_.emsc_event_20230307_0000224,quakeml:eu.emsc/event/20230307_0000224,KO.DARE,4065.0,,,no_emsc_pick
ev_KO_SARI_.emsc_event_20230306_0000176,quakeml:eu.emsc/event/20230306_0000176,KO.SARI,3744.0,3860.0,116.0,updated
ev_KO_TAHT_.emsc_event_20230614_0000052,quakeml:eu.emsc/event/20230614_0000052,KO.TAHT,5904.0,,,no_emsc_pick
ev_KO_SARI_.emsc_event_20230306_0000162,quakeml:eu.emsc/event/20230306_0000162,KO.SARI,4781.0,4780.0,-1.0,updated
ev_KO_GAZ_.emsc_event_20230307_0000088,quakeml:eu.emsc/event/20230307_0000088,KO.GAZ,4946.0,5010.0,64.0,updated
ev_KO_SARI_.emsc_event_20230304_0000023,quakeml:eu.emsc/event/20230304_0000023,KO.SARI,5150.0,,,no_emsc_pick
ev_KO_DYBB_.emsc_event_20230719_0000282,quakeml:eu.emsc/event/20230719_0000282,KO.DYBB,5675.0,,,no_emsc_pick
ev_KO_URFA_.emsc_event_20230308_0000069,quakeml:eu.emsc/event/20230308_0000069,KO.URFA,5819.0,,,no_emsc_pick
ev_KO_KOZT_.emsc_event_20230305_0000281,quakeml:eu.emsc/event/20230305_0000281,KO.KOZT,5445.0,5330.0,-115.0,updated
ev_KO_BNN_.emsc_event_20230308_0000092,quakeml:eu.emsc/event/20230308_0000092,KO.BNN,4946.0,4960.0,14.0,updated
ev_KO_CEYT_.emsc_event_20230306_0000203,quakeml:eu.emsc/event/20230306_0000203,KO.CEYT,5530.0,,,no_emsc_pick
ev_KO_KOZT_.emsc_event_20230306_0000225,quakeml:eu.emsc/event/20230306_0000225,KO.KOZT,5304.0,5400.0,96.0,updated
ev_KO_URFA_.emsc_event_20230805_0000108,quakeml:eu.emsc/event/20230805_0000108,KO.URFA,5327.0,5390.0,63.0,updated
ev_KO_CEYT_.emsc_event_20230713_0000162,quakeml:eu.emsc/event/20230713_0000162,KO.CEYT,4938.0,,,no_emsc_pick
ev_KO_SARI_.emsc_event_20230307_0000087,quakeml:eu.emsc/event/20230307_0000087,KO.SARI,5082.0,5050.0,-32.0,updated
ev_KO_KOZT_.emsc_event_20230307_0000129,quakeml:eu.emsc/event/20230307_0000129,KO.KOZT,5491.0,5450.0,-41.0,updated
ev_KO_SVRC_.emsc_event_20230305_0000021,quakeml:eu.emsc/event/20230305_0000021,KO.SVRC,5105.0,5150.0,45.0,updated
ev_KO_BNN_.emsc_event_20230307_0000346,quakeml:eu.emsc/event/20230307_0000346,KO.BNN,5216.0,5300.0,84.0,updated
ev_KO_DARE_.emsc_event_20230304_0000280,quakeml:eu.emsc/event/20230304_0000280,KO.DARE,4014.0,4060.0,46.0,updated
ev_KO_SARI_.emsc_event_20230307_0000093,quakeml:eu.emsc/event/20230307_0000093,KO.SARI,3824.0,,,no_emsc_pick
ev_KO_SVRC_.emsc_event_20230305_0000035,quakeml:eu.emsc/event/20230305_0000035,KO.SVRC,5435.0,5220.0,-215.0,updated
ev_KO_URFA_.emsc_event_20230218_0000128,quakeml:eu.emsc/event/20230218_0000128,KO.URFA,5327.0,5450.0,123.0,updated
ev_KO_BNN_.emsc_event_20230306_0000076,quakeml:eu.emsc/event/20230306_0000076,KO.BNN,4889.0,5050.0,161.0,updated
ev_KO_KOZT_.emsc_event_20230306_0000219,quakeml:eu.emsc/event/20230306_0000219,KO.KOZT,4743.0,4850.0,107.0,updated
ev_KO_URFA_.emsc_event_20230426_0000092,quakeml:eu.emsc/event/20230426_0000092,KO.URFA,4557.0,4520.0,-37.0,updated
ev_KO_GAZ_.emsc_event_20230306_0000151,quakeml:eu.emsc/event/20230306_0000151,KO.GAZ,5484.0,5640.0,156.0,updated
ev_KO_KOZT_.emsc_event_20230307_0000115,quakeml:eu.emsc/event/20230307_0000115,KO.KOZT,4940.0,,,no_emsc_pick
ev_KO_SARI_.emsc_event_20230308_0000192,quakeml:eu.emsc/event/20230308_0000192,KO.SARI,4752.0,4840.0,88.0,updated
ev_KO_BNN_.emsc_event_20230429_0000140,quakeml:eu.emsc/event/20230429_0000140,KO.BNN,4865.0,4730.0,-135.0,updated
ev_KO_GAZ_.emsc_event_20230306_0000145,quakeml:eu.emsc/event/20230306_0000145,KO.GAZ,4520.0,4590.0,70.0,updated
ev_KO_CEYT_.emsc_event_20230305_0000264,quakeml:eu.emsc/event/20230305_0000264,KO.CEYT,5416.0,5430.0,14.0,updated
ev_KO_URFA_.emsc_event_20230304_0000133,quakeml:eu.emsc/event/20230304_0000133,KO.URFA,5705.0,5680.0,-25.0,updated
ev_KO_SARI_.emsc_event_20230308_0000179,quakeml:eu.emsc/event/20230308_0000179,KO.SARI,4728.0,,,no_emsc_pick
ev_KO_DARE_.emsc_event_20230304_0000257,quakeml:eu.emsc/event/20230304_0000257,KO.DARE,4002.0,4050.0,48.0,updated
ev_KO_DARE_.emsc_event_20230306_0000316,quakeml:eu.emsc/event/20230306_0000316,KO.DARE,4570.0,4570.0,0.0,updated
ev_KO_MERS_.emsc_event_20230305_0000258,quakeml:eu.emsc/event/20230305_0000258,KO.MERS,5421.0,5520.0,99.0,updated
ev_KO_URFA_.emsc_event_20230308_0000257,quakeml:eu.emsc/event/20230308_0000257,KO.URFA,4398.0,4470.0,72.0,updated
ev_KO_SARI_.emsc_event_20230307_0000050,quakeml:eu.emsc/event/20230307_0000050,KO.SARI,4762.0,4880.0,118.0,updated
ev_KO_DARE_.emsc_event_20230306_0000302,quakeml:eu.emsc/event/20230306_0000302,KO.DARE,5199.0,5250.0,51.0,updated
ev_KO_DYBB_.emsc_event_20230417_0000049,quakeml:eu.emsc/event/20230417_0000049,KO.DYBB,5561.0,,,no_emsc_pick
ev_KO_KMRS_.emsc_event_20230304_0000062,quakeml:eu.emsc/event/20230304_0000062,KO.KMRS,3457.0,3490.0,33.0,updated
ev_KO_CEYT_.emsc_event_20230305_0000258,quakeml:eu.emsc/event/20230305_0000258,KO.CEYT,3531.0,3680.0,149.0,updated
ev_KO_SARI_.emsc_event_20230312_0000293,quakeml:eu.emsc/event/20230312_0000293,KO.SARI,3930.0,3960.0,30.0,updated
ev_KO_CEYT_.emsc_event_20230304_0000154,quakeml:eu.emsc/event/20230304_0000154,KO.CEYT,5565.0,5550.0,-15.0,updated
ev_KO_URFA_.emsc_event_20230305_0000203,quakeml:eu.emsc/event/20230305_0000203,KO.URFA,5105.0,5220.0,115.0,updated
ev_KO_TAHT_.emsc_event_20230420_0000006,quakeml:eu.emsc/event/20230420_0000006,KO.TAHT,5481.0,5500.0,19.0,updated
ev_KO_KOZT_.emsc_event_20230305_0000097,quakeml:eu.emsc/event/20230305_0000097,KO.KOZT,5915.0,5660.0,-255.0,updated
ev_KO_BNN_.emsc_event_20230421_0000071,quakeml:eu.emsc/event/20230421_0000071,KO.BNN,4967.0,5040.0,73.0,updated
ev_KO_GAZ_.emsc_event_20230306_0000186,quakeml:eu.emsc/event/20230306_0000186,KO.GAZ,5094.0,5100.0,6.0,updated
ev_KO_SARI_.emsc_event_20230304_0000221,quakeml:eu.emsc/event/20230304_0000221,KO.SARI,4149.0,4220.0,71.0,updated
ev_KO_DARE_.emsc_event_20230424_0000260,quakeml:eu.emsc/event/20230424_0000260,KO.DARE,5155.0,5240.0,85.0,updated
ev_KO_DARE_.emsc_event_20230307_0000032,quakeml:eu.emsc/event/20230307_0000032,KO.DARE,4797.0,4760.0,-37.0,updated
ev_KO_MERS_.emsc_event_20230308_0000219,quakeml:eu.emsc/event/20230308_0000219,KO.MERS,5874.0,5740.0,-134.0,updated
ev_KO_BNN_.emsc_event_20230423_0000131,quakeml:eu.emsc/event/20230423_0000131,KO.BNN,5989.0,,,no_emsc_pick
ev_KO_MERS_.emsc_event_20230304_0000169,quakeml:eu.emsc/event/20230304_0000169,KO.MERS,5911.0,,,no_emsc_pick
ev_KO_CEYT_.emsc_event_20230308_0000231,quakeml:eu.emsc/event/20230308_0000231,KO.CEYT,5266.0,,,no_emsc_pick
ev_KO_SARI_.emsc_event_20230304_0000220,quakeml:eu.emsc/event/20230304_0000220,KO.SARI,5541.0,5600.0,59.0,updated
ev_KO_DARE_.emsc_event_20230305_0000172,quakeml:eu.emsc/event/20230305_0000172,KO.DARE,4482.0,4470.0,-12.0,updated
ev_KO_KOZT_.emsc_event_20230305_0000096,quakeml:eu.emsc/event/20230305_0000096,KO.KOZT,4135.0,4260.0,125.0,updated
ev_KO_SARI_.emsc_event_20230307_0000079,quakeml:eu.emsc/event/20230307_0000079,KO.SARI,4573.0,4600.0,27.0,updated
ev_KO_CEYT_.emsc_event_20230304_0000155,quakeml:eu.emsc/event/20230304_0000155,KO.CEYT,5731.0,,,no_emsc_pick
ev_KO_SVRC_.emsc_event_20230328_0000133,quakeml:eu.emsc/event/20230328_0000133,KO.SVRC,4655.0,4720.0,65.0,updated
ev_KO_URFA_.emsc_event_20230308_0000256,quakeml:eu.emsc/event/20230308_0000256,KO.URFA,5919.0,5910.0,-9.0,updated
ev_KO_CEYT_.emsc_event_20230307_0000330,quakeml:eu.emsc/event/20230307_0000330,KO.CEYT,5746.0,,,no_emsc_pick
ev_KO_DARE_.emsc_event_20230308_0000132,quakeml:eu.emsc/event/20230308_0000132,KO.DARE,5333.0,5240.0,-93.0,updated
ev_KO_SARI_.emsc_event_20230210_0000322,quakeml:eu.emsc/event/20230210_0000322,KO.SARI,5257.0,5070.0,-187.0,updated
ev_KO_CEYT_.emsc_event_20230308_0000219,quakeml:eu.emsc/event/20230308_0000219,KO.CEYT,4284.0,4050.0,-234.0,updated
ev_KO_URFA_.emsc_event_20230306_0000073,quakeml:eu.emsc/event/20230306_0000073,KO.URFA,4741.0,4790.0,49.0,updated
ev_KO_SARI_.emsc_event_20230621_0000184,quakeml:eu.emsc/event/20230621_0000184,KO.SARI,4759.0,,,no_emsc_pick
ev_KO_SARI_.emsc_event_20230307_0000045,quakeml:eu.emsc/event/20230307_0000045,KO.SARI,4195.0,4030.0,-165.0,updated
ev_KO_TAHT_.emsc_event_20230528_0000110,quakeml:eu.emsc/event/20230528_0000110,KO.TAHT,5290.0,,,no_emsc_pick
ev_KO_CEYT_.emsc_event_20230304_0000169,quakeml:eu.emsc/event/20230304_0000169,KO.CEYT,4248.0,4310.0,62.0,updated
ev_KO_SARI_.emsc_event_20230308_0000178,quakeml:eu.emsc/event/20230308_0000178,KO.SARI,3805.0,3840.0,35.0,updated
ev_KO_URFA_.emsc_event_20230716_0000075,quakeml:eu.emsc/event/20230716_0000075,KO.URFA,4994.0,,,no_emsc_pick
ev_KO_CEYT_.emsc_event_20230306_0000028,quakeml:eu.emsc/event/20230306_0000028,KO.CEYT,5160.0,5230.0,70.0,updated
ev_KO_KOZT_.emsc_event_20230305_0000041,quakeml:eu.emsc/event/20230305_0000041,KO.KOZT,4157.0,4170.0,13.0,updated
ev_KO_CEYT_.emsc_event_20230304_0000182,quakeml:eu.emsc/event/20230304_0000182,KO.CEYT,5311.0,,,no_emsc_pick
ev_KO_BNN_.emsc_event_20230306_0000063,quakeml:eu.emsc/event/20230306_0000063,KO.BNN,4942.0,4960.0,18.0,updated
ev_KO_SARI_.emsc_event_20230528_0000141,quakeml:eu.emsc/event/20230528_0000141,KO.SARI,3939.0,,,no_emsc_pick
ev_KO_BNN_.emsc_event_20230306_0000077,quakeml:eu.emsc/event/20230306_0000077,KO.BNN,4983.0,4850.0,-133.0,updated
ev_KO_SVRC_.emsc_event_20230304_0000310,quakeml:eu.emsc/event/20230304_0000310,KO.SVRC,4447.0,4450.0,3.0,updated
ev_KO_TAHT_.emsc_event_20230308_0000129,quakeml:eu.emsc/event/20230308_0000129,KO.TAHT,5555.0,5730.0,175.0,updated
ev_KO_URFA_.emsc_event_20230422_0000211,quakeml:eu.emsc/event/20230422_0000211,KO.URFA,4895.0,4930.0,35.0,updated
ev_KO_BNN_.emsc_event_20230318_0000123,quakeml:eu.emsc/event/20230318_0000123,KO.BNN,5279.0,5350.0,71.0,updated
ev_KO_SVRC_.emsc_event_20230306_0000251,quakeml:eu.emsc/event/20230306_0000251,KO.SVRC,5619.0,5700.0,81.0,updated
ev_KO_TAHT_.emsc_event_20230525_0000193,quakeml:eu.emsc/event/20230525_0000193,KO.TAHT,5879.0,5980.0,101.0,updated
ev_KO_KOZT_.emsc_event_20230307_0000114,quakeml:eu.emsc/event/20230307_0000114,KO.KOZT,4190.0,4180.0,-10.0,updated
ev_KO_TAHT_.emsc_event_20230306_0000318,quakeml:eu.emsc/event/20230306_0000318,KO.TAHT,5192.0,5210.0,18.0,updated
ev_KO_KOZT_.emsc_event_20230305_0000055,quakeml:eu.emsc/event/20230305_0000055,KO.KOZT,4800.0,,,no_emsc_pick
ev_KO_TAHT_.emsc_event_20230306_0000330,quakeml:eu.emsc/event/20230306_0000330,KO.TAHT,5877.0,5840.0,-37.0,updated
ev_KO_BNN_.emsc_event_20230305_0000212,quakeml:eu.emsc/event/20230305_0000212,KO.BNN,5009.0,5000.0,-9.0,updated
ev_KO_DARE_.emsc_event_20230304_0000281,quakeml:eu.emsc/event/20230304_0000281,KO.DARE,4827.0,4830.0,3.0,updated
ev_KO_KOZT_.emsc_event_20230306_0000230,quakeml:eu.emsc/event/20230306_0000230,KO.KOZT,5608.0,5680.0,72.0,updated
ev_KO_DARE_.emsc_event_20230216_0000068,quakeml:eu.emsc/event/20230216_0000068,KO.DARE,4058.0,4040.0,-18.0,updated
ev_KO_BNN_.emsc_event_20230305_0000206,quakeml:eu.emsc/event/20230305_0000206,KO.BNN,3848.0,3790.0,-58.0,updated
ev_KO_SVRC_.emsc_event_20230307_0000161,quakeml:eu.emsc/event/20230307_0000161,KO.SVRC,5909.0,5980.0,71.0,updated
ev_KO_KOZT_.emsc_event_20230308_0000015,quakeml:eu.emsc/event/20230308_0000015,KO.KOZT,4734.0,4920.0,186.0,updated
ev_KO_SARI_.emsc_event_20230307_0000086,quakeml:eu.emsc/event/20230307_0000086,KO.SARI,3918.0,,,no_emsc_pick
ev_KO_SVRC_.emsc_event_20230306_0000084,quakeml:eu.emsc/event/20230306_0000084,KO.SVRC,5789.0,5880.0,91.0,updated
ev_KO_DYBB_.emsc_event_20230215_0000249,quakeml:eu.emsc/event/20230215_0000249,KO.DYBB,5778.0,,,no_emsc_pick
ev_KO_SARI_.emsc_event_20230306_0000163,quakeml:eu.emsc/event/20230306_0000163,KO.SARI,5778.0,,,no_emsc_pick
ev_KO_MERS_.emsc_event_20230309_0000317,quakeml:eu.emsc/event/20230309_0000317,KO.MERS,5838.0,,,no_emsc_pick
ev_KO_BNN_.emsc_event_20230308_0000093,quakeml:eu.emsc/event/20230308_0000093,KO.BNN,5008.0,5160.0,152.0,updated
ev_KO_MERS_.emsc_event_20230307_0000126,quakeml:eu.emsc/event/20230307_0000126,KO.MERS,5783.0,5960.0,177.0,updated
ev_KO_KMRS_.emsc_event_20230307_0000010,quakeml:eu.emsc/event/20230307_0000010,KO.KMRS,4331.0,4250.0,-81.0,updated
ev_KO_SARI_.emsc_event_20230503_0000193,quakeml:eu.emsc/event/20230503_0000193,KO.SARI,4002.0,,,no_emsc_pick
ev_KO_MERS_.emsc_event_20230305_0000073,quakeml:eu.emsc/event/20230305_0000073,KO.MERS,5745.0,5530.0,-215.0,updated
ev_KO_SARI_.emsc_event_20230404_0000191,quakeml:eu.emsc/event/20230404_0000191,KO.SARI,5001.0,5040.0,39.0,updated
ev_KO_KMRS_.emsc_event_20230307_0000004,quakeml:eu.emsc/event/20230307_0000004,KO.KMRS,4257.0,4280.0,23.0,updated
ev_KO_DARE_.emsc_event_20230226_0000048,quakeml:eu.emsc/event/20230226_0000048,KO.DARE,4189.0,4250.0,61.0,updated
ev_KO_BNN_.emsc_event_20230308_0000087,quakeml:eu.emsc/event/20230308_0000087,KO.BNN,3980.0,3830.0,-150.0,updated
ev_KO_MERS_.emsc_event_20230307_0000132,quakeml:eu.emsc/event/20230307_0000132,KO.MERS,5338.0,5370.0,32.0,updated
ev_KO_KMRS_.emsc_event_20230305_0000145,quakeml:eu.emsc/event/20230305_0000145,KO.KMRS,4399.0,4420.0,21.0,updated
ev_KO_SARI_.emsc_event_20230306_0000177,quakeml:eu.emsc/event/20230306_0000177,KO.SARI,4346.0,4330.0,-16.0,updated
ev_KO_CEYT_.emsc_event_20230308_0000027,quakeml:eu.emsc/event/20230308_0000027,KO.CEYT,5151.0,,,no_emsc_pick
ev_KO_KMRS_.emsc_event_20230306_0000308,quakeml:eu.emsc/event/20230306_0000308,KO.KMRS,3604.0,3690.0,86.0,updated
ev_KO_SARI_.emsc_event_20230629_0000248,quakeml:eu.emsc/event/20230629_0000248,KO.SARI,5052.0,4993.0,-59.0,updated
ev_KO_KOZT_.emsc_event_20230304_0000198,quakeml:eu.emsc/event/20230304_0000198,KO.KOZT,4818.0,4810.0,-8.0,updated
ev_KO_CEYT_.emsc_event_20230305_0000073,quakeml:eu.emsc/event/20230305_0000073,KO.CEYT,4270.0,4110.0,-160.0,updated
ev_KO_KMRS_.emsc_event_20230306_0000320,quakeml:eu.emsc/event/20230306_0000320,KO.KMRS,4182.0,4240.0,58.0,updated
ev_KO_CEYT_.emsc_event_20230307_0000132,quakeml:eu.emsc/event/20230307_0000132,KO.CEYT,4713.0,4750.0,37.0,updated
ev_KO_DYBB_.emsc_event_20230501_0000235,quakeml:eu.emsc/event/20230501_0000235,KO.DYBB,5379.0,,,no_emsc_pick
ev_KO_SARI_.emsc_event_20230307_0000253,quakeml:eu.emsc/event/20230307_0000253,KO.SARI,5629.0,,,no_emsc_pick
ev_KO_DARE_.emsc_event_20230306_0000101,quakeml:eu.emsc/event/20230306_0000101,KO.DARE,5317.0,,,no_emsc_pick
ev_KO_KMRS_.emsc_event_20230308_0000105,quakeml:eu.emsc/event/20230308_0000105,KO.KMRS,4251.0,4360.0,109.0,updated
ev_KO_SARI_.emsc_event_20230305_0000306,quakeml:eu.emsc/event/20230305_0000306,KO.SARI,4040.0,4060.0,20.0,updated
ev_KO_KMRS_.emsc_event_20230307_0000038,quakeml:eu.emsc/event/20230307_0000038,KO.KMRS,4241.0,4300.0,59.0,updated
ev_KO_SARI_.emsc_event_20230307_0000247,quakeml:eu.emsc/event/20230307_0000247,KO.SARI,5355.0,5380.0,25.0,updated
ev_KO_CEYT_.emsc_event_20230307_0000126,quakeml:eu.emsc/event/20230307_0000126,KO.CEYT,4170.0,4330.0,160.0,updated
ev_KO_BNN_.emsc_event_20230304_0000320,quakeml:eu.emsc/event/20230304_0000320,KO.BNN,5120.0,5120.0,0.0,updated
ev_KO_GAZ_.emsc_event_20230304_0000207,quakeml:eu.emsc/event/20230304_0000207,KO.GAZ,4862.0,4910.0,48.0,updated
ev_KO_DARE_.emsc_event_20230221_0000050,quakeml:eu.emsc/event/20230221_0000050,KO.DARE,4818.0,4860.0,42.0,updated
ev_KO_URFA_.emsc_event_20230328_0000113,quakeml:eu.emsc/event/20230328_0000113,KO.URFA,5418.0,5470.0,52.0,updated
ev_KO_KMRS_.emsc_event_20230305_0000192,quakeml:eu.emsc/event/20230305_0000192,KO.KMRS,5049.0,,,no_emsc_pick
ev_KO_SARI_.emsc_event_20230727_0000063,quakeml:eu.emsc/event/20230727_0000063,KO.SARI,4649.0,4770.0,121.0,updated
ev_KO_BNN_.emsc_event_20230308_0000044,quakeml:eu.emsc/event/20230308_0000044,KO.BNN,4984.0,5020.0,36.0,updated
ev_KO_SARI_.emsc_event_20230224_0000194,quakeml:eu.emsc/event/20230224_0000194,KO.SARI,5456.0,5510.0,54.0,updated
ev_KO_DARE_.emsc_event_20230313_0000301,quakeml:eu.emsc/event/20230313_0000301,KO.DARE,4670.0,,,no_emsc_pick
ev_KO_KOZT_.emsc_event_20230304_0000173,quakeml:eu.emsc/event/20230304_0000173,KO.KOZT,5338.0,5350.0,12.0,updated
ev_KO_GAZ_.emsc_event_20230307_0000076,quakeml:eu.emsc/event/20230307_0000076,KO.GAZ,5588.0,5670.0,82.0,updated
ev_KO_GAZ_.emsc_event_20230305_0000137,quakeml:eu.emsc/event/20230305_0000137,KO.GAZ,4764.0,4910.0,146.0,updated
ev_KO_KOZT_.emsc_event_20230306_0000032,quakeml:eu.emsc/event/20230306_0000032,KO.KOZT,5447.0,5260.0,-187.0,updated
ev_KO_BNN_.emsc_event_20230307_0000151,quakeml:eu.emsc/event/20230307_0000151,KO.BNN,3908.0,3740.0,-168.0,updated
ev_KO_SARI_.emsc_event_20230307_0000284,quakeml:eu.emsc/event/20230307_0000284,KO.SARI,4004.0,,,no_emsc_pick
ev_KO_DARE_.emsc_event_20230419_0000229,quakeml:eu.emsc/event/20230419_0000229,KO.DARE,5269.0,5370.0,101.0,updated
ev_KO_BNN_.emsc_event_20230803_0000033,quakeml:eu.emsc/event/20230803_0000033,KO.BNN,5489.0,5550.0,61.0,updated
ev_KO_SARI_.emsc_event_20230306_0000188,quakeml:eu.emsc/event/20230306_0000188,KO.SARI,3962.0,,,no_emsc_pick
ev_KO_KOZT_.emsc_event_20230306_0000026,quakeml:eu.emsc/event/20230306_0000026,KO.KOZT,5363.0,,,no_emsc_pick
ev_KO_KMRS_.emsc_event_20230304_0000329,quakeml:eu.emsc/event/20230304_0000329,KO.KMRS,3131.0,3090.0,-41.0,updated
ev_KO_DARE_.emsc_event_20230308_0000278,quakeml:eu.emsc/event/20230308_0000278,KO.DARE,4077.0,4070.0,-7.0,updated
ev_KO_CEYT_.emsc_event_20230308_0000147,quakeml:eu.emsc/event/20230308_0000147,KO.CEYT,5946.0,,,no_emsc_pick
ev_KO_SARI_.emsc_event_20230306_0000017,quakeml:eu.emsc/event/20230306_0000017,KO.SARI,3902.0,3980.0,78.0,updated
ev_KO_CEYT_.emsc_event_20230312_0000291,quakeml:eu.emsc/event/20230312_0000291,KO.CEYT,4950.0,4960.0,10.0,updated
ev_KO_KMRS_.emsc_event_20230308_0000059,quakeml:eu.emsc/event/20230308_0000059,KO.KMRS,5535.0,5620.0,85.0,updated
ev_KO_SARI_.emsc_event_20230627_0000119,quakeml:eu.emsc/event/20230627_0000119,KO.SARI,5537.0,5550.0,13.0,updated
ev_KO_KMRS_.emsc_event_20230307_0000164,quakeml:eu.emsc/event/20230307_0000164,KO.KMRS,5813.0,,,no_emsc_pick
ev_KO_DARE_.emsc_event_20230411_0000250,quakeml:eu.emsc/event/20230411_0000250,KO.DARE,4117.0,4030.0,-87.0,updated
ev_KO_TAHT_.emsc_event_20230422_0000230,quakeml:eu.emsc/event/20230422_0000230,KO.TAHT,5428.0,5480.0,52.0,updated
ev_KO_SARI_.emsc_event_20230308_0000232,quakeml:eu.emsc/event/20230308_0000232,KO.SARI,5471.0,5560.0,89.0,updated
ev_KO_SARI_.emsc_event_20230306_0000003,quakeml:eu.emsc/event/20230306_0000003,KO.SARI,3585.0,3670.0,85.0,updated
ev_KO_SARI_.emsc_event_20230304_0000142,quakeml:eu.emsc/event/20230304_0000142,KO.SARI,4300.0,4410.0,110.0,updated
ev_KO_URFA_.emsc_event_20230304_0000250,quakeml:eu.emsc/event/20230304_0000250,KO.URFA,5693.0,5770.0,77.0,updated
ev_KO_DARE_.emsc_event_20230716_0000073,quakeml:eu.emsc/event/20230716_0000073,KO.DARE,5229.0,5207.0,-22.0,updated
ev_KO_GAZ_.emsc_event_20230305_0000080,quakeml:eu.emsc/event/20230305_0000080,KO.GAZ,3665.0,,,no_emsc_pick
ev_KO_SVRC_.emsc_event_20230301_0000103,quakeml:eu.emsc/event/20230301_0000103,KO.SVRC,5686.0,5830.0,144.0,updated
ev_KO_SVRC_.emsc_event_20230329_0000149,quakeml:eu.emsc/event/20230329_0000149,KO.SVRC,5864.0,5900.0,36.0,updated
ev_KO_CEYT_.emsc_event_20230307_0000046,quakeml:eu.emsc/event/20230307_0000046,KO.CEYT,5943.0,,,no_emsc_pick
ev_KO_DARE_.emsc_event_20230314_0000251,quakeml:eu.emsc/event/20230314_0000251,KO.DARE,4851.0,4840.0,-11.0,updated
ev_KO_DARE_.emsc_event_20230308_0000244,quakeml:eu.emsc/event/20230308_0000244,KO.DARE,4583.0,4690.0,107.0,updated
ev_KO_DARE_.emsc_event_20230305_0000238,quakeml:eu.emsc/event/20230305_0000238,KO.DARE,4730.0,4750.0,20.0,updated
ev_KO_SARI_.emsc_event_20230307_0000327,quakeml:eu.emsc/event/20230307_0000327,KO.SARI,5341.0,,,no_emsc_pick
ev_KO_SARI_.emsc_event_20230305_0000266,quakeml:eu.emsc/event/20230305_0000266,KO.SARI,5433.0,5560.0,127.0,updated
ev_KO_DARE_.emsc_event_20230304_0000120,quakeml:eu.emsc/event/20230304_0000120,KO.DARE,5011.0,,,no_emsc_pick
ev_KO_SARI_.emsc_event_20230305_0000272,quakeml:eu.emsc/event/20230305_0000272,KO.SARI,5977.0,,,no_emsc_pick
ev_KO_URFA_.emsc_event_20230307_0000009,quakeml:eu.emsc/event/20230307_0000009,KO.URFA,5737.0,5870.0,133.0,updated
ev_KO_BNN_.emsc_event_20230313_0000115,quakeml:eu.emsc/event/20230313_0000115,KO.BNN,5797.0,5910.0,113.0,updated
ev_KO_TAHT_.emsc_event_20230306_0000091,quakeml:eu.emsc/event/20230306_0000091,KO.TAHT,3800.0,3840.0,40.0,updated
ev_KO_URFA_.emsc_event_20230305_0000148,quakeml:eu.emsc/event/20230305_0000148,KO.URFA,5233.0,5220.0,-13.0,updated
ev_KO_DARE_.emsc_event_20230321_0000116,quakeml:eu.emsc/event/20230321_0000116,KO.DARE,4806.0,,,no_emsc_pick
ev_KO_BNN_.emsc_event_20230420_0000022,quakeml:eu.emsc/event/20230420_0000022,KO.BNN,5015.0,5020.0,5.0,updated
ev_KO_DARE_.emsc_event_20230308_0000250,quakeml:eu.emsc/event/20230308_0000250,KO.DARE,3284.0,3320.0,36.0,updated
ev_KO_CEYT_.emsc_event_20230225_0000072,quakeml:eu.emsc/event/20230225_0000072,KO.CEYT,5022.0,5050.0,28.0,updated
ev_KO_GAZ_.emsc_event_20230305_0000094,quakeml:eu.emsc/event/20230305_0000094,KO.GAZ,4820.0,4910.0,90.0,updated
ev_KO_GAZ_.emsc_event_20230308_0000003,quakeml:eu.emsc/event/20230308_0000003,KO.GAZ,3381.0,3440.0,59.0,updated
ev_KO_SVRC_.emsc_event_20230304_0000072,quakeml:eu.emsc/event/20230304_0000072,KO.SVRC,5114.0,5130.0,16.0,updated
ev_KO_CEYT_.emsc_event_20230308_0000184,quakeml:eu.emsc/event/20230308_0000184,KO.CEYT,4221.0,,,no_emsc_pick
ev_KO_BNN_.emsc_event_20230219_0000194,quakeml:eu.emsc/event/20230219_0000194,KO.BNN,5737.0,5830.0,93.0,updated
ev_KO_DARE_.emsc_event_20230422_0000217,quakeml:eu.emsc/event/20230422_0000217,KO.DARE,5497.0,5570.0,73.0,updated
ev_KO_KOZT_.emsc_event_20230307_0000262,quakeml:eu.emsc/event/20230307_0000262,KO.KOZT,4084.0,4040.0,-44.0,updated
ev_KO_SARI_.emsc_event_20230304_0000181,quakeml:eu.emsc/event/20230304_0000181,KO.SARI,3748.0,3900.0,152.0,updated
ev_KO_TAHT_.emsc_event_20230424_0000130,quakeml:eu.emsc/event/20230424_0000130,KO.TAHT,5478.0,5640.0,162.0,updated
ev_KO_SVRC_.emsc_event_20230306_0000127,quakeml:eu.emsc/event/20230306_0000127,KO.SVRC,4775.0,4830.0,55.0,updated
ev_KO_GAZ_.emsc_event_20230307_0000102,quakeml:eu.emsc/event/20230307_0000102,KO.GAZ,4795.0,4840.0,45.0,updated
ev_KO_KOZT_.emsc_event_20230306_0000146,quakeml:eu.emsc/event/20230306_0000146,KO.KOZT,5777.0,5840.0,63.0,updated
ev_KO_GAZ_.emsc_event_20230305_0000043,quakeml:eu.emsc/event/20230305_0000043,KO.GAZ,5380.0,5450.0,70.0,updated
ev_KO_KMRS_.emsc_event_20230306_0000297,quakeml:eu.emsc/event/20230306_0000297,KO.KMRS,4776.0,4800.0,24.0,updated
ev_KO_BNN_.emsc_event_20230306_0000329,quakeml:eu.emsc/event/20230306_0000329,KO.BNN,4894.0,4820.0,-74.0,updated
ev_KO_BNN_.emsc_event_20230305_0000164,quakeml:eu.emsc/event/20230305_0000164,KO.BNN,5279.0,5290.0,11.0,updated
ev_KO_TAHT_.emsc_event_20230304_0000107,quakeml:eu.emsc/event/20230304_0000107,KO.TAHT,4060.0,4080.0,20.0,updated
ev_KO_BNN_.emsc_event_20230307_0000025,quakeml:eu.emsc/event/20230307_0000025,KO.BNN,5907.0,5930.0,23.0,updated
ev_KO_MERS_.emsc_event_20230308_0000184,quakeml:eu.emsc/event/20230308_0000184,KO.MERS,4747.0,,,no_emsc_pick
ev_KO_SVRC_.emsc_event_20230705_0000035,quakeml:eu.emsc/event/20230705_0000035,KO.SVRC,5861.0,,,no_emsc_pick
ev_KO_GAZ_.emsc_event_20230305_0000057,quakeml:eu.emsc/event/20230305_0000057,KO.GAZ,4999.0,,,no_emsc_pick
ev_KO_DARE_.emsc_event_20230213_0000290,quakeml:eu.emsc/event/20230213_0000290,KO.DARE,4945.0,4760.0,-185.0,updated
ev_KO_URFA_.emsc_event_20230518_0000105,quakeml:eu.emsc/event/20230518_0000105,KO.URFA,5848.0,5940.0,92.0,updated
ev_KO_SARI_.emsc_event_20230308_0000024,quakeml:eu.emsc/event/20230308_0000024,KO.SARI,3887.0,3940.0,53.0,updated
ev_KO_DARE_.emsc_event_20230305_0000006,quakeml:eu.emsc/event/20230305_0000006,KO.DARE,4108.0,4040.0,-68.0,updated
ev_KO_MERS_.emsc_event_20230306_0000148,quakeml:eu.emsc/event/20230306_0000148,KO.MERS,5437.0,5060.0,-377.0,updated
ev_KO_CEYT_.emsc_event_20230306_0000160,quakeml:eu.emsc/event/20230306_0000160,KO.CEYT,5121.0,5140.0,19.0,updated
ev_KO_URFA_.emsc_event_20230307_0000237,quakeml:eu.emsc/event/20230307_0000237,KO.URFA,5361.0,5360.0,-1.0,updated
ev_KO_CEYT_.emsc_event_20230306_0000148,quakeml:eu.emsc/event/20230306_0000148,KO.CEYT,4331.0,4070.0,-261.0,updated
ev_KO_KMRS_.emsc_event_20230308_0000267,quakeml:eu.emsc/event/20230308_0000267,KO.KMRS,5738.0,,,no_emsc_pick
ev_KO_DARE_.emsc_event_20230304_0000336,quakeml:eu.emsc/event/20230304_0000336,KO.DARE,4049.0,4120.0,71.0,updated
ev_KO_TAHT_.emsc_event_20230306_0000287,quakeml:eu.emsc/event/20230306_0000287,KO.TAHT,4885.0,4970.0,85.0,updated
ev_KO_SARI_.emsc_event_20230307_0000125,quakeml:eu.emsc/event/20230307_0000125,KO.SARI,4823.0,4890.0,67.0,updated
ev_KO_SARI_.emsc_event_20230206_0000596,quakeml:eu.emsc/event/20230206_0000596,KO.SARI,5152.0,5240.0,88.0,updated
ev_KO_SARI_.emsc_event_20230309_0000314,quakeml:eu.emsc/event/20230309_0000314,KO.SARI,4684.0,4720.0,36.0,updated
ev_KO_SVRC_.emsc_event_20230407_0000165,quakeml:eu.emsc/event/20230407_0000165,KO.SVRC,3977.0,4080.0,103.0,updated
ev_KO_KMRS_.emsc_event_20230306_0000056,quakeml:eu.emsc/event/20230306_0000056,KO.KMRS,4552.0,4700.0,148.0,updated
ev_KO_GULA_.emsc_event_20230521_0000267,quakeml:eu.emsc/event/20230521_0000267,KO.GULA,5911.0,5910.0,-1.0,updated
ev_KO_KMRS_.emsc_event_20230304_0000103,quakeml:eu.emsc/event/20230304_0000103,KO.KMRS,4229.0,4360.0,131.0,updated
ev_KO_SVRC_.emsc_event_20230305_0000197,quakeml:eu.emsc/event/20230305_0000197,KO.SVRC,3991.0,4090.0,99.0,updated
ev_KO_KMRS_.emsc_event_20230308_0000273,quakeml:eu.emsc/event/20230308_0000273,KO.KMRS,5625.0,5780.0,155.0,updated
ev_KO_SARI_.emsc_event_20230719_0000306,quakeml:eu.emsc/event/20230719_0000306,KO.SARI,3721.0,3760.0,39.0,updated
ev_KO_KOZT_.emsc_event_20230308_0000149,quakeml:eu.emsc/event/20230308_0000149,KO.KOZT,4428.0,4540.0,112.0,updated
ev_KO_DARE_.emsc_event_20230306_0000288,quakeml:eu.emsc/event/20230306_0000288,KO.DARE,5051.0,5190.0,139.0,updated
ev_KO_GAZ_.emsc_event_20230304_0000171,quakeml:eu.emsc/event/20230304_0000171,KO.GAZ,4857.0,4930.0,73.0,updated
ev_KO_SVRC_.emsc_event_20230304_0000270,quakeml:eu.emsc/event/20230304_0000270,KO.SVRC,5271.0,,,no_emsc_pick
ev_KO_CEYT_.emsc_event_20230616_0000168,quakeml:eu.emsc/event/20230616_0000168,KO.CEYT,4858.0,4780.0,-78.0,updated
ev_KO_TAHT_.emsc_event_20230307_0000174,quakeml:eu.emsc/event/20230307_0000174,KO.TAHT,5957.0,,,no_emsc_pick
ev_KO_BNN_.emsc_event_20230306_0000103,quakeml:eu.emsc/event/20230306_0000103,KO.BNN,5215.0,5340.0,125.0,updated
ev_KO_TAHT_.emsc_event_20230521_0000265,quakeml:eu.emsc/event/20230521_0000265,KO.TAHT,5858.0,,,no_emsc_pick
ev_KO_GAZ_.emsc_event_20230308_0000215,quakeml:eu.emsc/event/20230308_0000215,KO.GAZ,5499.0,5620.0,121.0,updated
ev_KO_GAZ_.emsc_event_20230304_0000165,quakeml:eu.emsc/event/20230304_0000165,KO.GAZ,5020.0,5130.0,110.0,updated
ev_KO_KOZT_.emsc_event_20230305_0000121,quakeml:eu.emsc/event/20230305_0000121,KO.KOZT,5631.0,5690.0,59.0,updated
ev_KO_SVRC_.emsc_event_20230307_0000029,quakeml:eu.emsc/event/20230307_0000029,KO.SVRC,5726.0,5780.0,54.0,updated
ev_KO_TAHT_.emsc_event_20230306_0000244,quakeml:eu.emsc/event/20230306_0000244,KO.TAHT,5898.0,,,no_emsc_pick
ev_KO_BNN_.emsc_event_20230307_0000227,quakeml:eu.emsc/event/20230307_0000227,KO.BNN,4472.0,4510.0,38.0,updated
ev_KO_DARE_.emsc_event_20230623_0000138,quakeml:eu.emsc/event/20230623_0000138,KO.DARE,4844.0,,,no_emsc_pick
ev_KO_TAHT_.emsc_event_20230603_0000070,quakeml:eu.emsc/event/20230603_0000070,KO.TAHT,5349.0,5420.0,71.0,updated
ev_KO_KMRS_.emsc_event_20230306_0000095,quakeml:eu.emsc/event/20230306_0000095,KO.KMRS,5928.0,,,no_emsc_pick
ev_KO_DARE_.emsc_event_20230607_0000202,quakeml:eu.emsc/event/20230607_0000202,KO.DARE,4299.0,4360.0,61.0,updated
ev_KO_GAZ_.emsc_event_20230307_0000300,quakeml:eu.emsc/event/20230307_0000300,KO.GAZ,4817.0,4870.0,53.0,updated
ev_KO_SVRC_.emsc_event_20230306_0000319,quakeml:eu.emsc/event/20230306_0000319,KO.SVRC,5815.0,5740.0,-75.0,updated
ev_KO_CEYT_.emsc_event_20230307_0000293,quakeml:eu.emsc/event/20230307_0000293,KO.CEYT,5090.0,5090.0,0.0,updated
ev_KO_MERS_.emsc_event_20230207_0000504,quakeml:eu.emsc/event/20230207_0000504,KO.MERS,5243.0,5280.0,37.0,updated
ev_KO_KMRS_.emsc_event_20230306_0000081,quakeml:eu.emsc/event/20230306_0000081,KO.KMRS,3844.0,3900.0,56.0,updated
ev_KO_SVRC_.emsc_event_20230307_0000015,quakeml:eu.emsc/event/20230307_0000015,KO.SVRC,5822.0,,,no_emsc_pick
ev_KO_GAZ_.emsc_event_20230304_0000159,quakeml:eu.emsc/event/20230304_0000159,KO.GAZ,5849.0,5920.0,71.0,updated
ev_KO_BNN_.emsc_event_20230307_0000233,quakeml:eu.emsc/event/20230307_0000233,KO.BNN,3934.0,4060.0,126.0,updated
ev_KO_MERS_.emsc_event_20230616_0000168,quakeml:eu.emsc/event/20230616_0000168,KO.MERS,5734.0,5590.0,-144.0,updated
ev_KO_KMRS_.emsc_event_20230308_0000288,quakeml:eu.emsc/event/20230308_0000288,KO.KMRS,4851.0,4900.0,49.0,updated
ev_KO_TAHT_.emsc_event_20230304_0000329,quakeml:eu.emsc/event/20230304_0000329,KO.TAHT,5336.0,5400.0,64.0,updated
ev_KO_GAZ_.emsc_event_20230306_0000020,quakeml:eu.emsc/event/20230306_0000020,KO.GAZ,4974.0,5060.0,86.0,updated
ev_KO_GAZ_.emsc_event_20230304_0000161,quakeml:eu.emsc/event/20230304_0000161,KO.GAZ,4833.0,4890.0,57.0,updated
ev_KO_TAHT_.emsc_event_20230707_0000207,quakeml:eu.emsc/event/20230707_0000207,KO.TAHT,3642.0,3730.0,88.0,updated
ev_KO_TAHT_.emsc_event_20230307_0000164,quakeml:eu.emsc/event/20230307_0000164,KO.TAHT,3730.0,3790.0,60.0,updated
ev_KO_GAZ_.emsc_event_20230308_0000211,quakeml:eu.emsc/event/20230308_0000211,KO.GAZ,5044.0,5160.0,116.0,updated
ev_KO_DARE_.emsc_event_20230307_0000180,quakeml:eu.emsc/event/20230307_0000180,KO.DARE,5114.0,5160.0,46.0,updated
ev_KO_BNN_.emsc_event_20230306_0000113,quakeml:eu.emsc/event/20230306_0000113,KO.BNN,5241.0,5230.0,-11.0,updated
ev_KO_GAZ_.emsc_event_20230307_0000338,quakeml:eu.emsc/event/20230307_0000338,KO.GAZ,3388.0,3460.0,72.0,updated
ev_KO_BNN_.emsc_event_20230725_0000185,quakeml:eu.emsc/event/20230725_0000185,KO.BNN,5325.0,5142.0,-183.0,updated
ev_KO_SARI_.emsc_event_20230503_0000222,quakeml:eu.emsc/event/20230503_0000222,KO.SARI,3987.0,4050.0,63.0,updated
ev_KO_KOZT_.emsc_event_20230305_0000131,quakeml:eu.emsc/event/20230305_0000131,KO.KOZT,4967.0,4880.0,-87.0,updated
ev_KO_BNN_.emsc_event_20230705_0000015,quakeml:eu.emsc/event/20230705_0000015,KO.BNN,5213.0,5056.0,-157.0,updated
ev_KO_GAZ_.emsc_event_20230305_0000251,quakeml:eu.emsc/event/20230305_0000251,KO.GAZ,4842.0,4690.0,-152.0,updated
ev_KO_URFA_.emsc_event_20230329_0000151,quakeml:eu.emsc/event/20230329_0000151,KO.URFA,4673.0,4810.0,137.0,updated
ev_KO_URFA_.emsc_event_20230513_0000241,quakeml:eu.emsc/event/20230513_0000241,KO.URFA,4343.0,4380.0,37.0,updated
ev_KO_GAZ_.emsc_event_20230305_0000245,quakeml:eu.emsc/event/20230305_0000245,KO.GAZ,4893.0,4970.0,77.0,updated
ev_KO_TAHT_.emsc_event_20230306_0000240,quakeml:eu.emsc/event/20230306_0000240,KO.TAHT,3744.0,3690.0,-54.0,updated
ev_KO_SARI_.emsc_event_20230307_0000109,quakeml:eu.emsc/event/20230307_0000109,KO.SARI,3850.0,3850.0,0.0,updated
ev_KO_SARI_.emsc_event_20230228_0000155,quakeml:eu.emsc/event/20230228_0000155,KO.SARI,5746.0,,,no_emsc_pick
ev_KO_SARI_.emsc_event_20230306_0000205,quakeml:eu.emsc/event/20230306_0000205,KO.SARI,5270.0,,,no_emsc_pick
ev_KO_DARE_.emsc_event_20230305_0000002,quakeml:eu.emsc/event/20230305_0000002,KO.DARE,4871.0,4930.0,59.0,updated
ev_KO_DARE_.emsc_event_20230307_0000143,quakeml:eu.emsc/event/20230307_0000143,KO.DARE,4124.0,4050.0,-74.0,updated
ev_KO_CEYT_.emsc_event_20230508_0000217,quakeml:eu.emsc/event/20230508_0000217,KO.CEYT,4943.0,4980.0,37.0,updated
ev_KO_TAHT_.emsc_event_20230306_0000297,quakeml:eu.emsc/event/20230306_0000297,KO.TAHT,3670.0,3660.0,-10.0,updated
ev_KO_KMRS_.emsc_event_20230304_0000107,quakeml:eu.emsc/event/20230304_0000107,KO.KMRS,4424.0,4430.0,6.0,updated
ev_KO_DARE_.emsc_event_20230308_0000056,quakeml:eu.emsc/event/20230308_0000056,KO.DARE,5186.0,5130.0,-56.0,updated
ev_KO_SARI_.emsc_event_20230709_0000067,quakeml:eu.emsc/event/20230709_0000067,KO.SARI,4181.0,4210.0,29.0,updated
ev_KO_KMRS_.emsc_event_20230306_0000046,quakeml:eu.emsc/event/20230306_0000046,KO.KMRS,4746.0,4730.0,-16.0,updated
ev_KO_SARI_.emsc_event_20230307_0000121,quakeml:eu.emsc/event/20230307_0000121,KO.SARI,4594.0,4590.0,-4.0,updated
ev_KO_SARI_.emsc_event_20230305_0000060,quakeml:eu.emsc/event/20230305_0000060,KO.SARI,4613.0,4660.0,47.0,updated
ev_KO_BNN_.emsc_event_20230307_0000009,quakeml:eu.emsc/event/20230307_0000009,KO.BNN,5390.0,5540.0,150.0,updated
ev_KO_SARI_.emsc_event_20230305_0000289,quakeml:eu.emsc/event/20230305_0000289,KO.SARI,4686.0,4810.0,124.0,updated
ev_KO_BNN_.emsc_event_20230305_0000148,quakeml:eu.emsc/event/20230305_0000148,KO.BNN,5848.0,,,no_emsc_pick
ev_KO_BNN_.emsc_event_20230304_0000250,quakeml:eu.emsc/event/20230304_0000250,KO.BNN,5377.0,5440.0,63.0,updated
ev_KO_URFA_.emsc_event_20230303_0000264,quakeml:eu.emsc/event/20230303_0000264,KO.URFA,4296.0,4340.0,44.0,updated
ev_KO_GAZ_.emsc_event_20230308_0000007,quakeml:eu.emsc/event/20230308_0000007,KO.GAZ,5956.0,,,no_emsc_pick
ev_KO_DARE_.emsc_event_20230423_0000137,quakeml:eu.emsc/event/20230423_0000137,KO.DARE,4096.0,4120.0,24.0,updated
ev_KO_CEYT_.emsc_event_20230502_0000065,quakeml:eu.emsc/event/20230502_0000065,KO.CEYT,4899.0,,,no_emsc_pick
ev_KO_SARI_.emsc_event_20230731_0000189,quakeml:eu.emsc/event/20230731_0000189,KO.SARI,5216.0,5182.0,-34.0,updated
ev_KO_SVRC_.emsc_event_20230705_0000031,quakeml:eu.emsc/event/20230705_0000031,KO.SVRC,4118.0,4001.0,-117.0,updated
ev_KO_TAHT_.emsc_event_20230304_0000103,quakeml:eu.emsc/event/20230304_0000103,KO.TAHT,5790.0,,,no_emsc_pick
ev_KO_GAZ_.emsc_event_20230305_0000047,quakeml:eu.emsc/event/20230305_0000047,KO.GAZ,4396.0,4450.0,54.0,updated
ev_KO_DARE_.emsc_event_20230308_0000283,quakeml:eu.emsc/event/20230308_0000283,KO.DARE,4629.0,4620.0,-9.0,updated
ev_KO_TAHT_.emsc_event_20230308_0000273,quakeml:eu.emsc/event/20230308_0000273,KO.TAHT,3283.0,3340.0,57.0,updated
ev_KO_TAHT_.emsc_event_20230421_0000079,quakeml:eu.emsc/event/20230421_0000079,KO.TAHT,5662.0,5720.0,58.0,updated
ev_KO_DARE_.emsc_event_20230305_0000214,quakeml:eu.emsc/event/20230305_0000214,KO.DARE,3837.0,3870.0,33.0,updated
ev_KO_URFA_.emsc_event_20230612_0000160,quakeml:eu.emsc/event/20230612_0000160,KO.URFA,4762.0,4860.0,98.0,updated
ev_KO_SARI_.emsc_event_20230306_0000007,quakeml:eu.emsc/event/20230306_0000007,KO.SARI,3299.0,,,no_emsc_pick
ev_KO_KMRS_.emsc_event_20230305_0000035,quakeml:eu.emsc/event/20230305_0000035,KO.KMRS,4932.0,,,no_emsc_pick
ev_KO_SARI_.emsc_event_20230308_0000236,quakeml:eu.emsc/event/20230308_0000236,KO.SARI,5337.0,5400.0,63.0,updated
ev_KO_CEYT_.emsc_event_20230312_0000281,quakeml:eu.emsc/event/20230312_0000281,KO.CEYT,5298.0,,,no_emsc_pick
ev_KO_KMRS_.emsc_event_20230307_0000174,quakeml:eu.emsc/event/20230307_0000174,KO.KMRS,4190.0,4270.0,80.0,updated
ev_KO_URFA_.emsc_event_20230307_0000025,quakeml:eu.emsc/event/20230307_0000025,KO.URFA,5658.0,5740.0,82.0,updated
ev_KO_KMRS_.emsc_event_20230305_0000021,quakeml:eu.emsc/event/20230305_0000021,KO.KMRS,4898.0,4900.0,2.0,updated
ev_KO_DARE_.emsc_event_20230318_0000119,quakeml:eu.emsc/event/20230318_0000119,KO.DARE,3782.0,3830.0,48.0,updated
ev_KO_TAHT_.emsc_event_20230326_0000105,quakeml:eu.emsc/event/20230326_0000105,KO.TAHT,5233.0,,,no_emsc_pick
ev_KO_CEYT_.emsc_event_20230312_0000295,quakeml:eu.emsc/event/20230312_0000295,KO.CEYT,5103.0,5190.0,87.0,updated
ev_KO_DARE_.emsc_event_20230307_0000341,quakeml:eu.emsc/event/20230307_0000341,KO.DARE,4100.0,4140.0,40.0,updated
ev_KO_SARI_.emsc_event_20230306_0000013,quakeml:eu.emsc/event/20230306_0000013,KO.SARI,5038.0,5170.0,132.0,updated
ev_KO_SARI_.emsc_event_20230304_0000152,quakeml:eu.emsc/event/20230304_0000152,KO.SARI,5696.0,5730.0,34.0,updated
ev_KO_DARE_.emsc_event_20230305_0000200,quakeml:eu.emsc/event/20230305_0000200,KO.DARE,5835.0,5890.0,55.0,updated
ev_KO_DARE_.emsc_event_20230716_0000063,quakeml:eu.emsc/event/20230716_0000063,KO.DARE,3711.0,3740.0,29.0,updated
ev_KO_KMRS_.emsc_event_20230306_0000244,quakeml:eu.emsc/event/20230306_0000244,KO.KMRS,4193.0,4270.0,77.0,updated
ev_KO_URFA_.emsc_event_20230304_0000240,quakeml:eu.emsc/event/20230304_0000240,KO.URFA,5771.0,5780.0,9.0,updated
ev_KO_DARE_.emsc_event_20230308_0000254,quakeml:eu.emsc/event/20230308_0000254,KO.DARE,4257.0,4280.0,23.0,updated
ev_KO_DARE_.emsc_event_20230304_0000124,quakeml:eu.emsc/event/20230304_0000124,KO.DARE,3566.0,3610.0,44.0,updated
ev_KO_SARI_.emsc_event_20230305_0000262,quakeml:eu.emsc/event/20230305_0000262,KO.SARI,3929.0,,,no_emsc_pick
ev_KO_DARE_.emsc_event_20230306_0000071,quakeml:eu.emsc/event/20230306_0000071,KO.DARE,4406.0,4430.0,24.0,updated
ev_KO_TAHT_.emsc_event_20230306_0000081,quakeml:eu.emsc/event/20230306_0000081,KO.TAHT,5734.0,,,no_emsc_pick
ev_KO_DARE_.emsc_event_20230308_0000240,quakeml:eu.emsc/event/20230308_0000240,KO.DARE,5063.0,5020.0,-43.0,updated
ev_KO_BNN_.emsc_event_20230528_0000119,quakeml:eu.emsc/event/20230528_0000119,KO.BNN,4989.0,4970.0,-19.0,updated
ev_KO_GAZ_.emsc_event_20230305_0000084,quakeml:eu.emsc/event/20230305_0000084,KO.GAZ,4879.0,,,no_emsc_pick
ev_KO_URFA_.emsc_event_20230304_0000254,quakeml:eu.emsc/event/20230304_0000254,KO.URFA,4967.0,5020.0,53.0,updated
ev_KO_SVRC_.emsc_event_20230301_0000098,quakeml:eu.emsc/event/20230301_0000098,KO.SVRC,3907.0,4060.0,153.0,updated
ev_KO_DARE_.emsc_event_20230313_0000305,quakeml:eu.emsc/event/20230313_0000305,KO.DARE,4356.0,4380.0,24.0,updated
ev_KO_SARI_.emsc_event_20230224_0000190,quakeml:eu.emsc/event/20230224_0000190,KO.SARI,3871.0,3970.0,99.0,updated
ev_KO_SVRC_.emsc_event_20230412_0000017,quakeml:eu.emsc/event/20230412_0000017,KO.SVRC,5651.0,5700.0,49.0,updated
ev_KO_KOZT_.emsc_event_20230307_0000312,quakeml:eu.emsc/event/20230307_0000312,KO.KOZT,4493.0,4550.0,57.0,updated
ev_KO_GAZ_.emsc_event_20230304_0000217,quakeml:eu.emsc/event/20230304_0000217,KO.GAZ,4652.0,4690.0,38.0,updated
ev_KO_SVRC_.emsc_event_20230410_0000156,quakeml:eu.emsc/event/20230410_0000156,KO.SVRC,4317.0,4360.0,43.0,updated
ev_KO_BNN_.emsc_event_20230308_0000040,quakeml:eu.emsc/event/20230308_0000040,KO.BNN,5012.0,4950.0,-62.0,updated
ev_KO_BNN_.emsc_event_20230307_0000169,quakeml:eu.emsc/event/20230307_0000169,KO.BNN,5146.0,5180.0,34.0,updated
ev_KO_KOZT_.emsc_event_20230307_0000306,quakeml:eu.emsc/event/20230307_0000306,KO.KOZT,4359.0,4400.0,41.0,updated
ev_KO_MERS_.emsc_event_20230407_0000046,quakeml:eu.emsc/event/20230407_0000046,KO.MERS,5961.0,,,no_emsc_pick
ev_KO_SVRC_.emsc_event_20230304_0000102,quakeml:eu.emsc/event/20230304_0000102,KO.SVRC,4655.0,4670.0,15.0,updated
ev_KO_CEYT_.emsc_event_20230305_0000088,quakeml:eu.emsc/event/20230305_0000088,KO.CEYT,4932.0,4980.0,48.0,updated
ev_KO_DARE_.emsc_event_20230311_0000278,quakeml:eu.emsc/event/20230311_0000278,KO.DARE,4523.0,4540.0,17.0,updated
ev_KO_URFA_.emsc_event_20230615_0000024,quakeml:eu.emsc/event/20230615_0000024,KO.URFA,4486.0,4580.0,94.0,updated
ev_KO_GAZ_.emsc_event_20230305_0000127,quakeml:eu.emsc/event/20230305_0000127,KO.GAZ,5582.0,5660.0,78.0,updated
ev_KO_KOZT_.emsc_event_20230306_0000022,quakeml:eu.emsc/event/20230306_0000022,KO.KOZT,4824.0,4880.0,56.0,updated
ev_KO_TAHT_.emsc_event_20230304_0000063,quakeml:eu.emsc/event/20230304_0000063,KO.TAHT,5369.0,5470.0,101.0,updated
ev_KO_CEYT_.emsc_event_20230210_0000292,quakeml:eu.emsc/event/20230210_0000292,KO.CEYT,5393.0,5460.0,67.0,updated
ev_KO_MERS_.emsc_event_20230305_0000088,quakeml:eu.emsc/event/20230305_0000088,KO.MERS,5751.0,5830.0,79.0,updated
ev_KO_BNN_.emsc_event_20230307_0000141,quakeml:eu.emsc/event/20230307_0000141,KO.BNN,5822.0,5930.0,108.0,updated
ev_KO_URFA_.emsc_event_20230607_0000200,quakeml:eu.emsc/event/20230607_0000200,KO.URFA,5957.0,,,no_emsc_pick
ev_KO_TAHT_.emsc_event_20230306_0000122,quakeml:eu.emsc/event/20230306_0000122,KO.TAHT,3285.0,3350.0,65.0,updated
ev_KO_SVRC_.emsc_event_20230305_0000232,quakeml:eu.emsc/event/20230305_0000232,KO.SVRC,5239.0,5140.0,-99.0,updated
ev_KO_TAHT_.emsc_event_20230306_0000136,quakeml:eu.emsc/event/20230306_0000136,KO.TAHT,5080.0,5120.0,40.0,updated
ev_KO_SARI_.emsc_event_20230307_0000294,quakeml:eu.emsc/event/20230307_0000294,KO.SARI,5514.0,5510.0,-4.0,updated
ev_KO_DARE_.emsc_event_20230423_0000057,quakeml:eu.emsc/event/20230423_0000057,KO.DARE,4008.0,3980.0,-28.0,updated
ev_KO_GAZ_.emsc_event_20230305_0000133,quakeml:eu.emsc/event/20230305_0000133,KO.GAZ,4686.0,,,no_emsc_pick
ev_KO_BNN_.emsc_event_20230306_0000259,quakeml:eu.emsc/event/20230306_0000259,KO.BNN,4970.0,4970.0,0.0,updated
ev_KO_URFA_.emsc_event_20230729_0000144,quakeml:eu.emsc/event/20230729_0000144,KO.URFA,4845.0,4880.0,35.0,updated
ev_KO_BNN_.emsc_event_20230304_0000318,quakeml:eu.emsc/event/20230304_0000318,KO.BNN,5369.0,5380.0,11.0,updated
ev_KO_CEYT_.emsc_event_20230308_0000023,quakeml:eu.emsc/event/20230308_0000023,KO.CEYT,4386.0,4480.0,94.0,updated
ev_KO_URFA_.emsc_event_20230304_0000308,quakeml:eu.emsc/event/20230304_0000308,KO.URFA,5631.0,5580.0,-51.0,updated
ev_KO_SARI_.emsc_event_20230306_0000173,quakeml:eu.emsc/event/20230306_0000173,KO.SARI,3648.0,3780.0,132.0,updated
ev_KO_KOZT_.emsc_event_20230305_0000290,quakeml:eu.emsc/event/20230305_0000290,KO.KOZT,5515.0,,,no_emsc_pick
ev_KO_SARI_.emsc_event_20230530_0000107,quakeml:eu.emsc/event/20230530_0000107,KO.SARI,4954.0,,,no_emsc_pick
ev_KO_TAHT_.emsc_event_20230304_0000088,quakeml:eu.emsc/event/20230304_0000088,KO.TAHT,3649.0,3760.0,111.0,updated
ev_KO_CEYT_.emsc_event_20230308_0000037,quakeml:eu.emsc/event/20230308_0000037,KO.CEYT,5410.0,5510.0,100.0,updated
ev_KO_KMRS_.emsc_event_20230306_0000318,quakeml:eu.emsc/event/20230306_0000318,KO.KMRS,4330.0,4430.0,100.0,updated
ev_KO_DARE_.emsc_event_20230311_0000293,quakeml:eu.emsc/event/20230311_0000293,KO.DARE,3449.0,3480.0,31.0,updated
ev_KO_SVRC_.emsc_event_20230306_0000080,quakeml:eu.emsc/event/20230306_0000080,KO.SVRC,4273.0,4350.0,77.0,updated
ev_KO_URFA_.emsc_event_20230304_0000334,quakeml:eu.emsc/event/20230304_0000334,KO.URFA,4629.0,4640.0,11.0,updated
ev_KO_KMRS_.emsc_event_20230306_0000330,quakeml:eu.emsc/event/20230306_0000330,KO.KMRS,4129.0,4150.0,21.0,updated
ev_KO_GAZ_.emsc_event_20230308_0000198,quakeml:eu.emsc/event/20230308_0000198,KO.GAZ,5139.0,5120.0,-19.0,updated
ev_KO_DARE_.emsc_event_20230725_0000187,quakeml:eu.emsc/event/20230725_0000187,KO.DARE,5864.0,5940.0,76.0,updated
ev_KO_DYBB_.emsc_event_20230520_0000091,quakeml:eu.emsc/event/20230520_0000091,KO.DYBB,5391.0,,,no_emsc_pick
ev_KO_BNN_.emsc_event_20230407_0000025,quakeml:eu.emsc/event/20230407_0000025,KO.BNN,5595.0,5650.0,55.0,updated
ev_KO_DARE_.emsc_event_20230306_0000111,quakeml:eu.emsc/event/20230306_0000111,KO.DARE,4623.0,4340.0,-283.0,updated
ev_KO_SARI_.emsc_event_20230307_0000243,quakeml:eu.emsc/event/20230307_0000243,KO.SARI,4763.0,4780.0,17.0,updated
ev_KO_CEYT_.emsc_event_20230309_0000313,quakeml:eu.emsc/event/20230309_0000313,KO.CEYT,4985.0,5050.0,65.0,updated
ev_KO_URFA_.emsc_event_20230305_0000038,quakeml:eu.emsc/event/20230305_0000038,KO.URFA,4705.0,4730.0,25.0,updated
ev_KO_SARI_.emsc_event_20230711_0000186,quakeml:eu.emsc/event/20230711_0000186,KO.SARI,3745.0,3677.0,-68.0,updated
ev_KO_URFA_.emsc_event_20230307_0000179,quakeml:eu.emsc/event/20230307_0000179,KO.URFA,5522.0,5550.0,28.0,updated
ev_KO_SARI_.emsc_event_20230722_0000102,quakeml:eu.emsc/event/20230722_0000102,KO.SARI,5125.0,,,no_emsc_pick
ev_KO_MERS_.emsc_event_20230308_0000023,quakeml:eu.emsc/event/20230308_0000023,KO.MERS,5398.0,5480.0,82.0,updated
ev_KO_CEYT_.emsc_event_20230307_0000136,quakeml:eu.emsc/event/20230307_0000136,KO.CEYT,5145.0,5120.0,-25.0,updated
ev_KO_SVRC_.emsc_event_20230326_0000104,quakeml:eu.emsc/event/20230326_0000104,KO.SVRC,4753.0,,,no_emsc_pick
ev_KO_GAZ_.emsc_event_20230306_0000154,quakeml:eu.emsc/event/20230306_0000154,KO.GAZ,5654.0,5700.0,46.0,updated
ev_KO_SVRC_.emsc_event_20230306_0000255,quakeml:eu.emsc/event/20230306_0000255,KO.SVRC,5223.0,5280.0,57.0,updated
ev_KO_GAZ_.emsc_event_20230307_0000258,quakeml:eu.emsc/event/20230307_0000258,KO.GAZ,5598.0,5660.0,62.0,updated
ev_KO_SARI_.emsc_event_20230408_0000024,quakeml:eu.emsc/event/20230408_0000024,KO.SARI,3716.0,3730.0,14.0,updated
ev_KO_DARE_.emsc_event_20230214_0000111,quakeml:eu.emsc/event/20230214_0000111,KO.DARE,4513.0,4580.0,67.0,updated
ev_KO_GAZ_.emsc_event_20230305_0000319,quakeml:eu.emsc/event/20230305_0000319,KO.GAZ,5542.0,5480.0,-62.0,updated
ev_KO_TAHT_.emsc_event_20230305_0000145,quakeml:eu.emsc/event/20230305_0000145,KO.TAHT,4066.0,4080.0,14.0,updated
ev_KO_TAHT_.emsc_event_20230306_0000308,quakeml:eu.emsc/event/20230306_0000308,KO.TAHT,5750.0,5840.0,90.0,updated
ev_KO_GAZ_.emsc_event_20230306_0000140,quakeml:eu.emsc/event/20230306_0000140,KO.GAZ,4844.0,4920.0,76.0,updated
ev_KO_KOZT_.emsc_event_20230305_0000045,quakeml:eu.emsc/event/20230305_0000045,KO.KOZT,4537.0,4590.0,53.0,updated
ev_KO_SARI_.emsc_event_20230307_0000082,quakeml:eu.emsc/event/20230307_0000082,KO.SARI,5913.0,,,no_emsc_pick
ev_KO_SVRC_.emsc_event_20230308_0000058,quakeml:eu.emsc/event/20230308_0000058,KO.SVRC,4606.0,4640.0,34.0,updated
ev_KO_GAZ_.emsc_event_20230307_0000264,quakeml:eu.emsc/event/20230307_0000264,KO.GAZ,4890.0,4970.0,80.0,updated
ev_KO_GAZ_.emsc_event_20230307_0000270,quakeml:eu.emsc/event/20230307_0000270,KO.GAZ,4777.0,4890.0,113.0,updated
ev_KO_TAHT_.emsc_event_20230308_0000105,quakeml:eu.emsc/event/20230308_0000105,KO.TAHT,5734.0,,,no_emsc_pick
ev_KO_TAHT_.emsc_event_20230305_0000179,quakeml:eu.emsc/event/20230305_0000179,KO.TAHT,5833.0,,,no_emsc_pick
ev_KO_TAHT_.emsc_event_20230307_0000038,quakeml:eu.emsc/event/20230307_0000038,KO.TAHT,5804.0,,,no_emsc_pick
ev_KO_TAHT_.emsc_event_20230425_0000166,quakeml:eu.emsc/event/20230425_0000166,KO.TAHT,5793.0,5890.0,97.0,updated
ev_KO_URFA_.emsc_event_20230423_0000131,quakeml:eu.emsc/event/20230423_0000131,KO.URFA,5065.0,5140.0,75.0,updated
ev_KO_KOZT_.emsc_event_20230307_0000138,quakeml:eu.emsc/event/20230307_0000138,KO.KOZT,4022.0,,,no_emsc_pick
ev_KO_SARI_.emsc_event_20230307_0000096,quakeml:eu.emsc/event/20230307_0000096,KO.SARI,5237.0,5220.0,-17.0,updated
ev_KO_KMRS_.emsc_event_20230307_0000202,quakeml:eu.emsc/event/20230307_0000202,KO.KMRS,5562.0,5560.0,-2.0,updated
ev_KO_SVRC_.emsc_event_20230607_0000220,quakeml:eu.emsc/event/20230607_0000220,KO.SVRC,5450.0,,,no_emsc_pick
ev_KO_DARE_.emsc_event_20230717_0000025,quakeml:eu.emsc/event/20230717_0000025,KO.DARE,3812.0,3674.0,-138.0,updated
ev_KO_DYBB_.emsc_event_20230711_0000163,quakeml:eu.emsc/event/20230711_0000163,KO.DYBB,5150.0,5240.0,90.0,updated
ev_KO_DARE_.emsc_event_20230612_0000172,quakeml:eu.emsc/event/20230612_0000172,KO.DARE,3571.0,3510.0,-61.0,updated
ev_KO_DARE_.emsc_event_20230305_0000162,quakeml:eu.emsc/event/20230305_0000162,KO.DARE,4054.0,4060.0,6.0,updated
ev_KO_CEYT_.emsc_event_20230307_0000308,quakeml:eu.emsc/event/20230307_0000308,KO.CEYT,3915.0,,,no_emsc_pick
ev_KO_DARE_.emsc_event_20230206_0000484,quakeml:eu.emsc/event/20230206_0000484,KO.DARE,4134.0,,,no_emsc_pick
ev_KO_DARE_.emsc_event_20230307_0000037,quakeml:eu.emsc/event/20230307_0000037,KO.DARE,4782.0,4870.0,88.0,updated
ev_KO_BNN_.emsc_event_20230215_0000155,quakeml:eu.emsc/event/20230215_0000155,KO.BNN,5140.0,5090.0,-50.0,updated
ev_KO_CEYT_.emsc_event_20230308_0000235,quakeml:eu.emsc/event/20230308_0000235,KO.CEYT,3738.0,3870.0,132.0,updated
ev_KO_CEYT_.emsc_event_20230306_0000004,quakeml:eu.emsc/event/20230306_0000004,KO.CEYT,4553.0,4620.0,67.0,updated
ev_KO_GAZ_.emsc_event_20230306_0000183,quakeml:eu.emsc/event/20230306_0000183,KO.GAZ,3693.0,3740.0,47.0,updated
ev_KO_KOZT_.emsc_event_20230305_0000086,quakeml:eu.emsc/event/20230305_0000086,KO.KOZT,5486.0,5540.0,54.0,updated
ev_KO_SARI_.emsc_event_20230307_0000069,quakeml:eu.emsc/event/20230307_0000069,KO.SARI,4132.0,4120.0,-12.0,updated
ev_KO_MERS_.emsc_event_20230307_0000308,quakeml:eu.emsc/event/20230307_0000308,KO.MERS,5399.0,,,no_emsc_pick
ev_KO_MERS_.emsc_event_20230308_0000235,quakeml:eu.emsc/event/20230308_0000235,KO.MERS,4596.0,4710.0,114.0,updated
ev_KO_CEYT_.emsc_event_20230212_0000112,quakeml:eu.emsc/event/20230212_0000112,KO.CEYT,5372.0,5430.0,58.0,updated
ev_KO_DARE_.emsc_event_20230306_0000313,quakeml:eu.emsc/event/20230306_0000313,KO.DARE,4723.0,4800.0,77.0,updated
ev_KO_DARE_.emsc_event_20230308_0000122,quakeml:eu.emsc/event/20230308_0000122,KO.DARE,4573.0,4590.0,17.0,updated
ev_KO_MERS_.emsc_event_20230306_0000004,quakeml:eu.emsc/event/20230306_0000004,KO.MERS,5498.0,5550.0,52.0,updated
ev_KO_KMRS_.emsc_event_20230306_0000132,quakeml:eu.emsc/event/20230306_0000132,KO.KMRS,4581.0,4620.0,39.0,updated
ev_KO_CEYT_.emsc_event_20230305_0000261,quakeml:eu.emsc/event/20230305_0000261,KO.CEYT,4864.0,4980.0,116.0,updated
ev_KO_DARE_.emsc_event_20230308_0000136,quakeml:eu.emsc/event/20230308_0000136,KO.DARE,5376.0,5420.0,44.0,updated
ev_KO_URFA_.emsc_event_20230308_0000252,quakeml:eu.emsc/event/20230308_0000252,KO.URFA,3324.0,3350.0,26.0,updated
ev_KO_SARI_.emsc_event_20230307_0000055,quakeml:eu.emsc/event/20230307_0000055,KO.SARI,4034.0,,,no_emsc_pick
ev_KO_DARE_.emsc_event_20230428_0000129,quakeml:eu.emsc/event/20230428_0000129,KO.DARE,5261.0,5190.0,-71.0,updated
ev_KO_SARI_.emsc_event_20230304_0000219,quakeml:eu.emsc/event/20230304_0000219,KO.SARI,4061.0,3970.0,-91.0,updated
ev_KO_SARI_.emsc_event_20230610_0000044,quakeml:eu.emsc/event/20230610_0000044,KO.SARI,4011.0,,,no_emsc_pick
ev_KO_KMRS_.emsc_event_20230306_0000127,quakeml:eu.emsc/event/20230306_0000127,KO.KMRS,5236.0,5280.0,44.0,updated
ev_KO_DARE_.emsc_event_20230302_0000184,quakeml:eu.emsc/event/20230302_0000184,KO.DARE,4429.0,4530.0,101.0,updated
ev_KO_SARI_.emsc_event_20230305_0000115,quakeml:eu.emsc/event/20230305_0000115,KO.SARI,4091.0,,,no_emsc_pick
ev_KO_CEYT_.emsc_event_20230306_0000039,quakeml:eu.emsc/event/20230306_0000039,KO.CEYT,4917.0,4880.0,-37.0,updated
ev_KO_DARE_.emsc_event_20230306_0000312,quakeml:eu.emsc/event/20230306_0000312,KO.DARE,5598.0,5680.0,82.0,updated
ev_KO_SARI_.emsc_event_20230316_0000029,quakeml:eu.emsc/event/20230316_0000029,KO.SARI,5371.0,5480.0,109.0,updated
ev_KO_URFA_.emsc_event_20230308_0000247,quakeml:eu.emsc/event/20230308_0000247,KO.URFA,4411.0,4240.0,-171.0,updated
ev_KO_SARI_.emsc_event_20230305_0000101,quakeml:eu.emsc/event/20230305_0000101,KO.SARI,5484.0,5510.0,26.0,updated
ev_KO_DARE_.emsc_event_20230304_0000253,quakeml:eu.emsc/event/20230304_0000253,KO.DARE,4787.0,4890.0,103.0,updated
ev_KO_URFA_.emsc_event_20230304_0000137,quakeml:eu.emsc/event/20230304_0000137,KO.URFA,5485.0,5480.0,-5.0,updated
ev_KO_SARI_.emsc_event_20230307_0000068,quakeml:eu.emsc/event/20230307_0000068,KO.SARI,4416.0,4450.0,34.0,updated
ev_KO_SARI_.emsc_event_20230305_0000129,quakeml:eu.emsc/event/20230305_0000129,KO.SARI,5499.0,,,no_emsc_pick
ev_KO_URFA_.emsc_event_20230426_0000041,quakeml:eu.emsc/event/20230426_0000041,KO.URFA,5613.0,5650.0,37.0,updated
ev_KO_SARI_.emsc_event_20230523_0000238,quakeml:eu.emsc/event/20230523_0000238,KO.SARI,3989.0,,,no_emsc_pick
ev_KO_SARI_.emsc_event_20230314_0000154,quakeml:eu.emsc/event/20230314_0000154,KO.SARI,4489.0,,,no_emsc_pick
ev_KO_KOZT_.emsc_event_20230305_0000093,quakeml:eu.emsc/event/20230305_0000093,KO.KOZT,5532.0,5600.0,68.0,updated
ev_KO_URFA_.emsc_event_20230307_0000346,quakeml:eu.emsc/event/20230307_0000346,KO.URFA,5883.0,,,no_emsc_pick
ev_KO_DARE_.emsc_event_20230717_0000024,quakeml:eu.emsc/event/20230717_0000024,KO.DARE,4036.0,4040.0,4.0,updated
ev_KO_CEYT_.emsc_event_20230304_0000150,quakeml:eu.emsc/event/20230304_0000150,KO.CEYT,5015.0,5030.0,15.0,updated
ev_KO_SARI_.emsc_event_20230331_0000162,quakeml:eu.emsc/event/20230331_0000162,KO.SARI,3541.0,3550.0,9.0,updated
ev_KO_KMRS_.emsc_event_20230307_0000203,quakeml:eu.emsc/event/20230307_0000203,KO.KMRS,3843.0,3910.0,67.0,updated
ev_KO_BNN_.emsc_event_20230805_0000108,quakeml:eu.emsc/event/20230805_0000108,KO.BNN,5791.0,,,no_emsc_pick
ev_KO_TAHT_.emsc_event_20230307_0000039,quakeml:eu.emsc/event/20230307_0000039,KO.TAHT,3687.0,3700.0,13.0,updated
ev_KO_KOZT_.emsc_event_20230306_0000235,quakeml:eu.emsc/event/20230306_0000235,KO.KOZT,5396.0,5190.0,-206.0,updated
ev_KO_GAZ_.emsc_event_20230307_0000271,quakeml:eu.emsc/event/20230307_0000271,KO.GAZ,5322.0,5470.0,148.0,updated
ev_KO_URFA_.emsc_event_20230215_0000150,quakeml:eu.emsc/event/20230215_0000150,KO.URFA,5363.0,5430.0,67.0,updated
ev_KO_KOZT_.emsc_event_20230308_0000004,quakeml:eu.emsc/event/20230308_0000004,KO.KOZT,4332.0,4380.0,48.0,updated
ev_KO_BNN_.emsc_event_20230305_0000203,quakeml:eu.emsc/event/20230305_0000203,KO.BNN,5940.0,,,no_emsc_pick
ev_KO_GAZ_.emsc_event_20230306_0000169,quakeml:eu.emsc/event/20230306_0000169,KO.GAZ,4876.0,5000.0,124.0,updated
ev_KO_SVRC_.emsc_event_20230308_0000059,quakeml:eu.emsc/event/20230308_0000059,KO.SVRC,4403.0,4450.0,47.0,updated
ev_KO_URFA_.emsc_event_20230308_0000284,quakeml:eu.emsc/event/20230308_0000284,KO.URFA,4391.0,4430.0,39.0,updated
ev_KO_SARI_.emsc_event_20230307_0000083,quakeml:eu.emsc/event/20230307_0000083,KO.SARI,4994.0,5040.0,46.0,updated
ev_KO_GAZ_.emsc_event_20230304_0000028,quakeml:eu.emsc/event/20230304_0000028,KO.GAZ,4615.0,4720.0,105.0,updated
ev_KO_GAZ_.emsc_event_20230307_0000265,quakeml:eu.emsc/event/20230307_0000265,KO.GAZ,5241.0,5180.0,-61.0,updated
ev_KO_KOZT_.emsc_event_20230306_0000221,quakeml:eu.emsc/event/20230306_0000221,KO.KOZT,4676.0,4800.0,124.0,updated
ev_KO_SARI_.emsc_event_20230502_0000073,quakeml:eu.emsc/event/20230502_0000073,KO.SARI,5049.0,5070.0,21.0,updated
ev_KO_TAHT_.emsc_event_20230308_0000138,quakeml:eu.emsc/event/20230308_0000138,KO.TAHT,5100.0,5060.0,-40.0,updated
ev_KO_TAHT_.emsc_event_20230307_0000005,quakeml:eu.emsc/event/20230307_0000005,KO.TAHT,5650.0,5710.0,60.0,updated
ev_KO_BNN_.emsc_event_20230306_0000066,quakeml:eu.emsc/event/20230306_0000066,KO.BNN,4915.0,4900.0,-15.0,updated
ev_KO_TAHT_.emsc_event_20230428_0000127,quakeml:eu.emsc/event/20230428_0000127,KO.TAHT,5703.0,,,no_emsc_pick
ev_KO_TAHT_.emsc_event_20230304_0000248,quakeml:eu.emsc/event/20230304_0000248,KO.TAHT,5818.0,5870.0,52.0,updated
ev_KO_TAHT_.emsc_event_20230306_0000309,quakeml:eu.emsc/event/20230306_0000309,KO.TAHT,5160.0,5180.0,20.0,updated
ev_KO_KOZT_.emsc_event_20230307_0000105,quakeml:eu.emsc/event/20230307_0000105,KO.KOZT,4418.0,4450.0,32.0,updated
ev_KO_SARI_.emsc_event_20230222_0000050,quakeml:eu.emsc/event/20230222_0000050,KO.SARI,5209.0,5310.0,101.0,updated
ev_KO_DYBB_.emsc_event_20230523_0000020,quakeml:eu.emsc/event/20230523_0000020,KO.DYBB,5830.0,,,no_emsc_pick
ev_KO_BNN_.emsc_event_20230728_0000098,quakeml:eu.emsc/event/20230728_0000098,KO.BNN,5329.0,,,no_emsc_pick
ev_KO_KOZT_.emsc_event_20230307_0000111,quakeml:eu.emsc/event/20230307_0000111,KO.KOZT,4237.0,4150.0,-87.0,updated
ev_KO_SARI_.emsc_event_20230719_0000288,quakeml:eu.emsc/event/20230719_0000288,KO.SARI,3735.0,3790.0,55.0,updated
ev_KO_TAHT_.emsc_event_20230322_0000027,quakeml:eu.emsc/event/20230322_0000027,KO.TAHT,3542.0,3550.0,8.0,updated
ev_KO_BNN_.emsc_event_20230304_0000133,quakeml:eu.emsc/event/20230304_0000133,KO.BNN,5989.0,5990.0,1.0,updated
ev_KO_KMRS_.emsc_event_20230307_0000029,quakeml:eu.emsc/event/20230307_0000029,KO.KMRS,4319.0,4410.0,91.0,updated
ev_KO_SARI_.emsc_event_20230307_0000256,quakeml:eu.emsc/event/20230307_0000256,KO.SARI,4867.0,,,no_emsc_pick
ev_KO_KMRS_.emsc_event_20230304_0000270,quakeml:eu.emsc/event/20230304_0000270,KO.KMRS,4887.0,4940.0,53.0,updated
ev_KO_DARE_.emsc_event_20230423_0000081,quakeml:eu.emsc/event/20230423_0000081,KO.DARE,3436.0,3380.0,-56.0,updated
ev_KO_CEYT_.emsc_event_20230305_0000062,quakeml:eu.emsc/event/20230305_0000062,KO.CEYT,4917.0,,,no_emsc_pick
ev_KO_URFA_.emsc_event_20230308_0000045,quakeml:eu.emsc/event/20230308_0000045,KO.URFA,5656.0,5710.0,54.0,updated
ev_KO_DARE_.emsc_event_20230309_0000005,quakeml:eu.emsc/event/20230309_0000005,KO.DARE,4074.0,4080.0,6.0,updated
ev_KO_KMRS_.emsc_event_20230307_0000015,quakeml:eu.emsc/event/20230307_0000015,KO.KMRS,5548.0,5600.0,52.0,updated
ev_KO_DARE_.emsc_event_20230306_0000138,quakeml:eu.emsc/event/20230306_0000138,KO.DARE,5126.0,5140.0,14.0,updated
ev_KO_GULA_.emsc_event_20230731_0000044,quakeml:eu.emsc/event/20230731_0000044,KO.GULA,5967.0,,,no_emsc_pick
ev_KO_SARI_.emsc_event_20230304_0000027,quakeml:eu.emsc/event/20230304_0000027,KO.SARI,5048.0,5070.0,22.0,updated
ev_KO_DARE_.emsc_event_20230307_0000234,quakeml:eu.emsc/event/20230307_0000234,KO.DARE,4925.0,5050.0,125.0,updated
ev_KO_BNN_.emsc_event_20230615_0000035,quakeml:eu.emsc/event/20230615_0000035,KO.BNN,5500.0,5430.0,-70.0,updated
ev_KO_CEYT_.emsc_event_20230308_0000036,quakeml:eu.emsc/event/20230308_0000036,KO.CEYT,4952.0,4990.0,38.0,updated
ev_KO_DARE_.emsc_event_20230307_0000220,quakeml:eu.emsc/event/20230307_0000220,KO.DARE,4949.0,4830.0,-119.0,updated
ev_KO_SVRC_.emsc_event_20230306_0000095,quakeml:eu.emsc/event/20230306_0000095,KO.SVRC,3895.0,4030.0,135.0,updated
ev_KO_GULA_.emsc_event_20230326_0000099,quakeml:eu.emsc/event/20230326_0000099,KO.GULA,5986.0,,,no_emsc_pick
ev_KO_BNN_.emsc_event_20230308_0000082,quakeml:eu.emsc/event/20230308_0000082,KO.BNN,5595.0,5670.0,75.0,updated
ev_KO_CEYT_.emsc_event_20230306_0000213,quakeml:eu.emsc/event/20230306_0000213,KO.CEYT,4979.0,,,no_emsc_pick
ev_KO_SVRC_.emsc_event_20230418_0000066,quakeml:eu.emsc/event/20230418_0000066,KO.SVRC,4993.0,5000.0,7.0,updated
ev_KO_BNN_.emsc_event_20230308_0000069,quakeml:eu.emsc/event/20230308_0000069,KO.BNN,5274.0,5230.0,-44.0,updated
ev_KO_KOZT_.emsc_event_20230304_0000176,quakeml:eu.emsc/event/20230304_0000176,KO.KOZT,4038.0,4150.0,112.0,updated
ev_KO_GAZ_.emsc_event_20230307_0000073,quakeml:eu.emsc/event/20230307_0000073,KO.GAZ,5003.0,5120.0,117.0,updated
ev_KO_GAZ_.emsc_event_20230305_0000132,quakeml:eu.emsc/event/20230305_0000132,KO.GAZ,4620.0,4600.0,-20.0,updated
ev_KO_KOZT_.emsc_event_20230306_0000037,quakeml:eu.emsc/event/20230306_0000037,KO.KOZT,4425.0,4560.0,135.0,updated
ev_KO_KOZT_.emsc_event_20230306_0000023,quakeml:eu.emsc/event/20230306_0000023,KO.KOZT,4402.0,4500.0,98.0,updated
ev_KO_GAZ_.emsc_event_20230307_0000067,quakeml:eu.emsc/event/20230307_0000067,KO.GAZ,4672.0,4710.0,38.0,updated
ev_KO_URFA_.emsc_event_20230308_0000086,quakeml:eu.emsc/event/20230308_0000086,KO.URFA,5669.0,,,no_emsc_pick
ev_KO_TAHT_.emsc_event_20230318_0000077,quakeml:eu.emsc/event/20230318_0000077,KO.TAHT,5938.0,,,no_emsc_pick
ev_KO_DARE_.emsc_event_20230304_0000092,quakeml:eu.emsc/event/20230304_0000092,KO.DARE,5200.0,5290.0,90.0,updated
ev_KO_TAHT_.emsc_event_20230304_0000062,quakeml:eu.emsc/event/20230304_0000062,KO.TAHT,5403.0,,,no_emsc_pick
ev_KO_URFA_.emsc_event_20230503_0000247,quakeml:eu.emsc/event/20230503_0000247,KO.URFA,5979.0,,,no_emsc_pick
ev_KO_GAZ_.emsc_event_20230304_0000202,quakeml:eu.emsc/event/20230304_0000202,KO.GAZ,4863.0,4880.0,17.0,updated
ev_KO_KMRS_.emsc_event_20230305_0000197,quakeml:eu.emsc/event/20230305_0000197,KO.KMRS,5867.0,,,no_emsc_pick
ev_KO_DARE_.emsc_event_20230313_0000310,quakeml:eu.emsc/event/20230313_0000310,KO.DARE,5972.0,,,no_emsc_pick
ev_KO_DARE_.emsc_event_20230619_0000019,quakeml:eu.emsc/event/20230619_0000019,KO.DARE,4190.0,4240.0,50.0,updated
ev_KO_DARE_.emsc_event_20230216_0000247,quakeml:eu.emsc/event/20230216_0000247,KO.DARE,3918.0,4020.0,102.0,updated
ev_KO_TAHT_.emsc_event_20230515_0000149,quakeml:eu.emsc/event/20230515_0000149,KO.TAHT,5150.0,5160.0,10.0,updated
ev_KO_SARI_.emsc_event_20230323_0000187,quakeml:eu.emsc/event/20230323_0000187,KO.SARI,5435.0,,,no_emsc_pick
ev_KO_SARI_.emsc_event_20230207_0000264,quakeml:eu.emsc/event/20230207_0000264,KO.SARI,4990.0,4980.0,-10.0,updated
ev_KO_BNN_.emsc_event_20230308_0000041,quakeml:eu.emsc/event/20230308_0000041,KO.BNN,5523.0,5440.0,-83.0,updated
ev_KO_GAZ_.emsc_event_20230304_0000216,quakeml:eu.emsc/event/20230304_0000216,KO.GAZ,4687.0,4710.0,23.0,updated
ev_KO_SVRC_.emsc_event_20230308_0000267,quakeml:eu.emsc/event/20230308_0000267,KO.SVRC,4152.0,,,no_emsc_pick
ev_KO_URFA_.emsc_event_20230308_0000125,quakeml:eu.emsc/event/20230308_0000125,KO.URFA,4848.0,4900.0,52.0,updated
ev_KO_DARE_.emsc_event_20230304_0000131,quakeml:eu.emsc/event/20230304_0000131,KO.DARE,4701.0,4770.0,69.0,updated
ev_KO_URFA_.emsc_event_20230304_0000255,quakeml:eu.emsc/event/20230304_0000255,KO.URFA,5603.0,5610.0,7.0,updated
ev_KO_KMRS_.emsc_event_20230306_0000251,quakeml:eu.emsc/event/20230306_0000251,KO.KMRS,4332.0,4410.0,78.0,updated
ev_KO_KMRS_.emsc_event_20230304_0000310,quakeml:eu.emsc/event/20230304_0000310,KO.KMRS,5525.0,5500.0,-25.0,updated
ev_KO_SARI_.emsc_event_20230309_0000113,quakeml:eu.emsc/event/20230309_0000113,KO.SARI,3561.0,3690.0,129.0,updated
ev_KO_DARE_.emsc_event_20230314_0000254,quakeml:eu.emsc/event/20230314_0000254,KO.DARE,4486.0,4580.0,94.0,updated
ev_KO_CEYT_.emsc_event_20230307_0000057,quakeml:eu.emsc/event/20230307_0000057,KO.CEYT,5101.0,,,no_emsc_pick
ev_KO_CEYT_.emsc_event_20230305_0000116,quakeml:eu.emsc/event/20230305_0000116,KO.CEYT,5454.0,,,no_emsc_pick
ev_KO_TAHT_.emsc_event_20230418_0000067,quakeml:eu.emsc/event/20230418_0000067,KO.TAHT,5192.0,5230.0,38.0,updated
ev_KO_DARE_.emsc_event_20230418_0000097,quakeml:eu.emsc/event/20230418_0000097,KO.DARE,3794.0,3860.0,66.0,updated
ev_KO_SVRC_.emsc_event_20230301_0000112,quakeml:eu.emsc/event/20230301_0000112,KO.SVRC,4626.0,4560.0,-66.0,updated
ev_KO_DARE_.emsc_event_20230304_0000125,quakeml:eu.emsc/event/20230304_0000125,KO.DARE,4900.0,4850.0,-50.0,updated
ev_KO_KMRS_.emsc_event_20230305_0000008,quakeml:eu.emsc/event/20230305_0000008,KO.KMRS,4244.0,,,no_emsc_pick
ev_KO_SARI_.emsc_event_20230307_0000336,quakeml:eu.emsc/event/20230307_0000336,KO.SARI,3905.0,,,no_emsc_pick
ev_KO_URFA_.emsc_event_20230308_0000131,quakeml:eu.emsc/event/20230308_0000131,KO.URFA,5596.0,5570.0,-26.0,updated
ev_KO_TAHT_.emsc_event_20230206_0000065,quakeml:eu.emsc/event/20230206_0000065,KO.TAHT,5183.0,5250.0,67.0,updated
ev_KO_SARI_.emsc_event_20230429_0000130,quakeml:eu.emsc/event/20230429_0000130,KO.SARI,4538.0,4550.0,12.0,updated
ev_KO_KMRS_.emsc_event_20230307_0000161,quakeml:eu.emsc/event/20230307_0000161,KO.KMRS,4772.0,4860.0,88.0,updated
ev_KO_URFA_.emsc_event_20230305_0000165,quakeml:eu.emsc/event/20230305_0000165,KO.URFA,5007.0,5100.0,93.0,updated
ev_KO_DARE_.emsc_event_20230305_0000201,quakeml:eu.emsc/event/20230305_0000201,KO.DARE,4175.0,4140.0,-35.0,updated
ev_KO_CEYT_.emsc_event_20230308_0000142,quakeml:eu.emsc/event/20230308_0000142,KO.CEYT,4941.0,,,no_emsc_pick
ev_KO_DARE_.emsc_event_20230307_0000340,quakeml:eu.emsc/event/20230307_0000340,KO.DARE,5737.0,,,no_emsc_pick
ev_KO_SARI_.emsc_event_20230306_0000006,quakeml:eu.emsc/event/20230306_0000006,KO.SARI,4016.0,4100.0,84.0,updated
ev_KO_BNN_.emsc_event_20230304_0000286,quakeml:eu.emsc/event/20230304_0000286,KO.BNN,5479.0,5540.0,61.0,updated
ev_KO_DARE_.emsc_event_20230518_0000072,quakeml:eu.emsc/event/20230518_0000072,KO.DARE,5512.0,,,no_emsc_pick
ev_KO_SARI_.emsc_event_20230304_0000147,quakeml:eu.emsc/event/20230304_0000147,KO.SARI,4910.0,4910.0,0.0,updated
ev_KO_SARI_.emsc_event_20230308_0000237,quakeml:eu.emsc/event/20230308_0000237,KO.SARI,5310.0,5320.0,10.0,updated
ev_KO_CEYT_.emsc_event_20230427_0000074,quakeml:eu.emsc/event/20230427_0000074,KO.CEYT,5577.0,,,no_emsc_pick
ev_KO_URFA_.emsc_event_20230801_0000007,quakeml:eu.emsc/event/20230801_0000007,KO.URFA,5683.0,,,no_emsc_pick
ev_KO_DARE_.emsc_event_20230308_0000282,quakeml:eu.emsc/event/20230308_0000282,KO.DARE,5189.0,5270.0,81.0,updated
ev_KO_DYBB_.emsc_event_20230721_0000022,quakeml:eu.emsc/event/20230721_0000022,KO.DYBB,5204.0,5250.0,46.0,updated
ev_KO_GAZ_.emsc_event_20230307_0000107,quakeml:eu.emsc/event/20230307_0000107,KO.GAZ,5478.0,5550.0,72.0,updated
ev_KO_URFA_.emsc_event_20230312_0000230,quakeml:eu.emsc/event/20230312_0000230,KO.URFA,5904.0,5890.0,-14.0,updated
ev_KO_URFA_.emsc_event_20230304_0000296,quakeml:eu.emsc/event/20230304_0000296,KO.URFA,5696.0,5780.0,84.0,updated
ev_KO_KOZT_.emsc_event_20230306_0000157,quakeml:eu.emsc/event/20230306_0000157,KO.KOZT,4640.0,4690.0,50.0,updated
ev_KO_SARI_.emsc_event_20230210_0000086,quakeml:eu.emsc/event/20230210_0000086,KO.SARI,5975.0,,,no_emsc_pick
ev_KO_URFA_.emsc_event_20230624_0000080,quakeml:eu.emsc/event/20230624_0000080,KO.URFA,5631.0,5730.0,99.0,updated
ev_KO_URFA_.emsc_event_20230528_0000134,quakeml:eu.emsc/event/20230528_0000134,KO.URFA,5342.0,5370.0,28.0,updated
ev_KO_SARI_.emsc_event_20230713_0000171,quakeml:eu.emsc/event/20230713_0000171,KO.SARI,5834.0,,,no_emsc_pick
ev_KO_TAHT_.emsc_event_20230304_0000116,quakeml:eu.emsc/event/20230304_0000116,KO.TAHT,3593.0,3600.0,7.0,updated
ev_KO_GAZ_.emsc_event_20230308_0000006,quakeml:eu.emsc/event/20230308_0000006,KO.GAZ,4981.0,,,no_emsc_pick
ev_KO_CEYT_.emsc_event_20230308_0000181,quakeml:eu.emsc/event/20230308_0000181,KO.CEYT,5136.0,5110.0,-26.0,updated
ev_KO_URFA_.emsc_event_20230303_0000265,quakeml:eu.emsc/event/20230303_0000265,KO.URFA,5726.0,5710.0,-16.0,updated
ev_KO_BNN_.emsc_event_20230612_0000159,quakeml:eu.emsc/event/20230612_0000159,KO.BNN,4461.0,4510.0,49.0,updated
ev_KO_MERS_.emsc_event_20230405_0000066,quakeml:eu.emsc/event/20230405_0000066,KO.MERS,5147.0,5220.0,73.0,updated
ev_KO_SARI_.emsc_event_20230305_0000288,quakeml:eu.emsc/event/20230305_0000288,KO.SARI,4741.0,4720.0,-21.0,updated
ev_KO_GAZ_.emsc_event_20230306_0000223,quakeml:eu.emsc/event/20230306_0000223,KO.GAZ,4981.0,5030.0,49.0,updated
ev_KO_KMRS_.emsc_event_20230304_0000112,quakeml:eu.emsc/event/20230304_0000112,KO.KMRS,3388.0,3440.0,52.0,updated
ev_KO_CEYT_.emsc_event_20230305_0000300,quakeml:eu.emsc/event/20230305_0000300,KO.CEYT,5434.0,5390.0,-44.0,updated
ev_KO_DARE_.emsc_event_20230304_0000333,quakeml:eu.emsc/event/20230304_0000333,KO.DARE,5744.0,5640.0,-104.0,updated
ev_KO_DARE_.emsc_event_20230405_0000198,quakeml:eu.emsc/event/20230405_0000198,KO.DARE,4511.0,4580.0,69.0,updated
ev_KO_TAHT_.emsc_event_20230306_0000282,quakeml:eu.emsc/event/20230306_0000282,KO.TAHT,5125.0,,,no_emsc_pick
ev_KO_SVRC_.emsc_event_20230305_0000192,quakeml:eu.emsc/event/20230305_0000192,KO.SVRC,5254.0,5270.0,16.0,updated
ev_KO_SARI_.emsc_event_20230307_0000134,quakeml:eu.emsc/event/20230307_0000134,KO.SARI,5724.0,5940.0,216.0,updated
ev_KO_CEYT_.emsc_event_20230306_0000159,quakeml:eu.emsc/event/20230306_0000159,KO.CEYT,5125.0,,,no_emsc_pick
ev_KO_DARE_.emsc_event_20230402_0000143,quakeml:eu.emsc/event/20230402_0000143,KO.DARE,3710.0,3670.0,-40.0,updated
ev_KO_SARI_.emsc_event_20230305_0000075,quakeml:eu.emsc/event/20230305_0000075,KO.SARI,4393.0,4430.0,37.0,updated
ev_KO_DARE_.emsc_event_20230304_0000327,quakeml:eu.emsc/event/20230304_0000327,KO.DARE,5267.0,5330.0,63.0,updated
ev_KO_GAZ_.emsc_event_20230305_0000293,quakeml:eu.emsc/event/20230305_0000293,KO.GAZ,4783.0,,,no_emsc_pick
ev_KO_SARI_.emsc_event_20230306_0000210,quakeml:eu.emsc/event/20230306_0000210,KO.SARI,3714.0,,,no_emsc_pick
ev_KO_CEYT_.emsc_event_20230304_0000030,quakeml:eu.emsc/event/20230304_0000030,KO.CEYT,4510.0,4590.0,80.0,updated
ev_KO_URFA_.emsc_event_20230307_0000226,quakeml:eu.emsc/event/20230307_0000226,KO.URFA,4966.0,4930.0,-36.0,updated
ev_KO_CEYT_.emsc_event_20230306_0000171,quakeml:eu.emsc/event/20230306_0000171,KO.CEYT,4537.0,4580.0,43.0,updated
ev_KO_DARE_.emsc_event_20230507_0000028,quakeml:eu.emsc/event/20230507_0000028,KO.DARE,3439.0,3410.0,-29.0,updated
ev_KO_BNN_.emsc_event_20230418_0000136,quakeml:eu.emsc/event/20230418_0000136,KO.BNN,3880.0,3820.0,-60.0,updated
ev_KO_SARI_.emsc_event_20230307_0000108,quakeml:eu.emsc/event/20230307_0000108,KO.SARI,5170.0,5220.0,50.0,updated
ev_KO_SVRC_.emsc_event_20230312_0000204,quakeml:eu.emsc/event/20230312_0000204,KO.SVRC,5461.0,5450.0,-11.0,updated
ev_KO_CEYT_.emsc_event_20230307_0000269,quakeml:eu.emsc/event/20230307_0000269,KO.CEYT,5579.0,5640.0,61.0,updated
ev_KO_SARI_.emsc_event_20230306_0000204,quakeml:eu.emsc/event/20230306_0000204,KO.SARI,4314.0,4400.0,86.0,updated
ev_KO_BNN_.emsc_event_20230805_0000097,quakeml:eu.emsc/event/20230805_0000097,KO.BNN,5351.0,5400.0,49.0,updated
ev_KO_GAZ_.emsc_event_20230308_0000238,quakeml:eu.emsc/event/20230308_0000238,KO.GAZ,5612.0,5660.0,48.0,updated
ev_KO_TAHT_.emsc_event_20230308_0000070,quakeml:eu.emsc/event/20230308_0000070,KO.TAHT,5526.0,,,no_emsc_pick
ev_KO_DARE_.emsc_event_20230308_0000080,quakeml:eu.emsc/event/20230308_0000080,KO.DARE,4544.0,4590.0,46.0,updated
ev_KO_GAZ_.emsc_event_20230304_0000148,quakeml:eu.emsc/event/20230304_0000148,KO.GAZ,5015.0,,,no_emsc_pick
ev_KO_GAZ_.emsc_event_20230306_0000009,quakeml:eu.emsc/event/20230306_0000009,KO.GAZ,5762.0,,,no_emsc_pick
ev_KO_TAHT_.emsc_event_20230304_0000300,quakeml:eu.emsc/event/20230304_0000300,KO.TAHT,5976.0,5940.0,-36.0,updated
ev_KO_SVRC_.emsc_event_20230307_0000004,quakeml:eu.emsc/event/20230307_0000004,KO.SVRC,5807.0,5830.0,23.0,updated
ev_KO_SVRC_.emsc_event_20230307_0000010,quakeml:eu.emsc/event/20230307_0000010,KO.SVRC,5961.0,,,no_emsc_pick
ev_KO_KOZT_.emsc_event_20230307_0000059,quakeml:eu.emsc/event/20230307_0000059,KO.KOZT,4512.0,,,no_emsc_pick
ev_KO_DARE_.emsc_event_20230729_0000143,quakeml:eu.emsc/event/20230729_0000143,KO.DARE,4687.0,4750.0,63.0,updated
ev_KO_KMRS_.emsc_event_20230306_0000084,quakeml:eu.emsc/event/20230306_0000084,KO.KMRS,4230.0,4290.0,60.0,updated
ev_KO_TAHT_.emsc_event_20230305_0000030,quakeml:eu.emsc/event/20230305_0000030,KO.TAHT,5401.0,5480.0,79.0,updated
ev_KO_DARE_.emsc_event_20230415_0000202,quakeml:eu.emsc/event/20230415_0000202,KO.DARE,5213.0,5190.0,-23.0,updated
ev_KO_GAZ_.emsc_event_20230305_0000278,quakeml:eu.emsc/event/20230305_0000278,KO.GAZ,4681.0,4700.0,19.0,updated
ev_KO_SARI_.emsc_event_20230503_0000223,quakeml:eu.emsc/event/20230503_0000223,KO.SARI,5560.0,5610.0,50.0,updated
ev_KO_GAZ_.emsc_event_20230304_0000174,quakeml:eu.emsc/event/20230304_0000174,KO.GAZ,5768.0,5850.0,82.0,updated
ev_KO_GAZ_.emsc_event_20230304_0000160,quakeml:eu.emsc/event/20230304_0000160,KO.GAZ,4691.0,,,no_emsc_pick
ev_KO_SARI_.emsc_event_20230503_0000237,quakeml:eu.emsc/event/20230503_0000237,KO.SARI,4078.0,4110.0,32.0,updated
ev_KO_TAHT_.emsc_event_20230306_0000269,quakeml:eu.emsc/event/20230306_0000269,KO.TAHT,3708.0,3760.0,52.0,updated
ev_KO_URFA_.emsc_event_20230313_0000316,quakeml:eu.emsc/event/20230313_0000316,KO.URFA,4477.0,4600.0,123.0,updated
ev_KO_BNN_.emsc_event_20230509_0000145,quakeml:eu.emsc/event/20230509_0000145,KO.BNN,5980.0,,,no_emsc_pick
ev_KO_GULA_.emsc_event_20230725_0000202,quakeml:eu.emsc/event/20230725_0000202,KO.GULA,5687.0,5740.0,53.0,updated
ev_KO_SVRC_.emsc_event_20230306_0000320,quakeml:eu.emsc/event/20230306_0000320,KO.SVRC,5706.0,5730.0,24.0,updated
ev_KO_BNN_.emsc_event_20230304_0000047,quakeml:eu.emsc/event/20230304_0000047,KO.BNN,5024.0,5100.0,76.0,updated
ev_KO_GAZ_.emsc_event_20230304_0000176,quakeml:eu.emsc/event/20230304_0000176,KO.GAZ,5124.0,5170.0,46.0,updated
ev_KO_KOZT_.emsc_event_20230307_0000073,quakeml:eu.emsc/event/20230307_0000073,KO.KOZT,4182.0,4270.0,88.0,updated
ev_KO_URFA_.emsc_event_20230313_0000300,quakeml:eu.emsc/event/20230313_0000300,KO.URFA,5059.0,5040.0,-19.0,updated
ev_KO_KOZT_.emsc_event_20230305_0000132,quakeml:eu.emsc/event/20230305_0000132,KO.KOZT,4443.0,4350.0,-93.0,updated
ev_KO_GAZ_.emsc_event_20230306_0000037,quakeml:eu.emsc/event/20230306_0000037,KO.GAZ,4867.0,5010.0,143.0,updated
ev_KO_SVRC_.emsc_event_20230304_0000277,quakeml:eu.emsc/event/20230304_0000277,KO.SVRC,3442.0,3250.0,-192.0,updated
ev_KO_TAHT_.emsc_event_20230305_0000026,quakeml:eu.emsc/event/20230305_0000026,KO.TAHT,3868.0,3880.0,12.0,updated
ev_KO_BNN_.emsc_event_20230413_0000248,quakeml:eu.emsc/event/20230413_0000248,KO.BNN,5583.0,5530.0,-53.0,updated
ev_KO_SVRC_.emsc_event_20230306_0000322,quakeml:eu.emsc/event/20230306_0000322,KO.SVRC,5252.0,5340.0,88.0,updated
ev_KO_SVRC_.emsc_event_20230304_0000263,quakeml:eu.emsc/event/20230304_0000263,KO.SVRC,5730.0,,,no_emsc_pick
ev_KO_GAZ_.emsc_event_20230306_0000023,quakeml:eu.emsc/event/20230306_0000023,KO.GAZ,4554.0,4670.0,116.0,updated
ev_KO_CEYT_.emsc_event_20230505_0000297,quakeml:eu.emsc/event/20230505_0000297,KO.CEYT,4939.0,5010.0,71.0,updated
ev_KO_KOZT_.emsc_event_20230307_0000067,quakeml:eu.emsc/event/20230307_0000067,KO.KOZT,5644.0,5730.0,86.0,updated
ev_KO_URFA_.emsc_event_20230614_0000049,quakeml:eu.emsc/event/20230614_0000049,KO.URFA,4897.0,4910.0,13.0,updated
ev_KO_URFA_.emsc_event_20230207_0000202,quakeml:eu.emsc/event/20230207_0000202,KO.URFA,5971.0,,,no_emsc_pick
ev_KO_SVRC_.emsc_event_20230424_0000254,quakeml:eu.emsc/event/20230424_0000254,KO.SVRC,4505.0,4500.0,-5.0,updated
ev_KO_DARE_.emsc_event_20230308_0000082,quakeml:eu.emsc/event/20230308_0000082,KO.DARE,5460.0,,,no_emsc_pick
ev_KO_KOZT_.emsc_event_20230304_0000202,quakeml:eu.emsc/event/20230304_0000202,KO.KOZT,4307.0,4270.0,-37.0,updated
ev_KO_MERS_.emsc_event_20230505_0000297,quakeml:eu.emsc/event/20230505_0000297,KO.MERS,5776.0,5850.0,74.0,updated
ev_KO_BNN_.emsc_event_20230306_0000138,quakeml:eu.emsc/event/20230306_0000138,KO.BNN,4982.0,5010.0,28.0,updated
ev_KO_KOZT_.emsc_event_20230304_0000216,quakeml:eu.emsc/event/20230304_0000216,KO.KOZT,4961.0,4970.0,9.0,updated
ev_KO_SVRC_.emsc_event_20230330_0000200,quakeml:eu.emsc/event/20230330_0000200,KO.SVRC,4684.0,4700.0,16.0,updated
ev_KO_BNN_.emsc_event_20230307_0000234,quakeml:eu.emsc/event/20230307_0000234,KO.BNN,4742.0,4890.0,148.0,updated
ev_KO_CEYT_.emsc_event_20230306_0000173,quakeml:eu.emsc/event/20230306_0000173,KO.CEYT,5356.0,5500.0,144.0,updated
ev_KO_URFA_.emsc_event_20230307_0000224,quakeml:eu.emsc/event/20230307_0000224,KO.URFA,4912.0,,,no_emsc_pick
ev_KO_GULA_.emsc_event_20230710_0000184,quakeml:eu.emsc/event/20230710_0000184,KO.GULA,5953.0,,,no_emsc_pick
ev_KO_BNN_.emsc_event_20230304_0000092,quakeml:eu.emsc/event/20230304_0000092,KO.BNN,4902.0,4990.0,88.0,updated
ev_KO_URFA_.emsc_event_20230805_0000091,quakeml:eu.emsc/event/20230805_0000091,KO.URFA,5745.0,5810.0,65.0,updated
ev_KO_CEYT_.emsc_event_20230530_0000107,quakeml:eu.emsc/event/20230530_0000107,KO.CEYT,5085.0,5080.0,-5.0,updated
ev_KO_DARE_.emsc_event_20230308_0000069,quakeml:eu.emsc/event/20230308_0000069,KO.DARE,3861.0,3830.0,-31.0,updated
ev_KO_TAHT_.emsc_event_20230308_0000099,quakeml:eu.emsc/event/20230308_0000099,KO.TAHT,3485.0,3430.0,-55.0,updated
ev_KO_BNN_.emsc_event_20230301_0000108,quakeml:eu.emsc/event/20230301_0000108,KO.BNN,3874.0,3960.0,86.0,updated
ev_KO_SARI_.emsc_event_20230308_0000037,quakeml:eu.emsc/event/20230308_0000037,KO.SARI,3625.0,3670.0,45.0,updated
ev_KO_KMRS_.emsc_event_20230308_0000248,quakeml:eu.emsc/event/20230308_0000248,KO.KMRS,5000.0,4970.0,-30.0,updated
ev_KO_TAHT_.emsc_event_20230306_0000280,quakeml:eu.emsc/event/20230306_0000280,KO.TAHT,5789.0,,,no_emsc_pick
ev_KO_URFA_.emsc_event_20230307_0000218,quakeml:eu.emsc/event/20230307_0000218,KO.URFA,5003.0,4970.0,-33.0,updated
ev_KO_CEYT_.emsc_event_20230711_0000186,quakeml:eu.emsc/event/20230711_0000186,KO.CEYT,5312.0,,,no_emsc_pick
ev_KO_KMRS_.emsc_event_20230304_0000110,quakeml:eu.emsc/event/20230304_0000110,KO.KMRS,3572.0,3460.0,-112.0,updated
ev_KO_SARI_.emsc_event_20230309_0000313,quakeml:eu.emsc/event/20230309_0000313,KO.SARI,5053.0,5110.0,57.0,updated
ev_KO_DARE_.emsc_event_20230308_0000041,quakeml:eu.emsc/event/20230308_0000041,KO.DARE,3972.0,3880.0,-92.0,updated
ev_KO_DYBB_.emsc_event_20230226_0000180,quakeml:eu.emsc/event/20230226_0000180,KO.DYBB,5924.0,,,no_emsc_pick
ev_KO_SARI_.emsc_event_20230709_0000064,quakeml:eu.emsc/event/20230709_0000064,KO.SARI,5285.0,5350.0,65.0,updated
ev_KO_KMRS_.emsc_event_20230306_0000045,quakeml:eu.emsc/event/20230306_0000045,KO.KMRS,5444.0,5470.0,26.0,updated
ev_KO_DARE_.emsc_event_20230307_0000168,quakeml:eu.emsc/event/20230307_0000168,KO.DARE,4267.0,4360.0,93.0,updated
ev_KO_KMRS_.emsc_event_20230308_0000274,quakeml:eu.emsc/event/20230308_0000274,KO.KMRS,5469.0,5540.0,71.0,updated
ev_KO_DARE_.emsc_event_20230306_0000264,quakeml:eu.emsc/event/20230306_0000264,KO.DARE,4183.0,4150.0,-33.0,updated
ev_KO_BNN_.emsc_event_20230313_0000310,quakeml:eu.emsc/event/20230313_0000310,KO.BNN,3766.0,3810.0,44.0,updated
ev_KO_SARI_.emsc_event_20230307_0000136,quakeml:eu.emsc/event/20230307_0000136,KO.SARI,3825.0,,,no_emsc_pick
ev_KO_SVRC_.emsc_event_20230305_0000190,quakeml:eu.emsc/event/20230305_0000190,KO.SVRC,5937.0,,,no_emsc_pick
ev_KO_SVRC_.emsc_event_20230304_0000075,quakeml:eu.emsc/event/20230304_0000075,KO.SVRC,5257.0,5200.0,-57.0,updated
ev_KO_GAZ_.emsc_event_20230308_0000004,quakeml:eu.emsc/event/20230308_0000004,KO.GAZ,4614.0,4670.0,56.0,updated
ev_KO_GAZ_.emsc_event_20230306_0000235,quakeml:eu.emsc/event/20230306_0000235,KO.GAZ,4566.0,4450.0,-116.0,updated
ev_KO_BNN_.emsc_event_20230302_0000190,quakeml:eu.emsc/event/20230302_0000190,KO.BNN,5236.0,,,no_emsc_pick
ev_KO_KOZT_.emsc_event_20230307_0000271,quakeml:eu.emsc/event/20230307_0000271,KO.KOZT,5647.0,5800.0,153.0,updated
ev_KO_KOZT_.emsc_event_20230307_0000265,quakeml:eu.emsc/event/20230307_0000265,KO.KOZT,5986.0,5960.0,-26.0,updated
ev_KO_GAZ_.emsc_event_20230306_0000221,quakeml:eu.emsc/event/20230306_0000221,KO.GAZ,5109.0,5150.0,41.0,updated
ev_KO_KOZT_.emsc_event_20230306_0000169,quakeml:eu.emsc/event/20230306_0000169,KO.KOZT,4202.0,4350.0,148.0,updated
ev_KO_KOZT_.emsc_event_20230304_0000028,quakeml:eu.emsc/event/20230304_0000028,KO.KOZT,4347.0,4430.0,83.0,updated
ev_KO_TAHT_.emsc_event_20230308_0000258,quakeml:eu.emsc/event/20230308_0000258,KO.TAHT,5292.0,5250.0,-42.0,updated
ev_KO_BNN_.emsc_event_20230717_0000024,quakeml:eu.emsc/event/20230717_0000024,KO.BNN,5507.0,5610.0,103.0,updated
ev_KO_SVRC_.emsc_event_20230304_0000049,quakeml:eu.emsc/event/20230304_0000049,KO.SVRC,5332.0,,,no_emsc_pick
ev_KO_GAZ_.emsc_event_20230308_0000038,quakeml:eu.emsc/event/20230308_0000038,KO.GAZ,5064.0,5120.0,56.0,updated
ev_KO_GAZ_.emsc_event_20230307_0000105,quakeml:eu.emsc/event/20230307_0000105,KO.GAZ,4557.0,4570.0,13.0,updated
ev_KO_TAHT_.emsc_event_20230308_0000270,quakeml:eu.emsc/event/20230308_0000270,KO.TAHT,3729.0,3790.0,61.0,updated
ev_KO_DARE_.emsc_event_20230805_0000108,quakeml:eu.emsc/event/20230805_0000108,KO.DARE,3650.0,3690.0,40.0,updated
ev_KO_TAHT_.emsc_event_20230304_0000114,quakeml:eu.emsc/event/20230304_0000114,KO.TAHT,5354.0,5380.0,26.0,updated
ev_KO_BNN_.emsc_event_20230319_0000162,quakeml:eu.emsc/event/20230319_0000162,KO.BNN,4778.0,4730.0,-48.0,updated
ev_KO_GAZ_.emsc_event_20230307_0000111,quakeml:eu.emsc/event/20230307_0000111,KO.GAZ,4424.0,4420.0,-4.0,updated
ev_KO_KMRS_.emsc_event_20230306_0000284,quakeml:eu.emsc/event/20230306_0000284,KO.KMRS,4322.0,,,no_emsc_pick
ev_KO_GAZ_.emsc_event_20230305_0000050,quakeml:eu.emsc/event/20230305_0000050,KO.GAZ,5305.0,5320.0,15.0,updated
ev_KO_SARI_.emsc_event_20230306_0000010,quakeml:eu.emsc/event/20230306_0000010,KO.SARI,4835.0,,,no_emsc_pick
ev_KO_DARE_.emsc_event_20230305_0000203,quakeml:eu.emsc/event/20230305_0000203,KO.DARE,4136.0,4250.0,114.0,updated
ev_KO_KMRS_.emsc_event_20230305_0000022,quakeml:eu.emsc/event/20230305_0000022,KO.KMRS,5804.0,,,no_emsc_pick
ev_KO_URFA_.emsc_event_20230227_0000147,quakeml:eu.emsc/event/20230227_0000147,KO.URFA,5059.0,5040.0,-19.0,updated
ev_KO_URFA_.emsc_event_20230307_0000032,quakeml:eu.emsc/event/20230307_0000032,KO.URFA,4502.0,4600.0,98.0,updated
ev_KO_SARI_.emsc_event_20230308_0000235,quakeml:eu.emsc/event/20230308_0000235,KO.SARI,5572.0,5750.0,178.0,updated
ev_KO_CEYT_.emsc_event_20230307_0000069,quakeml:eu.emsc/event/20230307_0000069,KO.CEYT,5119.0,5110.0,-9.0,updated
ev_KO_DARE_.emsc_event_20230506_0000124,quakeml:eu.emsc/event/20230506_0000124,KO.DARE,5100.0,,,no_emsc_pick
ev_KO_URFA_.emsc_event_20230304_0000257,quakeml:eu.emsc/event/20230304_0000257,KO.URFA,4987.0,5090.0,103.0,updated
ev_KO_KMRS_.emsc_event_20230308_0000062,quakeml:eu.emsc/event/20230308_0000062,KO.KMRS,5491.0,5490.0,-1.0,updated
ev_KO_DARE_.emsc_event_20230304_0000133,quakeml:eu.emsc/event/20230304_0000133,KO.DARE,5234.0,5280.0,46.0,updated
ev_KO_SARI_.emsc_event_20230305_0000261,quakeml:eu.emsc/event/20230305_0000261,KO.SARI,4319.0,4390.0,71.0,updated
ev_KO_SVRC_.emsc_event_20230607_0000169,quakeml:eu.emsc/event/20230607_0000169,KO.SVRC,5639.0,,,no_emsc_pick
ev_KO_DARE_.emsc_event_20230306_0000066,quakeml:eu.emsc/event/20230306_0000066,KO.DARE,5083.0,5080.0,-3.0,updated
ev_KO_TAHT_.emsc_event_20230306_0000096,quakeml:eu.emsc/event/20230306_0000096,KO.TAHT,5898.0,,,no_emsc_pick
ev_KO_KMRS_.emsc_event_20230308_0000076,quakeml:eu.emsc/event/20230308_0000076,KO.KMRS,3874.0,3950.0,76.0,updated
ev_KO_SARI_.emsc_event_20230308_0000209,quakeml:eu.emsc/event/20230308_0000209,KO.SARI,3939.0,4060.0,121.0,updated
ev_KO_GAZ_.emsc_event_20230305_0000093,quakeml:eu.emsc/event/20230305_0000093,KO.GAZ,5356.0,5390.0,34.0,updated
ev_KO_DARE_.emsc_event_20230308_0000257,quakeml:eu.emsc/event/20230308_0000257,KO.DARE,4688.0,4730.0,42.0,updated
ev_KO_KMRS_.emsc_event_20230304_0000306,quakeml:eu.emsc/event/20230304_0000306,KO.KMRS,4681.0,,,no_emsc_pick
ev_KO_URFA_.emsc_event_20230306_0000302,quakeml:eu.emsc/event/20230306_0000302,KO.URFA,5503.0,5460.0,-43.0,updated
ev_KO_CEYT_.emsc_event_20230307_0000055,quakeml:eu.emsc/event/20230307_0000055,KO.CEYT,5204.0,,,no_emsc_pick
ev_KO_KOZT_.emsc_event_20230304_0000148,quakeml:eu.emsc/event/20230304_0000148,KO.KOZT,5589.0,,,no_emsc_pick
ev_KO_BNN_.emsc_event_20230304_0000327,quakeml:eu.emsc/event/20230304_0000327,KO.BNN,4833.0,4840.0,7.0,updated
ev_KO_KOZT_.emsc_event_20230308_0000238,quakeml:eu.emsc/event/20230308_0000238,KO.KOZT,5431.0,5450.0,19.0,updated
ev_KO_TAHT_.emsc_event_20230306_0000109,quakeml:eu.emsc/event/20230306_0000109,KO.TAHT,3577.0,3440.0,-137.0,updated
ev_KO_BNN_.emsc_event_20230405_0000198,quakeml:eu.emsc/event/20230405_0000198,KO.BNN,4885.0,4880.0,-5.0,updated
ev_KO_GAZ_.emsc_event_20230305_0000118,quakeml:eu.emsc/event/20230305_0000118,KO.GAZ,5675.0,5770.0,95.0,updated
ev_KO_SARI_.emsc_event_20230224_0000193,quakeml:eu.emsc/event/20230224_0000193,KO.SARI,5887.0,,,no_emsc_pick
ev_KO_GAZ_.emsc_event_20230307_0000059,quakeml:eu.emsc/event/20230307_0000059,KO.GAZ,3755.0,,,no_emsc_pick
ev_KO_CEYT_.emsc_event_20230503_0000222,quakeml:eu.emsc/event/20230503_0000222,KO.CEYT,5071.0,,,no_emsc_pick
ev_KO_BNN_.emsc_event_20230507_0000028,quakeml:eu.emsc/event/20230507_0000028,KO.BNN,5397.0,5430.0,33.0,updated
ev_KO_KOZT_.emsc_event_20230304_0000174,quakeml:eu.emsc/event/20230304_0000174,KO.KOZT,5664.0,5750.0,86.0,updated
ev_KO_DARE_.emsc_event_20230304_0000084,quakeml:eu.emsc/event/20230304_0000084,KO.DARE,5776.0,,,no_emsc_pick
ev_KO_KOZT_.emsc_event_20230305_0000278,quakeml:eu.emsc/event/20230305_0000278,KO.KOZT,4356.0,4390.0,34.0,updated
ev_KO_TAHT_.emsc_event_20230326_0000099,quakeml:eu.emsc/event/20230326_0000099,KO.TAHT,5722.0,5720.0,-2.0,updated
ev_KO_URFA_.emsc_event_20230308_0000084,quakeml:eu.emsc/event/20230308_0000084,KO.URFA,4069.0,,,no_emsc_pick
ev_KO_CEYT_.emsc_event_20230320_0000095,quakeml:eu.emsc/event/20230320_0000095,KO.CEYT,4635.0,,,no_emsc_pick
ev_KO_KOZT_.emsc_event_20230304_0000160,quakeml:eu.emsc/event/20230304_0000160,KO.KOZT,5498.0,5430.0,-68.0,updated
ev_KO_BNN_.emsc_event_20230729_0000143,quakeml:eu.emsc/event/20230729_0000143,KO.BNN,4839.0,4940.0,101.0,updated
ev_KO_CEYT_.emsc_event_20230307_0000109,quakeml:eu.emsc/event/20230307_0000109,KO.CEYT,5449.0,5420.0,-29.0,updated
ev_KO_CEYT_.emsc_event_20230316_0000160,quakeml:eu.emsc/event/20230316_0000160,KO.CEYT,5291.0,,,no_emsc_pick
ev_KO_MERS_.emsc_event_20230719_0000316,quakeml:eu.emsc/event/20230719_0000316,KO.MERS,5550.0,5640.0,90.0,updated
ev_KO_KOZT_.emsc_event_20230305_0000293,quakeml:eu.emsc/event/20230305_0000293,KO.KOZT,5693.0,5770.0,77.0,updated
ev_KO_MERS_.emsc_event_20230307_0000135,quakeml:eu.emsc/event/20230307_0000135,KO.MERS,5457.0,5500.0,43.0,updated
ev_KO_KMRS_.emsc_event_20230305_0000142,quakeml:eu.emsc/event/20230305_0000142,KO.KMRS,5775.0,5940.0,165.0,updated
ev_KO_MERS_.emsc_event_20230305_0000074,quakeml:eu.emsc/event/20230305_0000074,KO.MERS,5727.0,5800.0,73.0,updated
ev_KO_URFA_.emsc_event_20230305_0000007,quakeml:eu.emsc/event/20230305_0000007,KO.URFA,4495.0,4450.0,-45.0,updated
ev_KO_KMRS_.emsc_event_20230307_0000003,quakeml:eu.emsc/event/20230307_0000003,KO.KMRS,4112.0,4200.0,88.0,updated
ev_KO_MERS_.emsc_event_20230709_0000067,quakeml:eu.emsc/event/20230709_0000067,KO.MERS,5942.0,,,no_emsc_pick
ev_KO_CEYT_.emsc_event_20230307_0000135,quakeml:eu.emsc/event/20230307_0000135,KO.CEYT,4482.0,4540.0,58.0,updated
ev_KO_SARI_.emsc_event_20230508_0000217,quakeml:eu.emsc/event/20230508_0000217,KO.SARI,3952.0,,,no_emsc_pick
ev_KO_KMRS_.emsc_event_20230304_0000266,quakeml:eu.emsc/event/20230304_0000266,KO.KMRS,5739.0,5830.0,91.0,updated
ev_KO_DYBB_.emsc_event_20230427_0000090,quakeml:eu.emsc/event/20230427_0000090,KO.DYBB,5276.0,,,no_emsc_pick
ev_KO_CEYT_.emsc_event_20230305_0000074,quakeml:eu.emsc/event/20230305_0000074,KO.CEYT,4741.0,4760.0,19.0,updated
ev_KO_KMRS_.emsc_event_20230308_0000116,quakeml:eu.emsc/event/20230308_0000116,KO.KMRS,4043.0,4040.0,-3.0,updated
ev_KO_SARI_.emsc_event_20230307_0000254,quakeml:eu.emsc/event/20230307_0000254,KO.SARI,5133.0,5130.0,-3.0,updated
ev_KO_CEYT_.emsc_event_20230709_0000067,quakeml:eu.emsc/event/20230709_0000067,KO.CEYT,4727.0,4730.0,3.0,updated
ev_KO_SARI_.emsc_event_20230307_0000240,quakeml:eu.emsc/event/20230307_0000240,KO.SARI,5995.0,,,no_emsc_pick
ev_KO_SARI_.emsc_event_20230616_0000193,quakeml:eu.emsc/event/20230616_0000193,KO.SARI,4713.0,,,no_emsc_pick
ev_KO_DYBB_.emsc_event_20230219_0000116,quakeml:eu.emsc/event/20230219_0000116,KO.DYBB,5821.0,,,no_emsc_pick
ev_KO_KMRS_.emsc_event_20230308_0000102,quakeml:eu.emsc/event/20230308_0000102,KO.KMRS,5721.0,,,no_emsc_pick
ev_KO_CEYT_.emsc_event_20230307_0000121,quakeml:eu.emsc/event/20230307_0000121,KO.CEYT,5931.0,5950.0,19.0,updated
ev_KO_KMRS_.emsc_event_20230304_0000272,quakeml:eu.emsc/event/20230304_0000272,KO.KMRS,4361.0,4320.0,-41.0,updated
ev_KO_DARE_.emsc_event_20230218_0000276,quakeml:eu.emsc/event/20230218_0000276,KO.DARE,5220.0,5200.0,-20.0,updated
ev_KO_KARA_.emsc_event_20230615_0000035,quakeml:eu.emsc/event/20230615_0000035,KO.KARA,4760.0,4710.0,-50.0,updated
ev_KO_BNN_.emsc_event_20230304_0000131,quakeml:eu.emsc/event/20230304_0000131,KO.BNN,4884.0,4950.0,66.0,updated
ev_KO_DYBB_.emsc_event_20230508_0000225,quakeml:eu.emsc/event/20230508_0000225,KO.DYBB,5585.0,,,no_emsc_pick
ev_KO_GAZ_.emsc_event_20230306_0000157,quakeml:eu.emsc/event/20230306_0000157,KO.GAZ,4925.0,4950.0,25.0,updated
ev_KO_SARI_.emsc_event_20230308_0000180,quakeml:eu.emsc/event/20230308_0000180,KO.SARI,5016.0,5060.0,44.0,updated
ev_KO_KOZT_.emsc_event_20230308_0000006,quakeml:eu.emsc/event/20230308_0000006,KO.KOZT,4011.0,4130.0,119.0,updated
ev_KO_DARE_.emsc_event_20230304_0000286,quakeml:eu.emsc/event/20230304_0000286,KO.DARE,3978.0,3980.0,2.0,updated
ev_KO_URFA_.emsc_event_20230423_0000132,quakeml:eu.emsc/event/20230423_0000132,KO.URFA,4628.0,4660.0,32.0,updated
ev_KO_URFA_.emsc_event_20230421_0000073,quakeml:eu.emsc/event/20230421_0000073,KO.URFA,5711.0,5820.0,109.0,updated
ev_KO_CEYT_.emsc_event_20230731_0000189,quakeml:eu.emsc/event/20230731_0000189,KO.CEYT,5306.0,,,no_emsc_pick
ev_KO_TAHT_.emsc_event_20230308_0000106,quakeml:eu.emsc/event/20230308_0000106,KO.TAHT,5793.0,,,no_emsc_pick
ev_KO_SARI_.emsc_event_20230502_0000065,quakeml:eu.emsc/event/20230502_0000065,KO.SARI,4006.0,4010.0,4.0,updated
ev_KO_KOZT_.emsc_event_20230306_0000223,quakeml:eu.emsc/event/20230306_0000223,KO.KOZT,3725.0,3750.0,25.0,updated
ev_KO_CEYT_.emsc_event_20230311_0000346,quakeml:eu.emsc/event/20230311_0000346,KO.CEYT,4824.0,4830.0,6.0,updated
ev_KO_TAHT_.emsc_event_20230306_0000323,quakeml:eu.emsc/event/20230306_0000323,KO.TAHT,3581.0,3610.0,29.0,updated
ev_KO_SVRC_.emsc_event_20230305_0000027,quakeml:eu.emsc/event/20230305_0000027,KO.SVRC,4451.0,4490.0,39.0,updated
ev_KO_BNN_.emsc_event_20230307_0000340,quakeml:eu.emsc/event/20230307_0000340,KO.BNN,5776.0,,,no_emsc_pick
ev_KO_DARE_.emsc_event_20230304_0000292,quakeml:eu.emsc/event/20230304_0000292,KO.DARE,5325.0,5340.0,15.0,updated
ev_KO_BNN_.emsc_event_20230305_0000201,quakeml:eu.emsc/event/20230305_0000201,KO.BNN,5976.0,,,no_emsc_pick
ev_KO_SVRC_.emsc_event_20230307_0000166,quakeml:eu.emsc/event/20230307_0000166,KO.SVRC,4673.0,4730.0,57.0,updated
ev_KO_CEYT_.emsc_event_20230306_0000007,quakeml:eu.emsc/event/20230306_0000007,KO.CEYT,5525.0,5430.0,-95.0,updated
ev_KO_URFA_.emsc_event_20230305_0000211,quakeml:eu.emsc/event/20230305_0000211,KO.URFA,4851.0,,,no_emsc_pick
ev_KO_SARI_.emsc_event_20230331_0000174,quakeml:eu.emsc/event/20230331_0000174,KO.SARI,4298.0,4280.0,-18.0,updated
ev_KO_KMRS_.emsc_event_20230307_0000215,quakeml:eu.emsc/event/20230307_0000215,KO.KMRS,5510.0,5560.0,50.0,updated
ev_KO_CEYT_.emsc_event_20230731_0000176,quakeml:eu.emsc/event/20230731_0000176,KO.CEYT,5664.0,,,no_emsc_pick
ev_KO_DARE_.emsc_event_20230307_0000034,quakeml:eu.emsc/event/20230307_0000034,KO.DARE,5275.0,5270.0,-5.0,updated
ev_KO_SARI_.emsc_event_20230312_0000295,quakeml:eu.emsc/event/20230312_0000295,KO.SARI,3804.0,3870.0,66.0,updated
ev_KO_BNN_.emsc_event_20230308_0000282,quakeml:eu.emsc/event/20230308_0000282,KO.BNN,5419.0,5470.0,51.0,updated
ev_KO_CEYT_.emsc_event_20230306_0000013,quakeml:eu.emsc/event/20230306_0000013,KO.CEYT,5548.0,5590.0,42.0,updated
ev_KO_SARI_.emsc_event_20230307_0000056,quakeml:eu.emsc/event/20230307_0000056,KO.SARI,4434.0,4550.0,116.0,updated
ev_KO_DARE_.emsc_event_20230612_0000159,quakeml:eu.emsc/event/20230612_0000159,KO.DARE,4208.0,4240.0,32.0,updated
ev_KO_DARE_.emsc_event_20230307_0000008,quakeml:eu.emsc/event/20230307_0000008,KO.DARE,4359.0,4450.0,91.0,updated
ev_KO_KMRS_.emsc_event_20230306_0000125,quakeml:eu.emsc/event/20230306_0000125,KO.KMRS,4569.0,4610.0,41.0,updated
ev_KO_DARE_.emsc_event_20230308_0000135,quakeml:eu.emsc/event/20230308_0000135,KO.DARE,5205.0,5190.0,-15.0,updated
ev_KO_URFA_.emsc_event_20230306_0000060,quakeml:eu.emsc/event/20230306_0000060,KO.URFA,5003.0,5060.0,57.0,updated
ev_KO_KMRS_.emsc_event_20230304_0000070,quakeml:eu.emsc/event/20230304_0000070,KO.KMRS,3285.0,3330.0,45.0,updated
ev_KO_CEYT_.emsc_event_20230305_0000262,quakeml:eu.emsc/event/20230305_0000262,KO.CEYT,4946.0,4920.0,-26.0,updated
ev_KO_DARE_.emsc_event_20230304_0000251,quakeml:eu.emsc/event/20230304_0000251,KO.DARE,5771.0,5860.0,89.0,updated
ev_KO_CEYT_.emsc_event_20230428_0000201,quakeml:eu.emsc/event/20230428_0000201,KO.CEYT,5050.0,,,no_emsc_pick
ev_KO_BNN_.emsc_event_20230422_0000213,quakeml:eu.emsc/event/20230422_0000213,KO.BNN,5064.0,4990.0,-74.0,updated
ev_KO_SARI_.emsc_event_20230307_0000043,quakeml:eu.emsc/event/20230307_0000043,KO.SARI,4298.0,4400.0,102.0,updated
ev_KO_URFA_.emsc_event_20230305_0000238,quakeml:eu.emsc/event/20230305_0000238,KO.URFA,5146.0,5150.0,4.0,updated
ev_KO_URFA_.emsc_event_20230308_0000244,quakeml:eu.emsc/event/20230308_0000244,KO.URFA,4500.0,4580.0,80.0,updated
ev_KO_DARE_.emsc_event_20230304_0000250,quakeml:eu.emsc/event/20230304_0000250,KO.DARE,3721.0,3770.0,49.0,updated
ev_KO_URFA_.emsc_event_20230716_0000073,quakeml:eu.emsc/event/20230716_0000073,KO.URFA,5649.0,,,no_emsc_pick
ev_KO_DARE_.emsc_event_20230309_0000238,quakeml:eu.emsc/event/20230309_0000238,KO.DARE,4772.0,4780.0,8.0,updated
ev_KO_SARI_.emsc_event_20230305_0000116,quakeml:eu.emsc/event/20230305_0000116,KO.SARI,3643.0,3710.0,67.0,updated
ev_KO_SARI_.emsc_event_20230307_0000057,quakeml:eu.emsc/event/20230307_0000057,KO.SARI,4021.0,,,no_emsc_pick
ev_KO_URFA_.emsc_event_20230308_0000250,quakeml:eu.emsc/event/20230308_0000250,KO.URFA,5684.0,5790.0,106.0,updated
ev_KO_CEYT_.emsc_event_20230307_0000336,quakeml:eu.emsc/event/20230307_0000336,KO.CEYT,4997.0,5030.0,33.0,updated
ev_KO_DARE_.emsc_event_20230305_0000148,quakeml:eu.emsc/event/20230305_0000148,KO.DARE,3959.0,4020.0,61.0,updated
ev_KO_DARE_.emsc_event_20230307_0000009,quakeml:eu.emsc/event/20230307_0000009,KO.DARE,3697.0,3790.0,93.0,updated
ev_KO_SARI_.emsc_event_20230304_0000232,quakeml:eu.emsc/event/20230304_0000232,KO.SARI,5492.0,5660.0,168.0,updated
ev_KO_CEYT_.emsc_event_20230429_0000130,quakeml:eu.emsc/event/20230429_0000130,KO.CEYT,5990.0,,,no_emsc_pick
ev_KO_SARI_.emsc_event_20230308_0000142,quakeml:eu.emsc/event/20230308_0000142,KO.SARI,3942.0,4050.0,108.0,updated
ev_KO_URFA_.emsc_event_20230308_0000278,quakeml:eu.emsc/event/20230308_0000278,KO.URFA,5147.0,5160.0,13.0,updated
ev_KO_KOZT_.emsc_event_20230305_0000084,quakeml:eu.emsc/event/20230305_0000084,KO.KOZT,4520.0,,,no_emsc_pick
ev_KO_GAZ_.emsc_event_20230306_0000181,quakeml:eu.emsc/event/20230306_0000181,KO.GAZ,5986.0,,,no_emsc_pick
ev_KO_CEYT_.emsc_event_20230306_0000006,quakeml:eu.emsc/event/20230306_0000006,KO.CEYT,4858.0,,,no_emsc_pick
ev_KO_CEYT_.emsc_event_20230308_0000237,quakeml:eu.emsc/event/20230308_0000237,KO.CEYT,5156.0,5120.0,-36.0,updated
ev_KO_KMRS_.emsc_event_20230306_0000118,quakeml:eu.emsc/event/20230306_0000118,KO.KMRS,4199.0,4290.0,91.0,updated
ev_KO_KMRS_.emsc_event_20230304_0000059,quakeml:eu.emsc/event/20230304_0000059,KO.KMRS,4656.0,4680.0,24.0,updated
ev_KO_DARE_.emsc_event_20230308_0000108,quakeml:eu.emsc/event/20230308_0000108,KO.DARE,5449.0,5740.0,291.0,updated
ev_KO_DARE_.emsc_event_20230216_0000085,quakeml:eu.emsc/event/20230216_0000085,KO.DARE,4819.0,4680.0,-139.0,updated
ev_KO_TAHT_.emsc_event_20230308_0000113,quakeml:eu.emsc/event/20230308_0000113,KO.TAHT,5803.0,5820.0,17.0,updated
ev_KO_BNN_.emsc_event_20230318_0000119,quakeml:eu.emsc/event/20230318_0000119,KO.BNN,5331.0,5380.0,49.0,updated
ev_KO_SARI_.emsc_event_20230307_0000080,quakeml:eu.emsc/event/20230307_0000080,KO.SARI,4891.0,,,no_emsc_pick
ev_KO_SARI_.emsc_event_20230208_0000164,quakeml:eu.emsc/event/20230208_0000164,KO.SARI,3672.0,3740.0,68.0,updated
ev_KO_BNN_.emsc_event_20230518_0000073,quakeml:eu.emsc/event/20230518_0000073,KO.BNN,5070.0,5130.0,60.0,updated
ev_KO_TAHT_.emsc_event_20230308_0000107,quakeml:eu.emsc/event/20230308_0000107,KO.TAHT,5658.0,,,no_emsc_pick
ev_KO_URFA_.emsc_event_20230221_0000124,quakeml:eu.emsc/event/20230221_0000124,KO.URFA,4458.0,4480.0,22.0,updated
ev_KO_SVRC_.emsc_event_20230306_0000257,quakeml:eu.emsc/event/20230306_0000257,KO.SVRC,5764.0,5910.0,146.0,updated
ev_KO_URFA_.emsc_event_20230422_0000217,quakeml:eu.emsc/event/20230422_0000217,KO.URFA,5059.0,5120.0,61.0,updated
ev_KO_SVRC_.emsc_event_20230308_0000066,quakeml:eu.emsc/event/20230308_0000066,KO.SVRC,4914.0,4990.0,76.0,updated
ev_KO_SARI_.emsc_event_20230302_0000132,quakeml:eu.emsc/event/20230302_0000132,KO.SARI,5596.0,5620.0,24.0,updated
ev_KO_DARE_.emsc_event_20230528_0000119,quakeml:eu.emsc/event/20230528_0000119,KO.DARE,5270.0,5320.0,50.0,updated
ev_KO_BNN_.emsc_event_20230308_0000240,quakeml:eu.emsc/event/20230308_0000240,KO.BNN,5398.0,5460.0,62.0,updated
ev_KO_BNN_.emsc_event_20230722_0000028,quakeml:eu.emsc/event/20230722_0000028,KO.BNN,5442.0,5500.0,58.0,updated
ev_KO_SARI_.emsc_event_20230308_0000181,quakeml:eu.emsc/event/20230308_0000181,KO.SARI,4086.0,,,no_emsc_pick
ev_KO_KOZT_.emsc_event_20230305_0000047,quakeml:eu.emsc/event/20230305_0000047,KO.KOZT,4717.0,4710.0,-7.0,updated
ev_KO_DARE_.emsc_event_20230303_0000274,quakeml:eu.emsc/event/20230303_0000274,KO.DARE,4116.0,,,no_emsc_pick
ev_KO_BNN_.emsc_event_20230304_0000124,quakeml:eu.emsc/event/20230304_0000124,KO.BNN,5282.0,5340.0,58.0,updated
ev_KO_CEYT_.emsc_event_20230515_0000093,quakeml:eu.emsc/event/20230515_0000093,KO.CEYT,4867.0,,,no_emsc_pick
ev_KO_SVRC_.emsc_event_20230304_0000302,quakeml:eu.emsc/event/20230304_0000302,KO.SVRC,4945.0,5010.0,65.0,updated
ev_KO_KMRS_.emsc_event_20230308_0000103,quakeml:eu.emsc/event/20230308_0000103,KO.KMRS,4574.0,4620.0,46.0,updated
ev_KO_SARI_.emsc_event_20230305_0000300,quakeml:eu.emsc/event/20230305_0000300,KO.SARI,3696.0,,,no_emsc_pick
ev_KO_DARE_.emsc_event_20230306_0000113,quakeml:eu.emsc/event/20230306_0000113,KO.DARE,4938.0,4980.0,42.0,updated
ev_KO_SVRC_.emsc_event_20230311_0000300,quakeml:eu.emsc/event/20230311_0000300,KO.SVRC,5477.0,5530.0,53.0,updated
ev_KO_KMRS_.emsc_event_20230304_0000273,quakeml:eu.emsc/event/20230304_0000273,KO.KMRS,4221.0,4270.0,49.0,updated
ev_KO_URFA_.emsc_event_20230304_0000336,quakeml:eu.emsc/event/20230304_0000336,KO.URFA,4955.0,4970.0,15.0,updated
ev_KO_TAHT_.emsc_event_20230313_0000308,quakeml:eu.emsc/event/20230313_0000308,KO.TAHT,3467.0,3530.0,63.0,updated
ev_KO_SARI_.emsc_event_20230306_0000159,quakeml:eu.emsc/event/20230306_0000159,KO.SARI,4111.0,4140.0,29.0,updated
ev_KO_CEYT_.emsc_event_20230305_0000075,quakeml:eu.emsc/event/20230305_0000075,KO.CEYT,4516.0,4540.0,24.0,updated
ev_KO_CEYT_.emsc_event_20230307_0000134,quakeml:eu.emsc/event/20230307_0000134,KO.CEYT,3466.0,3600.0,134.0,updated
ev_KO_SVRC_.emsc_event_20230313_0000255,quakeml:eu.emsc/event/20230313_0000255,KO.SVRC,5658.0,5720.0,62.0,updated
ev_KO_KMRS_.emsc_event_20230307_0000002,quakeml:eu.emsc/event/20230307_0000002,KO.KMRS,5737.0,5710.0,-27.0,updated
ev_KO_MERS_.emsc_event_20230305_0000075,quakeml:eu.emsc/event/20230305_0000075,KO.MERS,5668.0,,,no_emsc_pick
ev_KO_KMRS_.emsc_event_20230305_0000143,quakeml:eu.emsc/event/20230305_0000143,KO.KMRS,5569.0,,,no_emsc_pick
ev_KO_SARI_.emsc_event_20230213_0000343,quakeml:eu.emsc/event/20230213_0000343,KO.SARI,5155.0,,,no_emsc_pick
ev_KO_MERS_.emsc_event_20230307_0000134,quakeml:eu.emsc/event/20230307_0000134,KO.MERS,5334.0,5380.0,46.0,updated
ev_KO_CEYT_.emsc_event_20230306_0000210,quakeml:eu.emsc/event/20230306_0000210,KO.CEYT,5407.0,,,no_emsc_pick
ev_KO_SARI_.emsc_event_20230306_0000171,quakeml:eu.emsc/event/20230306_0000171,KO.SARI,5403.0,5460.0,57.0,updated
ev_KO_DARE_.emsc_event_20230403_0000106,quakeml:eu.emsc/event/20230403_0000106,KO.DARE,4099.0,3990.0,-109.0,updated
ev_KO_SARI_.emsc_event_20230304_0000030,quakeml:eu.emsc/event/20230304_0000030,KO.SARI,5443.0,5580.0,137.0,updated
ev_KO_DARE_.emsc_event_20230705_0000015,quakeml:eu.emsc/event/20230705_0000015,KO.DARE,4882.0,4786.0,-96.0,updated
ev_KO_SVRC_.emsc_event_20230306_0000082,quakeml:eu.emsc/event/20230306_0000082,KO.SVRC,5602.0,5670.0,68.0,updated
ev_KO_DARE_.emsc_event_20230307_0000237,quakeml:eu.emsc/event/20230307_0000237,KO.DARE,4906.0,4980.0,74.0,updated
ev_KO_SARI_.emsc_event_20230306_0000165,quakeml:eu.emsc/event/20230306_0000165,KO.SARI,4855.0,4900.0,45.0,updated
ev_KO_CEYT_.emsc_event_20230306_0000204,quakeml:eu.emsc/event/20230306_0000204,KO.CEYT,5845.0,,,no_emsc_pick
ev_KO_KMRS_.emsc_event_20230307_0000016,quakeml:eu.emsc/event/20230307_0000016,KO.KMRS,5575.0,,,no_emsc_pick
ev_KO_SARI_.emsc_event_20230307_0000269,quakeml:eu.emsc/event/20230307_0000269,KO.SARI,5096.0,5150.0,54.0,updated
ev_KO_SARI_.emsc_event_20230307_0000282,quakeml:eu.emsc/event/20230307_0000282,KO.SARI,4772.0,,,no_emsc_pick
ev_KO_URFA_.emsc_event_20230607_0000202,quakeml:eu.emsc/event/20230607_0000202,KO.URFA,4923.0,4960.0,37.0,updated
ev_KO_BNN_.emsc_event_20230307_0000143,quakeml:eu.emsc/event/20230307_0000143,KO.BNN,5633.0,5840.0,207.0,updated
ev_KO_KOZT_.emsc_event_20230308_0000211,quakeml:eu.emsc/event/20230308_0000211,KO.KOZT,5660.0,5820.0,160.0,updated
ev_KO_BNN_.emsc_event_20230305_0000002,quakeml:eu.emsc/event/20230305_0000002,KO.BNN,5191.0,5220.0,29.0,updated
ev_KO_KOZT_.emsc_event_20230306_0000020,quakeml:eu.emsc/event/20230306_0000020,KO.KOZT,5085.0,5240.0,155.0,updated
ev_KO_SVRC_.emsc_event_20230306_0000069,quakeml:eu.emsc/event/20230306_0000069,KO.SVRC,5288.0,5360.0,72.0,updated
ev_KO_GAZ_.emsc_event_20230307_0000064,quakeml:eu.emsc/event/20230307_0000064,KO.GAZ,5026.0,,,no_emsc_pick
ev_KO_KOZT_.emsc_event_20230304_0000161,quakeml:eu.emsc/event/20230304_0000161,KO.KOZT,5140.0,5190.0,50.0,updated
ev_KO_GAZ_.emsc_event_20230307_0000070,quakeml:eu.emsc/event/20230307_0000070,KO.GAZ,4912.0,,,no_emsc_pick
ev_KO_GAZ_.emsc_event_20230305_0000131,quakeml:eu.emsc/event/20230305_0000131,KO.GAZ,4903.0,4880.0,-23.0,updated
ev_KO_KOZT_.emsc_event_20230307_0000338,quakeml:eu.emsc/event/20230307_0000338,KO.KOZT,4848.0,4950.0,102.0,updated
ev_KO_TAHT_.emsc_event_20230306_0000134,quakeml:eu.emsc/event/20230306_0000134,KO.TAHT,3622.0,3680.0,58.0,updated
ev_KO_SVRC_.emsc_event_20230305_0000230,quakeml:eu.emsc/event/20230305_0000230,KO.SVRC,4807.0,4830.0,23.0,updated
ev_KO_KOZT_.emsc_event_20230305_0000251,quakeml:eu.emsc/event/20230305_0000251,KO.KOZT,4475.0,4460.0,-15.0,updated
ev_KO_GAZ_.emsc_event_20230304_0000215,quakeml:eu.emsc/event/20230304_0000215,KO.GAZ,5387.0,5430.0,43.0,updated
ev_KO_GAZ_.emsc_event_20230305_0000119,quakeml:eu.emsc/event/20230305_0000119,KO.GAZ,5624.0,5580.0,-44.0,updated
ev_KO_TAHT_.emsc_event_20230307_0000210,quakeml:eu.emsc/event/20230307_0000210,KO.TAHT,5836.0,5830.0,-6.0,updated
ev_KO_CEYT_.emsc_event_20230503_0000237,quakeml:eu.emsc/event/20230503_0000237,KO.CEYT,5110.0,,,no_emsc_pick
ev_KO_SVRC_.emsc_event_20230306_0000041,quakeml:eu.emsc/event/20230306_0000041,KO.SVRC,5434.0,5440.0,6.0,updated
ev_KO_TAHT_.emsc_event_20230306_0000108,quakeml:eu.emsc/event/20230306_0000108,KO.TAHT,5916.0,,,no_emsc_pick
ev_KO_KOZT_.emsc_event_20230305_0000245,quakeml:eu.emsc/event/20230305_0000245,KO.KOZT,4635.0,4710.0,75.0,updated
ev_KO_DARE_.emsc_event_20230221_0000056,quakeml:eu.emsc/event/20230221_0000056,KO.DARE,5453.0,5540.0,87.0,updated
ev_KO_BNN_.emsc_event_20230308_0000056,quakeml:eu.emsc/event/20230308_0000056,KO.BNN,4954.0,4970.0,16.0,updated
ev_KO_CEYT_.emsc_event_20230610_0000044,quakeml:eu.emsc/event/20230610_0000044,KO.CEYT,4885.0,4980.0,95.0,updated
ev_KO_SVRC_.emsc_event_20230311_0000274,quakeml:eu.emsc/event/20230311_0000274,KO.SVRC,5042.0,5120.0,78.0,updated
ev_KO_CEYT_.emsc_event_20230304_0000219,quakeml:eu.emsc/event/20230304_0000219,KO.CEYT,5072.0,,,no_emsc_pick
ev_KO_URFA_.emsc_event_20230308_0000132,quakeml:eu.emsc/event/20230308_0000132,KO.URFA,4571.0,4620.0,49.0,updated
ev_KO_DARE_.emsc_event_20230308_0000256,quakeml:eu.emsc/event/20230308_0000256,KO.DARE,5661.0,5670.0,9.0,updated
ev_KO_CEYT_.emsc_event_20230305_0000115,quakeml:eu.emsc/event/20230305_0000115,KO.CEYT,5093.0,5070.0,-23.0,updated
ev_KO_KMRS_.emsc_event_20230306_0000246,quakeml:eu.emsc/event/20230306_0000246,KO.KMRS,4625.0,4740.0,115.0,updated
ev_KO_SARI_.emsc_event_20230306_0000039,quakeml:eu.emsc/event/20230306_0000039,KO.SARI,3963.0,,,no_emsc_pick
ev_KO_KOZT_.emsc_event_20230306_0000183,quakeml:eu.emsc/event/20230306_0000183,KO.KOZT,5036.0,5060.0,24.0,updated
ev_KO_DARE_.emsc_event_20230716_0000075,quakeml:eu.emsc/event/20230716_0000075,KO.DARE,4034.0,4025.0,-9.0,updated
ev_KO_GAZ_.emsc_event_20230305_0000086,quakeml:eu.emsc/event/20230305_0000086,KO.GAZ,5554.0,,,no_emsc_pick
ev_KO_SARI_.emsc_event_20230326_0000195,quakeml:eu.emsc/event/20230326_0000195,KO.SARI,4758.0,4790.0,32.0,updated
ev_KO_DARE_.emsc_event_20230306_0000073,quakeml:eu.emsc/event/20230306_0000073,KO.DARE,5659.0,,,no_emsc_pick
ev_KO_SARI_.emsc_event_20230521_0000024,quakeml:eu.emsc/event/20230521_0000024,KO.SARI,4008.0,,,no_emsc_pick
ev_KO_SARI_.emsc_event_20230307_0000321,quakeml:eu.emsc/event/20230307_0000321,KO.SARI,4755.0,4890.0,135.0,updated
ev_KO_SARI_.emsc_event_20230725_0000093,quakeml:eu.emsc/event/20230725_0000093,KO.SARI,4674.0,4574.0,-100.0,updated
ev_KO_TAHT_.emsc_event_20230311_0000301,quakeml:eu.emsc/event/20230311_0000301,KO.TAHT,5902.0,,,no_emsc_pick
ev_KO_SARI_.emsc_event_20230304_0000150,quakeml:eu.emsc/event/20230304_0000150,KO.SARI,3888.0,3900.0,12.0,updated
ev_KO_CEYT_.emsc_event_20230331_0000162,quakeml:eu.emsc/event/20230331_0000162,KO.CEYT,5459.0,,,no_emsc_pick
ev_KO_DYBB_.emsc_event_20230709_0000094,quakeml:eu.emsc/event/20230709_0000094,KO.DYBB,5336.0,,,no_emsc_pick
ev_KO_CEYT_.emsc_event_20230523_0000238,quakeml:eu.emsc/event/20230523_0000238,KO.CEYT,4909.0,4980.0,71.0,updated
ev_KO_SARI_.emsc_event_20230306_0000011,quakeml:eu.emsc/event/20230306_0000011,KO.SARI,4490.0,4580.0,90.0,updated
ev_KO_BNN_.emsc_event_20230207_0000005,quakeml:eu.emsc/event/20230207_0000005,KO.BNN,5969.0,,,no_emsc_pick
ev_KO_BNN_.emsc_event_20230307_0000037,quakeml:eu.emsc/event/20230307_0000037,KO.BNN,5230.0,5290.0,60.0,updated
ev_KO_MERS_.emsc_event_20230308_0000182,quakeml:eu.emsc/event/20230308_0000182,KO.MERS,5756.0,5820.0,64.0,updated
ev_KO_TAHT_.emsc_event_20230306_0000054,quakeml:eu.emsc/event/20230306_0000054,KO.TAHT,5425.0,,,no_emsc_pick
ev_KO_KOZT_.emsc_event_20230307_0000258,quakeml:eu.emsc/event/20230307_0000258,KO.KOZT,5537.0,5590.0,53.0,updated
ev_KO_DARE_.emsc_event_20230207_0000417,quakeml:eu.emsc/event/20230207_0000417,KO.DARE,5348.0,,,no_emsc_pick
ev_KO_DARE_.emsc_event_20230215_0000155,quakeml:eu.emsc/event/20230215_0000155,KO.DARE,4828.0,4830.0,2.0,updated
ev_KO_KOZT_.emsc_event_20230305_0000319,quakeml:eu.emsc/event/20230305_0000319,KO.KOZT,5523.0,5510.0,-13.0,updated
ev_KO_KMRS_.emsc_event_20230306_0000285,quakeml:eu.emsc/event/20230306_0000285,KO.KMRS,5952.0,,,no_emsc_pick
ev_KO_BNN_.emsc_event_20230612_0000172,quakeml:eu.emsc/event/20230612_0000172,KO.BNN,5334.0,5220.0,-114.0,updated
ev_KO_CEYT_.emsc_event_20230307_0000083,quakeml:eu.emsc/event/20230307_0000083,KO.CEYT,5150.0,5190.0,40.0,updated
ev_KO_KOZT_.emsc_event_20230306_0000140,quakeml:eu.emsc/event/20230306_0000140,KO.KOZT,3798.0,3830.0,32.0,updated
ev_KO_GAZ_.emsc_event_20230305_0000045,quakeml:eu.emsc/event/20230305_0000045,KO.GAZ,4943.0,5020.0,77.0,updated
ev_KO_BNN_.emsc_event_20230717_0000025,quakeml:eu.emsc/event/20230717_0000025,KO.BNN,5560.0,5544.0,-16.0,updated
ev_KO_BNN_.emsc_event_20230305_0000162,quakeml:eu.emsc/event/20230305_0000162,KO.BNN,5510.0,5600.0,90.0,updated
ev_KO_KMRS_.emsc_event_20230308_0000088,quakeml:eu.emsc/event/20230308_0000088,KO.KMRS,5093.0,5150.0,57.0,updated
ev_KO_KOZT_.emsc_event_20230307_0000264,quakeml:eu.emsc/event/20230307_0000264,KO.KOZT,5303.0,5360.0,57.0,updated
ev_KO_BNN_.emsc_event_20230428_0000129,quakeml:eu.emsc/event/20230428_0000129,KO.BNN,4901.0,4780.0,-121.0,updated
ev_KO_TAHT_.emsc_event_20230518_0000042,quakeml:eu.emsc/event/20230518_0000042,KO.TAHT,3301.0,3340.0,39.0,updated
ev_KO_GAZ_.emsc_event_20230305_0000079,quakeml:eu.emsc/event/20230305_0000079,KO.GAZ,5571.0,5620.0,49.0,updated
ev_KO_CEYT_.emsc_event_20230308_0000182,quakeml:eu.emsc/event/20230308_0000182,KO.CEYT,4971.0,5030.0,59.0,updated
ev_KO_CEYT_.emsc_event_20230719_0000288,quakeml:eu.emsc/event/20230719_0000288,KO.CEYT,5372.0,,,no_emsc_pick
ev_KO_GAZ_.emsc_event_20230307_0000138,quakeml:eu.emsc/event/20230307_0000138,KO.GAZ,4864.0,,,no_emsc_pick
ev_KO_KOZT_.emsc_event_20230307_0000270,quakeml:eu.emsc/event/20230307_0000270,KO.KOZT,3919.0,4010.0,91.0,updated
ev_KO_BNN_.emsc_event_20230308_0000122,quakeml:eu.emsc/event/20230308_0000122,KO.BNN,4888.0,4880.0,-8.0,updated
ev_KO_GAZ_.emsc_event_20230306_0000234,quakeml:eu.emsc/event/20230306_0000234,KO.GAZ,5052.0,,,no_emsc_pick
ev_KO_GAZ_.emsc_event_20230305_0000290,quakeml:eu.emsc/event/20230305_0000290,KO.GAZ,4889.0,4890.0,1.0,updated
ev_KO_DARE_.emsc_event_20230307_0000169,quakeml:eu.emsc/event/20230307_0000169,KO.DARE,5377.0,5430.0,53.0,updated
ev_KO_CEYT_.emsc_event_20230711_0000193,quakeml:eu.emsc/event/20230711_0000193,KO.CEYT,5406.0,,,no_emsc_pick
ev_KO_SARI_.emsc_event_20230309_0000306,quakeml:eu.emsc/event/20230309_0000306,KO.SARI,4672.0,4810.0,138.0,updated
ev_KO_URFA_.emsc_event_20230306_0000101,quakeml:eu.emsc/event/20230306_0000101,KO.URFA,5639.0,,,no_emsc_pick
ev_KO_SVRC_.emsc_event_20230305_0000191,quakeml:eu.emsc/event/20230305_0000191,KO.SVRC,5208.0,5180.0,-28.0,updated
ev_KO_KMRS_.emsc_event_20230308_0000275,quakeml:eu.emsc/event/20230308_0000275,KO.KMRS,4314.0,4270.0,-44.0,updated
ev_KO_SARI_.emsc_event_20230305_0000062,quakeml:eu.emsc/event/20230305_0000062,KO.SARI,3953.0,4070.0,117.0,updated
ev_KO_BNN_.emsc_event_20230208_0000306,quakeml:eu.emsc/event/20230208_0000306,KO.BNN,5802.0,5920.0,118.0,updated
ev_KO_SVRC_.emsc_event_20230305_0000185,quakeml:eu.emsc/event/20230305_0000185,KO.SVRC,4851.0,4880.0,29.0,updated
ev_KO_YESY_.emsc_event_20230727_0000082,quakeml:eu.emsc/event/20230727_0000082,KO.YESY,5966.0,,,no_emsc_pick
ev_KO_DARE_.emsc_event_20230308_0000040,quakeml:eu.emsc/event/20230308_0000040,KO.DARE,5114.0,,,no_emsc_pick
ev_KO_KMRS_.emsc_event_20230304_0000111,quakeml:eu.emsc/event/20230304_0000111,KO.KMRS,3511.0,3530.0,19.0,updated
ev_KO_GAZ_.emsc_event_20230305_0000284,quakeml:eu.emsc/event/20230305_0000284,KO.GAZ,5760.0,5920.0,160.0,updated
ev_KO_SVRC_.emsc_event_20230420_0000014,quakeml:eu.emsc/event/20230420_0000014,KO.SVRC,4237.0,4290.0,53.0,updated
ev_KO_DARE_.emsc_event_20230412_0000219,quakeml:eu.emsc/event/20230412_0000219,KO.DARE,5138.0,5230.0,92.0,updated
ev_KO_SARI_.emsc_event_20230308_0000036,quakeml:eu.emsc/event/20230308_0000036,KO.SARI,3975.0,4050.0,75.0,updated
ev_KO_DARE_.emsc_event_20230304_0000318,quakeml:eu.emsc/event/20230304_0000318,KO.DARE,5041.0,5060.0,19.0,updated
ev_KO_DARE_.emsc_event_20230306_0000259,quakeml:eu.emsc/event/20230306_0000259,KO.DARE,4852.0,4720.0,-132.0,updated
ev_KO_BNN_.emsc_event_20230311_0000278,quakeml:eu.emsc/event/20230311_0000278,KO.BNN,4739.0,4760.0,21.0,updated
ev_KO_SARI_.emsc_event_20230306_0000213,quakeml:eu.emsc/event/20230306_0000213,KO.SARI,4199.0,4240.0,41.0,updated
ev_KO_DARE_.emsc_event_20230307_0000141,quakeml:eu.emsc/event/20230307_0000141,KO.DARE,4082.0,4000.0,-82.0,updated
ev_KO_URFA_.emsc_event_20230304_0000068,quakeml:eu.emsc/event/20230304_0000068,KO.URFA,4518.0,4500.0,-18.0,updated
ev_KO_GAZ_.emsc_event_20230307_0000312,quakeml:eu.emsc/event/20230307_0000312,KO.GAZ,3763.0,3810.0,47.0,updated
ev_KO_KOZT_.emsc_event_20230304_0000217,quakeml:eu.emsc/event/20230304_0000217,KO.KOZT,4620.0,4620.0,0.0,updated
ev_KO_TAHT_.emsc_event_20230308_0000067,quakeml:eu.emsc/event/20230308_0000067,KO.TAHT,5996.0,,,no_emsc_pick
ev_KO_SVRC_.emsc_event_20230801_0000024,quakeml:eu.emsc/event/20230801_0000024,KO.SVRC,4394.0,,,no_emsc_pick
ev_KO_BNN_.emsc_event_20230311_0000293,quakeml:eu.emsc/event/20230311_0000293,KO.BNN,5083.0,,,no_emsc_pick
ev_KO_KARA_.emsc_event_20230528_0000119,quakeml:eu.emsc/event/20230528_0000119,KO.KARA,5187.0,5150.0,-37.0,updated
ev_KO_TAHT_.emsc_event_20230322_0000178,quakeml:eu.emsc/event/20230322_0000178,KO.TAHT,5118.0,5140.0,22.0,updated
ev_KO_GAZ_.emsc_event_20230307_0000306,quakeml:eu.emsc/event/20230307_0000306,KO.GAZ,4570.0,4690.0,120.0,updated
ev_KO_SVRC_.emsc_event_20230304_0000262,quakeml:eu.emsc/event/20230304_0000262,KO.SVRC,5944.0,,,no_emsc_pick
ev_KO_GAZ_.emsc_event_20230308_0000213,quakeml:eu.emsc/event/20230308_0000213,KO.GAZ,5667.0,5740.0,73.0,updated
ev_KO_DARE_.emsc_event_20230328_0000113,quakeml:eu.emsc/event/20230328_0000113,KO.DARE,5075.0,5100.0,25.0,updated
ev_KO_GAZ_.emsc_event_20230304_0000163,quakeml:eu.emsc/event/20230304_0000163,KO.GAZ,5529.0,5670.0,141.0,updated
ev_KO_GAZ_.emsc_event_20230306_0000022,quakeml:eu.emsc/event/20230306_0000022,KO.GAZ,3611.0,3670.0,59.0,updated
ev_KO_KARA_.emsc_event_20230528_0000131,quakeml:eu.emsc/event/20230528_0000131,KO.KARA,5468.0,,,no_emsc_pick
ev_KO_KOZT_.emsc_event_20230305_0000133,quakeml:eu.emsc/event/20230305_0000133,KO.KOZT,5503.0,5590.0,87.0,updated
ev_KO_BNN_.emsc_event_20230725_0000187,quakeml:eu.emsc/event/20230725_0000187,KO.BNN,5338.0,5360.0,22.0,updated
ev_KO_BNN_.emsc_event_20230306_0000111,quakeml:eu.emsc/event/20230306_0000111,KO.BNN,4926.0,,,no_emsc_pick
ev_KO_GAZ_.emsc_event_20230308_0000207,quakeml:eu.emsc/event/20230308_0000207,KO.GAZ,5976.0,,,no_emsc_pick
ev_KO_TAHT_.emsc_event_20230307_0000172,quakeml:eu.emsc/event/20230307_0000172,KO.TAHT,4572.0,4550.0,-22.0,updated
