filename,station,event_id,magnitude,mag_band,t_start,t_origin,status
small_KO.KOZT_636317589.npz,KO.KOZT,636317589,1.0,M0.5-1.0,2023-06-16T01:25:20.500000Z,2023-06-16T01:25:50.500000Z,ok
small_KO.KMRS_636317589.npz,KO.KMRS,636317589,1.0,M0.5-1.0,2023-06-16T01:25:20.500000Z,2023-06-16T01:25:50.500000Z,fail: Missing channels: ['HHN']
small_KO.KOZT_626753336.npz,KO.KOZT,626753336,0.8,M0.5-1.0,2023-03-01T17:46:53.800000Z,2023-03-01T17:47:23.800000Z,ok
small_KO.KMRS_626753336.npz,KO.KMRS,626753336,0.8,M0.5-1.0,2023-03-01T17:46:53.800000Z,2023-03-01T17:47:23.800000Z,ok
small_KO.KOZT_642693997.npz,KO.KOZT,642693997,1.0,M0.5-1.0,2023-02-22T03:53:00.000000Z,2023-02-22T03:53:30.000000Z,ok
small_KO.KMRS_642693997.npz,KO.KMRS,642693997,1.0,M0.5-1.0,2023-02-22T03:53:00.000000Z,2023-02-22T03:53:30.000000Z,ok
small_KO.KOZT_636317339.npz,KO.KOZT,636317339,1.0,M0.5-1.0,2023-06-14T09:06:13.200000Z,2023-06-14T09:06:43.200000Z,ok
small_KO.KMRS_636317339.npz,KO.KMRS,636317339,1.0,M0.5-1.0,2023-06-14T09:06:13.200000Z,2023-06-14T09:06:43.200000Z,ok
small_KO.KOZT_642871602.npz,KO.KOZT,642871602,0.9,M0.5-1.0,2023-03-06T01:41:33.000000Z,2023-03-06T01:42:03.000000Z,ok
small_KO.KMRS_642871602.npz,KO.KMRS,642871602,0.9,M0.5-1.0,2023-03-06T01:41:33.000000Z,2023-03-06T01:42:03.000000Z,ok
small_KO.KOZT_636308278.npz,KO.KOZT,636308278,1.0,M0.5-1.0,2023-04-24T23:36:18.900000Z,2023-04-24T23:36:48.900000Z,ok
small_KO.KMRS_636308278.npz,KO.KMRS,636308278,1.0,M0.5-1.0,2023-04-24T23:36:18.900000Z,2023-04-24T23:36:48.900000Z,ok
small_KO.KOZT_626756990.npz,KO.KOZT,626756990,0.9,M0.5-1.0,2023-03-10T16:01:30.000000Z,2023-03-10T16:02:00.000000Z,ok
small_KO.KMRS_626756990.npz,KO.KMRS,626756990,0.9,M0.5-1.0,2023-03-10T16:01:30.000000Z,2023-03-10T16:02:00.000000Z,ok
small_KO.KOZT_642875335.npz,KO.KOZT,642875335,0.8,M0.5-1.0,2023-03-19T08:54:12.000000Z,2023-03-19T08:54:42.000000Z,ok
small_KO.KMRS_642875335.npz,KO.KMRS,642875335,0.8,M0.5-1.0,2023-03-19T08:54:12.000000Z,2023-03-19T08:54:42.000000Z,ok
small_KO.KOZT_643178997.npz,KO.KOZT,643178997,0.9,M0.5-1.0,2023-06-17T23:09:06.000000Z,2023-06-17T23:09:36.000000Z,ok
small_KO.KMRS_643178997.npz,KO.KMRS,643178997,0.9,M0.5-1.0,2023-06-17T23:09:06.000000Z,2023-06-17T23:09:36.000000Z,ok
small_KO.KOZT_642875645.npz,KO.KOZT,642875645,0.7,M0.5-1.0,2023-03-20T02:29:56.000000Z,2023-03-20T02:30:26.000000Z,ok
small_KO.KMRS_642875645.npz,KO.KMRS,642875645,0.7,M0.5-1.0,2023-03-20T02:29:56.000000Z,2023-03-20T02:30:26.000000Z,ok
small_KO.KOZT_636307733.npz,KO.KOZT,636307733,0.8,M0.5-1.0,2023-04-23T01:30:34.500000Z,2023-04-23T01:31:04.500000Z,ok
small_KO.KMRS_636307733.npz,KO.KMRS,636307733,0.8,M0.5-1.0,2023-04-23T01:30:34.500000Z,2023-04-23T01:31:04.500000Z,ok
small_KO.KOZT_626753871.npz,KO.KOZT,626753871,1.0,M0.5-1.0,2023-03-02T22:02:57.500000Z,2023-03-02T22:03:27.500000Z,ok
small_KO.KMRS_626753871.npz,KO.KMRS,626753871,1.0,M0.5-1.0,2023-03-02T22:02:57.500000Z,2023-03-02T22:03:27.500000Z,"fail: Missing channels: ['HHZ', 'HHE']"
small_KO.KOZT_642877438.npz,KO.KOZT,642877438,0.8,M0.5-1.0,2023-03-29T00:28:29.000000Z,2023-03-29T00:28:59.000000Z,ok
small_KO.KMRS_642877438.npz,KO.KMRS,642877438,0.8,M0.5-1.0,2023-03-29T00:28:29.000000Z,2023-03-29T00:28:59.000000Z,ok
small_KO.KOZT_642871559.npz,KO.KOZT,642871559,1.0,M0.5-1.0,2023-03-05T22:57:34.000000Z,2023-03-05T22:58:04.000000Z,ok
small_KO.KMRS_642871559.npz,KO.KMRS,642871559,1.0,M0.5-1.0,2023-03-05T22:57:34.000000Z,2023-03-05T22:58:04.000000Z,ok
small_KO.KOZT_642877508.npz,KO.KOZT,642877508,1.0,M0.5-1.0,2023-03-29T09:30:40.000000Z,2023-03-29T09:31:10.000000Z,ok
small_KO.KMRS_642877508.npz,KO.KMRS,642877508,1.0,M0.5-1.0,2023-03-29T09:30:40.000000Z,2023-03-29T09:31:10.000000Z,ok
small_KO.KOZT_642939374.npz,KO.KOZT,642939374,0.9,M0.5-1.0,2023-05-10T09:48:04.000000Z,2023-05-10T09:48:34.000000Z,ok
small_KO.KMRS_642939374.npz,KO.KMRS,642939374,0.9,M0.5-1.0,2023-05-10T09:48:04.000000Z,2023-05-10T09:48:34.000000Z,ok
small_KO.KOZT_626664737.npz,KO.KOZT,626664737,1.0,M0.5-1.0,2023-02-11T17:16:35.700000Z,2023-02-11T17:17:05.700000Z,ok
small_KO.KMRS_626664737.npz,KO.KMRS,626664737,1.0,M0.5-1.0,2023-02-11T17:16:35.700000Z,2023-02-11T17:17:05.700000Z,ok
small_KO.KOZT_642732815.npz,KO.KOZT,642732815,1.0,M0.5-1.0,2023-04-22T02:54:22.000000Z,2023-04-22T02:54:52.000000Z,ok
small_KO.KMRS_642732815.npz,KO.KMRS,642732815,1.0,M0.5-1.0,2023-04-22T02:54:22.000000Z,2023-04-22T02:54:52.000000Z,ok
small_KO.KOZT_636318227.npz,KO.KOZT,636318227,0.9,M0.5-1.0,2023-06-20T01:17:55.900000Z,2023-06-20T01:18:25.900000Z,ok
small_KO.KMRS_636318227.npz,KO.KMRS,636318227,0.9,M0.5-1.0,2023-06-20T01:17:55.900000Z,2023-06-20T01:18:25.900000Z,ok
small_KO.KOZT_642874299.npz,KO.KOZT,642874299,0.8,M0.5-1.0,2023-03-15T23:59:38.000000Z,2023-03-16T00:00:08.000000Z,ok
small_KO.KMRS_642874299.npz,KO.KMRS,642874299,0.8,M0.5-1.0,2023-03-15T23:59:38.000000Z,2023-03-16T00:00:08.000000Z,ok
small_KO.KOZT_642692757.npz,KO.KOZT,642692757,0.8,M0.5-1.0,2023-02-19T00:15:15.000000Z,2023-02-19T00:15:45.000000Z,ok
small_KO.KMRS_642692757.npz,KO.KMRS,642692757,0.8,M0.5-1.0,2023-02-19T00:15:15.000000Z,2023-02-19T00:15:45.000000Z,ok
small_KO.KOZT_636304145.npz,KO.KOZT,636304145,1.0,M0.5-1.0,2023-04-07T12:45:41.900000Z,2023-04-07T12:46:11.900000Z,ok
small_KO.KMRS_636304145.npz,KO.KMRS,636304145,1.0,M0.5-1.0,2023-04-07T12:45:41.900000Z,2023-04-07T12:46:11.900000Z,ok
small_KO.KOZT_626756398.npz,KO.KOZT,626756398,1.0,M0.5-1.0,2023-03-09T01:11:54.900000Z,2023-03-09T01:12:24.900000Z,ok
small_KO.KMRS_626756398.npz,KO.KMRS,626756398,1.0,M0.5-1.0,2023-03-09T01:11:54.900000Z,2023-03-09T01:12:24.900000Z,ok
small_KO.KOZT_642732952.npz,KO.KOZT,642732952,1.0,M0.5-1.0,2023-04-24T22:39:49.000000Z,2023-04-24T22:40:19.000000Z,ok
small_KO.KMRS_642732952.npz,KO.KMRS,642732952,1.0,M0.5-1.0,2023-04-24T22:39:49.000000Z,2023-04-24T22:40:19.000000Z,ok
small_KO.KOZT_642733699.npz,KO.KOZT,642733699,1.0,M0.5-1.0,2023-04-29T23:36:43.000000Z,2023-04-29T23:37:13.000000Z,ok
small_KO.KMRS_642733699.npz,KO.KMRS,642733699,1.0,M0.5-1.0,2023-04-29T23:36:43.000000Z,2023-04-29T23:37:13.000000Z,ok
small_KO.KOZT_642876538.npz,KO.KOZT,642876538,0.9,M0.5-1.0,2023-03-24T14:35:06.000000Z,2023-03-24T14:35:36.000000Z,ok
small_KO.KMRS_642876538.npz,KO.KMRS,642876538,0.9,M0.5-1.0,2023-03-24T14:35:06.000000Z,2023-03-24T14:35:36.000000Z,"fail: Missing channels: ['HHN', 'HHE']"
small_KO.KOZT_636307354.npz,KO.KOZT,636307354,1.0,M0.5-1.0,2023-04-21T21:12:45.500000Z,2023-04-21T21:13:15.500000Z,ok
small_KO.KMRS_636307354.npz,KO.KMRS,636307354,1.0,M0.5-1.0,2023-04-21T21:12:45.500000Z,2023-04-21T21:13:15.500000Z,ok
small_KO.KOZT_642731577.npz,KO.KOZT,642731577,0.9,M0.5-1.0,2023-04-13T04:30:20.000000Z,2023-04-13T04:30:50.000000Z,fail: Gap fraction 0.22 > 0.05
small_KO.KMRS_642731577.npz,KO.KMRS,642731577,0.9,M0.5-1.0,2023-04-13T04:30:20.000000Z,2023-04-13T04:30:50.000000Z,ok
small_KO.KOZT_642731302.npz,KO.KOZT,642731302,1.0,M0.5-1.0,2023-04-12T11:56:15.000000Z,2023-04-12T11:56:45.000000Z,ok
small_KO.KMRS_642731302.npz,KO.KMRS,642731302,1.0,M0.5-1.0,2023-04-12T11:56:15.000000Z,2023-04-12T11:56:45.000000Z,ok
small_KO.KOZT_643659435.npz,KO.KOZT,643659435,0.9,M0.5-1.0,2023-08-02T03:47:54.600000Z,2023-08-02T03:48:24.600000Z,ok
small_KO.KMRS_643659435.npz,KO.KMRS,643659435,0.9,M0.5-1.0,2023-08-02T03:47:54.600000Z,2023-08-02T03:48:24.600000Z,fail: Gap fraction 0.36 > 0.05
small_KO.KOZT_642695790.npz,KO.KOZT,642695790,0.9,M0.5-1.0,2023-02-27T09:46:22.000000Z,2023-02-27T09:46:52.000000Z,ok
small_KO.KMRS_642695790.npz,KO.KMRS,642695790,0.9,M0.5-1.0,2023-02-27T09:46:22.000000Z,2023-02-27T09:46:52.000000Z,fail: Gap fraction 0.30 > 0.05
small_KO.KOZT_642874860.npz,KO.KOZT,642874860,0.9,M0.5-1.0,2023-03-17T21:13:12.000000Z,2023-03-17T21:13:42.000000Z,ok
small_KO.KMRS_642874860.npz,KO.KMRS,642874860,0.9,M0.5-1.0,2023-03-17T21:13:12.000000Z,2023-03-17T21:13:42.000000Z,fail: Missing channels: ['HHZ']
small_KO.KOZT_626754372.npz,KO.KOZT,626754372,1.0,M0.5-1.0,2023-03-03T21:07:55.900000Z,2023-03-03T21:08:25.900000Z,ok
small_KO.KMRS_626754372.npz,KO.KMRS,626754372,1.0,M0.5-1.0,2023-03-03T21:07:55.900000Z,2023-03-03T21:08:25.900000Z,ok
small_KO.KOZT_636322994.npz,KO.KOZT,636322994,0.9,M0.5-1.0,2023-07-30T23:22:55.800000Z,2023-07-30T23:23:25.800000Z,ok
small_KO.KMRS_636322994.npz,KO.KMRS,636322994,0.9,M0.5-1.0,2023-07-30T23:22:55.800000Z,2023-07-30T23:23:25.800000Z,fail: Gap fraction 0.09 > 0.05
small_KO.KOZT_642940008.npz,KO.KOZT,642940008,0.9,M0.5-1.0,2023-05-16T09:49:09.000000Z,2023-05-16T09:49:39.000000Z,ok
small_KO.KMRS_642940008.npz,KO.KMRS,642940008,0.9,M0.5-1.0,2023-05-16T09:49:09.000000Z,2023-05-16T09:49:39.000000Z,"fail: Missing channels: ['HHZ', 'HHE']"
small_KO.KOZT_642875081.npz,KO.KOZT,642875081,1.0,M0.5-1.0,2023-03-18T16:57:46.000000Z,2023-03-18T16:58:16.000000Z,ok
small_KO.KMRS_642875081.npz,KO.KMRS,642875081,1.0,M0.5-1.0,2023-03-18T16:57:46.000000Z,2023-03-18T16:58:16.000000Z,"fail: Missing channels: ['HHN', 'HHE']"
small_KO.KOZT_642872150.npz,KO.KOZT,642872150,0.9,M0.5-1.0,2023-03-07T17:37:34.000000Z,2023-03-07T17:38:04.000000Z,ok
small_KO.KMRS_642872150.npz,KO.KMRS,642872150,0.9,M0.5-1.0,2023-03-07T17:37:34.000000Z,2023-03-07T17:38:04.000000Z,fail: Gap fraction 0.08 > 0.05
small_KO.KOZT_626672710.npz,KO.KOZT,626672710,0.9,M0.5-1.0,2023-02-26T00:21:22.000000Z,2023-02-26T00:21:52.000000Z,ok
small_KO.KMRS_626672710.npz,KO.KMRS,626672710,0.9,M0.5-1.0,2023-02-26T00:21:22.000000Z,2023-02-26T00:21:52.000000Z,ok
small_KO.KOZT_642877250.npz,KO.KOZT,642877250,1.0,M0.5-1.0,2023-03-28T05:05:58.000000Z,2023-03-28T05:06:28.000000Z,ok
small_KO.KMRS_642877250.npz,KO.KMRS,642877250,1.0,M0.5-1.0,2023-03-28T05:05:58.000000Z,2023-03-28T05:06:28.000000Z,fail: Gap fraction 0.63 > 0.05
small_KO.KOZT_642730405.npz,KO.KOZT,642730405,1.0,M0.5-1.0,2023-04-06T11:01:54.000000Z,2023-04-06T11:02:24.000000Z,ok
small_KO.KMRS_642730405.npz,KO.KMRS,642730405,1.0,M0.5-1.0,2023-04-06T11:01:54.000000Z,2023-04-06T11:02:24.000000Z,fail: Gap fraction 1.00 > 0.05
small_KO.KOZT_642733674.npz,KO.KOZT,642733674,1.0,M0.5-1.0,2023-04-28T04:36:34.000000Z,2023-04-28T04:37:04.000000Z,ok
small_KO.KMRS_642733674.npz,KO.KMRS,642733674,1.0,M0.5-1.0,2023-04-28T04:36:34.000000Z,2023-04-28T04:37:04.000000Z,ok
small_KO.KOZT_642940921.npz,KO.KOZT,642940921,1.0,M0.5-1.0,2023-05-24T09:28:51.000000Z,2023-05-24T09:29:21.000000Z,ok
small_KO.KMRS_642940921.npz,KO.KMRS,642940921,1.0,M0.5-1.0,2023-05-24T09:28:51.000000Z,2023-05-24T09:29:21.000000Z,fail: Gap fraction 0.07 > 0.05
small_KO.KOZT_626753287.npz,KO.KOZT,626753287,1.0,M0.5-1.0,2023-03-01T15:32:36.200000Z,2023-03-01T15:33:06.200000Z,ok
small_KO.KMRS_626753287.npz,KO.KMRS,626753287,1.0,M0.5-1.0,2023-03-01T15:32:36.200000Z,2023-03-01T15:33:06.200000Z,ok
small_KO.KOZT_642732463.npz,KO.KOZT,642732463,1.0,M0.5-1.0,2023-04-20T05:03:05.000000Z,2023-04-20T05:03:35.000000Z,ok
small_KO.KMRS_642732463.npz,KO.KMRS,642732463,1.0,M0.5-1.0,2023-04-20T05:03:05.000000Z,2023-04-20T05:03:35.000000Z,ok
small_KO.KOZT_626759716.npz,KO.KOZT,626759716,1.0,M0.5-1.0,2023-03-18T01:06:58.800000Z,2023-03-18T01:07:28.800000Z,ok
small_KO.KMRS_626759716.npz,KO.KMRS,626759716,1.0,M0.5-1.0,2023-03-18T01:06:58.800000Z,2023-03-18T01:07:28.800000Z,ok
small_KO.KOZT_626760385.npz,KO.KOZT,626760385,0.9,M0.5-1.0,2023-03-19T20:41:56.600000Z,2023-03-19T20:42:26.600000Z,ok
small_KO.KMRS_626760385.npz,KO.KMRS,626760385,0.9,M0.5-1.0,2023-03-19T20:41:56.600000Z,2023-03-19T20:42:26.600000Z,fail: Gap fraction 0.24 > 0.05
small_KO.KOZT_642873952.npz,KO.KOZT,642873952,1.0,M0.5-1.0,2023-03-14T16:14:39.000000Z,2023-03-14T16:15:09.000000Z,ok
small_KO.KMRS_642873952.npz,KO.KMRS,642873952,1.0,M0.5-1.0,2023-03-14T16:14:39.000000Z,2023-03-14T16:15:09.000000Z,ok
small_KO.KOZT_626755159.npz,KO.KOZT,626755159,0.9,M0.5-1.0,2023-03-06T01:14:55.000000Z,2023-03-06T01:15:25.000000Z,ok
small_KO.KMRS_626755159.npz,KO.KMRS,626755159,0.9,M0.5-1.0,2023-03-06T01:14:55.000000Z,2023-03-06T01:15:25.000000Z,ok
small_KO.KOZT_642692254.npz,KO.KOZT,642692254,1.0,M0.5-1.0,2023-02-17T06:48:36.000000Z,2023-02-17T06:49:06.000000Z,ok
small_KO.KMRS_642692254.npz,KO.KMRS,642692254,1.0,M0.5-1.0,2023-02-17T06:48:36.000000Z,2023-02-17T06:49:06.000000Z,ok
small_KO.KOZT_642870870.npz,KO.KOZT,642870870,1.0,M0.5-1.0,2023-03-04T03:19:25.000000Z,2023-03-04T03:19:55.000000Z,ok
small_KO.KMRS_642870870.npz,KO.KMRS,642870870,1.0,M0.5-1.0,2023-03-04T03:19:25.000000Z,2023-03-04T03:19:55.000000Z,ok
small_KO.KOZT_643819300.npz,KO.KOZT,643819300,1.0,M0.5-1.0,2023-07-06T17:09:22.000000Z,2023-07-06T17:09:52.000000Z,ok
small_KO.KMRS_643819300.npz,KO.KMRS,643819300,1.0,M0.5-1.0,2023-07-06T17:09:22.000000Z,2023-07-06T17:09:52.000000Z,ok
small_KO.KOZT_626762473.npz,KO.KOZT,626762473,1.0,M0.5-1.0,2023-03-26T03:17:39.600000Z,2023-03-26T03:18:09.600000Z,ok
small_KO.KMRS_626762473.npz,KO.KMRS,626762473,1.0,M0.5-1.0,2023-03-26T03:17:39.600000Z,2023-03-26T03:18:09.600000Z,ok
small_KO.KOZT_642940069.npz,KO.KOZT,642940069,1.0,M0.5-1.0,2023-05-16T01:08:21.000000Z,2023-05-16T01:08:51.000000Z,ok
small_KO.KMRS_642940069.npz,KO.KMRS,642940069,1.0,M0.5-1.0,2023-05-16T01:08:21.000000Z,2023-05-16T01:08:51.000000Z,ok
small_KO.KOZT_642732494.npz,KO.KOZT,642732494,0.9,M0.5-1.0,2023-04-20T02:54:21.000000Z,2023-04-20T02:54:51.000000Z,fail: Gap fraction 0.05 > 0.05
small_KO.KMRS_642732494.npz,KO.KMRS,642732494,0.9,M0.5-1.0,2023-04-20T02:54:21.000000Z,2023-04-20T02:54:51.000000Z,ok
small_KO.KOZT_642733639.npz,KO.KOZT,642733639,1.0,M0.5-1.0,2023-04-28T08:42:13.000000Z,2023-04-28T08:42:43.000000Z,ok
small_KO.KMRS_642733639.npz,KO.KMRS,642733639,1.0,M0.5-1.0,2023-04-28T08:42:13.000000Z,2023-04-28T08:42:43.000000Z,ok
small_KO.KOZT_643264555.npz,KO.KOZT,643264555,1.0,M0.5-1.0,2023-07-05T22:27:36.000000Z,2023-07-05T22:28:06.000000Z,ok
small_KO.KMRS_643264555.npz,KO.KMRS,643264555,1.0,M0.5-1.0,2023-07-05T22:27:36.000000Z,2023-07-05T22:28:06.000000Z,"fail: Missing channels: ['HHZ', 'HHN']"
small_KO.KOZT_626758566.npz,KO.KOZT,626758566,1.0,M0.5-1.0,2023-03-14T17:51:06.900000Z,2023-03-14T17:51:36.900000Z,ok
small_KO.KMRS_626758566.npz,KO.KMRS,626758566,1.0,M0.5-1.0,2023-03-14T17:51:06.900000Z,2023-03-14T17:51:36.900000Z,ok
small_KO.KOZT_626667629.npz,KO.KOZT,626667629,1.0,M0.5-1.0,2023-02-16T21:27:49.200000Z,2023-02-16T21:28:19.200000Z,ok
small_KO.KMRS_626667629.npz,KO.KMRS,626667629,1.0,M0.5-1.0,2023-02-16T21:27:49.200000Z,2023-02-16T21:28:19.200000Z,ok
small_KO.KOZT_643265070.npz,KO.KOZT,643265070,1.0,M0.5-1.0,2023-07-14T08:04:44.000000Z,2023-07-14T08:05:14.000000Z,ok
small_KO.KMRS_643265070.npz,KO.KMRS,643265070,1.0,M0.5-1.0,2023-07-14T08:04:44.000000Z,2023-07-14T08:05:14.000000Z,"fail: Missing channels: ['HHN', 'HHE']"
small_KO.KOZT_626757092.npz,KO.KOZT,626757092,0.8,M0.5-1.0,2023-03-10T22:10:56.800000Z,2023-03-10T22:11:26.800000Z,ok
small_KO.KMRS_626757092.npz,KO.KMRS,626757092,0.8,M0.5-1.0,2023-03-10T22:10:56.800000Z,2023-03-10T22:11:26.800000Z,ok
small_KO.KOZT_642876179.npz,KO.KOZT,642876179,1.0,M0.5-1.0,2023-03-22T11:25:46.200000Z,2023-03-22T11:26:16.200000Z,ok
small_KO.KMRS_642876179.npz,KO.KMRS,642876179,1.0,M0.5-1.0,2023-03-22T11:25:46.200000Z,2023-03-22T11:26:16.200000Z,ok
small_KO.KOZT_643177744.npz,KO.KOZT,643177744,0.7,M0.5-1.0,2023-06-02T00:28:42.000000Z,2023-06-02T00:29:12.000000Z,ok
small_KO.KMRS_643177744.npz,KO.KMRS,643177744,0.7,M0.5-1.0,2023-06-02T00:28:42.000000Z,2023-06-02T00:29:12.000000Z,ok
small_KO.KOZT_626757094.npz,KO.KOZT,626757094,0.8,M0.5-1.0,2023-03-10T22:18:28.700000Z,2023-03-10T22:18:58.700000Z,ok
small_KO.KMRS_626757094.npz,KO.KMRS,626757094,0.8,M0.5-1.0,2023-03-10T22:18:28.700000Z,2023-03-10T22:18:58.700000Z,"fail: Missing channels: ['HHN', 'HHE']"
small_KO.KOZT_642870877.npz,KO.KOZT,642870877,1.0,M0.5-1.0,2023-03-04T03:40:58.000000Z,2023-03-04T03:41:28.000000Z,ok
small_KO.KMRS_642870877.npz,KO.KMRS,642870877,1.0,M0.5-1.0,2023-03-04T03:40:58.000000Z,2023-03-04T03:41:28.000000Z,fail: Gap fraction 0.43 > 0.05
small_KO.KOZT_642732671.npz,KO.KOZT,642732671,1.0,M0.5-1.0,2023-04-21T10:49:25.000000Z,2023-04-21T10:49:55.000000Z,ok
small_KO.KMRS_642732671.npz,KO.KMRS,642732671,1.0,M0.5-1.0,2023-04-21T10:49:25.000000Z,2023-04-21T10:49:55.000000Z,ok
small_KO.KOZT_642872542.npz,KO.KOZT,642872542,1.0,M0.5-1.0,2023-03-09T04:52:29.000000Z,2023-03-09T04:52:59.000000Z,ok
small_KO.KMRS_642872542.npz,KO.KMRS,642872542,1.0,M0.5-1.0,2023-03-09T04:52:29.000000Z,2023-03-09T04:52:59.000000Z,ok
small_KO.KOZT_642732853.npz,KO.KOZT,642732853,1.0,M0.5-1.0,2023-04-22T00:47:57.000000Z,2023-04-22T00:48:27.000000Z,ok
small_KO.KMRS_642732853.npz,KO.KMRS,642732853,1.0,M0.5-1.0,2023-04-22T00:47:57.000000Z,2023-04-22T00:48:27.000000Z,ok
small_KO.KOZT_636317457.npz,KO.KOZT,636317457,1.0,M0.5-1.0,2023-06-15T01:26:07.100000Z,2023-06-15T01:26:37.100000Z,ok
small_KO.KMRS_636317457.npz,KO.KMRS,636317457,1.0,M0.5-1.0,2023-06-15T01:26:07.100000Z,2023-06-15T01:26:37.100000Z,ok
small_KO.KOZT_642732112.npz,KO.KOZT,642732112,1.0,M0.5-1.0,2023-04-17T01:49:00.000000Z,2023-04-17T01:49:30.000000Z,ok
small_KO.KMRS_642732112.npz,KO.KMRS,642732112,1.0,M0.5-1.0,2023-04-17T01:49:00.000000Z,2023-04-17T01:49:30.000000Z,ok
small_KO.KOZT_642873281.npz,KO.KOZT,642873281,1.0,M0.5-1.0,2023-03-12T00:40:13.000000Z,2023-03-12T00:40:43.000000Z,ok
small_KO.KMRS_642873281.npz,KO.KMRS,642873281,1.0,M0.5-1.0,2023-03-12T00:40:13.000000Z,2023-03-12T00:40:43.000000Z,ok
small_KO.KOZT_642874010.npz,KO.KOZT,642874010,1.0,M0.5-1.0,2023-03-14T20:47:21.000000Z,2023-03-14T20:47:51.000000Z,ok
small_KO.KMRS_642874010.npz,KO.KMRS,642874010,1.0,M0.5-1.0,2023-03-14T20:47:21.000000Z,2023-03-14T20:47:51.000000Z,ok
small_KO.KOZT_636305507.npz,KO.KOZT,636305507,1.0,M0.5-1.0,2023-04-13T21:17:13.700000Z,2023-04-13T21:17:43.700000Z,ok
small_KO.KMRS_636305507.npz,KO.KMRS,636305507,1.0,M0.5-1.0,2023-04-13T21:17:13.700000Z,2023-04-13T21:17:43.700000Z,ok
small_KO.KOZT_643177686.npz,KO.KOZT,643177686,1.0,M0.5-1.0,2023-06-02T14:57:06.000000Z,2023-06-02T14:57:36.000000Z,ok
small_KO.KMRS_643177686.npz,KO.KMRS,643177686,1.0,M0.5-1.0,2023-06-02T14:57:06.000000Z,2023-06-02T14:57:36.000000Z,ok
small_KO.KOZT_636312799.npz,KO.KOZT,636312799,0.8,M0.5-1.0,2023-05-18T00:49:24.900000Z,2023-05-18T00:49:54.900000Z,fail: Gap fraction 0.07 > 0.05
small_KO.KMRS_636312799.npz,KO.KMRS,636312799,0.8,M0.5-1.0,2023-05-18T00:49:24.900000Z,2023-05-18T00:49:54.900000Z,ok
small_KO.KOZT_643661559.npz,KO.KOZT,643661559,1.0,M0.5-1.0,2023-08-05T20:45:31.600000Z,2023-08-05T20:46:01.600000Z,ok
small_KO.KMRS_643661559.npz,KO.KMRS,643661559,1.0,M0.5-1.0,2023-08-05T20:45:31.600000Z,2023-08-05T20:46:01.600000Z,fail: Gap fraction 0.21 > 0.05
small_KO.KOZT_642731316.npz,KO.KOZT,642731316,1.0,M0.5-1.0,2023-04-12T11:06:48.000000Z,2023-04-12T11:07:18.000000Z,ok
small_KO.KMRS_642731316.npz,KO.KMRS,642731316,1.0,M0.5-1.0,2023-04-12T11:06:48.000000Z,2023-04-12T11:07:18.000000Z,ok
small_KO.KOZT_642872658.npz,KO.KOZT,642872658,1.0,M0.5-1.0,2023-03-09T23:58:44.000000Z,2023-03-09T23:59:14.000000Z,ok
small_KO.KMRS_642872658.npz,KO.KMRS,642872658,1.0,M0.5-1.0,2023-03-09T23:58:44.000000Z,2023-03-09T23:59:14.000000Z,ok
small_KO.KOZT_642873361.npz,KO.KOZT,642873361,0.9,M0.5-1.0,2023-03-12T05:14:43.000000Z,2023-03-12T05:15:13.000000Z,ok
small_KO.KMRS_642873361.npz,KO.KMRS,642873361,0.9,M0.5-1.0,2023-03-12T05:14:43.000000Z,2023-03-12T05:15:13.000000Z,fail: Gap fraction 0.13 > 0.05
small_KO.KOZT_636323114.npz,KO.KOZT,636323114,0.7,M0.5-1.0,2023-07-31T22:59:29.800000Z,2023-07-31T22:59:59.800000Z,ok
small_KO.KMRS_636323114.npz,KO.KMRS,636323114,0.7,M0.5-1.0,2023-07-31T22:59:29.800000Z,2023-07-31T22:59:59.800000Z,ok
small_KO.KOZT_642694104.npz,KO.KOZT,642694104,1.0,M0.5-1.0,2023-02-22T21:03:37.000000Z,2023-02-22T21:04:07.000000Z,ok
small_KO.KMRS_642694104.npz,KO.KMRS,642694104,1.0,M0.5-1.0,2023-02-22T21:03:37.000000Z,2023-02-22T21:04:07.000000Z,fail: Gap fraction 0.67 > 0.05
small_KO.KOZT_642872225.npz,KO.KOZT,642872225,1.0,M0.5-1.0,2023-03-07T22:14:04.000000Z,2023-03-07T22:14:34.000000Z,ok
small_KO.KMRS_642872225.npz,KO.KMRS,642872225,1.0,M0.5-1.0,2023-03-07T22:14:04.000000Z,2023-03-07T22:14:34.000000Z,ok
small_KO.KOZT_636311751.npz,KO.KOZT,636311751,0.8,M0.5-1.0,2023-05-13T01:19:02.900000Z,2023-05-13T01:19:32.900000Z,ok
small_KO.KMRS_636311751.npz,KO.KMRS,636311751,0.8,M0.5-1.0,2023-05-13T01:19:02.900000Z,2023-05-13T01:19:32.900000Z,ok
small_KO.KOZT_626668568.npz,KO.KOZT,626668568,1.0,M0.5-1.0,2023-02-18T15:52:32.600000Z,2023-02-18T15:53:02.600000Z,ok
small_KO.KMRS_626668568.npz,KO.KMRS,626668568,1.0,M0.5-1.0,2023-02-18T15:52:32.600000Z,2023-02-18T15:53:02.600000Z,ok
small_KO.KOZT_642875079.npz,KO.KOZT,642875079,1.0,M0.5-1.0,2023-03-18T16:52:12.000000Z,2023-03-18T16:52:42.000000Z,ok
small_KO.KMRS_642875079.npz,KO.KMRS,642875079,1.0,M0.5-1.0,2023-03-18T16:52:12.000000Z,2023-03-18T16:52:42.000000Z,fail: Missing channels: ['HHE']
small_KO.KOZT_642875100.npz,KO.KOZT,642875100,0.8,M0.5-1.0,2023-03-18T18:56:07.000000Z,2023-03-18T18:56:37.000000Z,ok
small_KO.KMRS_642875100.npz,KO.KMRS,642875100,0.8,M0.5-1.0,2023-03-18T18:56:07.000000Z,2023-03-18T18:56:37.000000Z,ok
small_KO.KOZT_643658783.npz,KO.KOZT,643658783,1.0,M0.5-1.0,2023-08-01T00:10:49.900000Z,2023-08-01T00:11:19.900000Z,ok
small_KO.KMRS_643658783.npz,KO.KMRS,643658783,1.0,M0.5-1.0,2023-08-01T00:10:49.900000Z,2023-08-01T00:11:19.900000Z,ok
small_KO.KOZT_643178402.npz,KO.KOZT,643178402,0.8,M0.5-1.0,2023-06-10T16:45:03.000000Z,2023-06-10T16:45:33.000000Z,ok
small_KO.KMRS_643178402.npz,KO.KMRS,643178402,0.8,M0.5-1.0,2023-06-10T16:45:03.000000Z,2023-06-10T16:45:33.000000Z,ok
small_KO.KOZT_642939075.npz,KO.KOZT,642939075,1.0,M0.5-1.0,2023-05-07T00:42:15.000000Z,2023-05-07T00:42:45.000000Z,ok
small_KO.KMRS_642939075.npz,KO.KMRS,642939075,1.0,M0.5-1.0,2023-05-07T00:42:15.000000Z,2023-05-07T00:42:45.000000Z,ok
small_KO.KOZT_636302599.npz,KO.KOZT,636302599,0.7,M0.5-1.0,2023-04-01T01:05:47.200000Z,2023-04-01T01:06:17.200000Z,ok
small_KO.KMRS_636302599.npz,KO.KMRS,636302599,0.7,M0.5-1.0,2023-04-01T01:05:47.200000Z,2023-04-01T01:06:17.200000Z,ok
small_KO.KOZT_642874941.npz,KO.KOZT,642874941,1.0,M0.5-1.0,2023-03-18T02:06:45.000000Z,2023-03-18T02:07:15.000000Z,ok
small_KO.KMRS_642874941.npz,KO.KMRS,642874941,1.0,M0.5-1.0,2023-03-18T02:06:45.000000Z,2023-03-18T02:07:15.000000Z,ok
small_KO.KOZT_643264943.npz,KO.KOZT,643264943,1.0,M0.5-1.0,2023-07-12T04:02:09.000000Z,2023-07-12T04:02:39.000000Z,ok
small_KO.KMRS_643264943.npz,KO.KMRS,643264943,1.0,M0.5-1.0,2023-07-12T04:02:09.000000Z,2023-07-12T04:02:39.000000Z,"fail: Missing channels: ['HHZ', 'HHE']"
small_KO.KOZT_642872001.npz,KO.KOZT,642872001,1.0,M0.5-1.0,2023-03-07T03:33:44.000000Z,2023-03-07T03:34:14.000000Z,ok
small_KO.KMRS_642872001.npz,KO.KMRS,642872001,1.0,M0.5-1.0,2023-03-07T03:33:44.000000Z,2023-03-07T03:34:14.000000Z,ok
small_KO.KOZT_626763591.npz,KO.KOZT,626763591,1.0,M0.5-1.0,2023-03-30T03:49:59.800000Z,2023-03-30T03:50:29.800000Z,ok
small_KO.KMRS_626763591.npz,KO.KMRS,626763591,1.0,M0.5-1.0,2023-03-30T03:49:59.800000Z,2023-03-30T03:50:29.800000Z,ok
small_KO.KOZT_636316591.npz,KO.KOZT,636316591,1.0,M0.5-1.0,2023-06-09T23:03:53.000000Z,2023-06-09T23:04:23.000000Z,ok
small_KO.KMRS_636316591.npz,KO.KMRS,636316591,1.0,M0.5-1.0,2023-06-09T23:03:53.000000Z,2023-06-09T23:04:23.000000Z,ok
small_KO.KOZT_636307345.npz,KO.KOZT,636307345,0.8,M0.5-1.0,2023-04-21T20:51:36.400000Z,2023-04-21T20:52:06.400000Z,ok
small_KO.KMRS_636307345.npz,KO.KMRS,636307345,0.8,M0.5-1.0,2023-04-21T20:51:36.400000Z,2023-04-21T20:52:06.400000Z,fail: Gap fraction 0.92 > 0.05
small_KO.KOZT_642732555.npz,KO.KOZT,642732555,1.0,M0.5-1.0,2023-04-21T22:08:03.000000Z,2023-04-21T22:08:33.000000Z,ok
small_KO.KMRS_642732555.npz,KO.KMRS,642732555,1.0,M0.5-1.0,2023-04-21T22:08:03.000000Z,2023-04-21T22:08:33.000000Z,ok
small_KO.KOZT_626762290.npz,KO.KOZT,626762290,1.0,M0.5-1.0,2023-03-25T17:10:58.900000Z,2023-03-25T17:11:28.900000Z,ok
small_KO.KMRS_626762290.npz,KO.KMRS,626762290,1.0,M0.5-1.0,2023-03-25T17:10:58.900000Z,2023-03-25T17:11:28.900000Z,ok
small_KO.KOZT_626671146.npz,KO.KOZT,626671146,1.0,M0.5-1.0,2023-02-23T05:34:33.300000Z,2023-02-23T05:35:03.300000Z,ok
small_KO.KMRS_626671146.npz,KO.KMRS,626671146,1.0,M0.5-1.0,2023-02-23T05:34:33.300000Z,2023-02-23T05:35:03.300000Z,ok
small_KO.KOZT_642733369.npz,KO.KOZT,642733369,0.9,M0.5-1.0,2023-04-27T23:08:50.000000Z,2023-04-27T23:09:20.000000Z,ok
small_KO.KMRS_642733369.npz,KO.KMRS,642733369,0.9,M0.5-1.0,2023-04-27T23:08:50.000000Z,2023-04-27T23:09:20.000000Z,ok
small_KO.KOZT_642695456.npz,KO.KOZT,642695456,0.8,M0.5-1.0,2023-02-26T10:54:33.000000Z,2023-02-26T10:55:03.000000Z,ok
small_KO.KMRS_642695456.npz,KO.KMRS,642695456,0.8,M0.5-1.0,2023-02-26T10:54:33.000000Z,2023-02-26T10:55:03.000000Z,ok
small_KO.KOZT_636305929.npz,KO.KOZT,636305929,1.0,M0.5-1.0,2023-04-15T16:33:17.100000Z,2023-04-15T16:33:47.100000Z,ok
small_KO.KMRS_636305929.npz,KO.KMRS,636305929,1.0,M0.5-1.0,2023-04-15T16:33:17.100000Z,2023-04-15T16:33:47.100000Z,fail: Gap fraction 0.20 > 0.05
small_KO.KOZT_643178729.npz,KO.KOZT,643178729,0.7,M0.5-1.0,2023-06-14T15:32:06.000000Z,2023-06-14T15:32:36.000000Z,ok
small_KO.KMRS_643178729.npz,KO.KMRS,643178729,0.7,M0.5-1.0,2023-06-14T15:32:06.000000Z,2023-06-14T15:32:36.000000Z,"fail: No data available for request.
HTTP Status code: 204
Detailed response of server"
small_KO.KOZT_643658811.npz,KO.KOZT,643658811,1.0,M0.5-1.0,2023-08-01T18:24:51.900000Z,2023-08-01T18:25:21.900000Z,ok
small_KO.KMRS_643658811.npz,KO.KMRS,643658811,1.0,M0.5-1.0,2023-08-01T18:24:51.900000Z,2023-08-01T18:25:21.900000Z,fail: Gap fraction 0.56 > 0.05
small_KO.KOZT_642733799.npz,KO.KOZT,642733799,1.0,M0.5-1.0,2023-04-30T23:34:58.000000Z,2023-04-30T23:35:28.000000Z,ok
small_KO.KMRS_642733799.npz,KO.KMRS,642733799,1.0,M0.5-1.0,2023-04-30T23:34:58.000000Z,2023-04-30T23:35:28.000000Z,ok
small_KO.KOZT_642876701.npz,KO.KOZT,642876701,0.9,M0.5-1.0,2023-03-25T03:32:19.000000Z,2023-03-25T03:32:49.000000Z,ok
small_KO.KMRS_642876701.npz,KO.KMRS,642876701,0.9,M0.5-1.0,2023-03-25T03:32:19.000000Z,2023-03-25T03:32:49.000000Z,ok
small_KO.KOZT_643264908.npz,KO.KOZT,643264908,1.0,M0.5-1.0,2023-07-11T00:10:53.000000Z,2023-07-11T00:11:23.000000Z,ok
small_KO.KMRS_643264908.npz,KO.KMRS,643264908,1.0,M0.5-1.0,2023-07-11T00:10:53.000000Z,2023-07-11T00:11:23.000000Z,ok
small_KO.KOZT_636307797.npz,KO.KOZT,636307797,0.9,M0.5-1.0,2023-04-23T05:30:20.700000Z,2023-04-23T05:30:50.700000Z,ok
small_KO.KMRS_636307797.npz,KO.KMRS,636307797,0.9,M0.5-1.0,2023-04-23T05:30:20.700000Z,2023-04-23T05:30:50.700000Z,ok
small_KO.KOZT_643659433.npz,KO.KOZT,643659433,0.9,M0.5-1.0,2023-08-02T01:26:14.500000Z,2023-08-02T01:26:44.500000Z,ok
small_KO.KMRS_643659433.npz,KO.KMRS,643659433,0.9,M0.5-1.0,2023-08-02T01:26:14.500000Z,2023-08-02T01:26:44.500000Z,ok
small_KO.KOZT_636314264.npz,KO.KOZT,636314264,0.9,M0.5-1.0,2023-05-26T22:08:49.700000Z,2023-05-26T22:09:19.700000Z,ok
small_KO.KMRS_636314264.npz,KO.KMRS,636314264,0.9,M0.5-1.0,2023-05-26T22:08:49.700000Z,2023-05-26T22:09:19.700000Z,ok
small_KO.KOZT_636318212.npz,KO.KOZT,636318212,1.0,M0.5-1.0,2023-06-19T23:49:53.100000Z,2023-06-19T23:50:23.100000Z,ok
small_KO.KMRS_636318212.npz,KO.KMRS,636318212,1.0,M0.5-1.0,2023-06-19T23:49:53.100000Z,2023-06-19T23:50:23.100000Z,ok
small_KO.KOZT_642938851.npz,KO.KOZT,642938851,1.0,M0.5-1.0,2023-05-06T22:11:16.000000Z,2023-05-06T22:11:46.000000Z,ok
small_KO.KMRS_642938851.npz,KO.KMRS,642938851,1.0,M0.5-1.0,2023-05-06T22:11:16.000000Z,2023-05-06T22:11:46.000000Z,ok
small_KO.KOZT_642730287.npz,KO.KOZT,642730287,1.0,M0.5-1.0,2023-04-05T15:12:00.000000Z,2023-04-05T15:12:30.000000Z,ok
small_KO.KMRS_642730287.npz,KO.KMRS,642730287,1.0,M0.5-1.0,2023-04-05T15:12:00.000000Z,2023-04-05T15:12:30.000000Z,fail: Gap fraction 0.67 > 0.05
small_KO.KOZT_642731450.npz,KO.KOZT,642731450,1.0,M0.5-1.0,2023-04-13T23:05:23.000000Z,2023-04-13T23:05:53.000000Z,ok
small_KO.KMRS_642731450.npz,KO.KMRS,642731450,1.0,M0.5-1.0,2023-04-13T23:05:23.000000Z,2023-04-13T23:05:53.000000Z,ok
small_KO.KOZT_626672570.npz,KO.KOZT,626672570,1.0,M0.5-1.0,2023-02-25T19:20:13.000000Z,2023-02-25T19:20:43.000000Z,ok
small_KO.KMRS_626672570.npz,KO.KMRS,626672570,1.0,M0.5-1.0,2023-02-25T19:20:13.000000Z,2023-02-25T19:20:43.000000Z,ok
small_KO.KOZT_643266169.npz,KO.KOZT,643266169,0.9,M0.5-1.0,2023-07-27T20:50:35.000000Z,2023-07-27T20:51:05.000000Z,ok
small_KO.KMRS_643266169.npz,KO.KMRS,643266169,0.9,M0.5-1.0,2023-07-27T20:50:35.000000Z,2023-07-27T20:51:05.000000Z,ok
small_KO.KOZT_642872986.npz,KO.KOZT,642872986,0.9,M0.5-1.0,2023-03-11T01:12:21.000000Z,2023-03-11T01:12:51.000000Z,ok
small_KO.KMRS_642872986.npz,KO.KMRS,642872986,0.9,M0.5-1.0,2023-03-11T01:12:21.000000Z,2023-03-11T01:12:51.000000Z,ok
small_KO.KOZT_642730132.npz,KO.KOZT,642730132,1.0,M0.5-1.0,2023-04-04T01:34:27.000000Z,2023-04-04T01:34:57.000000Z,ok
small_KO.KMRS_642730132.npz,KO.KMRS,642730132,1.0,M0.5-1.0,2023-04-04T01:34:27.000000Z,2023-04-04T01:34:57.000000Z,ok
small_KO.KOZT_642695177.npz,KO.KOZT,642695177,0.9,M0.5-1.0,2023-02-25T18:01:18.000000Z,2023-02-25T18:01:48.000000Z,ok
small_KO.KMRS_642695177.npz,KO.KMRS,642695177,0.9,M0.5-1.0,2023-02-25T18:01:18.000000Z,2023-02-25T18:01:48.000000Z,ok
small_KO.KOZT_636305552.npz,KO.KOZT,636305552,1.0,M0.5-1.0,2023-04-14T02:05:49.000000Z,2023-04-14T02:06:19.000000Z,ok
small_KO.KMRS_636305552.npz,KO.KMRS,636305552,1.0,M0.5-1.0,2023-04-14T02:05:49.000000Z,2023-04-14T02:06:19.000000Z,ok
small_KO.KOZT_642874686.npz,KO.KOZT,642874686,0.9,M0.5-1.0,2023-03-17T06:42:59.000000Z,2023-03-17T06:43:29.000000Z,ok
small_KO.KMRS_642874686.npz,KO.KMRS,642874686,0.9,M0.5-1.0,2023-03-17T06:42:59.000000Z,2023-03-17T06:43:29.000000Z,ok
small_KO.KOZT_642939711.npz,KO.KOZT,642939711,0.9,M0.5-1.0,2023-05-13T18:43:19.000000Z,2023-05-13T18:43:49.000000Z,ok
small_KO.KMRS_642939711.npz,KO.KMRS,642939711,0.9,M0.5-1.0,2023-05-13T18:43:19.000000Z,2023-05-13T18:43:49.000000Z,ok
small_KO.KOZT_642875191.npz,KO.KOZT,642875191,1.0,M0.5-1.0,2023-03-19T00:21:26.000000Z,2023-03-19T00:21:56.000000Z,ok
small_KO.KMRS_642875191.npz,KO.KMRS,642875191,1.0,M0.5-1.0,2023-03-19T00:21:26.000000Z,2023-03-19T00:21:56.000000Z,fail: Gap fraction 0.25 > 0.05
small_KO.KOZT_636321345.npz,KO.KOZT,636321345,1.0,M0.5-1.0,2023-07-15T01:30:05.300000Z,2023-07-15T01:30:35.300000Z,ok
small_KO.KMRS_636321345.npz,KO.KMRS,636321345,1.0,M0.5-1.0,2023-07-15T01:30:05.300000Z,2023-07-15T01:30:35.300000Z,ok
small_KO.KOZT_626753295.npz,KO.KOZT,626753295,1.0,M0.5-1.0,2023-03-01T15:46:52.000000Z,2023-03-01T15:47:22.000000Z,ok
small_KO.KMRS_626753295.npz,KO.KMRS,626753295,1.0,M0.5-1.0,2023-03-01T15:46:52.000000Z,2023-03-01T15:47:22.000000Z,ok
small_KO.KOZT_642870371.npz,KO.KOZT,642870371,0.9,M0.5-1.0,2023-03-02T15:11:32.000000Z,2023-03-02T15:12:02.000000Z,ok
small_KO.KMRS_642870371.npz,KO.KMRS,642870371,0.9,M0.5-1.0,2023-03-02T15:11:32.000000Z,2023-03-02T15:12:02.000000Z,ok
small_KO.KOZT_642877597.npz,KO.KOZT,642877597,1.0,M0.5-1.0,2023-03-30T07:21:02.000000Z,2023-03-30T07:21:32.000000Z,ok
small_KO.KMRS_642877597.npz,KO.KMRS,642877597,1.0,M0.5-1.0,2023-03-30T07:21:02.000000Z,2023-03-30T07:21:32.000000Z,ok
small_KO.KOZT_642730813.npz,KO.KOZT,642730813,1.0,M0.5-1.0,2023-04-09T14:16:05.000000Z,2023-04-09T14:16:35.000000Z,ok
small_KO.KMRS_642730813.npz,KO.KMRS,642730813,1.0,M0.5-1.0,2023-04-09T14:16:05.000000Z,2023-04-09T14:16:35.000000Z,fail: Missing channels: ['HHZ']
small_KO.KOZT_642730124.npz,KO.KOZT,642730124,0.8,M0.5-1.0,2023-04-04T02:07:15.000000Z,2023-04-04T02:07:45.000000Z,ok
small_KO.KMRS_642730124.npz,KO.KMRS,642730124,0.8,M0.5-1.0,2023-04-04T02:07:15.000000Z,2023-04-04T02:07:45.000000Z,ok
small_KO.KOZT_636314265.npz,KO.KOZT,636314265,1.0,M0.5-1.0,2023-05-26T22:09:50.900000Z,2023-05-26T22:10:20.900000Z,ok
small_KO.KMRS_636314265.npz,KO.KMRS,636314265,1.0,M0.5-1.0,2023-05-26T22:09:50.900000Z,2023-05-26T22:10:20.900000Z,ok
small_KO.KOZT_642876689.npz,KO.KOZT,642876689,1.0,M0.5-1.0,2023-03-25T02:41:31.000000Z,2023-03-25T02:42:01.000000Z,ok
small_KO.KMRS_642876689.npz,KO.KMRS,642876689,1.0,M0.5-1.0,2023-03-25T02:41:31.000000Z,2023-03-25T02:42:01.000000Z,fail: Gap fraction 0.62 > 0.05
small_KO.KOZT_643179464.npz,KO.KOZT,643179464,1.0,M0.5-1.0,2023-06-22T15:11:56.000000Z,2023-06-22T15:12:26.000000Z,ok
small_KO.KMRS_643179464.npz,KO.KMRS,643179464,1.0,M0.5-1.0,2023-06-22T15:11:56.000000Z,2023-06-22T15:12:26.000000Z,fail: Gap fraction 0.92 > 0.05
small_KO.KOZT_636303811.npz,KO.KOZT,636303811,1.0,M0.5-1.0,2023-04-06T03:01:54.200000Z,2023-04-06T03:02:24.200000Z,ok
small_KO.KMRS_636303811.npz,KO.KMRS,636303811,1.0,M0.5-1.0,2023-04-06T03:01:54.200000Z,2023-04-06T03:02:24.200000Z,ok
small_KO.KOZT_642871826.npz,KO.KOZT,642871826,1.0,M0.5-1.0,2023-03-06T18:06:47.000000Z,2023-03-06T18:07:17.000000Z,ok
small_KO.KMRS_642871826.npz,KO.KMRS,642871826,1.0,M0.5-1.0,2023-03-06T18:06:47.000000Z,2023-03-06T18:07:17.000000Z,ok
small_KO.KOZT_642874945.npz,KO.KOZT,642874945,0.7,M0.5-1.0,2023-03-18T02:19:47.000000Z,2023-03-18T02:20:17.000000Z,ok
small_KO.KMRS_642874945.npz,KO.KMRS,642874945,0.7,M0.5-1.0,2023-03-18T02:19:47.000000Z,2023-03-18T02:20:17.000000Z,ok
small_KO.KOZT_626762671.npz,KO.KOZT,626762671,0.8,M0.5-1.0,2023-03-26T20:56:21.000000Z,2023-03-26T20:56:51.000000Z,ok
small_KO.KMRS_626762671.npz,KO.KMRS,626762671,0.8,M0.5-1.0,2023-03-26T20:56:21.000000Z,2023-03-26T20:56:51.000000Z,ok
small_KO.KOZT_626668029.npz,KO.KOZT,626668029,1.0,M0.5-1.0,2023-02-17T14:06:47.500000Z,2023-02-17T14:07:17.500000Z,ok
small_KO.KMRS_626668029.npz,KO.KMRS,626668029,1.0,M0.5-1.0,2023-02-17T14:06:47.500000Z,2023-02-17T14:07:17.500000Z,fail: Gap fraction 0.09 > 0.05
small_KO.KOZT_642938833.npz,KO.KOZT,642938833,1.0,M0.5-1.0,2023-05-06T22:57:20.000000Z,2023-05-06T22:57:50.000000Z,ok
small_KO.KMRS_642938833.npz,KO.KMRS,642938833,1.0,M0.5-1.0,2023-05-06T22:57:20.000000Z,2023-05-06T22:57:50.000000Z,ok
small_KO.KOZT_636309098.npz,KO.KOZT,636309098,1.0,M0.5-1.0,2023-04-29T04:46:43.800000Z,2023-04-29T04:47:13.800000Z,ok
small_KO.KMRS_636309098.npz,KO.KMRS,636309098,1.0,M0.5-1.0,2023-04-29T04:46:43.800000Z,2023-04-29T04:47:13.800000Z,fail: Gap fraction 0.81 > 0.05
small_KO.KOZT_626668724.npz,KO.KOZT,626668724,1.0,M0.5-1.0,2023-02-19T00:30:34.000000Z,2023-02-19T00:31:04.000000Z,ok
small_KO.KMRS_626668724.npz,KO.KMRS,626668724,1.0,M0.5-1.0,2023-02-19T00:30:34.000000Z,2023-02-19T00:31:04.000000Z,ok
small_KO.KOZT_642732933.npz,KO.KOZT,642732933,0.9,M0.5-1.0,2023-04-24T23:32:28.000000Z,2023-04-24T23:32:58.000000Z,ok
small_KO.KMRS_642732933.npz,KO.KMRS,642732933,0.9,M0.5-1.0,2023-04-24T23:32:28.000000Z,2023-04-24T23:32:58.000000Z,ok
small_KO.KOZT_626759330.npz,KO.KOZT,626759330,1.0,M0.5-1.0,2023-03-16T19:57:33.900000Z,2023-03-16T19:58:03.900000Z,ok
small_KO.KMRS_626759330.npz,KO.KMRS,626759330,1.0,M0.5-1.0,2023-03-16T19:57:33.900000Z,2023-03-16T19:58:03.900000Z,ok
small_KO.KOZT_642873214.npz,KO.KOZT,642873214,1.0,M0.5-1.0,2023-03-11T19:58:32.000000Z,2023-03-11T19:59:02.000000Z,ok
small_KO.KMRS_642873214.npz,KO.KMRS,642873214,1.0,M0.5-1.0,2023-03-11T19:58:32.000000Z,2023-03-11T19:59:02.000000Z,ok
small_KO.KOZT_642730832.npz,KO.KOZT,642730832,0.8,M0.5-1.0,2023-04-09T12:49:19.000000Z,2023-04-09T12:49:49.000000Z,ok
small_KO.KMRS_642730832.npz,KO.KMRS,642730832,0.8,M0.5-1.0,2023-04-09T12:49:19.000000Z,2023-04-09T12:49:49.000000Z,fail: Gap fraction 0.88 > 0.05
small_KO.KOZT_636310376.npz,KO.KOZT,636310376,0.9,M0.5-1.0,2023-05-05T01:44:19.400000Z,2023-05-05T01:44:49.400000Z,ok
small_KO.KMRS_636310376.npz,KO.KMRS,636310376,0.9,M0.5-1.0,2023-05-05T01:44:19.400000Z,2023-05-05T01:44:49.400000Z,ok
small_KO.KOZT_642965810.npz,KO.KOZT,642965810,0.8,M0.5-1.0,2023-04-21T20:52:02.000000Z,2023-04-21T20:52:32.000000Z,ok
small_KO.KMRS_642965810.npz,KO.KMRS,642965810,0.8,M0.5-1.0,2023-04-21T20:52:02.000000Z,2023-04-21T20:52:32.000000Z,fail: Gap fraction 0.65 > 0.05
small_KO.KOZT_642941004.npz,KO.KOZT,642941004,0.9,M0.5-1.0,2023-05-24T00:02:33.000000Z,2023-05-24T00:03:03.000000Z,ok
small_KO.KMRS_642941004.npz,KO.KMRS,642941004,0.9,M0.5-1.0,2023-05-24T00:02:33.000000Z,2023-05-24T00:03:03.000000Z,fail: Gap fraction 0.08 > 0.05
small_KO.KOZT_636322358.npz,KO.KOZT,636322358,0.9,M0.5-1.0,2023-07-25T18:52:17.400000Z,2023-07-25T18:52:47.400000Z,ok
small_KO.KMRS_636322358.npz,KO.KMRS,636322358,0.9,M0.5-1.0,2023-07-25T18:52:17.400000Z,2023-07-25T18:52:47.400000Z,ok
small_KO.KOZT_643179223.npz,KO.KOZT,643179223,0.9,M0.5-1.0,2023-06-19T19:28:48.000000Z,2023-06-19T19:29:18.000000Z,ok
small_KO.KMRS_643179223.npz,KO.KMRS,643179223,0.9,M0.5-1.0,2023-06-19T19:28:48.000000Z,2023-06-19T19:29:18.000000Z,ok
small_KO.KOZT_642876971.npz,KO.KOZT,642876971,0.8,M0.5-1.0,2023-03-26T20:10:25.000000Z,2023-03-26T20:10:55.000000Z,ok
small_KO.KMRS_642876971.npz,KO.KMRS,642876971,0.8,M0.5-1.0,2023-03-26T20:10:25.000000Z,2023-03-26T20:10:55.000000Z,ok
small_KO.KOZT_642731763.npz,KO.KOZT,642731763,1.0,M0.5-1.0,2023-04-15T22:36:36.000000Z,2023-04-15T22:37:06.000000Z,fail: Gap fraction 0.28 > 0.05
small_KO.KMRS_642731763.npz,KO.KMRS,642731763,1.0,M0.5-1.0,2023-04-15T22:36:36.000000Z,2023-04-15T22:37:06.000000Z,ok
small_KO.KOZT_642873979.npz,KO.KOZT,642873979,0.9,M0.5-1.0,2023-03-14T17:37:35.000000Z,2023-03-14T17:38:05.000000Z,ok
small_KO.KMRS_642873979.npz,KO.KMRS,642873979,0.9,M0.5-1.0,2023-03-14T17:37:35.000000Z,2023-03-14T17:38:05.000000Z,ok
small_KO.KOZT_642872284.npz,KO.KOZT,642872284,0.9,M0.5-1.0,2023-03-08T02:42:57.000000Z,2023-03-08T02:43:27.000000Z,ok
small_KO.KMRS_642872284.npz,KO.KMRS,642872284,0.9,M0.5-1.0,2023-03-08T02:42:57.000000Z,2023-03-08T02:43:27.000000Z,ok
small_KO.KOZT_636320680.npz,KO.KOZT,636320680,1.0,M0.5-1.0,2023-07-08T20:40:51.300000Z,2023-07-08T20:41:21.300000Z,ok
small_KO.KMRS_636320680.npz,KO.KMRS,636320680,1.0,M0.5-1.0,2023-07-08T20:40:51.300000Z,2023-07-08T20:41:21.300000Z,ok
small_KO.KOZT_626758733.npz,KO.KOZT,626758733,0.8,M0.5-1.0,2023-03-15T01:22:48.500000Z,2023-03-15T01:23:18.500000Z,ok
small_KO.KMRS_626758733.npz,KO.KMRS,626758733,0.8,M0.5-1.0,2023-03-15T01:22:48.500000Z,2023-03-15T01:23:18.500000Z,ok
small_KO.KOZT_626762395.npz,KO.KOZT,626762395,1.0,M0.5-1.0,2023-03-25T23:54:47.300000Z,2023-03-25T23:55:17.300000Z,ok
small_KO.KMRS_626762395.npz,KO.KMRS,626762395,1.0,M0.5-1.0,2023-03-25T23:54:47.300000Z,2023-03-25T23:55:17.300000Z,ok
small_KO.KOZT_636311429.npz,KO.KOZT,636311429,0.8,M0.5-1.0,2023-05-10T23:13:26.000000Z,2023-05-10T23:13:56.000000Z,ok
small_KO.KMRS_636311429.npz,KO.KMRS,636311429,0.8,M0.5-1.0,2023-05-10T23:13:26.000000Z,2023-05-10T23:13:56.000000Z,ok
small_KO.KOZT_626758767.npz,KO.KOZT,626758767,1.0,M0.5-1.0,2023-03-15T03:00:45.600000Z,2023-03-15T03:01:15.600000Z,ok
small_KO.KMRS_626758767.npz,KO.KMRS,626758767,1.0,M0.5-1.0,2023-03-15T03:00:45.600000Z,2023-03-15T03:01:15.600000Z,ok
small_KO.KOZT_636315755.npz,KO.KOZT,636315755,1.0,M0.5-1.0,2023-06-04T22:47:07.600000Z,2023-06-04T22:47:37.600000Z,ok
small_KO.KMRS_636315755.npz,KO.KMRS,636315755,1.0,M0.5-1.0,2023-06-04T22:47:07.600000Z,2023-06-04T22:47:37.600000Z,ok
small_KO.KOZT_626755989.npz,KO.KOZT,626755989,1.0,M0.5-1.0,2023-03-08T00:00:06.900000Z,2023-03-08T00:00:36.900000Z,ok
small_KO.KMRS_626755989.npz,KO.KMRS,626755989,1.0,M0.5-1.0,2023-03-08T00:00:06.900000Z,2023-03-08T00:00:36.900000Z,ok
small_KO.KOZT_642695443.npz,KO.KOZT,642695443,1.0,M0.5-1.0,2023-02-26T10:00:55.000000Z,2023-02-26T10:01:25.000000Z,ok
small_KO.KMRS_642695443.npz,KO.KMRS,642695443,1.0,M0.5-1.0,2023-02-26T10:00:55.000000Z,2023-02-26T10:01:25.000000Z,ok
small_KO.KOZT_642870401.npz,KO.KOZT,642870401,0.9,M0.5-1.0,2023-03-02T17:30:57.000000Z,2023-03-02T17:31:27.000000Z,ok
small_KO.KMRS_642870401.npz,KO.KMRS,642870401,0.9,M0.5-1.0,2023-03-02T17:30:57.000000Z,2023-03-02T17:31:27.000000Z,ok
small_KO.KOZT_626762465.npz,KO.KOZT,626762465,1.0,M0.5-1.0,2023-03-26T02:53:01.100000Z,2023-03-26T02:53:31.100000Z,ok
small_KO.KMRS_626762465.npz,KO.KMRS,626762465,1.0,M0.5-1.0,2023-03-26T02:53:01.100000Z,2023-03-26T02:53:31.100000Z,ok
small_KO.KOZT_642875512.npz,KO.KOZT,642875512,0.9,M0.5-1.0,2023-03-19T18:40:36.000000Z,2023-03-19T18:41:06.000000Z,ok
small_KO.KMRS_642875512.npz,KO.KMRS,642875512,0.9,M0.5-1.0,2023-03-19T18:40:36.000000Z,2023-03-19T18:41:06.000000Z,ok
small_KO.KOZT_626755988.npz,KO.KOZT,626755988,0.9,M0.5-1.0,2023-03-07T23:58:51.800000Z,2023-03-07T23:59:21.800000Z,ok
small_KO.KMRS_626755988.npz,KO.KMRS,626755988,0.9,M0.5-1.0,2023-03-07T23:58:51.800000Z,2023-03-07T23:59:21.800000Z,"fail: No data available for request.
HTTP Status code: 204
Detailed response of server"
small_KO.KOZT_642729683.npz,KO.KOZT,642729683,0.9,M0.5-1.0,2023-04-02T02:53:40.000000Z,2023-04-02T02:54:10.000000Z,ok
small_KO.KMRS_642729683.npz,KO.KMRS,642729683,0.9,M0.5-1.0,2023-04-02T02:53:40.000000Z,2023-04-02T02:54:10.000000Z,ok
small_KO.KOZT_643249003.npz,KO.KOZT,643249003,1.0,M0.5-1.0,2023-06-01T23:41:40.000000Z,2023-06-01T23:42:10.000000Z,ok
small_KO.KMRS_643249003.npz,KO.KMRS,643249003,1.0,M0.5-1.0,2023-06-01T23:41:40.000000Z,2023-06-01T23:42:10.000000Z,ok
small_KO.KOZT_642940639.npz,KO.KOZT,642940639,1.0,M0.5-1.0,2023-05-22T16:37:44.000000Z,2023-05-22T16:38:14.000000Z,ok
small_KO.KMRS_642940639.npz,KO.KMRS,642940639,1.0,M0.5-1.0,2023-05-22T16:37:44.000000Z,2023-05-22T16:38:14.000000Z,ok
small_KO.KOZT_642730276.npz,KO.KOZT,642730276,1.0,M0.5-1.0,2023-04-05T15:45:56.000000Z,2023-04-05T15:46:26.000000Z,ok
small_KO.KMRS_642730276.npz,KO.KMRS,642730276,1.0,M0.5-1.0,2023-04-05T15:45:56.000000Z,2023-04-05T15:46:26.000000Z,ok
small_KO.KOZT_626760425.npz,KO.KOZT,626760425,1.0,M0.5-1.0,2023-03-19T22:30:33.300000Z,2023-03-19T22:31:03.300000Z,ok
small_KO.KMRS_626760425.npz,KO.KMRS,626760425,1.0,M0.5-1.0,2023-03-19T22:30:33.300000Z,2023-03-19T22:31:03.300000Z,ok
small_KO.KOZT_626762513.npz,KO.KOZT,626762513,1.0,M0.5-1.0,2023-03-26T05:01:09.800000Z,2023-03-26T05:01:39.800000Z,ok
small_KO.KMRS_626762513.npz,KO.KMRS,626762513,1.0,M0.5-1.0,2023-03-26T05:01:09.800000Z,2023-03-26T05:01:39.800000Z,ok
small_KO.KOZT_636306268.npz,KO.KOZT,636306268,0.8,M0.5-1.0,2023-04-17T05:34:16.800000Z,2023-04-17T05:34:46.800000Z,ok
small_KO.KMRS_636306268.npz,KO.KMRS,636306268,0.8,M0.5-1.0,2023-04-17T05:34:16.800000Z,2023-04-17T05:34:46.800000Z,ok
small_KO.KOZT_642873499.npz,KO.KOZT,642873499,0.6,M0.5-1.0,2023-03-12T22:15:02.000000Z,2023-03-12T22:15:32.000000Z,ok
small_KO.KMRS_642873499.npz,KO.KMRS,642873499,0.6,M0.5-1.0,2023-03-12T22:15:02.000000Z,2023-03-12T22:15:32.000000Z,ok
small_KO.KOZT_643264750.npz,KO.KOZT,643264750,0.8,M0.5-1.0,2023-07-10T23:19:39.000000Z,2023-07-10T23:20:09.000000Z,ok
small_KO.KMRS_643264750.npz,KO.KMRS,643264750,0.8,M0.5-1.0,2023-07-10T23:19:39.000000Z,2023-07-10T23:20:09.000000Z,ok
small_KO.KOZT_642730493.npz,KO.KOZT,642730493,1.0,M0.5-1.0,2023-04-07T22:25:07.000000Z,2023-04-07T22:25:37.000000Z,ok
small_KO.KMRS_642730493.npz,KO.KMRS,642730493,1.0,M0.5-1.0,2023-04-07T22:25:07.000000Z,2023-04-07T22:25:37.000000Z,ok
small_KO.KOZT_643177788.npz,KO.KOZT,643177788,0.9,M0.5-1.0,2023-06-03T16:19:56.000000Z,2023-06-03T16:20:26.000000Z,ok
small_KO.KMRS_643177788.npz,KO.KMRS,643177788,0.9,M0.5-1.0,2023-06-03T16:19:56.000000Z,2023-06-03T16:20:26.000000Z,fail: Gap fraction 0.30 > 0.05
small_KO.KOZT_642730610.npz,KO.KOZT,642730610,0.9,M0.5-1.0,2023-04-07T07:41:23.000000Z,2023-04-07T07:41:53.000000Z,ok
small_KO.KMRS_642730610.npz,KO.KMRS,642730610,0.9,M0.5-1.0,2023-04-07T07:41:23.000000Z,2023-04-07T07:41:53.000000Z,ok
small_KO.KOZT_642939368.npz,KO.KOZT,642939368,1.0,M0.5-1.0,2023-05-10T10:55:09.000000Z,2023-05-10T10:55:39.000000Z,ok
small_KO.KMRS_642939368.npz,KO.KMRS,642939368,1.0,M0.5-1.0,2023-05-10T10:55:09.000000Z,2023-05-10T10:55:39.000000Z,ok
small_KO.KOZT_636323242.npz,KO.KOZT,636323242,0.9,M0.5-1.0,2023-08-01T23:57:04.000000Z,2023-08-01T23:57:34.000000Z,ok
small_KO.KMRS_636323242.npz,KO.KMRS,636323242,0.9,M0.5-1.0,2023-08-01T23:57:04.000000Z,2023-08-01T23:57:34.000000Z,ok
small_KO.KOZT_636310232.npz,KO.KOZT,636310232,1.0,M0.5-1.0,2023-05-04T09:17:47.200000Z,2023-05-04T09:18:17.200000Z,ok
small_KO.KMRS_636310232.npz,KO.KMRS,636310232,1.0,M0.5-1.0,2023-05-04T09:17:47.200000Z,2023-05-04T09:18:17.200000Z,ok
small_KO.KOZT_642939924.npz,KO.KOZT,642939924,0.9,M0.5-1.0,2023-05-16T23:30:24.000000Z,2023-05-16T23:30:54.000000Z,ok
small_KO.KMRS_642939924.npz,KO.KMRS,642939924,0.9,M0.5-1.0,2023-05-16T23:30:24.000000Z,2023-05-16T23:30:54.000000Z,ok
small_KO.KOZT_636309928.npz,KO.KOZT,636309928,0.8,M0.5-1.0,2023-05-02T21:39:39.400000Z,2023-05-02T21:40:09.400000Z,ok
small_KO.KMRS_636309928.npz,KO.KMRS,636309928,0.8,M0.5-1.0,2023-05-02T21:39:39.400000Z,2023-05-02T21:40:09.400000Z,ok
small_KO.KOZT_626760638.npz,KO.KOZT,626760638,1.0,M0.5-1.0,2023-03-20T16:28:33.800000Z,2023-03-20T16:29:03.800000Z,ok
small_KO.KMRS_626760638.npz,KO.KMRS,626760638,1.0,M0.5-1.0,2023-03-20T16:28:33.800000Z,2023-03-20T16:29:03.800000Z,"fail: Missing channels: ['HHN', 'HHE']"
small_KO.KOZT_642870406.npz,KO.KOZT,642870406,1.0,M0.5-1.0,2023-03-02T17:53:03.000000Z,2023-03-02T17:53:33.000000Z,ok
small_KO.KMRS_642870406.npz,KO.KMRS,642870406,1.0,M0.5-1.0,2023-03-02T17:53:03.000000Z,2023-03-02T17:53:33.000000Z,ok
small_KO.KOZT_626668814.npz,KO.KOZT,626668814,0.9,M0.5-1.0,2023-02-19T04:36:21.000000Z,2023-02-19T04:36:51.000000Z,ok
small_KO.KMRS_626668814.npz,KO.KMRS,626668814,0.9,M0.5-1.0,2023-02-19T04:36:21.000000Z,2023-02-19T04:36:51.000000Z,fail: Missing channels: ['HHZ']
small_KO.KOZT_642733437.npz,KO.KOZT,642733437,0.9,M0.5-1.0,2023-04-27T15:24:57.000000Z,2023-04-27T15:25:27.000000Z,ok
small_KO.KMRS_642733437.npz,KO.KMRS,642733437,0.9,M0.5-1.0,2023-04-27T15:24:57.000000Z,2023-04-27T15:25:27.000000Z,ok
small_KO.KOZT_642730969.npz,KO.KOZT,642730969,0.9,M0.5-1.0,2023-04-10T16:13:32.000000Z,2023-04-10T16:14:02.000000Z,ok
small_KO.KMRS_642730969.npz,KO.KMRS,642730969,0.9,M0.5-1.0,2023-04-10T16:13:32.000000Z,2023-04-10T16:14:02.000000Z,ok
small_KO.KOZT_636314840.npz,KO.KOZT,636314840,0.8,M0.5-1.0,2023-05-30T07:20:06.200000Z,2023-05-30T07:20:36.200000Z,ok
small_KO.KMRS_636314840.npz,KO.KMRS,636314840,0.8,M0.5-1.0,2023-05-30T07:20:06.200000Z,2023-05-30T07:20:36.200000Z,ok
small_KO.KOZT_642875047.npz,KO.KOZT,642875047,0.9,M0.5-1.0,2023-03-18T15:10:38.000000Z,2023-03-18T15:11:08.000000Z,ok
small_KO.KMRS_642875047.npz,KO.KMRS,642875047,0.9,M0.5-1.0,2023-03-18T15:10:38.000000Z,2023-03-18T15:11:08.000000Z,"fail: Missing channels: ['HHZ', 'HHE']"
small_KO.KOZT_642730586.npz,KO.KOZT,642730586,0.9,M0.5-1.0,2023-04-07T11:06:56.000000Z,2023-04-07T11:07:26.000000Z,ok
small_KO.KMRS_642730586.npz,KO.KMRS,642730586,0.9,M0.5-1.0,2023-04-07T11:06:56.000000Z,2023-04-07T11:07:26.000000Z,ok
small_KO.KOZT_642733318.npz,KO.KOZT,642733318,1.0,M0.5-1.0,2023-04-26T02:21:51.000000Z,2023-04-26T02:22:21.000000Z,ok
small_KO.KMRS_642733318.npz,KO.KMRS,642733318,1.0,M0.5-1.0,2023-04-26T02:21:51.000000Z,2023-04-26T02:22:21.000000Z,ok
small_KO.KOZT_642732764.npz,KO.KOZT,642732764,1.0,M0.5-1.0,2023-04-22T19:26:54.000000Z,2023-04-22T19:27:24.000000Z,ok
small_KO.KMRS_642732764.npz,KO.KMRS,642732764,1.0,M0.5-1.0,2023-04-22T19:26:54.000000Z,2023-04-22T19:27:24.000000Z,ok
small_KO.KOZT_642875137.npz,KO.KOZT,642875137,0.9,M0.5-1.0,2023-03-18T21:56:56.000000Z,2023-03-18T21:57:26.000000Z,ok
small_KO.KMRS_642875137.npz,KO.KMRS,642875137,0.9,M0.5-1.0,2023-03-18T21:56:56.000000Z,2023-03-18T21:57:26.000000Z,ok
small_KO.KOZT_643265213.npz,KO.KOZT,643265213,1.0,M0.5-1.0,2023-07-17T03:05:17.000000Z,2023-07-17T03:05:47.000000Z,ok
small_KO.KMRS_643265213.npz,KO.KMRS,643265213,1.0,M0.5-1.0,2023-07-17T03:05:17.000000Z,2023-07-17T03:05:47.000000Z,ok
small_KO.KOZT_643266586.npz,KO.KOZT,643266586,0.9,M0.5-1.0,2023-07-30T01:04:31.000000Z,2023-07-30T01:05:01.000000Z,ok
small_KO.KMRS_643266586.npz,KO.KMRS,643266586,0.9,M0.5-1.0,2023-07-30T01:04:31.000000Z,2023-07-30T01:05:01.000000Z,ok
small_KO.KOZT_636310384.npz,KO.KOZT,636310384,1.0,M0.5-1.0,2023-05-05T02:32:03.400000Z,2023-05-05T02:32:33.400000Z,ok
small_KO.KMRS_636310384.npz,KO.KMRS,636310384,1.0,M0.5-1.0,2023-05-05T02:32:03.400000Z,2023-05-05T02:32:33.400000Z,ok
small_KO.KOZT_643179331.npz,KO.KOZT,643179331,0.9,M0.5-1.0,2023-06-20T02:46:19.000000Z,2023-06-20T02:46:49.000000Z,ok
small_KO.KMRS_643179331.npz,KO.KMRS,643179331,0.9,M0.5-1.0,2023-06-20T02:46:19.000000Z,2023-06-20T02:46:49.000000Z,ok
small_KO.KOZT_642729298.npz,KO.KOZT,642729298,0.9,M0.5-1.0,2023-04-01T23:31:26.000000Z,2023-04-01T23:31:56.000000Z,ok
small_KO.KMRS_642729298.npz,KO.KMRS,642729298,0.9,M0.5-1.0,2023-04-01T23:31:26.000000Z,2023-04-01T23:31:56.000000Z,fail: Gap fraction 0.20 > 0.05
small_KO.KOZT_642732574.npz,KO.KOZT,642732574,0.9,M0.5-1.0,2023-04-21T21:00:38.000000Z,2023-04-21T21:01:08.000000Z,ok
small_KO.KMRS_642732574.npz,KO.KMRS,642732574,0.9,M0.5-1.0,2023-04-21T21:00:38.000000Z,2023-04-21T21:01:08.000000Z,ok
small_KO.KOZT_626761704.npz,KO.KOZT,626761704,0.9,M0.5-1.0,2023-03-23T20:49:06.000000Z,2023-03-23T20:49:36.000000Z,ok
small_KO.KMRS_626761704.npz,KO.KMRS,626761704,0.9,M0.5-1.0,2023-03-23T20:49:06.000000Z,2023-03-23T20:49:36.000000Z,ok
small_KO.KOZT_642877491.npz,KO.KOZT,642877491,0.9,M0.5-1.0,2023-03-29T07:40:08.000000Z,2023-03-29T07:40:38.000000Z,ok
small_KO.KMRS_642877491.npz,KO.KMRS,642877491,0.9,M0.5-1.0,2023-03-29T07:40:08.000000Z,2023-03-29T07:40:38.000000Z,ok
small_KO.KOZT_642941422.npz,KO.KOZT,642941422,1.1,M1.0-1.5,2023-05-31T12:18:30.000000Z,2023-05-31T12:19:00.000000Z,ok
small_KO.KMRS_642941422.npz,KO.KMRS,642941422,1.1,M1.0-1.5,2023-05-31T12:18:30.000000Z,2023-05-31T12:19:00.000000Z,ok
small_KO.KOZT_642876145.npz,KO.KOZT,642876145,1.5,M1.0-1.5,2023-03-22T05:58:53.000000Z,2023-03-22T05:59:23.000000Z,ok
small_KO.KMRS_642876145.npz,KO.KMRS,642876145,1.5,M1.0-1.5,2023-03-22T05:58:53.000000Z,2023-03-22T05:59:23.000000Z,ok
small_KO.KOZT_636315121.npz,KO.KOZT,636315121,1.5,M1.0-1.5,2023-05-31T21:54:01.500000Z,2023-05-31T21:54:31.500000Z,ok
small_KO.KMRS_636315121.npz,KO.KMRS,636315121,1.5,M1.0-1.5,2023-05-31T21:54:01.500000Z,2023-05-31T21:54:31.500000Z,ok
small_KO.KOZT_642739208.npz,KO.KOZT,642739208,1.4,M1.0-1.5,2023-02-25T19:28:10.000000Z,2023-02-25T19:28:40.000000Z,ok
small_KO.KMRS_642739208.npz,KO.KMRS,642739208,1.4,M1.0-1.5,2023-02-25T19:28:10.000000Z,2023-02-25T19:28:40.000000Z,ok
small_KO.KOZT_642729408.npz,KO.KOZT,642729408,1.2,M1.0-1.5,2023-04-01T10:49:05.000000Z,2023-04-01T10:49:35.000000Z,ok
small_KO.KMRS_642729408.npz,KO.KMRS,642729408,1.2,M1.0-1.5,2023-04-01T10:49:05.000000Z,2023-04-01T10:49:35.000000Z,fail: Missing channels: ['HHN']
small_KO.KOZT_642732967.npz,KO.KOZT,642732967,1.2,M1.0-1.5,2023-04-24T21:07:19.000000Z,2023-04-24T21:07:49.000000Z,ok
small_KO.KMRS_642732967.npz,KO.KMRS,642732967,1.2,M1.0-1.5,2023-04-24T21:07:19.000000Z,2023-04-24T21:07:49.000000Z,ok
small_KO.KOZT_626753027.npz,KO.KOZT,626753027,1.5,M1.0-1.5,2023-03-01T02:34:27.500000Z,2023-03-01T02:34:57.500000Z,ok
small_KO.KMRS_626753027.npz,KO.KMRS,626753027,1.5,M1.0-1.5,2023-03-01T02:34:27.500000Z,2023-03-01T02:34:57.500000Z,ok
small_KO.KOZT_626669508.npz,KO.KOZT,626669508,1.5,M1.0-1.5,2023-02-20T10:23:24.900000Z,2023-02-20T10:23:54.900000Z,ok
small_KO.KMRS_626669508.npz,KO.KMRS,626669508,1.5,M1.0-1.5,2023-02-20T10:23:24.900000Z,2023-02-20T10:23:54.900000Z,"fail: No data available for request.
HTTP Status code: 204
Detailed response of server"
small_KO.KOZT_643266332.npz,KO.KOZT,643266332,1.3,M1.0-1.5,2023-07-28T00:20:38.000000Z,2023-07-28T00:21:08.000000Z,ok
small_KO.KMRS_643266332.npz,KO.KMRS,643266332,1.3,M1.0-1.5,2023-07-28T00:20:38.000000Z,2023-07-28T00:21:08.000000Z,ok
small_KO.KOZT_626674072.npz,KO.KOZT,626674072,1.5,M1.0-1.5,2023-02-28T17:15:00.000000Z,2023-02-28T17:15:30.000000Z,ok
small_KO.KMRS_626674072.npz,KO.KMRS,626674072,1.5,M1.0-1.5,2023-02-28T17:15:00.000000Z,2023-02-28T17:15:30.000000Z,ok
small_KO.KOZT_626753061.npz,KO.KOZT,626753061,1.2,M1.0-1.5,2023-03-01T04:46:11.000000Z,2023-03-01T04:46:41.000000Z,ok
small_KO.KMRS_626753061.npz,KO.KMRS,626753061,1.2,M1.0-1.5,2023-03-01T04:46:11.000000Z,2023-03-01T04:46:41.000000Z,ok
small_KO.KOZT_626762743.npz,KO.KOZT,626762743,1.2,M1.0-1.5,2023-03-27T00:55:44.800000Z,2023-03-27T00:56:14.800000Z,ok
small_KO.KMRS_626762743.npz,KO.KMRS,626762743,1.2,M1.0-1.5,2023-03-27T00:55:44.800000Z,2023-03-27T00:56:14.800000Z,fail: Gap fraction 0.15 > 0.05
small_KO.KOZT_626671004.npz,KO.KOZT,626671004,1.4,M1.0-1.5,2023-02-22T23:30:58.400000Z,2023-02-22T23:31:28.400000Z,ok
small_KO.KMRS_626671004.npz,KO.KMRS,626671004,1.4,M1.0-1.5,2023-02-22T23:30:58.400000Z,2023-02-22T23:31:28.400000Z,ok
small_KO.KOZT_643177729.npz,KO.KOZT,643177729,1.4,M1.0-1.5,2023-06-02T03:22:56.000000Z,2023-06-02T03:23:26.000000Z,ok
small_KO.KMRS_643177729.npz,KO.KMRS,643177729,1.4,M1.0-1.5,2023-06-02T03:22:56.000000Z,2023-06-02T03:23:26.000000Z,ok
small_KO.KOZT_626667801.npz,KO.KOZT,626667801,1.5,M1.0-1.5,2023-02-17T05:44:05.200000Z,2023-02-17T05:44:35.200000Z,ok
small_KO.KMRS_626667801.npz,KO.KMRS,626667801,1.5,M1.0-1.5,2023-02-17T05:44:05.200000Z,2023-02-17T05:44:35.200000Z,ok
small_KO.KOZT_636315838.npz,KO.KOZT,636315838,1.5,M1.0-1.5,2023-06-05T09:00:10.300000Z,2023-06-05T09:00:40.300000Z,ok
small_KO.KMRS_636315838.npz,KO.KMRS,636315838,1.5,M1.0-1.5,2023-06-05T09:00:10.300000Z,2023-06-05T09:00:40.300000Z,ok
small_KO.KOZT_642732050.npz,KO.KOZT,642732050,1.4,M1.0-1.5,2023-04-17T17:53:59.400000Z,2023-04-17T17:54:29.400000Z,ok
small_KO.KMRS_642732050.npz,KO.KMRS,642732050,1.4,M1.0-1.5,2023-04-17T17:53:59.400000Z,2023-04-17T17:54:29.400000Z,ok
small_KO.KOZT_642729565.npz,KO.KOZT,642729565,1.2,M1.0-1.5,2023-04-02T20:09:05.000000Z,2023-04-02T20:09:35.000000Z,ok
small_KO.KMRS_642729565.npz,KO.KMRS,642729565,1.2,M1.0-1.5,2023-04-02T20:09:05.000000Z,2023-04-02T20:09:35.000000Z,fail: Gap fraction 0.42 > 0.05
small_KO.KOZT_642732236.npz,KO.KOZT,642732236,1.4,M1.0-1.5,2023-04-18T00:44:02.000000Z,2023-04-18T00:44:32.000000Z,ok
small_KO.KMRS_642732236.npz,KO.KMRS,642732236,1.4,M1.0-1.5,2023-04-18T00:44:02.000000Z,2023-04-18T00:44:32.000000Z,ok
small_KO.KOZT_642692836.npz,KO.KOZT,642692836,1.5,M1.0-1.5,2023-02-19T05:34:53.000000Z,2023-02-19T05:35:23.000000Z,ok
small_KO.KMRS_642692836.npz,KO.KMRS,642692836,1.5,M1.0-1.5,2023-02-19T05:34:53.000000Z,2023-02-19T05:35:23.000000Z,ok
small_KO.KOZT_626756987.npz,KO.KOZT,626756987,1.3,M1.0-1.5,2023-03-10T15:52:41.000000Z,2023-03-10T15:53:11.000000Z,ok
small_KO.KMRS_626756987.npz,KO.KMRS,626756987,1.3,M1.0-1.5,2023-03-10T15:52:41.000000Z,2023-03-10T15:53:11.000000Z,fail: Gap fraction 0.98 > 0.05
small_KO.KOZT_636315463.npz,KO.KOZT,636315463,1.4,M1.0-1.5,2023-06-03T01:27:46.800000Z,2023-06-03T01:28:16.800000Z,ok
small_KO.KMRS_636315463.npz,KO.KMRS,636315463,1.4,M1.0-1.5,2023-06-03T01:27:46.800000Z,2023-06-03T01:28:16.800000Z,ok
small_KO.KOZT_642733409.npz,KO.KOZT,642733409,1.4,M1.0-1.5,2023-04-27T17:47:16.000000Z,2023-04-27T17:47:46.000000Z,ok
small_KO.KMRS_642733409.npz,KO.KMRS,642733409,1.4,M1.0-1.5,2023-04-27T17:47:16.000000Z,2023-04-27T17:47:46.000000Z,ok
small_KO.KOZT_626762515.npz,KO.KOZT,626762515,1.5,M1.0-1.5,2023-03-26T05:22:30.600000Z,2023-03-26T05:23:00.600000Z,ok
small_KO.KMRS_626762515.npz,KO.KMRS,626762515,1.5,M1.0-1.5,2023-03-26T05:22:30.600000Z,2023-03-26T05:23:00.600000Z,ok
small_KO.KOZT_643264805.npz,KO.KOZT,643264805,1.1,M1.0-1.5,2023-07-10T09:13:58.000000Z,2023-07-10T09:14:28.000000Z,ok
small_KO.KMRS_643264805.npz,KO.KMRS,643264805,1.1,M1.0-1.5,2023-07-10T09:13:58.000000Z,2023-07-10T09:14:28.000000Z,ok
small_KO.KOZT_626759915.npz,KO.KOZT,626759915,1.5,M1.0-1.5,2023-03-18T12:13:17.900000Z,2023-03-18T12:13:47.900000Z,ok
small_KO.KMRS_626759915.npz,KO.KMRS,626759915,1.5,M1.0-1.5,2023-03-18T12:13:17.900000Z,2023-03-18T12:13:47.900000Z,ok
small_KO.KOZT_626762142.npz,KO.KOZT,626762142,1.5,M1.0-1.5,2023-03-25T05:46:32.400000Z,2023-03-25T05:47:02.400000Z,ok
small_KO.KMRS_626762142.npz,KO.KMRS,626762142,1.5,M1.0-1.5,2023-03-25T05:46:32.400000Z,2023-03-25T05:47:02.400000Z,ok
small_KO.KOZT_626667090.npz,KO.KOZT,626667090,1.5,M1.0-1.5,2023-02-15T22:51:55.100000Z,2023-02-15T22:52:25.100000Z,ok
small_KO.KMRS_626667090.npz,KO.KMRS,626667090,1.5,M1.0-1.5,2023-02-15T22:51:55.100000Z,2023-02-15T22:52:25.100000Z,"fail: No data available for request.
HTTP Status code: 204
Detailed response of server"
small_KO.KOZT_626755808.npz,KO.KOZT,626755808,1.5,M1.0-1.5,2023-03-07T12:45:09.400000Z,2023-03-07T12:45:39.400000Z,ok
small_KO.KMRS_626755808.npz,KO.KMRS,626755808,1.5,M1.0-1.5,2023-03-07T12:45:09.400000Z,2023-03-07T12:45:39.400000Z,ok
small_KO.KOZT_626758410.npz,KO.KOZT,626758410,1.3,M1.0-1.5,2023-03-14T09:42:15.500000Z,2023-03-14T09:42:45.500000Z,ok
small_KO.KMRS_626758410.npz,KO.KMRS,626758410,1.3,M1.0-1.5,2023-03-14T09:42:15.500000Z,2023-03-14T09:42:45.500000Z,ok
small_KO.KOZT_642875605.npz,KO.KOZT,642875605,1.1,M1.0-1.5,2023-03-20T01:03:49.000000Z,2023-03-20T01:04:19.000000Z,ok
small_KO.KMRS_642875605.npz,KO.KMRS,642875605,1.1,M1.0-1.5,2023-03-20T01:03:49.000000Z,2023-03-20T01:04:19.000000Z,ok
small_KO.KOZT_636315972.npz,KO.KOZT,636315972,1.3,M1.0-1.5,2023-06-06T02:58:16.900000Z,2023-06-06T02:58:46.900000Z,fail: Gap fraction 0.05 > 0.05
small_KO.KMRS_636315972.npz,KO.KMRS,636315972,1.3,M1.0-1.5,2023-06-06T02:58:16.900000Z,2023-06-06T02:58:46.900000Z,ok
small_KO.KOZT_636323761.npz,KO.KOZT,636323761,1.4,M1.0-1.5,2023-08-06T23:41:53.400000Z,2023-08-06T23:42:23.400000Z,ok
small_KO.KMRS_636323761.npz,KO.KMRS,636323761,1.4,M1.0-1.5,2023-08-06T23:41:53.400000Z,2023-08-06T23:42:23.400000Z,ok
small_KO.KOZT_626760690.npz,KO.KOZT,626760690,1.3,M1.0-1.5,2023-03-20T18:32:41.300000Z,2023-03-20T18:33:11.300000Z,ok
small_KO.KMRS_626760690.npz,KO.KMRS,626760690,1.3,M1.0-1.5,2023-03-20T18:32:41.300000Z,2023-03-20T18:33:11.300000Z,ok
small_KO.KOZT_636308159.npz,KO.KOZT,636308159,1.2,M1.0-1.5,2023-04-24T10:33:30.300000Z,2023-04-24T10:34:00.300000Z,ok
small_KO.KMRS_636308159.npz,KO.KMRS,636308159,1.2,M1.0-1.5,2023-04-24T10:33:30.300000Z,2023-04-24T10:34:00.300000Z,ok
small_KO.KOZT_626672774.npz,KO.KOZT,626672774,1.4,M1.0-1.5,2023-02-26T02:37:14.300000Z,2023-02-26T02:37:44.300000Z,ok
small_KO.KMRS_626672774.npz,KO.KMRS,626672774,1.4,M1.0-1.5,2023-02-26T02:37:14.300000Z,2023-02-26T02:37:44.300000Z,ok
small_KO.KOZT_626761380.npz,KO.KOZT,626761380,1.4,M1.0-1.5,2023-03-23T03:25:22.900000Z,2023-03-23T03:25:52.900000Z,ok
small_KO.KMRS_626761380.npz,KO.KMRS,626761380,1.4,M1.0-1.5,2023-03-23T03:25:22.900000Z,2023-03-23T03:25:52.900000Z,ok
small_KO.KOZT_642877211.npz,KO.KOZT,642877211,1.5,M1.0-1.5,2023-03-27T21:21:41.000000Z,2023-03-27T21:22:11.000000Z,ok
small_KO.KMRS_642877211.npz,KO.KMRS,642877211,1.5,M1.0-1.5,2023-03-27T21:21:41.000000Z,2023-03-27T21:22:11.000000Z,ok
small_KO.KOZT_636322689.npz,KO.KOZT,636322689,1.5,M1.0-1.5,2023-07-28T05:00:00.300000Z,2023-07-28T05:00:30.300000Z,ok
small_KO.KMRS_636322689.npz,KO.KMRS,636322689,1.5,M1.0-1.5,2023-07-28T05:00:00.300000Z,2023-07-28T05:00:30.300000Z,ok
small_KO.KOZT_643264874.npz,KO.KOZT,643264874,1.2,M1.0-1.5,2023-07-11T05:56:36.000000Z,2023-07-11T05:57:06.000000Z,ok
small_KO.KMRS_643264874.npz,KO.KMRS,643264874,1.2,M1.0-1.5,2023-07-11T05:56:36.000000Z,2023-07-11T05:57:06.000000Z,fail: Gap fraction 0.83 > 0.05
small_KO.KOZT_636319000.npz,KO.KOZT,636319000,1.2,M1.0-1.5,2023-06-26T06:24:07.900000Z,2023-06-26T06:24:37.900000Z,ok
small_KO.KMRS_636319000.npz,KO.KMRS,636319000,1.2,M1.0-1.5,2023-06-26T06:24:07.900000Z,2023-06-26T06:24:37.900000Z,ok
small_KO.KOZT_626758373.npz,KO.KOZT,626758373,1.2,M1.0-1.5,2023-03-14T07:00:41.600000Z,2023-03-14T07:01:11.600000Z,ok
small_KO.KMRS_626758373.npz,KO.KMRS,626758373,1.2,M1.0-1.5,2023-03-14T07:00:41.600000Z,2023-03-14T07:01:11.600000Z,"fail: Missing channels: ['HHN', 'HHE']"
small_KO.KOZT_636312699.npz,KO.KOZT,636312699,1.5,M1.0-1.5,2023-05-17T12:45:17.400000Z,2023-05-17T12:45:47.400000Z,ok
small_KO.KMRS_636312699.npz,KO.KMRS,636312699,1.5,M1.0-1.5,2023-05-17T12:45:17.400000Z,2023-05-17T12:45:47.400000Z,fail: Gap fraction 0.17 > 0.05
small_KO.KOZT_642732144.npz,KO.KOZT,642732144,1.2,M1.0-1.5,2023-04-18T16:07:10.000000Z,2023-04-18T16:07:40.000000Z,ok
small_KO.KMRS_642732144.npz,KO.KMRS,642732144,1.2,M1.0-1.5,2023-04-18T16:07:10.000000Z,2023-04-18T16:07:40.000000Z,ok
small_KO.KOZT_643264573.npz,KO.KOZT,643264573,1.5,M1.0-1.5,2023-07-05T19:06:05.000000Z,2023-07-05T19:06:35.000000Z,ok
small_KO.KMRS_643264573.npz,KO.KMRS,643264573,1.5,M1.0-1.5,2023-07-05T19:06:05.000000Z,2023-07-05T19:06:35.000000Z,fail: Gap fraction 0.87 > 0.05
small_KO.KOZT_642731872.npz,KO.KOZT,642731872,1.5,M1.0-1.5,2023-04-16T15:27:36.000000Z,2023-04-16T15:28:06.000000Z,ok
small_KO.KMRS_642731872.npz,KO.KMRS,642731872,1.5,M1.0-1.5,2023-04-16T15:27:36.000000Z,2023-04-16T15:28:06.000000Z,ok
small_KO.KOZT_636315409.npz,KO.KOZT,636315409,1.5,M1.0-1.5,2023-06-02T18:39:09.000000Z,2023-06-02T18:39:39.000000Z,ok
small_KO.KMRS_636315409.npz,KO.KMRS,636315409,1.5,M1.0-1.5,2023-06-02T18:39:09.000000Z,2023-06-02T18:39:39.000000Z,ok
small_KO.KOZT_643264903.npz,KO.KOZT,643264903,1.1,M1.0-1.5,2023-07-11T01:16:03.000000Z,2023-07-11T01:16:33.000000Z,ok
small_KO.KMRS_643264903.npz,KO.KMRS,643264903,1.1,M1.0-1.5,2023-07-11T01:16:03.000000Z,2023-07-11T01:16:33.000000Z,ok
small_KO.KOZT_626671239.npz,KO.KOZT,626671239,1.4,M1.0-1.5,2023-02-23T08:49:39.100000Z,2023-02-23T08:50:09.100000Z,ok
small_KO.KMRS_626671239.npz,KO.KMRS,626671239,1.4,M1.0-1.5,2023-02-23T08:49:39.100000Z,2023-02-23T08:50:09.100000Z,"fail: No data available for request.
HTTP Status code: 204
Detailed response of server"
small_KO.KOZT_636309549.npz,KO.KOZT,636309549,1.5,M1.0-1.5,2023-05-01T03:53:03.000000Z,2023-05-01T03:53:33.000000Z,ok
small_KO.KMRS_636309549.npz,KO.KMRS,636309549,1.5,M1.0-1.5,2023-05-01T03:53:03.000000Z,2023-05-01T03:53:33.000000Z,ok
small_KO.KOZT_643179128.npz,KO.KOZT,643179128,1.4,M1.0-1.5,2023-06-18T14:00:05.000000Z,2023-06-18T14:00:35.000000Z,ok
small_KO.KMRS_643179128.npz,KO.KMRS,643179128,1.4,M1.0-1.5,2023-06-18T14:00:05.000000Z,2023-06-18T14:00:35.000000Z,ok
small_KO.KOZT_626759343.npz,KO.KOZT,626759343,1.2,M1.0-1.5,2023-03-16T21:10:22.900000Z,2023-03-16T21:10:52.900000Z,ok
small_KO.KMRS_626759343.npz,KO.KMRS,626759343,1.2,M1.0-1.5,2023-03-16T21:10:22.900000Z,2023-03-16T21:10:52.900000Z,ok
small_KO.KOZT_642731486.npz,KO.KOZT,642731486,1.2,M1.0-1.5,2023-04-13T18:05:58.000000Z,2023-04-13T18:06:28.000000Z,ok
small_KO.KMRS_642731486.npz,KO.KMRS,642731486,1.2,M1.0-1.5,2023-04-13T18:05:58.000000Z,2023-04-13T18:06:28.000000Z,ok
small_KO.KOZT_636311420.npz,KO.KOZT,636311420,1.2,M1.0-1.5,2023-05-10T22:56:52.500000Z,2023-05-10T22:57:22.500000Z,ok
small_KO.KMRS_636311420.npz,KO.KMRS,636311420,1.2,M1.0-1.5,2023-05-10T22:56:52.500000Z,2023-05-10T22:57:22.500000Z,ok
small_KO.KOZT_642876486.npz,KO.KOZT,642876486,1.1,M1.0-1.5,2023-03-24T09:52:39.000000Z,2023-03-24T09:53:09.000000Z,ok
small_KO.KMRS_642876486.npz,KO.KMRS,642876486,1.1,M1.0-1.5,2023-03-24T09:52:39.000000Z,2023-03-24T09:53:09.000000Z,ok
small_KO.KOZT_642877372.npz,KO.KOZT,642877372,1.4,M1.0-1.5,2023-03-28T19:42:12.000000Z,2023-03-28T19:42:42.000000Z,ok
small_KO.KMRS_642877372.npz,KO.KMRS,642877372,1.4,M1.0-1.5,2023-03-28T19:42:12.000000Z,2023-03-28T19:42:42.000000Z,ok
small_KO.KOZT_642691581.npz,KO.KOZT,642691581,1.2,M1.0-1.5,2023-02-15T05:12:42.000000Z,2023-02-15T05:13:12.000000Z,ok
small_KO.KMRS_642691581.npz,KO.KMRS,642691581,1.2,M1.0-1.5,2023-02-15T05:12:42.000000Z,2023-02-15T05:13:12.000000Z,"fail: No data available for request.
HTTP Status code: 204
Detailed response of server"
small_KO.KOZT_642730118.npz,KO.KOZT,642730118,1.3,M1.0-1.5,2023-04-04T02:27:33.000000Z,2023-04-04T02:28:03.000000Z,ok
small_KO.KMRS_642730118.npz,KO.KMRS,642730118,1.3,M1.0-1.5,2023-04-04T02:27:33.000000Z,2023-04-04T02:28:03.000000Z,ok
small_KO.KOZT_642870680.npz,KO.KOZT,642870680,1.2,M1.0-1.5,2023-03-03T17:24:58.000000Z,2023-03-03T17:25:28.000000Z,ok
small_KO.KMRS_642870680.npz,KO.KMRS,642870680,1.2,M1.0-1.5,2023-03-03T17:24:58.000000Z,2023-03-03T17:25:28.000000Z,fail: Gap fraction 0.35 > 0.05
small_KO.KOZT_636320033.npz,KO.KOZT,636320033,1.4,M1.0-1.5,2023-07-03T10:37:02.400000Z,2023-07-03T10:37:32.400000Z,ok
small_KO.KMRS_636320033.npz,KO.KMRS,636320033,1.4,M1.0-1.5,2023-07-03T10:37:02.400000Z,2023-07-03T10:37:32.400000Z,"fail: Missing channels: ['HHZ', 'HHN']"
small_KO.KOZT_636318971.npz,KO.KOZT,636318971,1.4,M1.0-1.5,2023-06-25T22:50:50.400000Z,2023-06-25T22:51:20.400000Z,ok
small_KO.KMRS_636318971.npz,KO.KMRS,636318971,1.4,M1.0-1.5,2023-06-25T22:50:50.400000Z,2023-06-25T22:51:20.400000Z,ok
small_KO.KOZT_636321449.npz,KO.KOZT,636321449,1.5,M1.0-1.5,2023-07-16T02:39:35.600000Z,2023-07-16T02:40:05.600000Z,ok
small_KO.KMRS_636321449.npz,KO.KMRS,636321449,1.5,M1.0-1.5,2023-07-16T02:39:35.600000Z,2023-07-16T02:40:05.600000Z,ok
small_KO.KOZT_626666518.npz,KO.KOZT,626666518,1.5,M1.0-1.5,2023-02-14T18:28:07.800000Z,2023-02-14T18:28:37.800000Z,ok
small_KO.KMRS_626666518.npz,KO.KMRS,626666518,1.5,M1.0-1.5,2023-02-14T18:28:07.800000Z,2023-02-14T18:28:37.800000Z,"fail: No data available for request.
HTTP Status code: 204
Detailed response of server"
small_KO.KOZT_642872630.npz,KO.KOZT,642872630,1.5,M1.0-1.5,2023-03-09T22:14:38.000000Z,2023-03-09T22:15:08.000000Z,ok
small_KO.KMRS_642872630.npz,KO.KMRS,642872630,1.5,M1.0-1.5,2023-03-09T22:14:38.000000Z,2023-03-09T22:15:08.000000Z,ok
small_KO.KOZT_642739841.npz,KO.KOZT,642739841,1.5,M1.0-1.5,2023-02-20T02:54:24.000000Z,2023-02-20T02:54:54.000000Z,ok
small_KO.KMRS_642739841.npz,KO.KMRS,642739841,1.5,M1.0-1.5,2023-02-20T02:54:24.000000Z,2023-02-20T02:54:54.000000Z,ok
small_KO.KOZT_642696114.npz,KO.KOZT,642696114,1.1,M1.0-1.5,2023-02-28T19:01:23.000000Z,2023-02-28T19:01:53.000000Z,ok
small_KO.KMRS_642696114.npz,KO.KMRS,642696114,1.1,M1.0-1.5,2023-02-28T19:01:23.000000Z,2023-02-28T19:01:53.000000Z,ok
small_KO.KOZT_642875990.npz,KO.KOZT,642875990,1.5,M1.0-1.5,2023-03-21T01:43:09.000000Z,2023-03-21T01:43:39.000000Z,ok
small_KO.KMRS_642875990.npz,KO.KMRS,642875990,1.5,M1.0-1.5,2023-03-21T01:43:09.000000Z,2023-03-21T01:43:39.000000Z,ok
small_KO.KOZT_642692290.npz,KO.KOZT,642692290,1.4,M1.0-1.5,2023-02-17T11:29:31.000000Z,2023-02-17T11:30:01.000000Z,ok
small_KO.KMRS_642692290.npz,KO.KMRS,642692290,1.4,M1.0-1.5,2023-02-17T11:29:31.000000Z,2023-02-17T11:30:01.000000Z,ok
small_KO.KOZT_636314295.npz,KO.KOZT,636314295,1.2,M1.0-1.5,2023-05-26T23:52:16.100000Z,2023-05-26T23:52:46.100000Z,ok
small_KO.KMRS_636314295.npz,KO.KMRS,636314295,1.2,M1.0-1.5,2023-05-26T23:52:16.100000Z,2023-05-26T23:52:46.100000Z,ok
small_KO.KOZT_642872507.npz,KO.KOZT,642872507,1.5,M1.0-1.5,2023-03-09T00:15:22.000000Z,2023-03-09T00:15:52.000000Z,ok
small_KO.KMRS_642872507.npz,KO.KMRS,642872507,1.5,M1.0-1.5,2023-03-09T00:15:22.000000Z,2023-03-09T00:15:52.000000Z,fail: Gap fraction 0.18 > 0.05
small_KO.KOZT_626762361.npz,KO.KOZT,626762361,1.5,M1.0-1.5,2023-03-25T22:37:03.700000Z,2023-03-25T22:37:33.700000Z,ok
small_KO.KMRS_626762361.npz,KO.KMRS,626762361,1.5,M1.0-1.5,2023-03-25T22:37:03.700000Z,2023-03-25T22:37:33.700000Z,ok
small_KO.KOZT_642870093.npz,KO.KOZT,642870093,1.4,M1.0-1.5,2023-03-01T17:18:42.000000Z,2023-03-01T17:19:12.000000Z,ok
small_KO.KMRS_642870093.npz,KO.KMRS,642870093,1.4,M1.0-1.5,2023-03-01T17:18:42.000000Z,2023-03-01T17:19:12.000000Z,ok
small_KO.KOZT_626662229.npz,KO.KOZT,626662229,1.5,M1.0-1.5,2023-02-08T01:00:04.100000Z,2023-02-08T01:00:34.100000Z,ok
small_KO.KMRS_626662229.npz,KO.KMRS,626662229,1.5,M1.0-1.5,2023-02-08T01:00:04.100000Z,2023-02-08T01:00:34.100000Z,ok
small_KO.KOZT_636321930.npz,KO.KOZT,636321930,1.5,M1.0-1.5,2023-07-22T00:10:30.000000Z,2023-07-22T00:11:00.000000Z,ok
small_KO.KMRS_636321930.npz,KO.KMRS,636321930,1.5,M1.0-1.5,2023-07-22T00:10:30.000000Z,2023-07-22T00:11:00.000000Z,fail: Missing channels: ['HHN']
small_KO.KOZT_636312184.npz,KO.KOZT,636312184,1.3,M1.0-1.5,2023-05-15T03:31:23.100000Z,2023-05-15T03:31:53.100000Z,ok
small_KO.KMRS_636312184.npz,KO.KMRS,636312184,1.3,M1.0-1.5,2023-05-15T03:31:23.100000Z,2023-05-15T03:31:53.100000Z,ok
small_KO.KOZT_626673996.npz,KO.KOZT,626673996,1.3,M1.0-1.5,2023-02-28T14:17:07.000000Z,2023-02-28T14:17:37.000000Z,ok
small_KO.KMRS_626673996.npz,KO.KMRS,626673996,1.3,M1.0-1.5,2023-02-28T14:17:07.000000Z,2023-02-28T14:17:37.000000Z,"fail: Missing channels: ['HHZ', 'HHN']"
small_KO.KOZT_626671890.npz,KO.KOZT,626671890,1.2,M1.0-1.5,2023-02-24T13:27:12.000000Z,2023-02-24T13:27:42.000000Z,ok
small_KO.KMRS_626671890.npz,KO.KMRS,626671890,1.2,M1.0-1.5,2023-02-24T13:27:12.000000Z,2023-02-24T13:27:42.000000Z,ok
small_KO.KOZT_626762998.npz,KO.KOZT,626762998,1.5,M1.0-1.5,2023-03-28T02:39:33.800000Z,2023-03-28T02:40:03.800000Z,ok
small_KO.KMRS_626762998.npz,KO.KMRS,626762998,1.5,M1.0-1.5,2023-03-28T02:39:33.800000Z,2023-03-28T02:40:03.800000Z,fail: Gap fraction 0.25 > 0.05
small_KO.KOZT_636304439.npz,KO.KOZT,636304439,1.4,M1.0-1.5,2023-04-08T22:55:01.700000Z,2023-04-08T22:55:31.700000Z,ok
small_KO.KMRS_636304439.npz,KO.KMRS,636304439,1.4,M1.0-1.5,2023-04-08T22:55:01.700000Z,2023-04-08T22:55:31.700000Z,ok
small_KO.KOZT_626761298.npz,KO.KOZT,626761298,1.1,M1.0-1.5,2023-03-22T20:53:33.900000Z,2023-03-22T20:54:03.900000Z,ok
small_KO.KMRS_626761298.npz,KO.KMRS,626761298,1.1,M1.0-1.5,2023-03-22T20:53:33.900000Z,2023-03-22T20:54:03.900000Z,ok
small_KO.KOZT_642940574.npz,KO.KOZT,642940574,1.4,M1.0-1.5,2023-05-22T22:12:33.000000Z,2023-05-22T22:13:03.000000Z,ok
small_KO.KMRS_642940574.npz,KO.KMRS,642940574,1.4,M1.0-1.5,2023-05-22T22:12:33.000000Z,2023-05-22T22:13:03.000000Z,ok
small_KO.KOZT_636307388.npz,KO.KOZT,636307388,1.3,M1.0-1.5,2023-04-21T23:35:55.900000Z,2023-04-21T23:36:25.900000Z,ok
small_KO.KMRS_636307388.npz,KO.KMRS,636307388,1.3,M1.0-1.5,2023-04-21T23:35:55.900000Z,2023-04-21T23:36:25.900000Z,fail: Gap fraction 0.17 > 0.05
small_KO.KOZT_626672260.npz,KO.KOZT,626672260,1.4,M1.0-1.5,2023-02-25T05:47:44.100000Z,2023-02-25T05:48:14.100000Z,ok
small_KO.KMRS_626672260.npz,KO.KMRS,626672260,1.4,M1.0-1.5,2023-02-25T05:47:44.100000Z,2023-02-25T05:48:14.100000Z,ok
small_KO.KOZT_626757205.npz,KO.KOZT,626757205,1.1,M1.0-1.5,2023-03-11T01:44:43.000000Z,2023-03-11T01:45:13.000000Z,ok
small_KO.KMRS_626757205.npz,KO.KMRS,626757205,1.1,M1.0-1.5,2023-03-11T01:44:43.000000Z,2023-03-11T01:45:13.000000Z,ok
small_KO.KOZT_626669528.npz,KO.KOZT,626669528,1.5,M1.0-1.5,2023-02-20T11:03:46.800000Z,2023-02-20T11:04:16.800000Z,ok
small_KO.KMRS_626669528.npz,KO.KMRS,626669528,1.5,M1.0-1.5,2023-02-20T11:03:46.800000Z,2023-02-20T11:04:16.800000Z,ok
small_KO.KOZT_636311945.npz,KO.KOZT,636311945,1.4,M1.0-1.5,2023-05-13T22:40:00.500000Z,2023-05-13T22:40:30.500000Z,ok
small_KO.KMRS_636311945.npz,KO.KMRS,636311945,1.4,M1.0-1.5,2023-05-13T22:40:00.500000Z,2023-05-13T22:40:30.500000Z,fail: Missing channels: ['HHE']
small_KO.KOZT_636309458.npz,KO.KOZT,636309458,1.5,M1.0-1.5,2023-04-30T21:41:35.000000Z,2023-04-30T21:42:05.000000Z,ok
small_KO.KMRS_636309458.npz,KO.KMRS,636309458,1.5,M1.0-1.5,2023-04-30T21:41:35.000000Z,2023-04-30T21:42:05.000000Z,ok
small_KO.KOZT_636322406.npz,KO.KOZT,636322406,1.4,M1.0-1.5,2023-07-26T00:24:30.300000Z,2023-07-26T00:25:00.300000Z,ok
small_KO.KMRS_636322406.npz,KO.KMRS,636322406,1.4,M1.0-1.5,2023-07-26T00:24:30.300000Z,2023-07-26T00:25:00.300000Z,ok
small_KO.KOZT_643044084.npz,KO.KOZT,643044084,1.5,M1.0-1.5,2023-03-21T04:02:52.000000Z,2023-03-21T04:03:22.000000Z,ok
small_KO.KMRS_643044084.npz,KO.KMRS,643044084,1.5,M1.0-1.5,2023-03-21T04:02:52.000000Z,2023-03-21T04:03:22.000000Z,ok
small_KO.KOZT_636307445.npz,KO.KOZT,636307445,1.4,M1.0-1.5,2023-04-22T02:30:26.700000Z,2023-04-22T02:30:56.700000Z,ok
small_KO.KMRS_636307445.npz,KO.KMRS,636307445,1.4,M1.0-1.5,2023-04-22T02:30:26.700000Z,2023-04-22T02:30:56.700000Z,fail: Gap fraction 0.30 > 0.05
small_KO.KOZT_626764048.npz,KO.KOZT,626764048,1.3,M1.0-1.5,2023-03-31T22:02:12.000000Z,2023-03-31T22:02:42.000000Z,ok
small_KO.KMRS_626764048.npz,KO.KMRS,626764048,1.3,M1.0-1.5,2023-03-31T22:02:12.000000Z,2023-03-31T22:02:42.000000Z,fail: Gap fraction 0.77 > 0.05
small_KO.KOZT_626760649.npz,KO.KOZT,626760649,1.4,M1.0-1.5,2023-03-20T16:42:19.900000Z,2023-03-20T16:42:49.900000Z,ok
small_KO.KMRS_626760649.npz,KO.KMRS,626760649,1.4,M1.0-1.5,2023-03-20T16:42:19.900000Z,2023-03-20T16:42:49.900000Z,fail: Gap fraction 0.25 > 0.05
small_KO.KOZT_626757244.npz,KO.KOZT,626757244,1.4,M1.0-1.5,2023-03-11T02:46:53.800000Z,2023-03-11T02:47:23.800000Z,ok
small_KO.KMRS_626757244.npz,KO.KMRS,626757244,1.4,M1.0-1.5,2023-03-11T02:46:53.800000Z,2023-03-11T02:47:23.800000Z,fail: Gap fraction 0.08 > 0.05
small_KO.KOZT_642731481.npz,KO.KOZT,642731481,1.5,M1.0-1.5,2023-04-13T18:57:03.400000Z,2023-04-13T18:57:33.400000Z,ok
small_KO.KMRS_642731481.npz,KO.KMRS,642731481,1.5,M1.0-1.5,2023-04-13T18:57:03.400000Z,2023-04-13T18:57:33.400000Z,fail: Gap fraction 0.49 > 0.05
small_KO.KOZT_636311983.npz,KO.KOZT,636311983,1.4,M1.0-1.5,2023-05-14T02:32:50.200000Z,2023-05-14T02:33:20.200000Z,ok
small_KO.KMRS_636311983.npz,KO.KMRS,636311983,1.4,M1.0-1.5,2023-05-14T02:32:50.200000Z,2023-05-14T02:33:20.200000Z,ok
small_KO.KOZT_642695067.npz,KO.KOZT,642695067,1.3,M1.0-1.5,2023-02-25T12:45:52.000000Z,2023-02-25T12:46:22.000000Z,ok
small_KO.KMRS_642695067.npz,KO.KMRS,642695067,1.3,M1.0-1.5,2023-02-25T12:45:52.000000Z,2023-02-25T12:46:22.000000Z,ok
small_KO.KOZT_636303410.npz,KO.KOZT,636303410,1.5,M1.0-1.5,2023-04-04T00:04:59.000000Z,2023-04-04T00:05:29.000000Z,ok
small_KO.KMRS_636303410.npz,KO.KMRS,636303410,1.5,M1.0-1.5,2023-04-04T00:04:59.000000Z,2023-04-04T00:05:29.000000Z,fail: Gap fraction 0.42 > 0.05
small_KO.KOZT_626669886.npz,KO.KOZT,626669886,1.2,M1.0-1.5,2023-02-21T01:41:17.000000Z,2023-02-21T01:41:47.000000Z,ok
small_KO.KMRS_626669886.npz,KO.KMRS,626669886,1.2,M1.0-1.5,2023-02-21T01:41:17.000000Z,2023-02-21T01:41:47.000000Z,fail: Missing channels: ['HHZ']
small_KO.KOZT_626753818.npz,KO.KOZT,626753818,1.3,M1.0-1.5,2023-03-02T19:30:19.000000Z,2023-03-02T19:30:49.000000Z,ok
small_KO.KMRS_626753818.npz,KO.KMRS,626753818,1.3,M1.0-1.5,2023-03-02T19:30:19.000000Z,2023-03-02T19:30:49.000000Z,ok
small_KO.KOZT_636304083.npz,KO.KOZT,636304083,1.4,M1.0-1.5,2023-04-07T08:20:07.500000Z,2023-04-07T08:20:37.500000Z,ok
small_KO.KMRS_636304083.npz,KO.KMRS,636304083,1.4,M1.0-1.5,2023-04-07T08:20:07.500000Z,2023-04-07T08:20:37.500000Z,ok
small_KO.KOZT_636316440.npz,KO.KOZT,636316440,1.2,M1.0-1.5,2023-06-09T00:13:53.700000Z,2023-06-09T00:14:23.700000Z,ok
small_KO.KMRS_636316440.npz,KO.KMRS,636316440,1.2,M1.0-1.5,2023-06-09T00:13:53.700000Z,2023-06-09T00:14:23.700000Z,ok
small_KO.KOZT_626760973.npz,KO.KOZT,626760973,1.4,M1.0-1.5,2023-03-21T16:48:58.400000Z,2023-03-21T16:49:28.400000Z,ok
small_KO.KMRS_626760973.npz,KO.KMRS,626760973,1.4,M1.0-1.5,2023-03-21T16:48:58.400000Z,2023-03-21T16:49:28.400000Z,ok
small_KO.KOZT_642730739.npz,KO.KOZT,642730739,1.4,M1.0-1.5,2023-04-08T00:16:46.000000Z,2023-04-08T00:17:16.000000Z,ok
small_KO.KMRS_642730739.npz,KO.KMRS,642730739,1.4,M1.0-1.5,2023-04-08T00:16:46.000000Z,2023-04-08T00:17:16.000000Z,ok
small_KO.KOZT_642965888.npz,KO.KOZT,642965888,1.3,M1.0-1.5,2023-04-17T02:30:34.000000Z,2023-04-17T02:31:04.000000Z,ok
small_KO.KMRS_642965888.npz,KO.KMRS,642965888,1.3,M1.0-1.5,2023-04-17T02:30:34.000000Z,2023-04-17T02:31:04.000000Z,ok
small_KO.KOZT_626754370.npz,KO.KOZT,626754370,1.3,M1.0-1.5,2023-03-03T21:00:43.000000Z,2023-03-03T21:01:13.000000Z,ok
small_KO.KMRS_626754370.npz,KO.KMRS,626754370,1.3,M1.0-1.5,2023-03-03T21:00:43.000000Z,2023-03-03T21:01:13.000000Z,ok
small_KO.KOZT_636302860.npz,KO.KOZT,636302860,1.3,M1.0-1.5,2023-04-01T23:19:42.500000Z,2023-04-01T23:20:12.500000Z,ok
small_KO.KMRS_636302860.npz,KO.KMRS,636302860,1.3,M1.0-1.5,2023-04-01T23:19:42.500000Z,2023-04-01T23:20:12.500000Z,ok
small_KO.KOZT_642882825.npz,KO.KOZT,642882825,1.2,M1.0-1.5,2023-03-22T11:26:04.000000Z,2023-03-22T11:26:34.000000Z,ok
small_KO.KMRS_642882825.npz,KO.KMRS,642882825,1.2,M1.0-1.5,2023-03-22T11:26:04.000000Z,2023-03-22T11:26:34.000000Z,ok
small_KO.KOZT_626666718.npz,KO.KOZT,626666718,1.4,M1.0-1.5,2023-02-15T03:25:03.100000Z,2023-02-15T03:25:33.100000Z,ok
small_KO.KMRS_626666718.npz,KO.KMRS,626666718,1.4,M1.0-1.5,2023-02-15T03:25:03.100000Z,2023-02-15T03:25:33.100000Z,"fail: No data available for request.
HTTP Status code: 204
Detailed response of server"
small_KO.KOZT_642872417.npz,KO.KOZT,642872417,1.5,M1.0-1.5,2023-03-08T17:02:35.000000Z,2023-03-08T17:03:05.000000Z,ok
small_KO.KMRS_642872417.npz,KO.KMRS,642872417,1.5,M1.0-1.5,2023-03-08T17:02:35.000000Z,2023-03-08T17:03:05.000000Z,fail: Gap fraction 0.87 > 0.05
small_KO.KOZT_642939013.npz,KO.KOZT,642939013,1.3,M1.0-1.5,2023-05-07T17:15:49.000000Z,2023-05-07T17:16:19.000000Z,"fail: No data available for request.
HTTP Status code: 204
Detailed response of server"
small_KO.KMRS_642939013.npz,KO.KMRS,642939013,1.3,M1.0-1.5,2023-05-07T17:15:49.000000Z,2023-05-07T17:16:19.000000Z,ok
small_KO.KOZT_636303254.npz,KO.KOZT,636303254,1.5,M1.0-1.5,2023-04-03T18:25:47.000000Z,2023-04-03T18:26:17.000000Z,ok
small_KO.KMRS_636303254.npz,KO.KMRS,636303254,1.5,M1.0-1.5,2023-04-03T18:25:47.000000Z,2023-04-03T18:26:17.000000Z,ok
small_KO.KOZT_626763961.npz,KO.KOZT,626763961,1.5,M1.0-1.5,2023-03-31T13:09:00.400000Z,2023-03-31T13:09:30.400000Z,ok
small_KO.KMRS_626763961.npz,KO.KMRS,626763961,1.5,M1.0-1.5,2023-03-31T13:09:00.400000Z,2023-03-31T13:09:30.400000Z,fail: Gap fraction 0.48 > 0.05
small_KO.KOZT_626754206.npz,KO.KOZT,626754206,1.4,M1.0-1.5,2023-03-03T10:15:18.700000Z,2023-03-03T10:15:48.700000Z,ok
small_KO.KMRS_626754206.npz,KO.KMRS,626754206,1.4,M1.0-1.5,2023-03-03T10:15:18.700000Z,2023-03-03T10:15:48.700000Z,ok
small_KO.KOZT_626753551.npz,KO.KOZT,626753551,1.5,M1.0-1.5,2023-03-02T06:54:51.300000Z,2023-03-02T06:55:21.300000Z,ok
small_KO.KMRS_626753551.npz,KO.KMRS,626753551,1.5,M1.0-1.5,2023-03-02T06:54:51.300000Z,2023-03-02T06:55:21.300000Z,fail: Gap fraction 0.99 > 0.05
small_KO.KOZT_642695624.npz,KO.KOZT,642695624,1.3,M1.0-1.5,2023-02-26T22:03:10.000000Z,2023-02-26T22:03:40.000000Z,ok
small_KO.KMRS_642695624.npz,KO.KMRS,642695624,1.3,M1.0-1.5,2023-02-26T22:03:10.000000Z,2023-02-26T22:03:40.000000Z,ok
small_KO.KOZT_636314778.npz,KO.KOZT,636314778,1.4,M1.0-1.5,2023-05-29T21:11:19.300000Z,2023-05-29T21:11:49.300000Z,ok
small_KO.KMRS_636314778.npz,KO.KMRS,636314778,1.4,M1.0-1.5,2023-05-29T21:11:19.300000Z,2023-05-29T21:11:49.300000Z,ok
small_KO.KOZT_636319824.npz,KO.KOZT,636319824,1.3,M1.0-1.5,2023-07-02T01:34:27.100000Z,2023-07-02T01:34:57.100000Z,ok
small_KO.KMRS_636319824.npz,KO.KMRS,636319824,1.3,M1.0-1.5,2023-07-02T01:34:27.100000Z,2023-07-02T01:34:57.100000Z,ok
small_KO.KOZT_626754627.npz,KO.KOZT,626754627,1.5,M1.0-1.5,2023-03-04T16:12:18.300000Z,2023-03-04T16:12:48.300000Z,ok
small_KO.KMRS_626754627.npz,KO.KMRS,626754627,1.5,M1.0-1.5,2023-03-04T16:12:18.300000Z,2023-03-04T16:12:48.300000Z,ok
small_KO.KOZT_636321747.npz,KO.KOZT,636321747,1.5,M1.0-1.5,2023-07-20T08:10:26.900000Z,2023-07-20T08:10:56.900000Z,ok
small_KO.KMRS_636321747.npz,KO.KMRS,636321747,1.5,M1.0-1.5,2023-07-20T08:10:26.900000Z,2023-07-20T08:10:56.900000Z,ok
small_KO.KOZT_643493412.npz,KO.KOZT,643493412,1.5,M1.0-1.5,2023-08-05T22:24:48.000000Z,2023-08-05T22:25:18.000000Z,ok
small_KO.KMRS_643493412.npz,KO.KMRS,643493412,1.5,M1.0-1.5,2023-08-05T22:24:48.000000Z,2023-08-05T22:25:18.000000Z,ok
small_KO.KOZT_626757535.npz,KO.KOZT,626757535,1.5,M1.0-1.5,2023-03-11T21:32:56.800000Z,2023-03-11T21:33:26.800000Z,ok
small_KO.KMRS_626757535.npz,KO.KMRS,626757535,1.5,M1.0-1.5,2023-03-11T21:32:56.800000Z,2023-03-11T21:33:26.800000Z,fail: Gap fraction 0.07 > 0.05
small_KO.KOZT_626669639.npz,KO.KOZT,626669639,1.5,M1.0-1.5,2023-02-20T15:25:09.800000Z,2023-02-20T15:25:39.800000Z,ok
small_KO.KMRS_626669639.npz,KO.KMRS,626669639,1.5,M1.0-1.5,2023-02-20T15:25:09.800000Z,2023-02-20T15:25:39.800000Z,ok
small_KO.KOZT_626669541.npz,KO.KOZT,626669541,1.4,M1.0-1.5,2023-02-20T11:41:16.800000Z,2023-02-20T11:41:46.800000Z,ok
small_KO.KMRS_626669541.npz,KO.KMRS,626669541,1.4,M1.0-1.5,2023-02-20T11:41:16.800000Z,2023-02-20T11:41:46.800000Z,fail: Missing channels: ['HHE']
small_KO.KOZT_636314515.npz,KO.KOZT,636314515,1.3,M1.0-1.5,2023-05-28T05:48:44.400000Z,2023-05-28T05:49:14.400000Z,ok
small_KO.KMRS_636314515.npz,KO.KMRS,636314515,1.3,M1.0-1.5,2023-05-28T05:48:44.400000Z,2023-05-28T05:49:14.400000Z,fail: Gap fraction 0.46 > 0.05
small_KO.KOZT_636313131.npz,KO.KOZT,636313131,1.5,M1.0-1.5,2023-05-20T03:49:44.600000Z,2023-05-20T03:50:14.600000Z,ok
small_KO.KMRS_636313131.npz,KO.KMRS,636313131,1.5,M1.0-1.5,2023-05-20T03:49:44.600000Z,2023-05-20T03:50:14.600000Z,ok
small_KO.KOZT_636310309.npz,KO.KOZT,636310309,1.5,M1.0-1.5,2023-05-04T18:45:20.900000Z,2023-05-04T18:45:50.900000Z,ok
small_KO.KMRS_636310309.npz,KO.KMRS,636310309,1.5,M1.0-1.5,2023-05-04T18:45:20.900000Z,2023-05-04T18:45:50.900000Z,ok
small_KO.KOZT_636306897.npz,KO.KOZT,636306897,1.4,M1.0-1.5,2023-04-20T03:10:30.600000Z,2023-04-20T03:11:00.600000Z,ok
small_KO.KMRS_636306897.npz,KO.KMRS,636306897,1.4,M1.0-1.5,2023-04-20T03:10:30.600000Z,2023-04-20T03:11:00.600000Z,ok
small_KO.KOZT_636320749.npz,KO.KOZT,636320749,1.5,M1.0-1.5,2023-07-09T09:03:16.000000Z,2023-07-09T09:03:46.000000Z,ok
small_KO.KMRS_636320749.npz,KO.KMRS,636320749,1.5,M1.0-1.5,2023-07-09T09:03:16.000000Z,2023-07-09T09:03:46.000000Z,ok
small_KO.KOZT_626754586.npz,KO.KOZT,626754586,1.3,M1.0-1.5,2023-03-04T13:19:19.500000Z,2023-03-04T13:19:49.500000Z,ok
small_KO.KMRS_626754586.npz,KO.KMRS,626754586,1.3,M1.0-1.5,2023-03-04T13:19:19.500000Z,2023-03-04T13:19:49.500000Z,ok
small_KO.KOZT_642877711.npz,KO.KOZT,642877711,1.5,M1.0-1.5,2023-03-30T16:15:24.000000Z,2023-03-30T16:15:54.000000Z,ok
small_KO.KMRS_642877711.npz,KO.KMRS,642877711,1.5,M1.0-1.5,2023-03-30T16:15:24.000000Z,2023-03-30T16:15:54.000000Z,ok
small_KO.KOZT_636309091.npz,KO.KOZT,636309091,1.3,M1.0-1.5,2023-04-29T04:06:38.900000Z,2023-04-29T04:07:08.900000Z,ok
small_KO.KMRS_636309091.npz,KO.KMRS,636309091,1.3,M1.0-1.5,2023-04-29T04:06:38.900000Z,2023-04-29T04:07:08.900000Z,ok
small_KO.KOZT_626758484.npz,KO.KOZT,626758484,1.5,M1.0-1.5,2023-03-14T14:03:57.100000Z,2023-03-14T14:04:27.100000Z,ok
small_KO.KMRS_626758484.npz,KO.KMRS,626758484,1.5,M1.0-1.5,2023-03-14T14:03:57.100000Z,2023-03-14T14:04:27.100000Z,ok
small_KO.KOZT_636317950.npz,KO.KOZT,636317950,1.4,M1.0-1.5,2023-06-18T11:20:30.400000Z,2023-06-18T11:21:00.400000Z,ok
small_KO.KMRS_636317950.npz,KO.KMRS,636317950,1.4,M1.0-1.5,2023-06-18T11:20:30.400000Z,2023-06-18T11:21:00.400000Z,ok
small_KO.KOZT_643178303.npz,KO.KOZT,643178303,1.4,M1.0-1.5,2023-06-09T20:54:18.000000Z,2023-06-09T20:54:48.000000Z,ok
small_KO.KMRS_643178303.npz,KO.KMRS,643178303,1.4,M1.0-1.5,2023-06-09T20:54:18.000000Z,2023-06-09T20:54:48.000000Z,ok
small_KO.KOZT_626667130.npz,KO.KOZT,626667130,1.4,M1.0-1.5,2023-02-16T00:45:03.000000Z,2023-02-16T00:45:33.000000Z,ok
small_KO.KMRS_626667130.npz,KO.KMRS,626667130,1.4,M1.0-1.5,2023-02-16T00:45:03.000000Z,2023-02-16T00:45:33.000000Z,"fail: No data available for request.
HTTP Status code: 204
Detailed response of server"
small_KO.KOZT_642693250.npz,KO.KOZT,642693250,1.3,M1.0-1.5,2023-02-20T06:01:37.000000Z,2023-02-20T06:02:07.000000Z,ok
small_KO.KMRS_642693250.npz,KO.KMRS,642693250,1.3,M1.0-1.5,2023-02-20T06:01:37.000000Z,2023-02-20T06:02:07.000000Z,ok
small_KO.KOZT_642870797.npz,KO.KOZT,642870797,1.4,M1.0-1.5,2023-03-04T01:18:19.000000Z,2023-03-04T01:18:49.000000Z,ok
small_KO.KMRS_642870797.npz,KO.KMRS,642870797,1.4,M1.0-1.5,2023-03-04T01:18:19.000000Z,2023-03-04T01:18:49.000000Z,ok
small_KO.KOZT_642731333.npz,KO.KOZT,642731333,1.2,M1.0-1.5,2023-04-12T09:33:00.000000Z,2023-04-12T09:33:30.000000Z,ok
small_KO.KMRS_642731333.npz,KO.KMRS,642731333,1.2,M1.0-1.5,2023-04-12T09:33:00.000000Z,2023-04-12T09:33:30.000000Z,ok
small_KO.KOZT_636322354.npz,KO.KOZT,636322354,1.3,M1.0-1.5,2023-07-25T18:30:51.300000Z,2023-07-25T18:31:21.300000Z,ok
small_KO.KMRS_636322354.npz,KO.KMRS,636322354,1.3,M1.0-1.5,2023-07-25T18:30:51.300000Z,2023-07-25T18:31:21.300000Z,ok
small_KO.KOZT_626754021.npz,KO.KOZT,626754021,1.2,M1.0-1.5,2023-03-03T02:16:15.100000Z,2023-03-03T02:16:45.100000Z,ok
small_KO.KMRS_626754021.npz,KO.KMRS,626754021,1.2,M1.0-1.5,2023-03-03T02:16:15.100000Z,2023-03-03T02:16:45.100000Z,ok
small_KO.KOZT_642876499.npz,KO.KOZT,642876499,1.5,M1.0-1.5,2023-03-24T10:41:21.000000Z,2023-03-24T10:41:51.000000Z,ok
small_KO.KMRS_642876499.npz,KO.KMRS,642876499,1.5,M1.0-1.5,2023-03-24T10:41:21.000000Z,2023-03-24T10:41:51.000000Z,ok
small_KO.KOZT_642730038.npz,KO.KOZT,642730038,1.4,M1.0-1.5,2023-04-04T13:38:01.000000Z,2023-04-04T13:38:31.000000Z,ok
small_KO.KMRS_642730038.npz,KO.KMRS,642730038,1.4,M1.0-1.5,2023-04-04T13:38:01.000000Z,2023-04-04T13:38:31.000000Z,"fail: Missing channels: ['HHN', 'HHE']"
small_KO.KOZT_636318710.npz,KO.KOZT,636318710,1.4,M1.0-1.5,2023-06-23T22:54:16.600000Z,2023-06-23T22:54:46.600000Z,ok
small_KO.KMRS_636318710.npz,KO.KMRS,636318710,1.4,M1.0-1.5,2023-06-23T22:54:16.600000Z,2023-06-23T22:54:46.600000Z,ok
small_KO.KOZT_636304386.npz,KO.KOZT,636304386,1.1,M1.0-1.5,2023-04-08T13:28:45.300000Z,2023-04-08T13:29:15.300000Z,ok
small_KO.KMRS_636304386.npz,KO.KMRS,636304386,1.1,M1.0-1.5,2023-04-08T13:28:45.300000Z,2023-04-08T13:29:15.300000Z,ok
small_KO.KOZT_642731645.npz,KO.KOZT,642731645,1.4,M1.0-1.5,2023-04-14T14:43:15.000000Z,2023-04-14T14:43:45.000000Z,ok
small_KO.KMRS_642731645.npz,KO.KMRS,642731645,1.4,M1.0-1.5,2023-04-14T14:43:15.000000Z,2023-04-14T14:43:45.000000Z,ok
small_KO.KOZT_626763238.npz,KO.KOZT,626763238,1.5,M1.0-1.5,2023-03-29T01:16:50.000000Z,2023-03-29T01:17:20.000000Z,ok
small_KO.KMRS_626763238.npz,KO.KMRS,626763238,1.5,M1.0-1.5,2023-03-29T01:16:50.000000Z,2023-03-29T01:17:20.000000Z,fail: Gap fraction 0.18 > 0.05
small_KO.KOZT_642695881.npz,KO.KOZT,642695881,1.4,M1.0-1.5,2023-02-27T17:18:57.000000Z,2023-02-27T17:19:27.000000Z,ok
small_KO.KMRS_642695881.npz,KO.KMRS,642695881,1.4,M1.0-1.5,2023-02-27T17:18:57.000000Z,2023-02-27T17:19:27.000000Z,ok
small_KO.KOZT_642874034.npz,KO.KOZT,642874034,1.3,M1.0-1.5,2023-03-14T21:48:14.000000Z,2023-03-14T21:48:44.000000Z,ok
small_KO.KMRS_642874034.npz,KO.KMRS,642874034,1.3,M1.0-1.5,2023-03-14T21:48:14.000000Z,2023-03-14T21:48:44.000000Z,fail: Gap fraction 0.60 > 0.05
small_KO.KOZT_636305298.npz,KO.KOZT,636305298,1.5,M1.0-1.5,2023-04-13T01:04:11.000000Z,2023-04-13T01:04:41.000000Z,ok
small_KO.KMRS_636305298.npz,KO.KMRS,636305298,1.5,M1.0-1.5,2023-04-13T01:04:11.000000Z,2023-04-13T01:04:41.000000Z,fail: Gap fraction 0.50 > 0.05
small_KO.KOZT_626668471.npz,KO.KOZT,626668471,1.5,M1.0-1.5,2023-02-18T11:14:10.700000Z,2023-02-18T11:14:40.700000Z,ok
small_KO.KMRS_626668471.npz,KO.KMRS,626668471,1.5,M1.0-1.5,2023-02-18T11:14:10.700000Z,2023-02-18T11:14:40.700000Z,ok
small_KO.KOZT_636304205.npz,KO.KOZT,636304205,1.3,M1.0-1.5,2023-04-07T18:51:35.300000Z,2023-04-07T18:52:05.300000Z,ok
small_KO.KMRS_636304205.npz,KO.KMRS,636304205,1.3,M1.0-1.5,2023-04-07T18:51:35.300000Z,2023-04-07T18:52:05.300000Z,ok
small_KO.KOZT_636306704.npz,KO.KOZT,636306704,1.5,M1.0-1.5,2023-04-19T06:31:20.900000Z,2023-04-19T06:31:50.900000Z,ok
small_KO.KMRS_636306704.npz,KO.KMRS,636306704,1.5,M1.0-1.5,2023-04-19T06:31:20.900000Z,2023-04-19T06:31:50.900000Z,fail: Gap fraction 0.42 > 0.05
small_KO.KOZT_642870135.npz,KO.KOZT,642870135,1.2,M1.0-1.5,2023-03-01T21:11:02.000000Z,2023-03-01T21:11:32.000000Z,ok
small_KO.KMRS_642870135.npz,KO.KMRS,642870135,1.2,M1.0-1.5,2023-03-01T21:11:02.000000Z,2023-03-01T21:11:32.000000Z,fail: Gap fraction 0.27 > 0.05
small_KO.KOZT_626762985.npz,KO.KOZT,626762985,1.4,M1.0-1.5,2023-03-28T02:08:28.400000Z,2023-03-28T02:08:58.400000Z,ok
small_KO.KMRS_626762985.npz,KO.KMRS,626762985,1.4,M1.0-1.5,2023-03-28T02:08:28.400000Z,2023-03-28T02:08:58.400000Z,ok
small_KO.KOZT_642870431.npz,KO.KOZT,642870431,1.3,M1.0-1.5,2023-03-02T21:36:29.000000Z,2023-03-02T21:36:59.000000Z,ok
small_KO.KMRS_642870431.npz,KO.KMRS,642870431,1.3,M1.0-1.5,2023-03-02T21:36:29.000000Z,2023-03-02T21:36:59.000000Z,ok
small_KO.KOZT_626755332.npz,KO.KOZT,626755332,1.2,M1.0-1.5,2023-03-06T11:07:44.600000Z,2023-03-06T11:08:14.600000Z,ok
small_KO.KMRS_626755332.npz,KO.KMRS,626755332,1.2,M1.0-1.5,2023-03-06T11:07:44.600000Z,2023-03-06T11:08:14.600000Z,ok
small_KO.KOZT_626761659.npz,KO.KOZT,626761659,1.4,M1.0-1.5,2023-03-23T18:17:53.500000Z,2023-03-23T18:18:23.500000Z,ok
small_KO.KMRS_626761659.npz,KO.KMRS,626761659,1.4,M1.0-1.5,2023-03-23T18:17:53.500000Z,2023-03-23T18:18:23.500000Z,ok
small_KO.KOZT_626757981.npz,KO.KOZT,626757981,1.3,M1.0-1.5,2023-03-13T03:56:36.900000Z,2023-03-13T03:57:06.900000Z,ok
small_KO.KMRS_626757981.npz,KO.KMRS,626757981,1.3,M1.0-1.5,2023-03-13T03:56:36.900000Z,2023-03-13T03:57:06.900000Z,ok
small_KO.KOZT_642938791.npz,KO.KOZT,642938791,1.1,M1.0-1.5,2023-05-05T01:37:36.000000Z,2023-05-05T01:38:06.000000Z,ok
small_KO.KMRS_642938791.npz,KO.KMRS,642938791,1.1,M1.0-1.5,2023-05-05T01:37:36.000000Z,2023-05-05T01:38:06.000000Z,ok
small_KO.KOZT_643179147.npz,KO.KOZT,643179147,1.2,M1.0-1.5,2023-06-18T04:39:07.000000Z,2023-06-18T04:39:37.000000Z,ok
small_KO.KMRS_643179147.npz,KO.KMRS,643179147,1.2,M1.0-1.5,2023-06-18T04:39:07.000000Z,2023-06-18T04:39:37.000000Z,ok
small_KO.KOZT_643178856.npz,KO.KOZT,643178856,1.3,M1.0-1.5,2023-06-15T05:53:03.000000Z,2023-06-15T05:53:33.000000Z,ok
small_KO.KMRS_643178856.npz,KO.KMRS,643178856,1.3,M1.0-1.5,2023-06-15T05:53:03.000000Z,2023-06-15T05:53:33.000000Z,ok
small_KO.KOZT_642941362.npz,KO.KOZT,642941362,1.4,M1.0-1.5,2023-05-30T03:08:46.000000Z,2023-05-30T03:09:16.000000Z,ok
small_KO.KMRS_642941362.npz,KO.KMRS,642941362,1.4,M1.0-1.5,2023-05-30T03:08:46.000000Z,2023-05-30T03:09:16.000000Z,fail: Missing channels: ['HHZ']
small_KO.KOZT_636317208.npz,KO.KOZT,636317208,1.4,M1.0-1.5,2023-06-13T21:24:22.200000Z,2023-06-13T21:24:52.200000Z,ok
small_KO.KMRS_636317208.npz,KO.KMRS,636317208,1.4,M1.0-1.5,2023-06-13T21:24:22.200000Z,2023-06-13T21:24:52.200000Z,ok
small_KO.KOZT_642731916.npz,KO.KOZT,642731916,1.5,M1.0-1.5,2023-04-16T04:03:39.000000Z,2023-04-16T04:04:09.000000Z,ok
small_KO.KMRS_642731916.npz,KO.KMRS,642731916,1.5,M1.0-1.5,2023-04-16T04:03:39.000000Z,2023-04-16T04:04:09.000000Z,ok
small_KO.KOZT_642870297.npz,KO.KOZT,642870297,1.3,M1.0-1.5,2023-03-02T07:05:54.000000Z,2023-03-02T07:06:24.000000Z,ok
small_KO.KMRS_642870297.npz,KO.KMRS,642870297,1.3,M1.0-1.5,2023-03-02T07:05:54.000000Z,2023-03-02T07:06:24.000000Z,ok
small_KO.KOZT_626753843.npz,KO.KOZT,626753843,1.1,M1.0-1.5,2023-03-02T20:40:59.000000Z,2023-03-02T20:41:29.000000Z,ok
small_KO.KMRS_626753843.npz,KO.KMRS,626753843,1.1,M1.0-1.5,2023-03-02T20:40:59.000000Z,2023-03-02T20:41:29.000000Z,fail: Gap fraction 0.45 > 0.05
small_KO.KOZT_636313546.npz,KO.KOZT,636313546,1.5,M1.0-1.5,2023-05-22T09:46:28.000000Z,2023-05-22T09:46:58.000000Z,ok
small_KO.KMRS_636313546.npz,KO.KMRS,636313546,1.5,M1.0-1.5,2023-05-22T09:46:28.000000Z,2023-05-22T09:46:58.000000Z,"fail: No data available for request.
HTTP Status code: 204
Detailed response of server"
small_KO.KOZT_642940831.npz,KO.KOZT,642940831,1.1,M1.0-1.5,2023-05-24T22:00:26.000000Z,2023-05-24T22:00:56.000000Z,ok
small_KO.KMRS_642940831.npz,KO.KMRS,642940831,1.1,M1.0-1.5,2023-05-24T22:00:26.000000Z,2023-05-24T22:00:56.000000Z,ok
small_KO.KOZT_643179473.npz,KO.KOZT,643179473,1.3,M1.0-1.5,2023-06-22T13:52:14.000000Z,2023-06-22T13:52:44.000000Z,ok
small_KO.KMRS_643179473.npz,KO.KMRS,643179473,1.3,M1.0-1.5,2023-06-22T13:52:14.000000Z,2023-06-22T13:52:44.000000Z,"fail: No data available for request.
HTTP Status code: 204
Detailed response of server"
small_KO.KOZT_626760020.npz,KO.KOZT,626760020,1.5,M1.0-1.5,2023-03-18T18:49:02.700000Z,2023-03-18T18:49:32.700000Z,ok
small_KO.KMRS_626760020.npz,KO.KMRS,626760020,1.5,M1.0-1.5,2023-03-18T18:49:02.700000Z,2023-03-18T18:49:32.700000Z,ok
small_KO.KOZT_636320452.npz,KO.KOZT,636320452,1.5,M1.0-1.5,2023-07-06T23:42:42.000000Z,2023-07-06T23:43:12.000000Z,ok
small_KO.KMRS_636320452.npz,KO.KMRS,636320452,1.5,M1.0-1.5,2023-07-06T23:42:42.000000Z,2023-07-06T23:43:12.000000Z,ok
small_KO.KOZT_642729297.npz,KO.KOZT,642729297,1.3,M1.0-1.5,2023-04-01T23:36:47.000000Z,2023-04-01T23:37:17.000000Z,ok
small_KO.KMRS_642729297.npz,KO.KMRS,642729297,1.3,M1.0-1.5,2023-04-01T23:36:47.000000Z,2023-04-01T23:37:17.000000Z,ok
small_KO.KOZT_642695916.npz,KO.KOZT,642695916,1.2,M1.0-1.5,2023-02-27T23:01:46.000000Z,2023-02-27T23:02:16.000000Z,ok
small_KO.KMRS_642695916.npz,KO.KMRS,642695916,1.2,M1.0-1.5,2023-02-27T23:01:46.000000Z,2023-02-27T23:02:16.000000Z,ok
small_KO.KOZT_636304077.npz,KO.KOZT,636304077,1.4,M1.0-1.5,2023-04-07T07:45:06.900000Z,2023-04-07T07:45:36.900000Z,ok
small_KO.KMRS_636304077.npz,KO.KMRS,636304077,1.4,M1.0-1.5,2023-04-07T07:45:06.900000Z,2023-04-07T07:45:36.900000Z,ok
small_KO.KOZT_642691997.npz,KO.KOZT,642691997,1.1,M1.0-1.5,2023-02-16T17:11:07.000000Z,2023-02-16T17:11:37.000000Z,ok
small_KO.KMRS_642691997.npz,KO.KMRS,642691997,1.1,M1.0-1.5,2023-02-16T17:11:07.000000Z,2023-02-16T17:11:37.000000Z,ok
small_KO.KOZT_642739439.npz,KO.KOZT,642739439,1.3,M1.0-1.5,2023-02-14T04:56:11.000000Z,2023-02-14T04:56:41.000000Z,ok
small_KO.KMRS_642739439.npz,KO.KMRS,642739439,1.3,M1.0-1.5,2023-02-14T04:56:11.000000Z,2023-02-14T04:56:41.000000Z,"fail: No data available for request.
HTTP Status code: 204
Detailed response of server"
small_KO.KOZT_626761777.npz,KO.KOZT,626761777,1.2,M1.0-1.5,2023-03-24T01:47:09.000000Z,2023-03-24T01:47:39.000000Z,ok
small_KO.KMRS_626761777.npz,KO.KMRS,626761777,1.2,M1.0-1.5,2023-03-24T01:47:09.000000Z,2023-03-24T01:47:39.000000Z,ok
small_KO.KOZT_636303763.npz,KO.KOZT,636303763,1.4,M1.0-1.5,2023-04-05T23:40:04.900000Z,2023-04-05T23:40:34.900000Z,ok
small_KO.KMRS_636303763.npz,KO.KMRS,636303763,1.4,M1.0-1.5,2023-04-05T23:40:04.900000Z,2023-04-05T23:40:34.900000Z,ok
small_KO.KOZT_636319005.npz,KO.KOZT,636319005,1.4,M1.0-1.5,2023-06-26T06:55:31.900000Z,2023-06-26T06:56:01.900000Z,ok
small_KO.KMRS_636319005.npz,KO.KMRS,636319005,1.4,M1.0-1.5,2023-06-26T06:55:31.900000Z,2023-06-26T06:56:01.900000Z,fail: Gap fraction 0.17 > 0.05
small_KO.KOZT_643178617.npz,KO.KOZT,643178617,1.2,M1.0-1.5,2023-06-12T00:17:15.000000Z,2023-06-12T00:17:45.000000Z,ok
small_KO.KMRS_643178617.npz,KO.KMRS,643178617,1.2,M1.0-1.5,2023-06-12T00:17:15.000000Z,2023-06-12T00:17:45.000000Z,ok
small_KO.KOZT_636321604.npz,KO.KOZT,636321604,1.4,M1.0-1.5,2023-07-18T09:53:20.000000Z,2023-07-18T09:53:50.000000Z,ok
small_KO.KMRS_636321604.npz,KO.KMRS,636321604,1.4,M1.0-1.5,2023-07-18T09:53:20.000000Z,2023-07-18T09:53:50.000000Z,fail: Gap fraction 0.10 > 0.05
small_KO.KOZT_626760250.npz,KO.KOZT,626760250,1.4,M1.0-1.5,2023-03-19T14:03:32.000000Z,2023-03-19T14:04:02.000000Z,ok
small_KO.KMRS_626760250.npz,KO.KMRS,626760250,1.4,M1.0-1.5,2023-03-19T14:03:32.000000Z,2023-03-19T14:04:02.000000Z,ok
small_KO.KOZT_642870224.npz,KO.KOZT,642870224,1.2,M1.0-1.5,2023-03-02T01:42:37.000000Z,2023-03-02T01:43:07.000000Z,ok
small_KO.KMRS_642870224.npz,KO.KMRS,642870224,1.2,M1.0-1.5,2023-03-02T01:42:37.000000Z,2023-03-02T01:43:07.000000Z,"fail: Missing channels: ['HHZ', 'HHE']"
small_KO.KOZT_642870120.npz,KO.KOZT,642870120,1.5,M1.0-1.5,2023-03-01T20:09:48.000000Z,2023-03-01T20:10:18.000000Z,ok
small_KO.KMRS_642870120.npz,KO.KMRS,642870120,1.5,M1.0-1.5,2023-03-01T20:09:48.000000Z,2023-03-01T20:10:18.000000Z,ok
small_KO.KOZT_636304808.npz,KO.KOZT,636304808,1.4,M1.0-1.5,2023-04-10T16:00:06.100000Z,2023-04-10T16:00:36.100000Z,ok
small_KO.KMRS_636304808.npz,KO.KMRS,636304808,1.4,M1.0-1.5,2023-04-10T16:00:06.100000Z,2023-04-10T16:00:36.100000Z,fail: Gap fraction 0.17 > 0.05
small_KO.KOZT_636312065.npz,KO.KOZT,636312065,1.1,M1.0-1.5,2023-05-14T13:51:39.400000Z,2023-05-14T13:52:09.400000Z,ok
small_KO.KMRS_636312065.npz,KO.KMRS,636312065,1.1,M1.0-1.5,2023-05-14T13:51:39.400000Z,2023-05-14T13:52:09.400000Z,ok
small_KO.KOZT_642938180.npz,KO.KOZT,642938180,1.5,M1.0-1.5,2023-05-01T15:01:14.000000Z,2023-05-01T15:01:44.000000Z,ok
small_KO.KMRS_642938180.npz,KO.KMRS,642938180,1.5,M1.0-1.5,2023-05-01T15:01:14.000000Z,2023-05-01T15:01:44.000000Z,ok
small_KO.KOZT_643265539.npz,KO.KOZT,643265539,1.4,M1.0-1.5,2023-07-20T15:39:09.000000Z,2023-07-20T15:39:39.000000Z,ok
small_KO.KMRS_643265539.npz,KO.KMRS,643265539,1.4,M1.0-1.5,2023-07-20T15:39:09.000000Z,2023-07-20T15:39:39.000000Z,ok
small_KO.KOZT_636306233.npz,KO.KOZT,636306233,1.4,M1.0-1.5,2023-04-17T01:58:03.500000Z,2023-04-17T01:58:33.500000Z,ok
small_KO.KMRS_636306233.npz,KO.KMRS,636306233,1.4,M1.0-1.5,2023-04-17T01:58:03.500000Z,2023-04-17T01:58:33.500000Z,ok
small_KO.KOZT_643178277.npz,KO.KOZT,643178277,1.3,M1.0-1.5,2023-06-08T00:23:15.000000Z,2023-06-08T00:23:45.000000Z,ok
small_KO.KMRS_643178277.npz,KO.KMRS,643178277,1.3,M1.0-1.5,2023-06-08T00:23:15.000000Z,2023-06-08T00:23:45.000000Z,ok
small_KO.KOZT_626758374.npz,KO.KOZT,626758374,1.1,M1.0-1.5,2023-03-14T07:02:58.400000Z,2023-03-14T07:03:28.400000Z,ok
small_KO.KMRS_626758374.npz,KO.KMRS,626758374,1.1,M1.0-1.5,2023-03-14T07:02:58.400000Z,2023-03-14T07:03:28.400000Z,fail: Missing channels: ['HHN']
small_KO.KOZT_643265902.npz,KO.KOZT,643265902,1.5,M1.0-1.5,2023-07-25T08:30:20.000000Z,2023-07-25T08:30:50.000000Z,ok
small_KO.KMRS_643265902.npz,KO.KMRS,643265902,1.5,M1.0-1.5,2023-07-25T08:30:20.000000Z,2023-07-25T08:30:50.000000Z,fail: Gap fraction 0.07 > 0.05
small_KO.KOZT_636303630.npz,KO.KOZT,636303630,1.4,M1.0-1.5,2023-04-05T03:46:22.200000Z,2023-04-05T03:46:52.200000Z,ok
small_KO.KMRS_636303630.npz,KO.KMRS,636303630,1.4,M1.0-1.5,2023-04-05T03:46:22.200000Z,2023-04-05T03:46:52.200000Z,fail: Gap fraction 0.75 > 0.05
small_KO.KOZT_626759858.npz,KO.KOZT,626759858,1.5,M1.0-1.5,2023-03-18T08:52:39.100000Z,2023-03-18T08:53:09.100000Z,ok
small_KO.KMRS_626759858.npz,KO.KMRS,626759858,1.5,M1.0-1.5,2023-03-18T08:52:39.100000Z,2023-03-18T08:53:09.100000Z,ok
small_KO.KOZT_642882874.npz,KO.KOZT,642882874,1.1,M1.0-1.5,2023-03-06T20:12:32.000000Z,2023-03-06T20:13:02.000000Z,ok
small_KO.KMRS_642882874.npz,KO.KMRS,642882874,1.1,M1.0-1.5,2023-03-06T20:12:32.000000Z,2023-03-06T20:13:02.000000Z,ok
small_KO.KOZT_642938919.npz,KO.KOZT,642938919,1.4,M1.0-1.5,2023-05-06T11:15:37.000000Z,2023-05-06T11:16:07.000000Z,ok
small_KO.KMRS_642938919.npz,KO.KMRS,642938919,1.4,M1.0-1.5,2023-05-06T11:15:37.000000Z,2023-05-06T11:16:07.000000Z,ok
small_KO.KOZT_642940422.npz,KO.KOZT,642940422,1.4,M1.0-1.5,2023-05-20T02:27:15.000000Z,2023-05-20T02:27:45.000000Z,ok
small_KO.KMRS_642940422.npz,KO.KMRS,642940422,1.4,M1.0-1.5,2023-05-20T02:27:15.000000Z,2023-05-20T02:27:45.000000Z,ok
small_KO.KOZT_636311960.npz,KO.KOZT,636311960,1.4,M1.0-1.5,2023-05-13T23:49:10.000000Z,2023-05-13T23:49:40.000000Z,ok
small_KO.KMRS_636311960.npz,KO.KMRS,636311960,1.4,M1.0-1.5,2023-05-13T23:49:10.000000Z,2023-05-13T23:49:40.000000Z,fail: Missing channels: ['HHE']
small_KO.KOZT_626755557.npz,KO.KOZT,626755557,1.2,M1.0-1.5,2023-03-06T23:16:30.100000Z,2023-03-06T23:17:00.100000Z,ok
small_KO.KMRS_626755557.npz,KO.KMRS,626755557,1.2,M1.0-1.5,2023-03-06T23:16:30.100000Z,2023-03-06T23:17:00.100000Z,ok
small_KO.KOZT_642692752.npz,KO.KOZT,642692752,1.2,M1.0-1.5,2023-02-18T23:52:38.000000Z,2023-02-18T23:53:08.000000Z,ok
small_KO.KMRS_642692752.npz,KO.KMRS,642692752,1.2,M1.0-1.5,2023-02-18T23:52:38.000000Z,2023-02-18T23:53:08.000000Z,ok
small_KO.KOZT_626668777.npz,KO.KOZT,626668777,1.9,M1.5-2.0,2023-02-19T02:59:30.400000Z,2023-02-19T03:00:00.400000Z,ok
small_KO.KMRS_626668777.npz,KO.KMRS,626668777,1.9,M1.5-2.0,2023-02-19T02:59:30.400000Z,2023-02-19T03:00:00.400000Z,ok
small_KO.KOZT_636306933.npz,KO.KOZT,636306933,2.0,M1.5-2.0,2023-04-20T05:43:02.200000Z,2023-04-20T05:43:32.200000Z,ok
small_KO.KMRS_636306933.npz,KO.KMRS,636306933,2.0,M1.5-2.0,2023-04-20T05:43:02.200000Z,2023-04-20T05:43:32.200000Z,ok
small_KO.KOZT_636306266.npz,KO.KOZT,636306266,1.7,M1.5-2.0,2023-04-17T05:13:47.200000Z,2023-04-17T05:14:17.200000Z,ok
small_KO.KMRS_636306266.npz,KO.KMRS,636306266,1.7,M1.5-2.0,2023-04-17T05:13:47.200000Z,2023-04-17T05:14:17.200000Z,ok
small_KO.KOZT_626762316.npz,KO.KOZT,626762316,1.8,M1.5-2.0,2023-03-25T20:15:25.000000Z,2023-03-25T20:15:55.000000Z,ok
small_KO.KMRS_626762316.npz,KO.KMRS,626762316,1.8,M1.5-2.0,2023-03-25T20:15:25.000000Z,2023-03-25T20:15:55.000000Z,ok
small_KO.KOZT_626664398.npz,KO.KOZT,626664398,1.8,M1.5-2.0,2023-02-11T05:10:11.400000Z,2023-02-11T05:10:41.400000Z,ok
small_KO.KMRS_626664398.npz,KO.KMRS,626664398,1.8,M1.5-2.0,2023-02-11T05:10:11.400000Z,2023-02-11T05:10:41.400000Z,"fail: No data available for request.
HTTP Status code: 204
Detailed response of server"
small_KO.KOZT_636313840.npz,KO.KOZT,636313840,1.9,M1.5-2.0,2023-05-24T01:44:10.600000Z,2023-05-24T01:44:40.600000Z,ok
small_KO.KMRS_636313840.npz,KO.KMRS,636313840,1.9,M1.5-2.0,2023-05-24T01:44:10.600000Z,2023-05-24T01:44:40.600000Z,ok
small_KO.KOZT_626761358.npz,KO.KOZT,626761358,1.6,M1.5-2.0,2023-03-23T01:11:05.100000Z,2023-03-23T01:11:35.100000Z,ok
small_KO.KMRS_626761358.npz,KO.KMRS,626761358,1.6,M1.5-2.0,2023-03-23T01:11:05.100000Z,2023-03-23T01:11:35.100000Z,ok
small_KO.KOZT_636320150.npz,KO.KOZT,636320150,1.9,M1.5-2.0,2023-07-04T18:03:13.600000Z,2023-07-04T18:03:43.600000Z,ok
small_KO.KMRS_636320150.npz,KO.KMRS,636320150,1.9,M1.5-2.0,2023-07-04T18:03:13.600000Z,2023-07-04T18:03:43.600000Z,fail: Missing channels: ['HHZ']
small_KO.KOZT_636317875.npz,KO.KOZT,636317875,1.6,M1.5-2.0,2023-06-17T19:38:58.600000Z,2023-06-17T19:39:28.600000Z,ok
small_KO.KMRS_636317875.npz,KO.KMRS,636317875,1.6,M1.5-2.0,2023-06-17T19:38:58.600000Z,2023-06-17T19:39:28.600000Z,fail: Gap fraction 0.64 > 0.05
small_KO.KOZT_642692160.npz,KO.KOZT,642692160,1.8,M1.5-2.0,2023-02-17T02:24:12.000000Z,2023-02-17T02:24:42.000000Z,ok
small_KO.KMRS_642692160.npz,KO.KMRS,642692160,1.8,M1.5-2.0,2023-02-17T02:24:12.000000Z,2023-02-17T02:24:42.000000Z,ok
small_KO.KOZT_642693175.npz,KO.KOZT,642693175,1.8,M1.5-2.0,2023-02-20T00:50:47.000000Z,2023-02-20T00:51:17.000000Z,ok
small_KO.KMRS_642693175.npz,KO.KMRS,642693175,1.8,M1.5-2.0,2023-02-20T00:50:47.000000Z,2023-02-20T00:51:17.000000Z,ok
small_KO.KOZT_626759275.npz,KO.KOZT,626759275,1.8,M1.5-2.0,2023-03-16T14:58:05.300000Z,2023-03-16T14:58:35.300000Z,ok
small_KO.KMRS_626759275.npz,KO.KMRS,626759275,1.8,M1.5-2.0,2023-03-16T14:58:05.300000Z,2023-03-16T14:58:35.300000Z,ok
small_KO.KOZT_636306297.npz,KO.KOZT,636306297,1.9,M1.5-2.0,2023-04-17T08:06:29.900000Z,2023-04-17T08:06:59.900000Z,ok
small_KO.KMRS_636306297.npz,KO.KMRS,636306297,1.9,M1.5-2.0,2023-04-17T08:06:29.900000Z,2023-04-17T08:06:59.900000Z,"fail: No data available for request.
HTTP Status code: 204
Detailed response of server"
small_KO.KOZT_626673272.npz,KO.KOZT,626673272,1.6,M1.5-2.0,2023-02-27T00:07:28.500000Z,2023-02-27T00:07:58.500000Z,ok
small_KO.KMRS_626673272.npz,KO.KMRS,626673272,1.6,M1.5-2.0,2023-02-27T00:07:28.500000Z,2023-02-27T00:07:58.500000Z,ok
small_KO.KOZT_626672243.npz,KO.KOZT,626672243,1.8,M1.5-2.0,2023-02-25T05:06:18.100000Z,2023-02-25T05:06:48.100000Z,ok
small_KO.KMRS_626672243.npz,KO.KMRS,626672243,1.8,M1.5-2.0,2023-02-25T05:06:18.100000Z,2023-02-25T05:06:48.100000Z,ok
small_KO.KOZT_636302745.npz,KO.KOZT,636302745,1.6,M1.5-2.0,2023-04-01T15:47:06.000000Z,2023-04-01T15:47:36.000000Z,ok
small_KO.KMRS_636302745.npz,KO.KMRS,636302745,1.6,M1.5-2.0,2023-04-01T15:47:06.000000Z,2023-04-01T15:47:36.000000Z,ok
small_KO.KOZT_636319992.npz,KO.KOZT,636319992,1.7,M1.5-2.0,2023-07-03T01:38:21.800000Z,2023-07-03T01:38:51.800000Z,ok
small_KO.KMRS_636319992.npz,KO.KMRS,636319992,1.7,M1.5-2.0,2023-07-03T01:38:21.800000Z,2023-07-03T01:38:51.800000Z,ok
small_KO.KOZT_636305753.npz,KO.KOZT,636305753,1.8,M1.5-2.0,2023-04-14T23:32:24.800000Z,2023-04-14T23:32:54.800000Z,ok
small_KO.KMRS_636305753.npz,KO.KMRS,636305753,1.8,M1.5-2.0,2023-04-14T23:32:24.800000Z,2023-04-14T23:32:54.800000Z,fail: Gap fraction 0.80 > 0.05
small_KO.KOZT_636317052.npz,KO.KOZT,636317052,1.8,M1.5-2.0,2023-06-12T20:39:55.000000Z,2023-06-12T20:40:25.000000Z,ok
small_KO.KMRS_636317052.npz,KO.KMRS,636317052,1.8,M1.5-2.0,2023-06-12T20:39:55.000000Z,2023-06-12T20:40:25.000000Z,ok
small_KO.KOZT_626757862.npz,KO.KOZT,626757862,1.6,M1.5-2.0,2023-03-12T21:36:32.000000Z,2023-03-12T21:37:02.000000Z,ok
small_KO.KMRS_626757862.npz,KO.KMRS,626757862,1.6,M1.5-2.0,2023-03-12T21:36:32.000000Z,2023-03-12T21:37:02.000000Z,ok
small_KO.KOZT_626756918.npz,KO.KOZT,626756918,2.0,M1.5-2.0,2023-03-10T11:15:13.200000Z,2023-03-10T11:15:43.200000Z,ok
small_KO.KMRS_626756918.npz,KO.KMRS,626756918,2.0,M1.5-2.0,2023-03-10T11:15:13.200000Z,2023-03-10T11:15:43.200000Z,fail: Gap fraction 0.79 > 0.05
small_KO.KOZT_626665815.npz,KO.KOZT,626665815,1.7,M1.5-2.0,2023-02-13T13:00:31.800000Z,2023-02-13T13:01:01.800000Z,ok
small_KO.KMRS_626665815.npz,KO.KMRS,626665815,1.7,M1.5-2.0,2023-02-13T13:00:31.800000Z,2023-02-13T13:01:01.800000Z,ok
small_KO.KOZT_626760646.npz,KO.KOZT,626760646,1.9,M1.5-2.0,2023-03-20T16:41:45.900000Z,2023-03-20T16:42:15.900000Z,ok
small_KO.KMRS_626760646.npz,KO.KMRS,626760646,1.9,M1.5-2.0,2023-03-20T16:41:45.900000Z,2023-03-20T16:42:15.900000Z,ok
small_KO.KOZT_642689952.npz,KO.KOZT,642689952,1.6,M1.5-2.0,2023-02-10T19:02:28.000000Z,2023-02-10T19:02:58.000000Z,ok
small_KO.KMRS_642689952.npz,KO.KMRS,642689952,1.6,M1.5-2.0,2023-02-10T19:02:28.000000Z,2023-02-10T19:02:58.000000Z,fail: Gap fraction 0.40 > 0.05
small_KO.KOZT_636317341.npz,KO.KOZT,636317341,1.8,M1.5-2.0,2023-06-14T09:18:34.400000Z,2023-06-14T09:19:04.400000Z,ok
small_KO.KMRS_636317341.npz,KO.KMRS,636317341,1.8,M1.5-2.0,2023-06-14T09:18:34.400000Z,2023-06-14T09:19:04.400000Z,ok
small_KO.KOZT_642694193.npz,KO.KOZT,642694193,2.0,M1.5-2.0,2023-02-23T07:45:31.900000Z,2023-02-23T07:46:01.900000Z,ok
small_KO.KMRS_642694193.npz,KO.KMRS,642694193,2.0,M1.5-2.0,2023-02-23T07:45:31.900000Z,2023-02-23T07:46:01.900000Z,ok
small_KO.KOZT_626668102.npz,KO.KOZT,626668102,1.8,M1.5-2.0,2023-02-17T18:19:27.500000Z,2023-02-17T18:19:57.500000Z,ok
small_KO.KMRS_626668102.npz,KO.KMRS,626668102,1.8,M1.5-2.0,2023-02-17T18:19:27.500000Z,2023-02-17T18:19:57.500000Z,fail: Missing channels: ['HHN']
small_KO.KOZT_626755374.npz,KO.KOZT,626755374,1.7,M1.5-2.0,2023-03-06T14:14:22.700000Z,2023-03-06T14:14:52.700000Z,ok
small_KO.KMRS_626755374.npz,KO.KMRS,626755374,1.7,M1.5-2.0,2023-03-06T14:14:22.700000Z,2023-03-06T14:14:52.700000Z,ok
small_KO.KOZT_642694723.npz,KO.KOZT,642694723,2.0,M1.5-2.0,2023-02-24T21:05:26.900000Z,2023-02-24T21:05:56.900000Z,ok
small_KO.KMRS_642694723.npz,KO.KMRS,642694723,2.0,M1.5-2.0,2023-02-24T21:05:26.900000Z,2023-02-24T21:05:56.900000Z,ok
small_KO.KOZT_626763318.npz,KO.KOZT,626763318,1.7,M1.5-2.0,2023-03-29T07:06:58.200000Z,2023-03-29T07:07:28.200000Z,ok
small_KO.KMRS_626763318.npz,KO.KMRS,626763318,1.7,M1.5-2.0,2023-03-29T07:06:58.200000Z,2023-03-29T07:07:28.200000Z,ok
small_KO.KOZT_636320686.npz,KO.KOZT,636320686,1.6,M1.5-2.0,2023-07-08T21:17:08.500000Z,2023-07-08T21:17:38.500000Z,ok
small_KO.KMRS_636320686.npz,KO.KMRS,636320686,1.6,M1.5-2.0,2023-07-08T21:17:08.500000Z,2023-07-08T21:17:38.500000Z,ok
small_KO.KOZT_636315205.npz,KO.KOZT,636315205,2.0,M1.5-2.0,2023-06-01T13:59:17.300000Z,2023-06-01T13:59:47.300000Z,ok
small_KO.KMRS_636315205.npz,KO.KMRS,636315205,2.0,M1.5-2.0,2023-06-01T13:59:17.300000Z,2023-06-01T13:59:47.300000Z,ok
small_KO.KOZT_626763309.npz,KO.KOZT,626763309,1.9,M1.5-2.0,2023-03-29T06:13:26.500000Z,2023-03-29T06:13:56.500000Z,ok
small_KO.KMRS_626763309.npz,KO.KMRS,626763309,1.9,M1.5-2.0,2023-03-29T06:13:26.500000Z,2023-03-29T06:13:56.500000Z,ok
small_KO.KOZT_626664759.npz,KO.KOZT,626664759,1.7,M1.5-2.0,2023-02-11T17:55:42.900000Z,2023-02-11T17:56:12.900000Z,ok
small_KO.KMRS_626664759.npz,KO.KMRS,626664759,1.7,M1.5-2.0,2023-02-11T17:55:42.900000Z,2023-02-11T17:56:12.900000Z,"fail: Missing channels: ['HHZ', 'HHN']"
small_KO.KOZT_626761204.npz,KO.KOZT,626761204,1.8,M1.5-2.0,2023-03-22T10:45:55.000000Z,2023-03-22T10:46:25.000000Z,ok
small_KO.KMRS_626761204.npz,KO.KMRS,626761204,1.8,M1.5-2.0,2023-03-22T10:45:55.000000Z,2023-03-22T10:46:25.000000Z,ok
small_KO.KOZT_626761149.npz,KO.KOZT,626761149,1.9,M1.5-2.0,2023-03-22T05:06:53.800000Z,2023-03-22T05:07:23.800000Z,ok
small_KO.KMRS_626761149.npz,KO.KMRS,626761149,1.9,M1.5-2.0,2023-03-22T05:06:53.800000Z,2023-03-22T05:07:23.800000Z,fail: Gap fraction 0.11 > 0.05
small_KO.KOZT_626665449.npz,KO.KOZT,626665449,1.9,M1.5-2.0,2023-02-12T22:06:31.000000Z,2023-02-12T22:07:01.000000Z,ok
small_KO.KMRS_626665449.npz,KO.KMRS,626665449,1.9,M1.5-2.0,2023-02-12T22:06:31.000000Z,2023-02-12T22:07:01.000000Z,ok
small_KO.KOZT_642730789.npz,KO.KOZT,642730789,1.6,M1.5-2.0,2023-04-09T16:16:05.000000Z,2023-04-09T16:16:35.000000Z,ok
small_KO.KMRS_642730789.npz,KO.KMRS,642730789,1.6,M1.5-2.0,2023-04-09T16:16:05.000000Z,2023-04-09T16:16:35.000000Z,ok
small_KO.KOZT_642693438.npz,KO.KOZT,642693438,1.9,M1.5-2.0,2023-02-20T16:55:53.000000Z,2023-02-20T16:56:23.000000Z,ok
small_KO.KMRS_642693438.npz,KO.KMRS,642693438,1.9,M1.5-2.0,2023-02-20T16:55:53.000000Z,2023-02-20T16:56:23.000000Z,"fail: Missing channels: ['HHZ', 'HHN']"
small_KO.KOZT_626673872.npz,KO.KOZT,626673872,1.7,M1.5-2.0,2023-02-28T06:54:37.700000Z,2023-02-28T06:55:07.700000Z,ok
small_KO.KMRS_626673872.npz,KO.KMRS,626673872,1.7,M1.5-2.0,2023-02-28T06:54:37.700000Z,2023-02-28T06:55:07.700000Z,ok
small_KO.KOZT_642898703.npz,KO.KOZT,642898703,1.6,M1.5-2.0,2023-02-11T01:01:47.000000Z,2023-02-11T01:02:17.000000Z,ok
small_KO.KMRS_642898703.npz,KO.KMRS,642898703,1.6,M1.5-2.0,2023-02-11T01:01:47.000000Z,2023-02-11T01:02:17.000000Z,ok
small_KO.KOZT_626753415.npz,KO.KOZT,626753415,1.8,M1.5-2.0,2023-03-01T20:27:01.500000Z,2023-03-01T20:27:31.500000Z,ok
small_KO.KMRS_626753415.npz,KO.KMRS,626753415,1.8,M1.5-2.0,2023-03-01T20:27:01.500000Z,2023-03-01T20:27:31.500000Z,ok
small_KO.KOZT_643265498.npz,KO.KOZT,643265498,1.6,M1.5-2.0,2023-07-19T07:47:11.000000Z,2023-07-19T07:47:41.000000Z,ok
small_KO.KMRS_643265498.npz,KO.KMRS,643265498,1.6,M1.5-2.0,2023-07-19T07:47:11.000000Z,2023-07-19T07:47:41.000000Z,ok
small_KO.KOZT_636321243.npz,KO.KOZT,636321243,1.6,M1.5-2.0,2023-07-14T07:37:20.000000Z,2023-07-14T07:37:50.000000Z,ok
small_KO.KMRS_636321243.npz,KO.KMRS,636321243,1.6,M1.5-2.0,2023-07-14T07:37:20.000000Z,2023-07-14T07:37:50.000000Z,fail: Gap fraction 0.32 > 0.05
small_KO.KOZT_636323302.npz,KO.KOZT,636323302,1.7,M1.5-2.0,2023-08-02T11:45:35.100000Z,2023-08-02T11:46:05.100000Z,ok
small_KO.KMRS_636323302.npz,KO.KMRS,636323302,1.7,M1.5-2.0,2023-08-02T11:45:35.100000Z,2023-08-02T11:46:05.100000Z,ok
small_KO.KOZT_626672361.npz,KO.KOZT,626672361,1.8,M1.5-2.0,2023-02-25T11:12:16.500000Z,2023-02-25T11:12:46.500000Z,ok
small_KO.KMRS_626672361.npz,KO.KMRS,626672361,1.8,M1.5-2.0,2023-02-25T11:12:16.500000Z,2023-02-25T11:12:46.500000Z,ok
small_KO.KOZT_636304839.npz,KO.KOZT,636304839,2.0,M1.5-2.0,2023-04-10T19:14:35.300000Z,2023-04-10T19:15:05.300000Z,ok
small_KO.KMRS_636304839.npz,KO.KMRS,636304839,2.0,M1.5-2.0,2023-04-10T19:14:35.300000Z,2023-04-10T19:15:05.300000Z,ok
small_KO.KOZT_642693613.npz,KO.KOZT,642693613,1.9,M1.5-2.0,2023-02-21T14:12:08.000000Z,2023-02-21T14:12:38.000000Z,ok
small_KO.KMRS_642693613.npz,KO.KMRS,642693613,1.9,M1.5-2.0,2023-02-21T14:12:08.000000Z,2023-02-21T14:12:38.000000Z,fail: Gap fraction 0.98 > 0.05
small_KO.KOZT_636308733.npz,KO.KOZT,636308733,1.7,M1.5-2.0,2023-04-27T05:18:46.700000Z,2023-04-27T05:19:16.700000Z,ok
small_KO.KMRS_636308733.npz,KO.KMRS,636308733,1.7,M1.5-2.0,2023-04-27T05:18:46.700000Z,2023-04-27T05:19:16.700000Z,ok
small_KO.KOZT_626762240.npz,KO.KOZT,626762240,1.6,M1.5-2.0,2023-03-25T13:35:43.500000Z,2023-03-25T13:36:13.500000Z,ok
small_KO.KMRS_626762240.npz,KO.KMRS,626762240,1.6,M1.5-2.0,2023-03-25T13:35:43.500000Z,2023-03-25T13:36:13.500000Z,ok
small_KO.KOZT_642696215.npz,KO.KOZT,642696215,1.9,M1.5-2.0,2023-02-28T22:54:14.000000Z,2023-02-28T22:54:44.000000Z,ok
small_KO.KMRS_642696215.npz,KO.KMRS,642696215,1.9,M1.5-2.0,2023-02-28T22:54:14.000000Z,2023-02-28T22:54:44.000000Z,ok
small_KO.KOZT_642691029.npz,KO.KOZT,642691029,1.7,M1.5-2.0,2023-02-13T20:03:38.000000Z,2023-02-13T20:04:08.000000Z,ok
small_KO.KMRS_642691029.npz,KO.KMRS,642691029,1.7,M1.5-2.0,2023-02-13T20:03:38.000000Z,2023-02-13T20:04:08.000000Z,ok
small_KO.KOZT_642694629.npz,KO.KOZT,642694629,1.8,M1.5-2.0,2023-02-24T15:42:18.000000Z,2023-02-24T15:42:48.000000Z,ok
small_KO.KMRS_642694629.npz,KO.KMRS,642694629,1.8,M1.5-2.0,2023-02-24T15:42:18.000000Z,2023-02-24T15:42:48.000000Z,fail: Gap fraction 0.08 > 0.05
small_KO.KOZT_626757651.npz,KO.KOZT,626757651,1.9,M1.5-2.0,2023-03-12T04:45:11.800000Z,2023-03-12T04:45:41.800000Z,ok
small_KO.KMRS_626757651.npz,KO.KMRS,626757651,1.9,M1.5-2.0,2023-03-12T04:45:11.800000Z,2023-03-12T04:45:41.800000Z,ok
small_KO.KOZT_626664858.npz,KO.KOZT,626664858,1.9,M1.5-2.0,2023-02-11T22:40:50.100000Z,2023-02-11T22:41:20.100000Z,ok
small_KO.KMRS_626664858.npz,KO.KMRS,626664858,1.9,M1.5-2.0,2023-02-11T22:40:50.100000Z,2023-02-11T22:41:20.100000Z,ok
small_KO.KOZT_626670831.npz,KO.KOZT,626670831,1.6,M1.5-2.0,2023-02-22T16:14:27.000000Z,2023-02-22T16:14:57.000000Z,ok
small_KO.KMRS_626670831.npz,KO.KMRS,626670831,1.6,M1.5-2.0,2023-02-22T16:14:27.000000Z,2023-02-22T16:14:57.000000Z,ok
small_KO.KOZT_626671083.npz,KO.KOZT,626671083,1.9,M1.5-2.0,2023-02-23T02:19:04.400000Z,2023-02-23T02:19:34.400000Z,ok
small_KO.KMRS_626671083.npz,KO.KMRS,626671083,1.9,M1.5-2.0,2023-02-23T02:19:04.400000Z,2023-02-23T02:19:34.400000Z,ok
small_KO.KOZT_626755033.npz,KO.KOZT,626755033,1.8,M1.5-2.0,2023-03-05T17:29:59.600000Z,2023-03-05T17:30:29.600000Z,ok
small_KO.KMRS_626755033.npz,KO.KMRS,626755033,1.8,M1.5-2.0,2023-03-05T17:29:59.600000Z,2023-03-05T17:30:29.600000Z,ok
small_KO.KOZT_636318672.npz,KO.KOZT,636318672,1.9,M1.5-2.0,2023-06-23T14:45:42.000000Z,2023-06-23T14:46:12.000000Z,ok
small_KO.KMRS_636318672.npz,KO.KMRS,636318672,1.9,M1.5-2.0,2023-06-23T14:45:42.000000Z,2023-06-23T14:46:12.000000Z,ok
small_KO.KOZT_636320682.npz,KO.KOZT,636320682,1.6,M1.5-2.0,2023-07-08T20:52:12.100000Z,2023-07-08T20:52:42.100000Z,ok
small_KO.KMRS_636320682.npz,KO.KMRS,636320682,1.6,M1.5-2.0,2023-07-08T20:52:12.100000Z,2023-07-08T20:52:42.100000Z,fail: Gap fraction 0.37 > 0.05
small_KO.KOZT_626664756.npz,KO.KOZT,626664756,1.8,M1.5-2.0,2023-02-11T17:54:57.300000Z,2023-02-11T17:55:27.300000Z,ok
small_KO.KMRS_626664756.npz,KO.KMRS,626664756,1.8,M1.5-2.0,2023-02-11T17:54:57.300000Z,2023-02-11T17:55:27.300000Z,fail: Gap fraction 0.67 > 0.05
small_KO.KOZT_626754689.npz,KO.KOZT,626754689,1.9,M1.5-2.0,2023-03-04T19:30:43.300000Z,2023-03-04T19:31:13.300000Z,ok
small_KO.KMRS_626754689.npz,KO.KMRS,626754689,1.9,M1.5-2.0,2023-03-04T19:30:43.300000Z,2023-03-04T19:31:13.300000Z,ok
small_KO.KOZT_636312645.npz,KO.KOZT,636312645,1.7,M1.5-2.0,2023-05-17T06:24:28.100000Z,2023-05-17T06:24:58.100000Z,ok
small_KO.KMRS_636312645.npz,KO.KMRS,636312645,1.7,M1.5-2.0,2023-05-17T06:24:28.100000Z,2023-05-17T06:24:58.100000Z,ok
small_KO.KOZT_626672000.npz,KO.KOZT,626672000,1.7,M1.5-2.0,2023-02-24T18:57:53.300000Z,2023-02-24T18:58:23.300000Z,ok
small_KO.KMRS_626672000.npz,KO.KMRS,626672000,1.7,M1.5-2.0,2023-02-24T18:57:53.300000Z,2023-02-24T18:58:23.300000Z,fail: Gap fraction 0.11 > 0.05
small_KO.KOZT_626670055.npz,KO.KOZT,626670055,2.0,M1.5-2.0,2023-02-21T08:02:59.200000Z,2023-02-21T08:03:29.200000Z,ok
small_KO.KMRS_626670055.npz,KO.KMRS,626670055,2.0,M1.5-2.0,2023-02-21T08:02:59.200000Z,2023-02-21T08:03:29.200000Z,fail: Gap fraction 0.14 > 0.05
small_KO.KOZT_636318274.npz,KO.KOZT,636318274,1.7,M1.5-2.0,2023-06-20T09:29:07.500000Z,2023-06-20T09:29:37.500000Z,ok
small_KO.KMRS_636318274.npz,KO.KMRS,636318274,1.7,M1.5-2.0,2023-06-20T09:29:07.500000Z,2023-06-20T09:29:37.500000Z,fail: Missing channels: ['HHE']
small_KO.KOZT_642872663.npz,KO.KOZT,642872663,1.8,M1.5-2.0,2023-03-10T00:30:58.000000Z,2023-03-10T00:31:28.000000Z,ok
small_KO.KMRS_642872663.npz,KO.KMRS,642872663,1.8,M1.5-2.0,2023-03-10T00:30:58.000000Z,2023-03-10T00:31:28.000000Z,ok
small_KO.KOZT_636320326.npz,KO.KOZT,636320326,1.8,M1.5-2.0,2023-07-06T06:57:29.300000Z,2023-07-06T06:57:59.300000Z,ok
small_KO.KMRS_636320326.npz,KO.KMRS,636320326,1.8,M1.5-2.0,2023-07-06T06:57:29.300000Z,2023-07-06T06:57:59.300000Z,fail: Gap fraction 0.09 > 0.05
small_KO.KOZT_626665947.npz,KO.KOZT,626665947,1.6,M1.5-2.0,2023-02-13T20:13:13.000000Z,2023-02-13T20:13:43.000000Z,ok
small_KO.KMRS_626665947.npz,KO.KMRS,626665947,1.6,M1.5-2.0,2023-02-13T20:13:13.000000Z,2023-02-13T20:13:43.000000Z,ok
small_KO.KOZT_626666823.npz,KO.KOZT,626666823,1.6,M1.5-2.0,2023-02-15T08:00:47.700000Z,2023-02-15T08:01:17.700000Z,ok
small_KO.KMRS_626666823.npz,KO.KMRS,626666823,1.6,M1.5-2.0,2023-02-15T08:00:47.700000Z,2023-02-15T08:01:17.700000Z,"fail: No data available for request.
HTTP Status code: 204
Detailed response of server"
small_KO.KOZT_626671315.npz,KO.KOZT,626671315,1.8,M1.5-2.0,2023-02-23T11:52:01.700000Z,2023-02-23T11:52:31.700000Z,ok
small_KO.KMRS_626671315.npz,KO.KMRS,626671315,1.8,M1.5-2.0,2023-02-23T11:52:01.700000Z,2023-02-23T11:52:31.700000Z,ok
small_KO.KOZT_626757727.npz,KO.KOZT,626757727,1.9,M1.5-2.0,2023-03-12T11:56:09.100000Z,2023-03-12T11:56:39.100000Z,ok
small_KO.KMRS_626757727.npz,KO.KMRS,626757727,1.9,M1.5-2.0,2023-03-12T11:56:09.100000Z,2023-03-12T11:56:39.100000Z,ok
small_KO.KOZT_636317776.npz,KO.KOZT,636317776,1.8,M1.5-2.0,2023-06-17T06:39:21.700000Z,2023-06-17T06:39:51.700000Z,ok
small_KO.KMRS_636317776.npz,KO.KMRS,636317776,1.8,M1.5-2.0,2023-06-17T06:39:21.700000Z,2023-06-17T06:39:51.700000Z,ok
small_KO.KOZT_626670903.npz,KO.KOZT,626670903,1.6,M1.5-2.0,2023-02-22T19:27:06.600000Z,2023-02-22T19:27:36.600000Z,ok
small_KO.KMRS_626670903.npz,KO.KMRS,626670903,1.6,M1.5-2.0,2023-02-22T19:27:06.600000Z,2023-02-22T19:27:36.600000Z,ok
small_KO.KOZT_643179563.npz,KO.KOZT,643179563,1.6,M1.5-2.0,2023-06-22T07:10:38.000000Z,2023-06-22T07:11:08.000000Z,ok
small_KO.KMRS_643179563.npz,KO.KMRS,643179563,1.6,M1.5-2.0,2023-06-22T07:10:38.000000Z,2023-06-22T07:11:08.000000Z,ok
small_KO.KOZT_626759152.npz,KO.KOZT,626759152,2.0,M1.5-2.0,2023-03-16T07:02:33.700000Z,2023-03-16T07:03:03.700000Z,ok
small_KO.KMRS_626759152.npz,KO.KMRS,626759152,2.0,M1.5-2.0,2023-03-16T07:02:33.700000Z,2023-03-16T07:03:03.700000Z,ok
small_KO.KOZT_636317311.npz,KO.KOZT,636317311,1.9,M1.5-2.0,2023-06-14T06:18:56.800000Z,2023-06-14T06:19:26.800000Z,ok
small_KO.KMRS_636317311.npz,KO.KMRS,636317311,1.9,M1.5-2.0,2023-06-14T06:18:56.800000Z,2023-06-14T06:19:26.800000Z,fail: Gap fraction 0.07 > 0.05
small_KO.KOZT_626672726.npz,KO.KOZT,626672726,1.9,M1.5-2.0,2023-02-26T00:53:27.400000Z,2023-02-26T00:53:57.400000Z,ok
small_KO.KMRS_626672726.npz,KO.KMRS,626672726,1.9,M1.5-2.0,2023-02-26T00:53:27.400000Z,2023-02-26T00:53:57.400000Z,ok
small_KO.KOZT_626664762.npz,KO.KOZT,626664762,1.9,M1.5-2.0,2023-02-11T18:03:28.200000Z,2023-02-11T18:03:58.200000Z,ok
small_KO.KMRS_626664762.npz,KO.KMRS,626664762,1.9,M1.5-2.0,2023-02-11T18:03:28.200000Z,2023-02-11T18:03:58.200000Z,ok
small_KO.KOZT_642876711.npz,KO.KOZT,642876711,1.6,M1.5-2.0,2023-03-25T04:17:12.000000Z,2023-03-25T04:17:42.000000Z,ok
small_KO.KMRS_642876711.npz,KO.KMRS,642876711,1.6,M1.5-2.0,2023-03-25T04:17:12.000000Z,2023-03-25T04:17:42.000000Z,ok
small_KO.KOZT_626761374.npz,KO.KOZT,626761374,1.8,M1.5-2.0,2023-03-23T02:39:02.600000Z,2023-03-23T02:39:32.600000Z,ok
small_KO.KMRS_626761374.npz,KO.KMRS,626761374,1.8,M1.5-2.0,2023-03-23T02:39:02.600000Z,2023-03-23T02:39:32.600000Z,ok
small_KO.KOZT_626763571.npz,KO.KOZT,626763571,1.6,M1.5-2.0,2023-03-30T02:29:56.900000Z,2023-03-30T02:30:26.900000Z,ok
small_KO.KMRS_626763571.npz,KO.KMRS,626763571,1.6,M1.5-2.0,2023-03-30T02:29:56.900000Z,2023-03-30T02:30:26.900000Z,fail: Gap fraction 0.15 > 0.05
small_KO.KOZT_636316735.npz,KO.KOZT,636316735,1.7,M1.5-2.0,2023-06-11T01:33:56.000000Z,2023-06-11T01:34:26.000000Z,ok
small_KO.KMRS_636316735.npz,KO.KMRS,636316735,1.7,M1.5-2.0,2023-06-11T01:33:56.000000Z,2023-06-11T01:34:26.000000Z,ok
small_KO.KOZT_636315499.npz,KO.KOZT,636315499,1.7,M1.5-2.0,2023-06-03T08:57:38.000000Z,2023-06-03T08:58:08.000000Z,ok
small_KO.KMRS_636315499.npz,KO.KMRS,636315499,1.7,M1.5-2.0,2023-06-03T08:57:38.000000Z,2023-06-03T08:58:08.000000Z,ok
small_KO.KOZT_636319955.npz,KO.KOZT,636319955,1.8,M1.5-2.0,2023-07-02T21:27:00.100000Z,2023-07-02T21:27:30.100000Z,ok
small_KO.KMRS_636319955.npz,KO.KMRS,636319955,1.8,M1.5-2.0,2023-07-02T21:27:00.100000Z,2023-07-02T21:27:30.100000Z,ok
small_KO.KOZT_642872412.npz,KO.KOZT,642872412,1.6,M1.5-2.0,2023-03-08T16:48:25.000000Z,2023-03-08T16:48:55.000000Z,ok
small_KO.KMRS_642872412.npz,KO.KMRS,642872412,1.6,M1.5-2.0,2023-03-08T16:48:25.000000Z,2023-03-08T16:48:55.000000Z,"fail: Missing channels: ['HHZ', 'HHN']"
small_KO.KOZT_626667854.npz,KO.KOZT,626667854,1.6,M1.5-2.0,2023-02-17T07:48:37.300000Z,2023-02-17T07:49:07.300000Z,ok
small_KO.KMRS_626667854.npz,KO.KMRS,626667854,1.6,M1.5-2.0,2023-02-17T07:48:37.300000Z,2023-02-17T07:49:07.300000Z,ok
small_KO.KOZT_636302965.npz,KO.KOZT,636302965,2.0,M1.5-2.0,2023-04-02T07:53:13.500000Z,2023-04-02T07:53:43.500000Z,ok
small_KO.KMRS_636302965.npz,KO.KMRS,636302965,2.0,M1.5-2.0,2023-04-02T07:53:13.500000Z,2023-04-02T07:53:43.500000Z,ok
small_KO.KOZT_642939512.npz,KO.KOZT,642939512,1.9,M1.5-2.0,2023-05-11T09:15:44.000000Z,2023-05-11T09:16:14.000000Z,ok
small_KO.KMRS_642939512.npz,KO.KMRS,642939512,1.9,M1.5-2.0,2023-05-11T09:15:44.000000Z,2023-05-11T09:16:14.000000Z,ok
small_KO.KOZT_626671035.npz,KO.KOZT,626671035,1.6,M1.5-2.0,2023-02-23T00:26:15.700000Z,2023-02-23T00:26:45.700000Z,ok
small_KO.KMRS_626671035.npz,KO.KMRS,626671035,1.6,M1.5-2.0,2023-02-23T00:26:15.700000Z,2023-02-23T00:26:45.700000Z,ok
small_KO.KOZT_642874930.npz,KO.KOZT,642874930,1.7,M1.5-2.0,2023-03-18T01:26:39.100000Z,2023-03-18T01:27:09.100000Z,ok
small_KO.KMRS_642874930.npz,KO.KMRS,642874930,1.7,M1.5-2.0,2023-03-18T01:26:39.100000Z,2023-03-18T01:27:09.100000Z,ok
small_KO.KOZT_636318328.npz,KO.KOZT,636318328,2.0,M1.5-2.0,2023-06-20T19:26:42.000000Z,2023-06-20T19:27:12.000000Z,ok
small_KO.KMRS_636318328.npz,KO.KMRS,636318328,2.0,M1.5-2.0,2023-06-20T19:26:42.000000Z,2023-06-20T19:27:12.000000Z,fail: Gap fraction 0.50 > 0.05
small_KO.KOZT_626669045.npz,KO.KOZT,626669045,1.8,M1.5-2.0,2023-02-19T13:34:57.700000Z,2023-02-19T13:35:27.700000Z,ok
small_KO.KMRS_626669045.npz,KO.KMRS,626669045,1.8,M1.5-2.0,2023-02-19T13:34:57.700000Z,2023-02-19T13:35:27.700000Z,ok
small_KO.KOZT_636320277.npz,KO.KOZT,636320277,1.9,M1.5-2.0,2023-07-05T21:13:07.700000Z,2023-07-05T21:13:37.700000Z,ok
small_KO.KMRS_636320277.npz,KO.KMRS,636320277,1.9,M1.5-2.0,2023-07-05T21:13:07.700000Z,2023-07-05T21:13:37.700000Z,ok
small_KO.KOZT_626759058.npz,KO.KOZT,626759058,1.7,M1.5-2.0,2023-03-15T22:18:10.300000Z,2023-03-15T22:18:40.300000Z,ok
small_KO.KMRS_626759058.npz,KO.KMRS,626759058,1.7,M1.5-2.0,2023-03-15T22:18:10.300000Z,2023-03-15T22:18:40.300000Z,ok
small_KO.KOZT_636321762.npz,KO.KOZT,636321762,1.8,M1.5-2.0,2023-07-20T14:33:54.900000Z,2023-07-20T14:34:24.900000Z,ok
small_KO.KMRS_636321762.npz,KO.KMRS,636321762,1.8,M1.5-2.0,2023-07-20T14:33:54.900000Z,2023-07-20T14:34:24.900000Z,fail: Gap fraction 0.13 > 0.05
small_KO.KOZT_636306606.npz,KO.KOZT,636306606,1.6,M1.5-2.0,2023-04-18T21:14:46.800000Z,2023-04-18T21:15:16.800000Z,ok
small_KO.KMRS_636306606.npz,KO.KMRS,636306606,1.6,M1.5-2.0,2023-04-18T21:14:46.800000Z,2023-04-18T21:15:16.800000Z,ok
small_KO.KOZT_626669029.npz,KO.KOZT,626669029,1.9,M1.5-2.0,2023-02-19T12:57:55.100000Z,2023-02-19T12:58:25.100000Z,ok
small_KO.KMRS_626669029.npz,KO.KMRS,626669029,1.9,M1.5-2.0,2023-02-19T12:57:55.100000Z,2023-02-19T12:58:25.100000Z,ok
small_KO.KOZT_636323413.npz,KO.KOZT,636323413,1.9,M1.5-2.0,2023-08-03T16:53:30.700000Z,2023-08-03T16:54:00.700000Z,ok
small_KO.KMRS_636323413.npz,KO.KMRS,636323413,1.9,M1.5-2.0,2023-08-03T16:53:30.700000Z,2023-08-03T16:54:00.700000Z,ok
small_KO.KOZT_636307881.npz,KO.KOZT,636307881,2.0,M1.5-2.0,2023-04-23T10:16:11.000000Z,2023-04-23T10:16:41.000000Z,ok
small_KO.KMRS_636307881.npz,KO.KMRS,636307881,2.0,M1.5-2.0,2023-04-23T10:16:11.000000Z,2023-04-23T10:16:41.000000Z,ok
small_KO.KOZT_642873066.npz,KO.KOZT,642873066,2.0,M1.5-2.0,2023-03-11T10:05:19.700000Z,2023-03-11T10:05:49.700000Z,ok
small_KO.KMRS_642873066.npz,KO.KMRS,642873066,2.0,M1.5-2.0,2023-03-11T10:05:19.700000Z,2023-03-11T10:05:49.700000Z,ok
small_KO.KOZT_626664991.npz,KO.KOZT,626664991,1.7,M1.5-2.0,2023-02-12T03:43:43.500000Z,2023-02-12T03:44:13.500000Z,ok
small_KO.KMRS_626664991.npz,KO.KMRS,626664991,1.7,M1.5-2.0,2023-02-12T03:43:43.500000Z,2023-02-12T03:44:13.500000Z,ok
small_KO.KOZT_626667995.npz,KO.KOZT,626667995,1.9,M1.5-2.0,2023-02-17T12:46:43.700000Z,2023-02-17T12:47:13.700000Z,ok
small_KO.KMRS_626667995.npz,KO.KMRS,626667995,1.9,M1.5-2.0,2023-02-17T12:46:43.700000Z,2023-02-17T12:47:13.700000Z,ok
small_KO.KOZT_626672764.npz,KO.KOZT,626672764,1.6,M1.5-2.0,2023-02-26T02:18:16.800000Z,2023-02-26T02:18:46.800000Z,ok
small_KO.KMRS_626672764.npz,KO.KMRS,626672764,1.6,M1.5-2.0,2023-02-26T02:18:16.800000Z,2023-02-26T02:18:46.800000Z,ok
small_KO.KOZT_642694166.npz,KO.KOZT,642694166,1.8,M1.5-2.0,2023-02-23T00:13:26.000000Z,2023-02-23T00:13:56.000000Z,ok
small_KO.KMRS_642694166.npz,KO.KMRS,642694166,1.8,M1.5-2.0,2023-02-23T00:13:26.000000Z,2023-02-23T00:13:56.000000Z,ok
small_KO.KOZT_626756176.npz,KO.KOZT,626756176,2.0,M1.5-2.0,2023-03-08T12:14:28.400000Z,2023-03-08T12:14:58.400000Z,ok
small_KO.KMRS_626756176.npz,KO.KMRS,626756176,2.0,M1.5-2.0,2023-03-08T12:14:28.400000Z,2023-03-08T12:14:58.400000Z,ok
small_KO.KOZT_626758398.npz,KO.KOZT,626758398,1.7,M1.5-2.0,2023-03-14T09:13:00.300000Z,2023-03-14T09:13:30.300000Z,ok
small_KO.KMRS_626758398.npz,KO.KMRS,626758398,1.7,M1.5-2.0,2023-03-14T09:13:00.300000Z,2023-03-14T09:13:30.300000Z,ok
small_KO.KOZT_626756140.npz,KO.KOZT,626756140,1.8,M1.5-2.0,2023-03-08T09:14:55.900000Z,2023-03-08T09:15:25.900000Z,ok
small_KO.KMRS_626756140.npz,KO.KMRS,626756140,1.8,M1.5-2.0,2023-03-08T09:14:55.900000Z,2023-03-08T09:15:25.900000Z,fail: Gap fraction 0.05 > 0.05
small_KO.KOZT_626671825.npz,KO.KOZT,626671825,1.9,M1.5-2.0,2023-02-24T11:16:11.100000Z,2023-02-24T11:16:41.100000Z,ok
small_KO.KMRS_626671825.npz,KO.KMRS,626671825,1.9,M1.5-2.0,2023-02-24T11:16:11.100000Z,2023-02-24T11:16:41.100000Z,ok
small_KO.KOZT_626760912.npz,KO.KOZT,626760912,1.6,M1.5-2.0,2023-03-21T10:49:02.400000Z,2023-03-21T10:49:32.400000Z,ok
small_KO.KMRS_626760912.npz,KO.KMRS,626760912,1.6,M1.5-2.0,2023-03-21T10:49:02.400000Z,2023-03-21T10:49:32.400000Z,fail: Gap fraction 0.94 > 0.05
small_KO.KOZT_642870310.npz,KO.KOZT,642870310,1.6,M1.5-2.0,2023-03-02T08:55:26.200000Z,2023-03-02T08:55:56.200000Z,ok
small_KO.KMRS_642870310.npz,KO.KMRS,642870310,1.6,M1.5-2.0,2023-03-02T08:55:26.200000Z,2023-03-02T08:55:56.200000Z,ok
small_KO.KOZT_643658797.npz,KO.KOZT,643658797,1.6,M1.5-2.0,2023-08-01T06:21:58.600000Z,2023-08-01T06:22:28.600000Z,ok
small_KO.KMRS_643658797.npz,KO.KMRS,643658797,1.6,M1.5-2.0,2023-08-01T06:21:58.600000Z,2023-08-01T06:22:28.600000Z,ok
small_KO.KOZT_636306752.npz,KO.KOZT,636306752,1.7,M1.5-2.0,2023-04-19T13:06:37.400000Z,2023-04-19T13:07:07.400000Z,ok
small_KO.KMRS_636306752.npz,KO.KMRS,636306752,1.7,M1.5-2.0,2023-04-19T13:06:37.400000Z,2023-04-19T13:07:07.400000Z,ok
small_KO.KOZT_636320288.npz,KO.KOZT,636320288,1.9,M1.5-2.0,2023-07-05T23:35:41.600000Z,2023-07-05T23:36:11.600000Z,ok
small_KO.KMRS_636320288.npz,KO.KMRS,636320288,1.9,M1.5-2.0,2023-07-05T23:35:41.600000Z,2023-07-05T23:36:11.600000Z,ok
small_KO.KOZT_626666603.npz,KO.KOZT,626666603,2.0,M1.5-2.0,2023-02-14T22:05:20.000000Z,2023-02-14T22:05:50.000000Z,ok
small_KO.KMRS_626666603.npz,KO.KMRS,626666603,2.0,M1.5-2.0,2023-02-14T22:05:20.000000Z,2023-02-14T22:05:50.000000Z,"fail: No data available for request.
HTTP Status code: 204
Detailed response of server"
small_KO.KOZT_626759500.npz,KO.KOZT,626759500,1.6,M1.5-2.0,2023-03-17T07:41:19.200000Z,2023-03-17T07:41:49.200000Z,ok
small_KO.KMRS_626759500.npz,KO.KMRS,626759500,1.6,M1.5-2.0,2023-03-17T07:41:19.200000Z,2023-03-17T07:41:49.200000Z,ok
small_KO.KOZT_626667274.npz,KO.KOZT,626667274,1.6,M1.5-2.0,2023-02-16T06:51:20.400000Z,2023-02-16T06:51:50.400000Z,ok
small_KO.KMRS_626667274.npz,KO.KMRS,626667274,1.6,M1.5-2.0,2023-02-16T06:51:20.400000Z,2023-02-16T06:51:50.400000Z,"fail: No data available for request.
HTTP Status code: 204
Detailed response of server"
small_KO.KOZT_636302655.npz,KO.KOZT,636302655,1.7,M1.5-2.0,2023-04-01T05:02:13.600000Z,2023-04-01T05:02:43.600000Z,ok
small_KO.KMRS_636302655.npz,KO.KMRS,636302655,1.7,M1.5-2.0,2023-04-01T05:02:13.600000Z,2023-04-01T05:02:43.600000Z,fail: Missing channels: ['HHE']
small_KO.KOZT_642872843.npz,KO.KOZT,642872843,1.9,M1.5-2.0,2023-03-10T16:55:31.000000Z,2023-03-10T16:56:01.000000Z,ok
small_KO.KMRS_642872843.npz,KO.KMRS,642872843,1.9,M1.5-2.0,2023-03-10T16:55:31.000000Z,2023-03-10T16:56:01.000000Z,ok
small_KO.KOZT_626755643.npz,KO.KOZT,626755643,2.0,M1.5-2.0,2023-03-07T03:21:59.000000Z,2023-03-07T03:22:29.000000Z,ok
small_KO.KMRS_626755643.npz,KO.KMRS,626755643,2.0,M1.5-2.0,2023-03-07T03:21:59.000000Z,2023-03-07T03:22:29.000000Z,fail: Gap fraction 0.10 > 0.05
small_KO.KOZT_636308571.npz,KO.KOZT,636308571,1.7,M1.5-2.0,2023-04-26T05:58:37.000000Z,2023-04-26T05:59:07.000000Z,ok
small_KO.KMRS_636308571.npz,KO.KMRS,636308571,1.7,M1.5-2.0,2023-04-26T05:58:37.000000Z,2023-04-26T05:59:07.000000Z,ok
small_KO.KOZT_626762968.npz,KO.KOZT,626762968,2.0,M1.5-2.0,2023-03-28T00:39:32.900000Z,2023-03-28T00:40:02.900000Z,ok
small_KO.KMRS_626762968.npz,KO.KMRS,626762968,2.0,M1.5-2.0,2023-03-28T00:39:32.900000Z,2023-03-28T00:40:02.900000Z,"fail: Missing channels: ['HHZ', 'HHE']"
small_KO.KOZT_626673671.npz,KO.KOZT,626673671,1.6,M1.5-2.0,2023-02-27T22:07:00.500000Z,2023-02-27T22:07:30.500000Z,ok
small_KO.KMRS_626673671.npz,KO.KMRS,626673671,1.6,M1.5-2.0,2023-02-27T22:07:00.500000Z,2023-02-27T22:07:30.500000Z,ok
small_KO.KOZT_636316473.npz,KO.KOZT,636316473,1.9,M1.5-2.0,2023-06-09T06:37:44.200000Z,2023-06-09T06:38:14.200000Z,ok
small_KO.KMRS_636316473.npz,KO.KMRS,636316473,1.9,M1.5-2.0,2023-06-09T06:37:44.200000Z,2023-06-09T06:38:14.200000Z,fail: Gap fraction 0.06 > 0.05
small_KO.KOZT_642696013.npz,KO.KOZT,642696013,1.7,M1.5-2.0,2023-02-28T10:11:02.000000Z,2023-02-28T10:11:32.000000Z,ok
small_KO.KMRS_642696013.npz,KO.KMRS,642696013,1.7,M1.5-2.0,2023-02-28T10:11:02.000000Z,2023-02-28T10:11:32.000000Z,ok
small_KO.KOZT_636314690.npz,KO.KOZT,636314690,1.8,M1.5-2.0,2023-05-29T08:52:32.200000Z,2023-05-29T08:53:02.200000Z,ok
small_KO.KMRS_636314690.npz,KO.KMRS,636314690,1.8,M1.5-2.0,2023-05-29T08:52:32.200000Z,2023-05-29T08:53:02.200000Z,ok
small_KO.KOZT_626762855.npz,KO.KOZT,626762855,2.0,M1.5-2.0,2023-03-27T13:14:08.200000Z,2023-03-27T13:14:38.200000Z,ok
small_KO.KMRS_626762855.npz,KO.KMRS,626762855,2.0,M1.5-2.0,2023-03-27T13:14:08.200000Z,2023-03-27T13:14:38.200000Z,fail: Gap fraction 0.17 > 0.05
small_KO.KOZT_642739410.npz,KO.KOZT,642739410,2.0,M1.5-2.0,2023-02-17T05:17:54.000000Z,2023-02-17T05:18:24.000000Z,ok
small_KO.KMRS_642739410.npz,KO.KMRS,642739410,2.0,M1.5-2.0,2023-02-17T05:17:54.000000Z,2023-02-17T05:18:24.000000Z,ok
small_KO.KOZT_636305015.npz,KO.KOZT,636305015,1.9,M1.5-2.0,2023-04-11T19:09:44.000000Z,2023-04-11T19:10:14.000000Z,ok
small_KO.KMRS_636305015.npz,KO.KMRS,636305015,1.9,M1.5-2.0,2023-04-11T19:09:44.000000Z,2023-04-11T19:10:14.000000Z,fail: Gap fraction 0.80 > 0.05
small_KO.KOZT_636316507.npz,KO.KOZT,636316507,2.0,M1.5-2.0,2023-06-09T10:06:00.400000Z,2023-06-09T10:06:30.400000Z,ok
small_KO.KMRS_636316507.npz,KO.KMRS,636316507,2.0,M1.5-2.0,2023-06-09T10:06:00.400000Z,2023-06-09T10:06:30.400000Z,fail: Gap fraction 0.18 > 0.05
small_KO.KOZT_642871784.npz,KO.KOZT,642871784,1.8,M1.5-2.0,2023-03-06T15:13:28.000000Z,2023-03-06T15:13:58.000000Z,ok
small_KO.KMRS_642871784.npz,KO.KMRS,642871784,1.8,M1.5-2.0,2023-03-06T15:13:28.000000Z,2023-03-06T15:13:58.000000Z,ok
small_KO.KOZT_626756894.npz,KO.KOZT,626756894,2.0,M1.5-2.0,2023-03-10T10:01:03.600000Z,2023-03-10T10:01:33.600000Z,ok
small_KO.KMRS_626756894.npz,KO.KMRS,626756894,2.0,M1.5-2.0,2023-03-10T10:01:03.600000Z,2023-03-10T10:01:33.600000Z,ok
small_KO.KOZT_626763071.npz,KO.KOZT,626763071,1.6,M1.5-2.0,2023-03-28T08:52:52.200000Z,2023-03-28T08:53:22.200000Z,ok
small_KO.KMRS_626763071.npz,KO.KMRS,626763071,1.6,M1.5-2.0,2023-03-28T08:52:52.200000Z,2023-03-28T08:53:22.200000Z,fail: Gap fraction 0.53 > 0.05
small_KO.KOZT_636321752.npz,KO.KOZT,636321752,1.6,M1.5-2.0,2023-07-20T10:19:08.900000Z,2023-07-20T10:19:38.900000Z,ok
small_KO.KMRS_636321752.npz,KO.KMRS,636321752,1.6,M1.5-2.0,2023-07-20T10:19:08.900000Z,2023-07-20T10:19:38.900000Z,ok
small_KO.KOZT_626759669.npz,KO.KOZT,626759669,1.6,M1.5-2.0,2023-03-17T22:57:22.900000Z,2023-03-17T22:57:52.900000Z,ok
small_KO.KMRS_626759669.npz,KO.KMRS,626759669,1.6,M1.5-2.0,2023-03-17T22:57:22.900000Z,2023-03-17T22:57:52.900000Z,fail: Gap fraction 0.38 > 0.05
small_KO.KOZT_636303140.npz,KO.KOZT,636303140,1.8,M1.5-2.0,2023-04-03T07:44:08.400000Z,2023-04-03T07:44:38.400000Z,ok
small_KO.KMRS_636303140.npz,KO.KMRS,636303140,1.8,M1.5-2.0,2023-04-03T07:44:08.400000Z,2023-04-03T07:44:38.400000Z,"fail: No data available for request.
HTTP Status code: 204
Detailed response of server"
small_KO.KOZT_626673960.npz,KO.KOZT,626673960,2.0,M1.5-2.0,2023-02-28T12:10:20.200000Z,2023-02-28T12:10:50.200000Z,ok
small_KO.KMRS_626673960.npz,KO.KMRS,626673960,2.0,M1.5-2.0,2023-02-28T12:10:20.200000Z,2023-02-28T12:10:50.200000Z,ok
small_KO.KOZT_636322655.npz,KO.KOZT,636322655,2.0,M1.5-2.0,2023-07-28T00:12:59.900000Z,2023-07-28T00:13:29.900000Z,ok
small_KO.KMRS_636322655.npz,KO.KMRS,636322655,2.0,M1.5-2.0,2023-07-28T00:12:59.900000Z,2023-07-28T00:13:29.900000Z,ok
small_KO.KOZT_626663989.npz,KO.KOZT,626663989,2.0,M1.5-2.0,2023-02-10T13:41:55.200000Z,2023-02-10T13:42:25.200000Z,ok
small_KO.KMRS_626663989.npz,KO.KMRS,626663989,2.0,M1.5-2.0,2023-02-10T13:41:55.200000Z,2023-02-10T13:42:25.200000Z,ok
small_KO.KOZT_636319198.npz,KO.KOZT,636319198,2.0,M1.5-2.0,2023-06-27T15:12:33.100000Z,2023-06-27T15:13:03.100000Z,ok
small_KO.KMRS_636319198.npz,KO.KMRS,636319198,2.0,M1.5-2.0,2023-06-27T15:12:33.100000Z,2023-06-27T15:13:03.100000Z,ok
small_KO.KOZT_636305816.npz,KO.KOZT,636305816,1.6,M1.5-2.0,2023-04-15T04:55:59.100000Z,2023-04-15T04:56:29.100000Z,fail: Gap fraction 0.10 > 0.05
small_KO.KMRS_636305816.npz,KO.KMRS,636305816,1.6,M1.5-2.0,2023-04-15T04:55:59.100000Z,2023-04-15T04:56:29.100000Z,fail: Gap fraction 0.07 > 0.05
small_KO.KOZT_642691909.npz,KO.KOZT,642691909,1.6,M1.5-2.0,2023-02-16T08:02:26.000000Z,2023-02-16T08:02:56.000000Z,ok
small_KO.KMRS_642691909.npz,KO.KMRS,642691909,1.6,M1.5-2.0,2023-02-16T08:02:26.000000Z,2023-02-16T08:02:56.000000Z,"fail: No data available for request.
HTTP Status code: 204
Detailed response of server"
small_KO.KOZT_626667489.npz,KO.KOZT,626667489,2.0,M1.5-2.0,2023-02-16T15:15:24.800000Z,2023-02-16T15:15:54.800000Z,ok
small_KO.KMRS_626667489.npz,KO.KMRS,626667489,2.0,M1.5-2.0,2023-02-16T15:15:24.800000Z,2023-02-16T15:15:54.800000Z,ok
small_KO.KOZT_626755943.npz,KO.KOZT,626755943,1.8,M1.5-2.0,2023-03-07T22:32:36.000000Z,2023-03-07T22:33:06.000000Z,ok
small_KO.KMRS_626755943.npz,KO.KMRS,626755943,1.8,M1.5-2.0,2023-03-07T22:32:36.000000Z,2023-03-07T22:33:06.000000Z,ok
small_KO.KOZT_626763531.npz,KO.KOZT,626763531,1.8,M1.5-2.0,2023-03-29T22:53:19.500000Z,2023-03-29T22:53:49.500000Z,ok
small_KO.KMRS_626763531.npz,KO.KMRS,626763531,1.8,M1.5-2.0,2023-03-29T22:53:19.500000Z,2023-03-29T22:53:49.500000Z,"fail: No data available for request.
HTTP Status code: 204
Detailed response of server"
small_KO.KOZT_626666868.npz,KO.KOZT,626666868,1.9,M1.5-2.0,2023-02-15T10:10:46.400000Z,2023-02-15T10:11:16.400000Z,ok
small_KO.KMRS_626666868.npz,KO.KMRS,626666868,1.9,M1.5-2.0,2023-02-15T10:10:46.400000Z,2023-02-15T10:11:16.400000Z,"fail: No data available for request.
HTTP Status code: 204
Detailed response of server"
small_KO.KOZT_626670993.npz,KO.KOZT,626670993,2.0,M1.5-2.0,2023-02-22T23:02:05.000000Z,2023-02-22T23:02:35.000000Z,ok
small_KO.KMRS_626670993.npz,KO.KMRS,626670993,2.0,M1.5-2.0,2023-02-22T23:02:05.000000Z,2023-02-22T23:02:35.000000Z,ok
small_KO.KOZT_642877826.npz,KO.KOZT,642877826,1.7,M1.5-2.0,2023-03-31T05:16:09.000000Z,2023-03-31T05:16:39.000000Z,ok
small_KO.KMRS_642877826.npz,KO.KMRS,642877826,1.7,M1.5-2.0,2023-03-31T05:16:09.000000Z,2023-03-31T05:16:39.000000Z,ok
small_KO.KOZT_626755926.npz,KO.KOZT,626755926,1.9,M1.5-2.0,2023-03-07T21:01:13.200000Z,2023-03-07T21:01:43.200000Z,ok
small_KO.KMRS_626755926.npz,KO.KMRS,626755926,1.9,M1.5-2.0,2023-03-07T21:01:13.200000Z,2023-03-07T21:01:43.200000Z,fail: Missing channels: ['HHE']
small_KO.KOZT_626755236.npz,KO.KOZT,626755236,1.8,M1.5-2.0,2023-03-06T06:16:55.300000Z,2023-03-06T06:17:25.300000Z,ok
small_KO.KMRS_626755236.npz,KO.KMRS,626755236,1.8,M1.5-2.0,2023-03-06T06:16:55.300000Z,2023-03-06T06:17:25.300000Z,"fail: Missing channels: ['HHZ', 'HHE']"
small_KO.KOZT_626753601.npz,KO.KOZT,626753601,1.6,M1.5-2.0,2023-03-02T09:30:40.300000Z,2023-03-02T09:31:10.300000Z,ok
small_KO.KMRS_626753601.npz,KO.KMRS,626753601,1.6,M1.5-2.0,2023-03-02T09:30:40.300000Z,2023-03-02T09:31:10.300000Z,ok
small_KO.KOZT_626664967.npz,KO.KOZT,626664967,1.8,M1.5-2.0,2023-02-12T03:07:00.700000Z,2023-02-12T03:07:30.700000Z,ok
small_KO.KMRS_626664967.npz,KO.KMRS,626664967,1.8,M1.5-2.0,2023-02-12T03:07:00.700000Z,2023-02-12T03:07:30.700000Z,ok
small_KO.KOZT_626664954.npz,KO.KOZT,626664954,1.8,M1.5-2.0,2023-02-12T02:42:48.900000Z,2023-02-12T02:43:18.900000Z,ok
small_KO.KMRS_626664954.npz,KO.KMRS,626664954,1.8,M1.5-2.0,2023-02-12T02:42:48.900000Z,2023-02-12T02:43:18.900000Z,ok
small_KO.KOZT_636320015.npz,KO.KOZT,636320015,2.0,M1.5-2.0,2023-07-03T06:41:10.300000Z,2023-07-03T06:41:40.300000Z,ok
small_KO.KMRS_636320015.npz,KO.KMRS,636320015,2.0,M1.5-2.0,2023-07-03T06:41:10.300000Z,2023-07-03T06:41:40.300000Z,fail: Gap fraction 0.58 > 0.05
small_KO.KOZT_626671161.npz,KO.KOZT,626671161,1.8,M1.5-2.0,2023-02-23T06:14:35.500000Z,2023-02-23T06:15:05.500000Z,ok
small_KO.KMRS_626671161.npz,KO.KMRS,626671161,1.8,M1.5-2.0,2023-02-23T06:14:35.500000Z,2023-02-23T06:15:05.500000Z,ok
small_KO.KOZT_626668963.npz,KO.KOZT,626668963,1.7,M1.5-2.0,2023-02-19T09:29:40.100000Z,2023-02-19T09:30:10.100000Z,ok
small_KO.KMRS_626668963.npz,KO.KMRS,626668963,1.7,M1.5-2.0,2023-02-19T09:29:40.100000Z,2023-02-19T09:30:10.100000Z,ok
small_KO.KOZT_642898721.npz,KO.KOZT,642898721,1.8,M1.5-2.0,2023-02-11T19:33:39.600000Z,2023-02-11T19:34:09.600000Z,ok
small_KO.KMRS_642898721.npz,KO.KMRS,642898721,1.8,M1.5-2.0,2023-02-11T19:33:39.600000Z,2023-02-11T19:34:09.600000Z,ok
small_KO.KOZT_642691098.npz,KO.KOZT,642691098,2.0,M1.5-2.0,2023-02-13T22:21:59.000000Z,2023-02-13T22:22:29.000000Z,ok
small_KO.KMRS_642691098.npz,KO.KMRS,642691098,2.0,M1.5-2.0,2023-02-13T22:21:59.000000Z,2023-02-13T22:22:29.000000Z,ok
small_KO.KOZT_642696162.npz,KO.KOZT,642696162,2.0,M1.5-2.0,2023-02-28T22:05:31.300000Z,2023-02-28T22:06:01.300000Z,ok
small_KO.KMRS_642696162.npz,KO.KMRS,642696162,2.0,M1.5-2.0,2023-02-28T22:05:31.300000Z,2023-02-28T22:06:01.300000Z,ok
small_KO.KOZT_626667979.npz,KO.KOZT,626667979,1.9,M1.5-2.0,2023-02-17T12:11:34.400000Z,2023-02-17T12:12:04.400000Z,ok
small_KO.KMRS_626667979.npz,KO.KMRS,626667979,1.9,M1.5-2.0,2023-02-17T12:11:34.400000Z,2023-02-17T12:12:04.400000Z,ok
small_KO.KOZT_642882652.npz,KO.KOZT,642882652,2.0,M1.5-2.0,2023-03-01T22:51:06.000000Z,2023-03-01T22:51:36.000000Z,ok
small_KO.KMRS_642882652.npz,KO.KMRS,642882652,2.0,M1.5-2.0,2023-03-01T22:51:06.000000Z,2023-03-01T22:51:36.000000Z,ok
small_KO.KOZT_642869998.npz,KO.KOZT,642869998,1.8,M1.5-2.0,2023-03-01T04:22:59.000000Z,2023-03-01T04:23:29.000000Z,ok
small_KO.KMRS_642869998.npz,KO.KMRS,642869998,1.8,M1.5-2.0,2023-03-01T04:22:59.000000Z,2023-03-01T04:23:29.000000Z,ok
small_KO.KOZT_636310263.npz,KO.KOZT,636310263,2.0,M1.5-2.0,2023-05-04T12:35:11.900000Z,2023-05-04T12:35:41.900000Z,ok
small_KO.KMRS_636310263.npz,KO.KMRS,636310263,2.0,M1.5-2.0,2023-05-04T12:35:11.900000Z,2023-05-04T12:35:41.900000Z,ok
small_KO.KOZT_642691676.npz,KO.KOZT,642691676,1.7,M1.5-2.0,2023-02-15T16:26:13.000000Z,2023-02-15T16:26:43.000000Z,ok
small_KO.KMRS_642691676.npz,KO.KMRS,642691676,1.7,M1.5-2.0,2023-02-15T16:26:13.000000Z,2023-02-15T16:26:43.000000Z,"fail: No data available for request.
HTTP Status code: 204
Detailed response of server"
small_KO.KOZT_626671258.npz,KO.KOZT,626671258,1.8,M1.5-2.0,2023-02-23T09:23:04.800000Z,2023-02-23T09:23:34.800000Z,ok
small_KO.KMRS_626671258.npz,KO.KMRS,626671258,1.8,M1.5-2.0,2023-02-23T09:23:04.800000Z,2023-02-23T09:23:34.800000Z,ok
small_KO.KOZT_626754710.npz,KO.KOZT,626754710,1.7,M1.5-2.0,2023-03-04T20:31:18.000000Z,2023-03-04T20:31:48.000000Z,ok
small_KO.KMRS_626754710.npz,KO.KMRS,626754710,1.7,M1.5-2.0,2023-03-04T20:31:18.000000Z,2023-03-04T20:31:48.000000Z,ok
small_KO.KOZT_643660844.npz,KO.KOZT,643660844,1.6,M1.5-2.0,2023-08-04T13:58:53.000000Z,2023-08-04T13:59:23.000000Z,ok
small_KO.KMRS_643660844.npz,KO.KMRS,643660844,1.6,M1.5-2.0,2023-08-04T13:58:53.000000Z,2023-08-04T13:59:23.000000Z,ok
small_KO.KOZT_636322287.npz,KO.KOZT,636322287,1.6,M1.5-2.0,2023-07-25T10:44:56.900000Z,2023-07-25T10:45:26.900000Z,ok
small_KO.KMRS_636322287.npz,KO.KMRS,636322287,1.6,M1.5-2.0,2023-07-25T10:44:56.900000Z,2023-07-25T10:45:26.900000Z,"fail: Missing channels: ['HHZ', 'HHE']"
small_KO.KOZT_636317942.npz,KO.KOZT,636317942,1.7,M1.5-2.0,2023-06-18T09:53:11.400000Z,2023-06-18T09:53:41.400000Z,ok
small_KO.KMRS_636317942.npz,KO.KMRS,636317942,1.7,M1.5-2.0,2023-06-18T09:53:11.400000Z,2023-06-18T09:53:41.400000Z,fail: Gap fraction 0.99 > 0.05
small_KO.KOZT_626758781.npz,KO.KOZT,626758781,1.7,M1.5-2.0,2023-03-15T03:55:14.800000Z,2023-03-15T03:55:44.800000Z,ok
small_KO.KMRS_626758781.npz,KO.KMRS,626758781,1.7,M1.5-2.0,2023-03-15T03:55:14.800000Z,2023-03-15T03:55:44.800000Z,ok
small_KO.KOZT_636307371.npz,KO.KOZT,636307371,1.8,M1.5-2.0,2023-04-21T22:44:08.400000Z,2023-04-21T22:44:38.400000Z,ok
small_KO.KMRS_636307371.npz,KO.KMRS,636307371,1.8,M1.5-2.0,2023-04-21T22:44:08.400000Z,2023-04-21T22:44:38.400000Z,ok
small_KO.KOZT_626762571.npz,KO.KOZT,626762571,1.7,M1.5-2.0,2023-03-26T13:10:33.100000Z,2023-03-26T13:11:03.100000Z,ok
small_KO.KMRS_626762571.npz,KO.KMRS,626762571,1.7,M1.5-2.0,2023-03-26T13:10:33.100000Z,2023-03-26T13:11:03.100000Z,ok
small_KO.KOZT_642691097.npz,KO.KOZT,642691097,1.8,M1.5-2.0,2023-02-13T22:19:51.000000Z,2023-02-13T22:20:21.000000Z,ok
small_KO.KMRS_642691097.npz,KO.KMRS,642691097,1.8,M1.5-2.0,2023-02-13T22:19:51.000000Z,2023-02-13T22:20:21.000000Z,ok
small_KO.KOZT_626761828.npz,KO.KOZT,626761828,1.7,M1.5-2.0,2023-03-24T07:20:22.500000Z,2023-03-24T07:20:52.500000Z,ok
small_KO.KMRS_626761828.npz,KO.KMRS,626761828,1.7,M1.5-2.0,2023-03-24T07:20:22.500000Z,2023-03-24T07:20:52.500000Z,fail: Gap fraction 0.16 > 0.05
small_KO.KOZT_626665013.npz,KO.KOZT,626665013,1.7,M1.5-2.0,2023-02-12T04:19:16.500000Z,2023-02-12T04:19:46.500000Z,ok
small_KO.KMRS_626665013.npz,KO.KMRS,626665013,1.7,M1.5-2.0,2023-02-12T04:19:16.500000Z,2023-02-12T04:19:46.500000Z,ok
small_KO.KOZT_636318207.npz,KO.KOZT,636318207,2.0,M1.5-2.0,2023-06-19T23:03:38.400000Z,2023-06-19T23:04:08.400000Z,ok
small_KO.KMRS_636318207.npz,KO.KMRS,636318207,2.0,M1.5-2.0,2023-06-19T23:03:38.400000Z,2023-06-19T23:04:08.400000Z,fail: Gap fraction 0.06 > 0.05
small_KO.KOZT_626673372.npz,KO.KOZT,626673372,1.7,M1.5-2.0,2023-02-27T06:13:22.600000Z,2023-02-27T06:13:52.600000Z,ok
small_KO.KMRS_626673372.npz,KO.KMRS,626673372,1.7,M1.5-2.0,2023-02-27T06:13:22.600000Z,2023-02-27T06:13:52.600000Z,ok
small_KO.KOZT_626666991.npz,KO.KOZT,626666991,1.8,M1.5-2.0,2023-02-15T16:43:48.600000Z,2023-02-15T16:44:18.600000Z,ok
small_KO.KMRS_626666991.npz,KO.KMRS,626666991,1.8,M1.5-2.0,2023-02-15T16:43:48.600000Z,2023-02-15T16:44:18.600000Z,"fail: No data available for request.
HTTP Status code: 204
Detailed response of server"
small_KO.KOZT_642965812.npz,KO.KOZT,642965812,1.7,M1.5-2.0,2023-04-14T08:55:29.000000Z,2023-04-14T08:55:59.000000Z,ok
small_KO.KMRS_642965812.npz,KO.KMRS,642965812,1.7,M1.5-2.0,2023-04-14T08:55:29.000000Z,2023-04-14T08:55:59.000000Z,fail: Missing channels: ['HHN']
small_KO.KOZT_642882663.npz,KO.KOZT,642882663,1.8,M1.5-2.0,2023-03-16T10:26:30.000000Z,2023-03-16T10:27:00.000000Z,ok
small_KO.KMRS_642882663.npz,KO.KMRS,642882663,1.8,M1.5-2.0,2023-03-16T10:26:30.000000Z,2023-03-16T10:27:00.000000Z,ok
small_KO.KOZT_626760249.npz,KO.KOZT,626760249,1.7,M1.5-2.0,2023-03-19T13:53:30.900000Z,2023-03-19T13:54:00.900000Z,ok
small_KO.KMRS_626760249.npz,KO.KMRS,626760249,1.7,M1.5-2.0,2023-03-19T13:53:30.900000Z,2023-03-19T13:54:00.900000Z,ok
small_KO.KOZT_636320067.npz,KO.KOZT,636320067,1.6,M1.5-2.0,2023-07-03T17:40:21.100000Z,2023-07-03T17:40:51.100000Z,ok
small_KO.KMRS_636320067.npz,KO.KMRS,636320067,1.6,M1.5-2.0,2023-07-03T17:40:21.100000Z,2023-07-03T17:40:51.100000Z,fail: Gap fraction 0.20 > 0.05
small_KO.KOZT_636322437.npz,KO.KOZT,636322437,1.8,M1.5-2.0,2023-07-26T05:23:28.800000Z,2023-07-26T05:23:58.800000Z,ok
small_KO.KMRS_636322437.npz,KO.KMRS,636322437,1.8,M1.5-2.0,2023-07-26T05:23:28.800000Z,2023-07-26T05:23:58.800000Z,fail: Gap fraction 0.29 > 0.05
small_KO.KOZT_642695030.npz,KO.KOZT,642695030,1.8,M1.5-2.0,2023-02-25T09:36:05.000000Z,2023-02-25T09:36:35.000000Z,ok
small_KO.KMRS_642695030.npz,KO.KMRS,642695030,1.8,M1.5-2.0,2023-02-25T09:36:05.000000Z,2023-02-25T09:36:35.000000Z,ok
small_KO.KOZT_642692676.npz,KO.KOZT,642692676,1.8,M1.5-2.0,2023-02-18T20:27:26.000000Z,2023-02-18T20:27:56.000000Z,ok
small_KO.KMRS_642692676.npz,KO.KMRS,642692676,1.8,M1.5-2.0,2023-02-18T20:27:26.000000Z,2023-02-18T20:27:56.000000Z,ok
small_KO.KOZT_642873446.npz,KO.KOZT,642873446,1.6,M1.5-2.0,2023-03-12T17:38:44.000000Z,2023-03-12T17:39:14.000000Z,ok
small_KO.KMRS_642873446.npz,KO.KMRS,642873446,1.6,M1.5-2.0,2023-03-12T17:38:44.000000Z,2023-03-12T17:39:14.000000Z,ok
small_KO.KOZT_626669890.npz,KO.KOZT,626669890,1.7,M1.5-2.0,2023-02-21T01:51:07.600000Z,2023-02-21T01:51:37.600000Z,ok
small_KO.KMRS_626669890.npz,KO.KMRS,626669890,1.7,M1.5-2.0,2023-02-21T01:51:07.600000Z,2023-02-21T01:51:37.600000Z,ok
small_KO.KOZT_626666225.npz,KO.KOZT,626666225,1.6,M1.5-2.0,2023-02-14T07:13:49.300000Z,2023-02-14T07:14:19.300000Z,ok
small_KO.KMRS_626666225.npz,KO.KMRS,626666225,1.6,M1.5-2.0,2023-02-14T07:13:49.300000Z,2023-02-14T07:14:19.300000Z,"fail: No data available for request.
HTTP Status code: 204
Detailed response of server"
small_KO.KOZT_626760563.npz,KO.KOZT,626760563,1.9,M1.5-2.0,2023-03-20T09:45:57.900000Z,2023-03-20T09:46:27.900000Z,ok
small_KO.KMRS_626760563.npz,KO.KMRS,626760563,1.9,M1.5-2.0,2023-03-20T09:45:57.900000Z,2023-03-20T09:46:27.900000Z,ok
small_KO.KOZT_642695208.npz,KO.KOZT,642695208,1.7,M1.5-2.0,2023-02-25T19:40:10.000000Z,2023-02-25T19:40:40.000000Z,ok
small_KO.KMRS_642695208.npz,KO.KMRS,642695208,1.7,M1.5-2.0,2023-02-25T19:40:10.000000Z,2023-02-25T19:40:40.000000Z,ok
small_KO.KOZT_636315526.npz,KO.KOZT,636315526,1.7,M1.5-2.0,2023-06-03T14:48:58.000000Z,2023-06-03T14:49:28.000000Z,ok
small_KO.KMRS_636315526.npz,KO.KMRS,636315526,1.7,M1.5-2.0,2023-06-03T14:48:58.000000Z,2023-06-03T14:49:28.000000Z,"fail: Missing channels: ['HHZ', 'HHE']"
small_KO.KOZT_626666345.npz,KO.KOZT,626666345,2.0,M1.5-2.0,2023-02-14T11:41:46.900000Z,2023-02-14T11:42:16.900000Z,ok
small_KO.KMRS_626666345.npz,KO.KMRS,626666345,2.0,M1.5-2.0,2023-02-14T11:41:46.900000Z,2023-02-14T11:42:16.900000Z,ok
small_KO.KOZT_626671416.npz,KO.KOZT,626671416,2.0,M1.5-2.0,2023-02-23T16:09:41.800000Z,2023-02-23T16:10:11.800000Z,ok
small_KO.KMRS_626671416.npz,KO.KMRS,626671416,2.0,M1.5-2.0,2023-02-23T16:09:41.800000Z,2023-02-23T16:10:11.800000Z,"fail: Missing channels: ['HHN', 'HHE']"
small_KO.KOZT_636306187.npz,KO.KOZT,636306187,1.7,M1.5-2.0,2023-04-16T20:10:13.700000Z,2023-04-16T20:10:43.700000Z,ok
small_KO.KMRS_636306187.npz,KO.KMRS,636306187,1.7,M1.5-2.0,2023-04-16T20:10:13.700000Z,2023-04-16T20:10:43.700000Z,ok
small_KO.KOZT_636306495.npz,KO.KOZT,636306495,1.8,M1.5-2.0,2023-04-18T04:06:18.200000Z,2023-04-18T04:06:48.200000Z,ok
small_KO.KMRS_636306495.npz,KO.KMRS,636306495,1.8,M1.5-2.0,2023-04-18T04:06:18.200000Z,2023-04-18T04:06:48.200000Z,ok
small_KO.KOZT_626671221.npz,KO.KOZT,626671221,1.7,M1.5-2.0,2023-02-23T08:16:50.600000Z,2023-02-23T08:17:20.600000Z,ok
small_KO.KMRS_626671221.npz,KO.KMRS,626671221,1.7,M1.5-2.0,2023-02-23T08:16:50.600000Z,2023-02-23T08:17:20.600000Z,ok
small_KO.KOZT_642733405.npz,KO.KOZT,642733405,1.6,M1.5-2.0,2023-04-27T18:03:05.000000Z,2023-04-27T18:03:35.000000Z,ok
small_KO.KMRS_642733405.npz,KO.KMRS,642733405,1.6,M1.5-2.0,2023-04-27T18:03:05.000000Z,2023-04-27T18:03:35.000000Z,ok
small_KO.KOZT_636319727.npz,KO.KOZT,636319727,1.6,M1.5-2.0,2023-07-01T06:15:26.200000Z,2023-07-01T06:15:56.200000Z,ok
small_KO.KMRS_636319727.npz,KO.KMRS,636319727,1.6,M1.5-2.0,2023-07-01T06:15:26.200000Z,2023-07-01T06:15:56.200000Z,ok
small_KO.KOZT_626665069.npz,KO.KOZT,626665069,1.9,M1.5-2.0,2023-02-12T06:10:19.200000Z,2023-02-12T06:10:49.200000Z,ok
small_KO.KMRS_626665069.npz,KO.KMRS,626665069,1.9,M1.5-2.0,2023-02-12T06:10:19.200000Z,2023-02-12T06:10:49.200000Z,ok
small_KO.KOZT_626671913.npz,KO.KOZT,626671913,1.7,M1.5-2.0,2023-02-24T15:10:33.600000Z,2023-02-24T15:11:03.600000Z,ok
small_KO.KMRS_626671913.npz,KO.KMRS,626671913,1.7,M1.5-2.0,2023-02-24T15:10:33.600000Z,2023-02-24T15:11:03.600000Z,ok
